subject_id,epoch_index,start_time,end_time,raw_stage,target_stage,delta_absolute,theta_absolute,alpha_absolute,beta_absolute,delta_relative,theta_relative,alpha_relative,beta_relative,spectral_entropy,dominant_frequency
SC4001,0,0.0,30.0,Sleep stage W,W,4.440570800971542e-10,9.88941798913572e-11,8.991908790861376e-12,1.0136935009669951e-11,0.7900245482871879,0.1759432138314465,0.015997557519374813,0.018034680361990713,0.6674054359716904,0.5859375
SC4001,1,30.0,60.0,Sleep stage W,W,2.597150982507625e-10,4.180098334204553e-11,1.3419569031996408e-11,2.940131517643202e-11,0.7542469268335229,0.12139557321352056,0.03897219980657743,0.085385300146379,0.755591335669698,1.07421875
SC4001,2,60.0,90.0,Sleep stage W,W,3.7793523683896515e-10,2.401453595606153e-11,1.2570375336021094e-11,1.7541881178010058e-11,0.8747244867672107,0.055581222896316396,0.029093913566353668,0.04060037677011926,0.6048709761892659,1.171875
SC4001,3,90.0,120.0,Sleep stage W,W,2.0286506229363857e-10,1.8272739223463188e-11,1.3375016602866968e-11,7.659839657568496e-12,0.8376877231119663,0.07545335378137011,0.055229259676182856,0.03162966343048074,0.6568597665732716,1.66015625
SC4001,4,120.0,150.0,Sleep stage W,W,1.2601712406494217e-10,4.473053317676653e-11,9.939413445101922e-12,6.4356639133509555e-12,0.6734463577299247,0.23904381940732872,0.05311708097009255,0.03439274189265401,0.715087786852349,2.05078125
SC4001,5,150.0,180.0,Sleep stage W,W,3.5968732952689387e-10,8.996227240679182e-11,9.46453083271272e-12,7.938325480094937e-12,0.7701219063856504,0.19261706221298378,0.02026438500772794,0.016996646393637814,0.7087910973608103,1.26953125
SC4001,6,180.0,210.0,Sleep stage W,W,5.288465549629517e-10,7.405553935462491e-11,2.0320276199626055e-11,5.31572040542802e-11,0.7818783636362762,0.10948813674857413,0.030042711169242318,0.07859078844590732,0.7190097597507122,0.5859375
SC4001,7,210.0,240.0,Sleep stage W,W,4.735093158413984e-10,5.7555814720716005e-11,7.249277121558262e-12,9.989178992328188e-12,0.8635896743115793,0.10497070622798318,0.0132212834234877,0.01821833603694975,0.6400596833162031,0.5859375
SC4001,8,240.0,270.0,Sleep stage W,W,2.7011124762191607e-10,7.658766856930835e-11,1.0397562043927731e-11,9.57299329795114e-12,0.7366614037774621,0.20887386192551874,0.028356770473565395,0.026107963823453678,0.7320007766613896,0.5859375
SC4001,9,270.0,300.0,Sleep stage W,W,3.6683646352549257e-10,4.615739098858201e-11,9.618590387106142e-12,2.0615402762145887e-11,0.8276475980907668,0.104139194393857,0.021701232081456148,0.04651197543392001,0.6818005316645306,0.5859375
SC4001,10,300.0,330.0,Sleep stage W,W,4.285512911692711e-10,2.860358562629646e-11,8.838055470807341e-12,1.0789938368941886e-11,0.8988395296127633,0.059992896951566156,0.01853685611446268,0.02263071732120789,0.5542053971082572,0.5859375
SC4001,11,330.0,360.0,Sleep stage W,W,5.304321966425773e-10,5.736018449130607e-11,9.572059818251452e-12,1.4986173902530862e-11,0.8662230163163456,0.09367212688260279,0.01563166523564816,0.02447319156540352,0.6399561022272032,0.5859375
SC4001,12,360.0,390.0,Sleep stage W,W,5.502500720979647e-10,5.640366114375656e-11,1.1429551248443261e-11,1.498142850826878e-11,0.8691845569653895,0.08909620136084911,0.018054317376668485,0.02366492429709292,0.6381564536892532,1.171875
SC4001,13,390.0,420.0,Sleep stage W,W,2.005385110458364e-10,3.647666071052132e-11,6.671542036109901e-12,1.0836318223881707e-11,0.7878992696934192,0.14331379137499128,0.026211938398098895,0.04257500053349055,0.711210118010053,0.5859375
SC4001,14,420.0,450.0,Sleep stage W,W,1.5849907476196062e-10,1.6767949966029634e-11,3.4425562647172553e-12,6.726043750499618e-12,0.8547390771403905,0.09042464191683793,0.018564697422539696,0.0362715835202319,0.668619847940628,1.07421875
SC4001,15,450.0,480.0,Sleep stage W,W,3.167009833645321e-10,3.318295152940099e-11,9.792018278523526e-12,1.4301917240505771e-11,0.8468441809533203,0.08872971946911978,0.026183416328112566,0.0382426832494473,0.6970817741278394,1.7578125
SC4001,16,480.0,510.0,Sleep stage W,W,1.5149255417436642e-10,2.6627629197164413e-11,6.128427246676111e-12,9.025194238829194e-12,0.7838235206598477,0.1377715372078527,0.03170852486300089,0.04669641726929883,0.7412986683613242,1.07421875
SC4001,17,510.0,540.0,Sleep stage W,W,2.542005794523336e-10,3.8271307472403616e-11,9.210072507896752e-12,1.5446075042575236e-11,0.8015708225637971,0.1206809342344516,0.029042126544055916,0.04870611665769556,0.6972493042763681,0.5859375
SC4001,18,540.0,570.0,Sleep stage W,W,2.738474267897696e-10,3.483859096041042e-11,7.833812625645577e-12,1.0524361583833626e-11,0.8373407433070957,0.10652563725916203,0.023953376388386908,0.03218024304535517,0.6682984901101984,1.26953125
SC4001,19,570.0,600.0,Sleep stage W,W,1.2810672301148942e-10,1.935762629223983e-11,7.347740757934745e-12,1.7679610984354466e-11,0.7426834000397055,0.11222352249326752,0.042597647964376366,0.10249542950265059,0.7646193574699336,1.07421875
SC4001,20,600.0,630.0,Sleep stage W,W,1.5196746868221272e-10,1.5551119165981833e-11,5.0724941349984425e-12,9.020436418518058e-12,0.8367721938543131,0.08562848492673203,0.027930464871608343,0.04966885634734648,0.6025154200928364,0.5859375
SC4001,21,630.0,660.0,Sleep stage W,W,6.007035716790408e-11,1.157114664401963e-11,4.188396548044813e-12,5.943574576419744e-12,0.734594649605302,0.141502445053495,0.05121950059359682,0.07268340474760626,0.6942879775864204,0.5859375
SC4001,22,660.0,690.0,Sleep stage W,W,7.905151177356923e-11,1.084396446079675e-11,6.682822313969564e-12,1.170712994078214e-11,0.7300290803347897,0.10014241631676722,0.061714880822041206,0.10811362252640175,0.7578007182499339,0.9765625
SC4001,23,690.0,720.0,Sleep stage W,W,6.845163632913349e-11,1.5871411546174317e-11,5.96351448139615e-12,1.1426087891207715e-11,0.6729903916798089,0.15604166745719206,0.05863100083284469,0.11233694003015432,0.7238015749831946,0.5859375
SC4001,24,720.0,750.0,Sleep stage W,W,1.1364434165911553e-10,1.4709136181536863e-11,4.366001687071113e-12,7.84783582871702e-12,0.8084691762871357,0.10464122576602168,0.031059863923559455,0.055829734023283,0.6734476168096795,0.5859375
SC4001,25,750.0,780.0,Sleep stage W,W,2.669947214655853e-10,2.2231576516544623e-11,6.569528777650336e-12,1.0763778667012433e-11,0.8709390172063762,0.0725195887618455,0.021429857885236478,0.03511153614654184,0.6699594444238675,0.5859375
SC4001,26,780.0,810.0,Sleep stage W,W,2.356724273675729e-10,2.5637138318612362e-11,6.8410034824898806e-12,1.0683776774882357e-11,0.8452058750871331,0.09194397566719384,0.02453429278713985,0.03831585645853326,0.6675176261278447,0.5859375
SC4001,27,810.0,840.0,Sleep stage W,W,5.589471242076091e-11,1.4166118033572286e-11,5.7103198538967996e-12,1.1899535180769198e-11,0.6375530442016962,0.16158329268852167,0.06513374250522228,0.13572992060455988,0.8038865697730393,1.07421875
SC4001,28,840.0,870.0,Sleep stage W,W,1.440649134211585e-10,2.129743350772874e-11,8.172422463533819e-12,1.1840750350854188e-11,0.7771517707444467,0.11488805823564703,0.04408576965745924,0.06387440136244704,0.6643031559066519,0.5859375
SC4001,29,870.0,900.0,Sleep stage W,W,3.0787126941249483e-10,2.7244109823564914e-11,6.95412425495883e-12,1.0564319848197203e-11,0.873062222157681,0.07725892418821512,0.01972052535717573,0.02995832829692819,0.6645462345466887,0.5859375
SC4001,30,900.0,930.0,Sleep stage W,W,1.7625577935649718e-10,2.4445514377978745e-11,7.0055788176327925e-12,1.2310062014693843e-11,0.8011009684483246,0.11110742191781828,0.0318410891026469,0.05595052053121032,0.6463112848552688,0.5859375
SC4001,31,930.0,960.0,Sleep stage W,W,6.862108420721018e-11,2.32324813815176e-11,5.5674137582269265e-12,1.0589368549672813e-11,0.6353195369103406,0.2150949592695739,0.05154518864762181,0.0980403151724637,0.7741890975010568,0.9765625
SC4001,32,960.0,990.0,Sleep stage W,W,2.0836290928799584e-10,1.7974949038421128e-11,6.370813848116926e-12,1.0396677377849013e-11,0.8570889520598518,0.07393892841731972,0.0262059796703247,0.042766139852503736,0.6809513266253125,1.171875
SC4001,33,990.0,1020.0,Sleep stage W,W,1.294622866480388e-10,2.2998133317241494e-11,6.355222884869057e-12,1.2332885656092138e-11,0.7564323677098839,0.13437529097074763,0.03713279302098874,0.07205954829837978,0.7532487124055215,1.7578125
SC4001,34,1020.0,1050.0,Sleep stage W,W,9.126419372139767e-11,2.0151505616262134e-11,5.308787678538024e-12,7.578921741846452e-12,0.734205076379223,0.16211547066651166,0.04270830326842881,0.060971149685836626,0.730567784521931,0.68359375
SC4001,35,1050.0,1080.0,Sleep stage W,W,2.468679724948639e-10,2.804452131146773e-11,7.621658106647835e-12,1.042482061879018e-11,0.8426708025407639,0.09572849422943165,0.02601612792665469,0.03558457530314991,0.6518411270333474,0.5859375
SC4001,36,1080.0,1110.0,Sleep stage W,W,1.6077721621558646e-10,2.043213491456317e-11,7.543835682780457e-12,1.6762147067644046e-11,0.7823125076838053,0.09941902888100979,0.03670692371384907,0.08156153972133585,0.6764730272053104,0.5859375
SC4001,37,1110.0,1140.0,Sleep stage W,W,2.3966336723380055e-10,2.8844141440004028e-11,7.216953361061472e-12,9.656698362474752e-12,0.839800941660316,0.10107233918260007,0.02528882197764278,0.033837897179440905,0.6675218548635338,1.26953125
SC4001,38,1140.0,1170.0,Sleep stage W,W,7.553390398392346e-11,2.0831962471362105e-11,5.335432978969362e-12,1.161615642250058e-11,0.6665690066268855,0.18383718831188525,0.0470839460578243,0.10250985900340503,0.7579904130435176,1.07421875
SC4001,39,1170.0,1200.0,Sleep stage W,W,1.8958615772574993e-10,2.2803176679542243e-11,6.30815650100615e-12,1.1822485490974536e-11,0.8224283235177045,0.09892060998758637,0.027364901730402822,0.05128616476430631,0.6752200377630209,0.5859375
SC4001,40,1200.0,1230.0,Sleep stage W,W,3.478255168412894e-10,2.662139357467361e-11,8.46448369133884e-12,1.1819092951245953e-11,0.8811721623865821,0.06744194950091359,0.02144370391660008,0.029942184195904033,0.6258474427312591,0.5859375
SC4001,41,1230.0,1260.0,Sleep stage W,W,3.470951042620401e-10,2.5609656339194194e-11,6.559623053681992e-12,9.054403701680335e-12,0.8938406164296645,0.06595008321262762,0.016892365930413333,0.02331693442729464,0.6195319501251049,0.5859375
SC4001,42,1260.0,1290.0,Sleep stage W,W,3.1953567217458924e-10,2.7610095640699502e-11,6.425159763197121e-12,1.0910774356338068e-11,0.8766850859133888,0.0757516646079443,0.017628209397315808,0.029935040081351238,0.6171565422945493,0.5859375
SC4001,43,1290.0,1320.0,Sleep stage W,W,1.9108603206901154e-10,1.8690515733244844e-11,6.571371822760534e-12,1.4457326629786022e-11,0.8279102627418511,0.0809795965929258,0.02847150110056819,0.06263863956465492,0.6873256143768585,1.171875
SC4001,44,1320.0,1350.0,Sleep stage W,W,3.610654719192351e-11,8.171477707931931e-12,3.819917702429709e-12,6.675068001714934e-12,0.6592032607622749,0.14918803289836266,0.0697408753016534,0.12186783103770917,0.783026900872772,0.5859375
SC4001,45,1350.0,1380.0,Sleep stage W,W,1.4032598322815723e-10,2.7596759595684577e-11,7.33044234524385e-12,1.4756696792201744e-11,0.7385193958319874,0.14523854923138751,0.03857926898105937,0.07766278595556557,0.7480052370678353,1.26953125
SC4001,46,1380.0,1410.0,Sleep stage W,W,8.234898199836364e-11,1.6009759222046203e-11,6.426698251443255e-12,1.0969977860993455e-11,0.7114049942178943,0.13830678158250917,0.05551963268348588,0.09476859151611071,0.726168043248216,0.5859375
SC4001,47,1410.0,1440.0,Sleep stage W,W,7.887811088547464e-11,1.7136727791274595e-11,6.816361839454129e-12,1.4626965793575597e-11,0.6715421614657682,0.14589643555373533,0.05803225142709071,0.1245291515534057,0.7832615503271014,0.5859375
SC4001,48,1440.0,1470.0,Sleep stage W,W,3.499753479210864e-10,2.7283612411430052e-11,8.669151110061505e-12,1.3494744569168473e-11,0.8762026074712013,0.06830758931488809,0.021704193887709215,0.033785609326201435,0.654680155489597,0.5859375
SC4001,49,1470.0,1500.0,Sleep stage W,W,1.7001279160792936e-10,2.0026759734551423e-11,6.314076079786126e-12,7.358305306283112e-12,0.8345745353782225,0.09830921275111289,0.030995121371705556,0.036121130498958993,0.630911107755951,0.5859375
SC4001,50,1500.0,1530.0,Sleep stage W,W,8.917232129031803e-11,1.4031873956338192e-11,4.642086807776631e-12,8.496396712969186e-12,0.7664626793456912,0.12060813886184794,0.03990011968915825,0.07302906210330258,0.7010529949975932,1.171875
SC4001,51,1530.0,1560.0,Sleep stage W,W,2.739345796465741e-10,1.7577712920766557e-11,5.937426226574467e-12,1.1325268416927553e-11,0.8871657063968128,0.05692725657458731,0.019228974083059968,0.03667806294553986,0.640506964053414,1.26953125
SC4001,52,1560.0,1590.0,Sleep stage W,W,1.4702685490667243e-10,2.469123715087441e-11,6.968425436335283e-12,9.951439835127505e-12,0.779412886931542,0.13089219953654194,0.036940738412372776,0.05275417511954327,0.713516613695422,1.07421875
SC4001,53,1590.0,1620.0,Sleep stage W,W,1.7692423214361878e-10,2.10254441912693e-11,7.996150135144129e-12,1.5212628832932888e-11,0.7999885507486032,0.09506959235389184,0.0361557514235221,0.0687861054739829,0.7284600281236361,0.68359375
SC4001,54,1620.0,1650.0,Sleep stage W,W,6.79105570154165e-11,1.5341552096619894e-11,6.291463040928506e-12,1.4797819920798786e-11,0.6508496356595227,0.14703227349865386,0.06029690534012413,0.1418211855016994,0.788617000331428,1.07421875
SC4001,55,1650.0,1680.0,Sleep stage W,W,1.9822240629782906e-10,2.009799740636283e-11,5.482113877548346e-12,1.3815980383003135e-11,0.8342044411342096,0.08458094625842162,0.02307107369377343,0.05814353891359535,0.6615954850342887,0.5859375
SC4001,56,1680.0,1710.0,Sleep stage W,W,1.1567020399313276e-10,2.1098854897683944e-11,6.1578395599821326e-12,1.7806855876695687e-11,0.719638538134654,0.13126586251880296,0.03831080525522694,0.11078479409131622,0.75427511940312,0.5859375
SC4001,57,1710.0,1740.0,Sleep stage W,W,4.552736211319855e-11,4.101181321444995e-11,7.217864844006052e-12,1.413182289765022e-11,0.4219838898844735,0.3801301825574444,0.06690092599612897,0.130985001561953,0.8425889257978522,2.05078125
SC4001,58,1740.0,1770.0,Sleep stage W,W,4.919446953245669e-11,2.4228863293279887e-11,5.791686442944848e-12,8.888145272941623e-12,0.5583734680632895,0.2750055962159375,0.06573755293668992,0.1008833827840832,0.8184447073669886,1.171875
SC4001,59,1770.0,1800.0,Sleep stage W,W,1.861597926696283e-10,2.0890158610250176e-11,6.517320027875887e-12,1.0941299544687538e-11,0.829187910122067,0.09304837909275285,0.02902927047787138,0.0487344403073088,0.658627309891423,0.5859375
SC4001,60,1800.0,1830.0,Sleep stage W,W,1.5096941211699637e-10,2.6062084962143734e-11,6.323327350985448e-12,1.1149590189588936e-11,0.7761747331656424,0.13399225417633345,0.03250994258073015,0.057323070077293974,0.7356568461786477,0.5859375
SC4001,61,1830.0,1860.0,Sleep stage W,W,1.3230416396537375e-10,2.226043742032972e-11,5.030183593137122e-12,9.174330743455912e-12,0.7839358723848235,0.1318987619568883,0.029805119091896575,0.05436024656639158,0.7079146880218773,0.5859375
SC4001,62,1860.0,1890.0,Sleep stage W,W,5.7005627735163194e-11,1.446610934002874e-11,4.530632247401201e-12,9.425632954767319e-12,0.6672944024850554,0.16933685623434566,0.05303451007424386,0.11033423120635512,0.7807560981572418,0.5859375
SC4001,63,1890.0,1920.0,Sleep stage W,W,1.963785929991122e-10,2.1800885008439025e-11,6.535268994328735e-12,1.1475983780682509e-11,0.8314407273666409,0.09230203461502032,0.027669455836288145,0.04858778218205064,0.659545966820824,0.5859375
SC4001,64,1920.0,1950.0,Sleep stage W,W,1.86698761658744e-10,2.0264091240961515e-11,4.6579807124137465e-12,1.0069472439158315e-11,0.8421602413935053,0.091407204951372,0.0210112061072095,0.04542134754791315,0.6744646387300021,0.68359375
SC4001,65,1950.0,1980.0,Sleep stage W,W,1.6007694006073077e-10,2.086892689600729e-11,7.901580655731855e-12,1.5950694281993794e-11,0.7816327754732336,0.10189998162562157,0.03858228684420237,0.07788495605694258,0.7191189532037705,0.5859375
SC4001,66,1980.0,2010.0,Sleep stage W,W,3.609398102475246e-10,3.7453737998802375e-11,9.745092146381226e-12,1.614993339046917e-11,0.8506941561711118,0.08827420843518217,0.022968075853396004,0.03806355954030997,0.6168092515214902,0.5859375
SC4001,67,2010.0,2040.0,Sleep stage W,W,2.906764921509199e-10,2.6146509968090994e-11,5.947107357658722e-12,8.711621259843684e-12,0.8769004901267742,0.07887768025705831,0.01794098077274108,0.026280848843426418,0.6613645246894587,0.5859375
SC4001,68,2040.0,2070.0,Sleep stage W,W,5.212234779452416e-10,4.7584152283637064e-11,1.0022996464554347e-11,1.1577716743540193e-11,0.8828186182312697,0.08059532493499853,0.01697638012059075,0.019609676713141046,0.6151767473482415,0.5859375
SC4001,69,2070.0,2100.0,Sleep stage W,W,3.36553184461232e-10,3.576108379196909e-11,8.095690512826119e-12,1.1624972662918471e-11,0.8584775423825479,0.09121912596314291,0.02065043154016346,0.029652900114145665,0.6478559528095272,0.5859375
SC4001,70,2100.0,2130.0,Sleep stage W,W,5.447269891623815e-10,5.455180248212807e-11,1.3949426339291814e-11,2.2970978689758756e-11,0.8562208063300749,0.08574641836606896,0.02192619294747302,0.03610658235638324,0.663058207791428,0.5859375
SC4001,71,2130.0,2160.0,Sleep stage W,W,1.4689601640053906e-10,1.1437870223171487e-11,4.5064271805915824e-12,6.896369331894548e-12,0.865434705606152,0.067385965201133,0.026549518332319635,0.04062981086039547,0.6215639488565787,0.5859375
SC4001,72,2160.0,2190.0,Sleep stage W,W,2.038806791554136e-10,2.2108435661733352e-11,4.615220539502411e-12,9.118128317498657e-12,0.8504863333648458,0.09222513119081362,0.019252349023810414,0.03803618642053013,0.6766989834017796,0.5859375
SC4001,73,2190.0,2220.0,Sleep stage W,W,7.410492169260636e-11,9.203005203591771e-12,4.106753842098525e-12,6.250860150180693e-12,0.7911652566106377,0.09825390550564701,0.04384487403951706,0.0667359638441982,0.665012200018642,0.5859375
SC4001,74,2220.0,2250.0,Sleep stage W,W,2.2150824340675347e-10,2.1918568397379186e-11,8.250757334504319e-12,9.153548253248886e-12,0.849240096893609,0.08403356400320756,0.03163256522843463,0.03509377387474874,0.6565182686823259,0.5859375
SC4001,75,2250.0,2280.0,Sleep stage W,W,9.866987195658255e-11,1.7215333585397006e-11,4.214962407879196e-12,8.065390946292683e-12,0.7698626121275817,0.13432105889965382,0.03288685700106414,0.06292947197170043,0.7091280130183069,0.5859375
SC4001,76,2280.0,2310.0,Sleep stage W,W,1.5383195797568206e-10,2.2725843196250183e-11,7.322973903695768e-12,9.349178269903535e-12,0.796108239495362,0.11761035389586881,0.03789771604716435,0.048383690561604825,0.7118572443325786,0.5859375
SC4001,77,2310.0,2340.0,Sleep stage W,W,3.1053503336861894e-10,3.114684121000771e-11,8.531980640501719e-12,1.093510160012604e-11,0.8598530537194202,0.08624375239603943,0.023624547376920022,0.030278646507620324,0.6623894609149066,0.5859375
SC4001,78,2340.0,2370.0,Sleep stage W,W,1.283397703189891e-10,1.6933872038434542e-11,6.7531424173077185e-12,1.4346013327659453e-11,0.7713987609921963,0.10178269664018591,0.040590424001594495,0.0862281183660233,0.713321685019883,0.5859375
SC4001,79,2370.0,2400.0,Sleep stage W,W,8.844125233535146e-11,1.9415179945437754e-11,6.632904710863865e-12,1.2882946830491646e-11,0.6943524107555903,0.15242860819350612,0.05207494528500148,0.10114403576590217,0.7597319024456395,1.171875
SC4001,80,2400.0,2430.0,Sleep stage W,W,1.6221213227640296e-10,1.3848388480560837e-11,5.289415870326409e-12,1.1042466033267236e-11,0.8431316935242902,0.07197991339083114,0.027492852093846203,0.0573955409910324,0.6820453278520296,1.07421875
SC4001,81,2430.0,2460.0,Sleep stage W,W,1.4768865622336413e-10,1.5593929695032068e-11,6.568446895504223e-12,1.2492919970971706e-11,0.8099454572952356,0.08551931367545626,0.03602229081462121,0.06851293821468676,0.6921403064747252,0.5859375
SC4001,82,2460.0,2490.0,Sleep stage W,W,1.8901841202521838e-10,1.8630312540919663e-11,5.973939410174744e-12,9.228974145315797e-12,0.8481804918214485,0.08359962124555513,0.02680680052669961,0.04141308640629683,0.6687521472719173,0.5859375
SC4001,83,2490.0,2520.0,Sleep stage W,W,2.4983841133097836e-10,2.209344612992884e-11,5.6546361960244485e-12,1.0953079973943697e-11,0.8658722551887915,0.07656989941418808,0.019597437276518425,0.037960408120502116,0.6699930684406495,1.171875
SC4001,84,2520.0,2550.0,Sleep stage W,W,3.1376595660949393e-10,2.3388402175065217e-11,6.0747404438354214e-12,9.234607516676936e-12,0.890207844396397,0.06635690917244277,0.01723508074046652,0.026200165690693666,0.6138860397252371,0.5859375
SC4001,85,2550.0,2580.0,Sleep stage W,W,3.164630427701929e-10,3.983088755073497e-11,8.256408841230083e-12,1.3701292703189056e-11,0.8366468670856916,0.10530261919640387,0.021827820809426846,0.036222692908477794,0.6752392818692147,0.5859375
SC4001,86,2580.0,2610.0,Sleep stage W,W,5.619795077958449e-10,4.360572972089027e-11,1.1097265975430995e-11,1.5656827210417204e-11,0.888730908405519,0.06895938241330103,0.017549542526638314,0.024760166654541515,0.5798406132920823,0.5859375
SC4001,87,2610.0,2640.0,Sleep stage W,W,4.0076431128222134e-10,3.900337456854169e-11,1.1835960253855106e-11,2.012170202066749e-11,0.8495712873495667,0.08268238016792513,0.025090787045667924,0.042655545436840435,0.6483481196187114,0.5859375
SC4001,88,2640.0,2670.0,Sleep stage W,W,3.1530730670894626e-10,3.555550857974357e-11,9.859321341481952e-12,1.9049356995139747e-11,0.8302553298537814,0.09362342665672319,0.025961193788834797,0.050160049700660625,0.6882423058236535,0.5859375
SC4001,89,2670.0,2700.0,Sleep stage W,W,6.231178273332907e-10,5.385532736672584e-11,1.1185123968733953e-11,1.714328607764666e-11,0.8834771656253777,0.07635787308382112,0.015858640513233158,0.02430632077756812,0.6035223277203859,0.5859375
SC4001,90,2700.0,2730.0,Sleep stage W,W,5.730037074872145e-10,6.157700472286563e-11,1.1384400595766088e-11,1.974035345899642e-11,0.8607465861775756,0.09249887201372023,0.017101257497015875,0.029653284311688326,0.6775253910782006,1.07421875
SC4001,91,2730.0,2760.0,Sleep stage W,W,5.988911564627094e-10,7.622724464729529e-11,1.766408059412079e-11,2.7471743060687406e-11,0.8314996786839638,0.10583380426846649,0.024524785814187627,0.038141731233382,0.6744473751786563,0.5859375
SC4001,92,2760.0,2790.0,Sleep stage W,W,6.169348320913062e-10,7.660446833407274e-11,1.7094508970012814e-11,2.157542741607302e-11,0.8425663062895227,0.10462100787974284,0.023346480910912695,0.0294662049198219,0.6680934340581054,1.171875
SC4001,93,2790.0,2820.0,Sleep stage W,W,5.143660528585826e-10,9.089307172662346e-11,2.016710409252713e-11,3.2646762116683115e-11,0.7816246222742667,0.13812004594946017,0.030645694891962807,0.049609636884310374,0.7117773410506208,1.26953125
SC4001,94,2820.0,2850.0,Sleep stage W,W,7.443197443147641e-10,9.319402657559266e-11,2.0710505798260158e-11,3.2347966776779566e-11,0.8357769398004878,0.10464510572770142,0.02325527878307929,0.03632267568873143,0.6985712667192269,1.07421875
SC4001,95,2850.0,2880.0,Sleep stage W,W,5.127803953255232e-10,6.211581486166504e-11,1.1124955933298946e-11,2.0051495139747584e-11,0.8460708230252052,0.10248905590379999,0.018355812173026106,0.03308430889796875,0.6614592862440302,0.5859375
SC4001,96,2880.0,2910.0,Sleep stage W,W,4.919699450442786e-10,6.56053908035437e-11,9.282368139439263e-12,1.406954893533111e-11,0.8468701417763105,0.11293219671394118,0.015978537919748997,0.024219123589999395,0.6793848292822064,1.26953125
SC4001,97,2910.0,2940.0,Sleep stage W,W,4.801865962119703e-10,6.026268619633967e-11,1.0287582145142625e-11,1.5825316393037446e-11,0.8475443867604752,0.10636552919163395,0.018157904800416347,0.02793217924747451,0.6921254465342143,1.171875
SC4001,98,2940.0,2970.0,Sleep stage W,W,3.561809905935779e-10,3.7986165510426007e-11,7.965706278261358e-12,1.2832855614255259e-11,0.8583383521733824,0.09154049084783558,0.019196058693041605,0.030925098285740468,0.6426903485473296,0.5859375
SC4001,99,2970.0,3000.0,Sleep stage W,W,3.7407800396714984e-10,5.2081809519505814e-11,1.0928678213325037e-11,1.285674345304096e-11,0.8313856326091104,0.11575144139884788,0.0242889075369546,0.028574018455087134,0.6908658110321532,0.5859375
SC4001,100,3000.0,3030.0,Sleep stage W,W,6.858759468671621e-10,5.110781792061526e-11,1.1898397148012716e-11,1.4515201096772345e-11,0.8984520776212144,0.06694785755820758,0.015586112454917133,0.019013952365660985,0.6294778500484844,0.5859375
SC4001,101,3030.0,3060.0,Sleep stage W,W,3.26199886806725e-10,7.014988042965958e-11,7.956984532171574e-12,9.868533421023775e-12,0.7875889713154033,0.16937244432040402,0.01921163530684704,0.023826949057345767,0.7060452319453436,1.3671875
SC4001,102,3060.0,3090.0,Sleep stage W,W,3.9357625547006996e-10,3.8180297906767686e-11,7.925843919983041e-12,1.2464712956978087e-11,0.8704606234222046,0.08444220263917282,0.01752934772829603,0.027567826210326562,0.6443992546675784,1.07421875
SC4001,103,3090.0,3120.0,Sleep stage W,W,4.649925912552841e-10,4.417121853409193e-11,9.409690528090947e-12,1.5693900885139806e-11,0.8703368204921565,0.08267623746959843,0.01761232391665718,0.029374618121587977,0.6672340552877505,0.5859375
SC4001,104,3120.0,3150.0,Sleep stage W,W,3.071072111308262e-10,2.7415566665859914e-11,7.1473994561432e-12,1.0314403278238776e-11,0.8725018882005238,0.07788854450526154,0.020306001602000096,0.029303565692214664,0.6444772523632206,0.5859375
SC4001,105,3150.0,3180.0,Sleep stage W,W,4.0990413592014043e-10,3.2637668754667906e-11,1.0190185852443312e-11,2.940528923131668e-11,0.8501813759877708,0.06769372567707545,0.021135444779433105,0.06098945355572062,0.6431948444292989,0.5859375
SC4001,106,3180.0,3210.0,Sleep stage W,W,6.415066777838636e-10,5.48925268941937e-11,1.0461940218439353e-11,1.5891147746092274e-11,0.8875885753863635,0.07594929473484054,0.014475139442570993,0.02198699043622497,0.6388013053569371,0.5859375
SC4001,107,3210.0,3240.0,Sleep stage W,W,7.384386165691942e-10,8.451911548530831e-11,1.372641673879822e-11,1.8931180622100766e-11,0.8630497738671089,0.09878167510516195,0.016042742885610504,0.022125808142118585,0.6612116473972439,0.5859375
SC4001,108,3240.0,3270.0,Sleep stage W,W,2.47032614197566e-10,3.034371243618303e-11,6.747076235406259e-12,8.469897278602757e-12,0.8442866397583809,0.10370610817424604,0.023059571876727945,0.028947680190645187,0.6890131263551911,2.05078125
SC4001,109,3270.0,3300.0,Sleep stage W,W,2.787896145481125e-10,3.7937020973073416e-11,7.925606852678013e-12,1.1547283461698388e-11,0.829238571515626,0.11284079261797857,0.023574116688535977,0.03434651917785943,0.6910674166695036,1.171875
SC4001,110,3300.0,3330.0,Sleep stage W,W,1.0696645253703383e-10,1.5143571088389795e-11,4.521285024469915e-12,7.353725473694948e-12,0.7983462723035725,0.11302434773738451,0.03374470181721533,0.05488467814182764,0.7198636064013412,1.07421875
SC4001,111,3330.0,3360.0,Sleep stage W,W,5.573003124443835e-10,4.450807008480888e-11,1.142226408061218e-11,1.4085477863872593e-11,0.8883883112552903,0.07094998573829339,0.018208146793923945,0.022453556212492405,0.6233413959207819,0.5859375
SC4001,112,3360.0,3390.0,Sleep stage W,W,5.43975492045745e-10,5.09300988972089e-11,1.3189263431708899e-11,1.4355564455561159e-11,0.8739258189721241,0.08182193690691421,0.021189259469847555,0.023062984651114362,0.6414536826623282,0.5859375
SC4001,113,3390.0,3420.0,Sleep stage W,W,7.755716305113642e-10,9.330040807071298e-11,1.7862038759143796e-11,1.5512545496952055e-11,0.8596004804891032,0.10340898564654127,0.01979729079279417,0.01719324307156136,0.6290246446921347,0.5859375
SC4001,114,3420.0,3450.0,Sleep stage W,W,3.801407724635653e-10,3.335862729287345e-11,9.84361488722897e-12,1.9257347010475415e-11,0.8588803927833547,0.07536963406039997,0.02224041311317538,0.043509560043069946,0.5912014965882347,0.5859375
SC4001,115,3450.0,3480.0,Sleep stage W,W,5.657579831490829e-10,6.029384380392797e-11,1.7002075004842285e-11,1.182556563037179e-11,0.8639116221381066,0.09206861229895748,0.02596214394605642,0.018057621616879686,0.6723474841459104,1.07421875
SC4001,116,3480.0,3510.0,Sleep stage W,W,1.9077672745261373e-10,3.850417141861565e-11,8.051119882714295e-12,1.5649656929296028e-11,0.7541128302568711,0.1522014245285774,0.03182491325101018,0.061860831963541446,0.7234682299057387,1.171875
SC4001,117,3510.0,3540.0,Sleep stage W,W,2.9294259922019903e-10,3.255659455352216e-11,8.294575441121426e-12,1.4386644857622717e-11,0.8413528945922562,0.09350495673414386,0.023822636500728356,0.04131951217287163,0.6686356994498694,0.5859375
SC4001,118,3540.0,3570.0,Sleep stage W,W,3.129602849155621e-10,2.716573719855979e-11,7.657163860282749e-12,1.0760055345192773e-11,0.8728662232307883,0.07576697610747839,0.021356319065173303,0.030010481596560074,0.6558717054516793,1.07421875
SC4001,119,3570.0,3600.0,Sleep stage W,W,4.207897521099158e-10,3.879093388264163e-11,7.872929307602999e-12,8.935914954940592e-12,0.8832892525673012,0.08142692359731235,0.01652624335255046,0.01875758048283621,0.6676334223350477,1.26953125
SC4001,120,3600.0,3630.0,Sleep stage W,W,1.4764442980788134e-10,2.3282177283011706e-11,6.016704317359819e-12,1.1345381629413461e-11,0.7841385875377324,0.12365148914361102,0.031954676726956746,0.06025524659169984,0.7174129393888091,0.5859375
SC4001,121,3630.0,3660.0,Sleep stage W,W,1.2335544324363335e-10,2.523209747346435e-11,4.955091254622627e-12,1.0090258806319353e-11,0.7538548189004326,0.1541994238046586,0.030281755893098387,0.06166400140181057,0.7421493813594796,0.5859375
SC4001,122,3660.0,3690.0,Sleep stage W,W,2.918824674367453e-10,3.747147679510941e-11,5.798977111370574e-12,8.531345092500945e-12,0.8492750350890196,0.10902878151425971,0.016872978130510564,0.024823205266210308,0.6509280928907837,0.5859375
SC4001,123,3690.0,3720.0,Sleep stage W,W,2.6612417125827196e-10,2.7088426151468208e-11,7.567671249082202e-12,1.2067152463216554e-11,0.8506516381174175,0.08658670112834736,0.024189655206171966,0.03857200554806321,0.6707008813933689,0.5859375
SC4001,124,3720.0,3750.0,Sleep stage W,W,1.868591930731579e-10,2.9441109542677396e-11,5.991383016725833e-12,1.1186821147594692e-11,0.8003271720814336,0.1260977292886289,0.025661389989817523,0.0479137086401201,0.7156611032210655,1.171875
SC4001,125,3750.0,3780.0,Sleep stage W,W,2.332993645657533e-10,3.6214775016259883e-11,8.837498362017583e-12,1.057341214694756e-11,0.8074736492813298,0.12534314696789486,0.03058751174131416,0.036595692009461084,0.6938081866862749,1.171875
SC4001,126,3780.0,3810.0,Sleep stage W,W,2.899528251940687e-10,2.2416437644212384e-11,7.419974637827202e-12,9.8078561465614e-12,0.8797189987543196,0.06801163626119602,0.022512257484654154,0.02975710749983026,0.6559942666490056,0.5859375
SC4001,127,3810.0,3840.0,Sleep stage W,W,2.713905911448175e-10,3.6633030397371244e-11,8.770974028166625e-12,1.3163237304050278e-11,0.8225008292138923,0.11102336949617182,0.02658210581563975,0.03989369547429626,0.6967311111745134,1.953125
SC4001,128,3840.0,3870.0,Sleep stage W,W,5.514735221306508e-10,3.9121035808557397e-11,1.050107431876998e-11,1.6003437372960574e-11,0.8936547618852579,0.06339506528822683,0.01701683706159245,0.02593333576492274,0.6308678217643765,1.26953125
SC4001,129,3870.0,3900.0,Sleep stage W,W,4.1765160607707515e-10,4.9742844156618766e-11,8.574804007282295e-12,1.2508265660462241e-11,0.8550068100602582,0.10183241219914385,0.01755414253047399,0.025606635210124046,0.6718154231437231,1.3671875
SC4001,130,3900.0,3930.0,Sleep stage W,W,5.185084800172881e-10,5.601278256732001e-11,7.252466971194089e-12,1.2641039219868017e-11,0.872300802830441,0.09423181507197545,0.012201020822770203,0.0212663612748133,0.6441920033253925,1.171875
SC4001,131,3930.0,3960.0,Sleep stage W,W,2.754534294106244e-10,3.6743901728998303e-11,7.295940150227317e-12,1.2987248297542761e-11,0.8284799053865207,0.11051444991302758,0.021943962790005125,0.03906168191044664,0.674329074486721,1.26953125
SC4001,132,3960.0,3990.0,Sleep stage W,W,2.0114591570648808e-10,3.155579781517127e-11,6.592614366008617e-12,1.234578004313108e-11,0.7993396496309052,0.125400509778231,0.026198583446091925,0.049061257144771865,0.7289694234527658,1.953125
SC4001,133,3990.0,4020.0,Sleep stage W,W,1.4733365249690883e-10,2.3792948388162155e-11,7.435581822146785e-12,1.1809525435767551e-11,0.7739261990875701,0.12498153544061091,0.03905822926462388,0.06203403620719521,0.7330577791160858,0.5859375
SC4001,134,4020.0,4050.0,Sleep stage W,W,2.2641327770917182e-10,4.1444573383169975e-11,5.468773337870353e-12,7.703194197220334e-12,0.8056557087606883,0.14747393563283748,0.019459761830898193,0.02741059377557593,0.6812025100000313,1.171875
SC4001,135,4050.0,4080.0,Sleep stage W,W,2.1354539921004384e-10,1.8798501769687627e-11,5.625586846822199e-12,6.975963440840203e-12,0.8718079805324808,0.07674566591222919,0.02296669245219437,0.028479661103095622,0.6616462027866709,0.5859375
SC4001,136,4080.0,4110.0,Sleep stage W,W,4.2215611688813227e-10,4.034772713771999e-11,8.412426022878565e-12,1.0687203287925142e-11,0.8765636883042824,0.083777898980217,0.017467536030409844,0.02219087668509079,0.6623628627947816,1.171875
SC4001,137,4110.0,4140.0,Sleep stage W,W,2.1196978000568673e-10,3.808959389926313e-11,7.066005111506688e-12,9.937550695734325e-12,0.7937072368453493,0.14262403973592155,0.026458202638313,0.037210520780416256,0.7086349731313005,1.07421875
SC4001,138,4140.0,4170.0,Sleep stage W,W,2.254568537876215e-10,3.031792650725559e-11,7.85731569250759e-12,1.1991490617424054e-11,0.8179882446377251,0.10999757633487903,0.02850741400362615,0.04350676502376971,0.6989515981112645,1.26953125
SC4001,139,4170.0,4200.0,Sleep stage W,W,1.5962688436479126e-10,1.9203207714461152e-11,7.728712398325837e-12,1.2744299412716283e-11,0.8009252302094458,0.09635177445621453,0.0387786855671855,0.06394430976715407,0.7200638574987961,1.66015625
SC4001,140,4200.0,4230.0,Sleep stage W,W,2.6407037839970437e-10,3.190061748028556e-11,8.191846920430197e-12,1.4484570364989994e-11,0.8287228061149369,0.10011258890630291,0.02570818585675385,0.04545641912200631,0.6616255645604708,1.171875
SC4001,141,4230.0,4260.0,Sleep stage W,W,1.904738382796383e-10,2.3532538909158602e-11,6.710516867081931e-12,1.0668624453910963e-11,0.8231882423168131,0.10170272997513867,0.02900145571036682,0.04610757199768135,0.7117227412815537,1.171875
SC4001,142,4260.0,4290.0,Sleep stage W,W,3.628426761508074e-10,3.618959298581767e-11,6.5616547887442416e-12,1.1645465015979539e-11,0.8696270912279858,0.08673580190413141,0.015726355091720764,0.027910751776162094,0.6599751601738957,0.5859375
SC4001,143,4290.0,4320.0,Sleep stage W,W,2.5064530320925916e-10,2.952247216083611e-11,7.155087764687019e-12,1.164460270697685e-11,0.8383698289830757,0.09874810985775319,0.023932663524244953,0.03894939763492605,0.6290307344262147,0.5859375
SC4001,144,4320.0,4350.0,Sleep stage W,W,2.3644784633168547e-10,2.8418133545585528e-11,7.716088428675742e-12,1.1458751844287696e-11,0.832443189702888,0.10004947010980554,0.027165420887725084,0.04034191929958149,0.6895416267949366,0.5859375
SC4001,145,4350.0,4380.0,Sleep stage W,W,2.311661001490462e-10,2.4110187585471845e-11,6.2731745230429894e-12,1.116583449053503e-11,0.8476462556574947,0.08840790330783001,0.02300265000843516,0.040943191026240014,0.6955059006395461,0.5859375
SC4001,146,4380.0,4410.0,Sleep stage W,W,3.083289889902601e-10,3.9454195856885045e-11,9.248793270799138e-12,1.5843879913281012e-11,0.8268944806945374,0.10581053990784535,0.02480394767210868,0.042491031725508534,0.6911069183430318,0.68359375
SC4001,147,4410.0,4440.0,Sleep stage W,W,3.676745161906231e-10,2.9545945391597366e-11,8.697035302655462e-12,1.28938532181489e-11,0.8779000762519392,0.0705471458314806,0.020765997150067803,0.03078678076651241,0.6476409729033087,0.5859375
SC4001,148,4440.0,4470.0,Sleep stage W,W,2.3113155827613338e-10,3.488238122596645e-11,8.004038228409553e-12,1.1301546804323664e-11,0.810079712045489,0.12225725275140735,0.028052893476038253,0.03961014172706545,0.7055329706367408,0.5859375
SC4001,149,4470.0,4500.0,Sleep stage W,W,2.792262084915468e-10,3.775785700163532e-11,7.836870651977018e-12,1.6884893457296528e-11,0.8171537746850901,0.11049813532758054,0.02293455356349794,0.049413536423831575,0.704285515514667,1.171875
SC4001,150,4500.0,4530.0,Sleep stage W,W,3.272864717259424e-10,2.5514083043445515e-11,7.386280670497114e-12,1.2200031580583545e-11,0.8788883301514304,0.06851499153981473,0.019834965528177772,0.03276171278057709,0.5485507273836858,0.5859375
SC4001,151,4530.0,4560.0,Sleep stage W,W,2.3016734068949243e-10,3.6457761384328064e-11,8.188258012955788e-12,1.305902603455213e-11,0.7995464371927801,0.12664556637593702,0.028444055101223626,0.04536394133005934,0.7012384334095185,1.171875
SC4001,152,4560.0,4590.0,Sleep stage W,W,6.028941085208018e-10,8.583965221760701e-11,3.038127799484494e-11,5.6168520345794044e-11,0.7776433557251932,0.11072033091940599,0.03918731106710761,0.07244900228829322,0.7395717552199833,0.5859375
SC4001,153,4590.0,4620.0,Sleep stage W,W,2.9713263505160226e-10,5.656940051695738e-11,1.6262190645137464e-11,4.039167207332946e-11,0.7240852057736735,0.13785448376177473,0.039629479466535535,0.09843083099801626,0.7666395156883651,1.171875
SC4001,154,4620.0,4650.0,Sleep stage W,W,3.64407471604352e-10,3.664241522908232e-11,1.123289200217496e-11,1.4448391926794627e-11,0.8539509100150722,0.08586767909083479,0.026323111063356625,0.033858299830736356,0.6540865418698267,0.5859375
SC4001,155,4650.0,4680.0,Sleep stage W,W,5.072243494295566e-10,4.9504390192801536e-11,1.2725159777442206e-11,1.9124949731726065e-11,0.8617780781249413,0.08410834039627386,0.021620144516267842,0.03249343696251702,0.6586498003928664,0.5859375
SC4001,156,4680.0,4710.0,Sleep stage W,W,3.4091554764035375e-10,3.2591098057085745e-11,7.748084406936186e-12,1.2567518930037612e-11,0.8656584245207629,0.08275585784448111,0.01967406469780009,0.0319116529369559,0.6351819855177426,0.5859375
SC4001,157,4710.0,4740.0,Sleep stage W,W,3.157998193276468e-10,3.4345013807072155e-11,1.2339067884397966e-11,2.2399441675456206e-11,0.8205078897848067,0.08923486676929762,0.032059241114494576,0.05819800233140107,0.679124240799392,0.5859375
SC4001,158,4740.0,4770.0,Sleep stage W,W,5.105677453246849e-10,8.246452550230999e-11,1.4680937234734422e-11,2.2388337641440556e-11,0.8102943863673755,0.1308749773185886,0.023299319506272658,0.03553131680776311,0.7034302470022082,0.5859375
SC4001,159,4770.0,4800.0,Sleep stage W,W,5.317622123410804e-10,7.623049949858036e-11,1.485311451886313e-11,1.998964093325584e-11,0.8272135552528813,0.1185847753854249,0.023105623872058972,0.031096045489634818,0.649679307926544,0.5859375
SC4001,160,4800.0,4830.0,Sleep stage W,W,4.096970875406474e-10,4.5178790241731106e-11,8.754151390784634e-12,1.238082809503308e-11,0.8606885353243403,0.09491126000992928,0.018390654870824363,0.02600954979490608,0.6145039474630198,0.5859375
SC4001,161,4830.0,4860.0,Sleep stage W,W,5.756315861234433e-10,6.796402032924589e-11,1.2253795488944403e-11,1.8004865833065214e-11,0.8542375015659975,0.10085863305976636,0.018184637354024185,0.026719228020212062,0.6340339817344086,0.5859375
SC4001,162,4860.0,4890.0,Sleep stage W,W,3.346756420726631e-10,3.4547499509349397e-11,1.6584959972078815e-11,2.701812444387542e-11,0.810693751986366,0.08368533134210217,0.040174191772788435,0.06544672489874345,0.6936987825442738,0.5859375
SC4001,163,4890.0,4920.0,Sleep stage W,W,3.6906062853833477e-10,4.051747965919327e-11,1.1878921778002356e-11,2.4909800329033034e-11,0.8268101558678064,0.09077170817452436,0.02661246528980922,0.05580567066786003,0.6689746664558802,0.5859375
SC4001,164,4920.0,4950.0,Sleep stage W,W,3.849194291157614e-10,4.4248556115348484e-11,1.0792539820644798e-11,1.6813820571197655e-11,0.8426905600199708,0.09687180670140738,0.02362772761663278,0.036809905661989044,0.6709920711527425,0.5859375
SC4001,165,4950.0,4980.0,Sleep stage W,W,4.542508178572632e-10,4.9164432404845005e-11,1.0689123099415991e-11,1.4242735395586461e-11,0.8597583110199044,0.0930532818103234,0.020231251240422604,0.026957155929349594,0.6567975161660153,1.07421875
SC4001,166,4980.0,5010.0,Sleep stage W,W,4.814938233117213e-10,5.7666625079888654e-11,1.2460151968800669e-11,2.59238391299446e-11,0.8336913844008399,0.09984794439502463,0.02157436054582385,0.04488631065831172,0.6393796278174544,0.5859375
SC4001,167,5010.0,5040.0,Sleep stage W,W,3.381306700722625e-10,6.548700429951022e-11,1.407979067842945e-11,2.0748629404212113e-11,0.7712023766411228,0.14936158658454873,0.03211293442116256,0.047323102353165954,0.7108541394696644,0.5859375
SC4001,168,5040.0,5070.0,Sleep stage W,W,1.717574541819567e-10,3.591447104529691e-11,6.457095910461943e-12,1.4002993026457688e-11,0.7528862391858467,0.15742845727672125,0.028304207693599506,0.06138109584383258,0.7170924079275526,0.5859375
SC4001,169,5070.0,5100.0,Sleep stage W,W,2.0430441038084663e-10,3.5081006897408e-11,6.599141531513877e-12,9.169070889118792e-12,0.8007113620995749,0.13748974270445574,0.0258634044881183,0.03593549070785089,0.6853840980347875,1.07421875
SC4001,170,5100.0,5130.0,Sleep stage W,W,2.943057657530876e-10,4.495332298101046e-11,9.13183900766249e-12,1.3145222442628051e-11,0.8140424286837912,0.12433977337559085,0.025258439586207687,0.0363593583544102,0.6948737394290632,1.07421875
SC4001,171,5130.0,5160.0,Sleep stage W,W,1.6215962355464138e-10,2.7644945318036973e-11,6.638469361608885e-12,8.3829530484991e-12,0.7916945624872431,0.13496795570182243,0.03241028797191905,0.040927193839015524,0.7099444484471499,0.5859375
SC4001,172,5160.0,5190.0,Sleep stage W,W,1.1445551009169038e-10,2.6939623259974548e-11,7.559487307671852e-12,9.798362603399154e-12,0.7209660425862151,0.16969522528839356,0.04761792284029656,0.061720809285094685,0.734220243036289,0.78125
SC4001,173,5190.0,5220.0,Sleep stage W,W,2.4966064891151204e-10,2.129301695145051e-11,7.858375284610996e-12,1.0050352478038355e-11,0.8642892062823921,0.07371335771401213,0.027204563342350687,0.03479287266124503,0.6317598701008039,0.5859375
SC4001,174,5220.0,5250.0,Sleep stage W,W,4.073486273981476e-10,3.82332061559153e-11,7.0748176199641585e-12,1.06653255339593e-11,0.8791912490153331,0.08251973374449317,0.015269764819343199,0.02301925242083053,0.649648981900775,1.171875
SC4001,175,5250.0,5280.0,Sleep stage W,W,2.809637435630483e-10,3.530832826477517e-11,6.226133827697976e-12,8.581712972078423e-12,0.8486281642441672,0.10664593736502073,0.018805531466561578,0.02592036692425061,0.6837612761430031,0.5859375
SC4001,176,5280.0,5310.0,Sleep stage W,W,3.945854778896682e-10,4.417342175454859e-11,9.76817806309399e-12,1.5963574978895063e-11,0.8495014390660661,0.09510077651528255,0.021029870044969538,0.03436791437368173,0.6550022535169359,0.5859375
SC4001,177,5310.0,5340.0,Sleep stage W,W,4.966361797756769e-10,5.680087063512209e-11,9.771621166197031e-12,1.2386029664044597e-11,0.8628227096338428,0.09868205963789042,0.016976565533227503,0.02151866519503925,0.6633532193094357,0.5859375
SC4001,178,5340.0,5370.0,Sleep stage W,W,4.388915888059515e-10,3.57639357187381e-11,1.0989632738916848e-11,1.5666473834850014e-11,0.8754865468496463,0.07134072600783949,0.02192175895627386,0.031250968186240125,0.5988103283495597,0.5859375
SC4001,179,5370.0,5400.0,Sleep stage W,W,2.717822710142085e-10,4.1682390452131606e-11,9.980323296885001e-12,1.8040491906908127e-11,0.7958823715268677,0.12206197129840397,0.029226201343039115,0.052829455831689166,0.6846407495977678,0.5859375
SC4001,180,5400.0,5430.0,Sleep stage W,W,2.85362325657899e-10,3.604232676922661e-11,1.2512973816408851e-11,1.8762643525909012e-11,0.8091247232073628,0.10219547238292759,0.035479653638092426,0.05320015077161718,0.6813493702615151,0.5859375
SC4001,181,5430.0,5460.0,Sleep stage W,W,4.531971549197835e-10,2.984704805726988e-11,1.0572433260049956e-11,2.0009734750527603e-11,0.8823479099181559,0.05811042762441934,0.02058389883627015,0.03895776362115464,0.5933899013615054,0.5859375
SC4001,182,5460.0,5490.0,Sleep stage W,W,4.138383752589042e-10,4.059627366289062e-11,1.0489028402263196e-11,1.881532396069048e-11,0.8554992964383743,0.08392185363403022,0.02168323904916843,0.038895610878427,0.6528120140250083,0.5859375
SC4001,183,5490.0,5520.0,Sleep stage W,W,4.1436517200229126e-10,4.253604282719322e-11,1.3609780481105778e-11,1.7531719557446944e-11,0.8490346426220751,0.08715639334703443,0.02788645351418831,0.03592251051670217,0.6621251795936325,0.5859375
SC4001,184,5520.0,5550.0,Sleep stage W,W,2.701426864733492e-10,4.263848356180187e-11,9.533322517657626e-12,1.5507785855910115e-11,0.7996591809925377,0.12621572432299777,0.028219934347028484,0.045905160337435795,0.7175310580085723,0.5859375
SC4001,185,5550.0,5580.0,Sleep stage W,W,1.5809425771719401e-10,2.1284397530656482e-11,5.492375798736437e-12,1.0712783448815061e-11,0.8083197381392246,0.10882494333986344,0.028081954597861464,0.054773363923050544,0.6654889493741252,0.5859375
SC4001,186,5580.0,5610.0,Sleep stage W,W,3.619384719983681e-10,2.666502233443136e-11,9.259904038939839e-12,9.56059302515276e-12,0.8883582696184078,0.06544784523613296,0.022727930201634355,0.023465954943824866,0.4509399214653632,0.68359375
SC4001,187,5610.0,5640.0,Sleep stage W,W,4.542647784638093e-10,3.414080597259593e-11,8.359092669376829e-12,1.0450867738283795e-11,0.8956050008354232,0.06731025166646241,0.016480355845455562,0.020604391652658677,0.5167370621056105,0.5859375
SC4001,188,5640.0,5670.0,Sleep stage W,W,9.455602559606244e-11,1.35931464802192e-11,5.422715512732469e-12,9.021600375197535e-12,0.7712972945485156,0.11087984122115369,0.04423330800666596,0.07358955622366488,0.6975279101839796,0.5859375
SC4001,189,5670.0,5700.0,Sleep stage W,W,3.582606973623174e-10,4.7413878447955606e-11,1.3673209439012928e-11,2.089762300323546e-11,0.8137749778796599,0.10769874610653377,0.03105815343602648,0.04746812257777994,0.6760116706507006,0.5859375
SC4001,190,5700.0,5730.0,Sleep stage W,W,3.4819102587729176e-10,3.913206493512307e-11,9.975319190805356e-12,1.4542830993662932e-11,0.8454496325683103,0.09501735387257933,0.02422127314559265,0.03531174041351773,0.6873324300275594,1.3671875
SC4001,191,5730.0,5760.0,Sleep stage W,W,4.667321832539027e-10,3.0001159912192714e-11,7.715200253938259e-12,1.4233749104987143e-11,0.8998421383960933,0.05784111072337308,0.014874616629728271,0.027442134250805408,0.6308350729320304,1.07421875
SC4001,192,5760.0,5790.0,Sleep stage W,W,3.7492306383248196e-10,3.6554963248115236e-11,7.149996173927577e-12,2.096278790827083e-11,0.8528910393753318,0.0831567956377907,0.016265117450964386,0.04768704753591309,0.6685987004220929,0.5859375
SC4001,193,5790.0,5820.0,Sleep stage W,W,2.950862849946395e-10,4.209119743192696e-11,1.033400405229151e-11,1.2977093766781759e-11,0.818573184186765,0.11676152793313364,0.02866666135512486,0.03599862652497636,0.6534058800023483,0.5859375
SC4001,194,5820.0,5850.0,Sleep stage W,W,4.889801225618478e-10,3.570892596500794e-11,8.193248848660104e-12,1.566922444162266e-11,0.8914023626113482,0.06509675854460875,0.014936151888739728,0.028564726955303297,0.5402111891307507,0.5859375
SC4001,195,5850.0,5880.0,Sleep stage W,W,7.396291228317844e-10,5.0095581540762516e-11,8.058767475932182e-12,1.1204734494788381e-11,0.9142644071104631,0.06192374764917909,0.009961538886158632,0.013850306354199213,0.6120512497973581,0.5859375
SC4001,196,5880.0,5910.0,Sleep stage W,W,5.027372653002709e-10,5.0807869604081666e-11,1.1557114151184524e-11,2.928863085923784e-11,0.845802454728704,0.0854788848903042,0.019443626310083374,0.049275034070908545,0.6913461843780383,0.5859375
SC4001,197,5910.0,5940.0,Sleep stage W,W,1.4952142111532503e-10,1.8851226633550228e-11,4.7692964662873125e-12,8.670888529258524e-12,0.8223920108296816,0.10368479688147138,0.026231902304671935,0.04769128998417516,0.7048490310364447,0.5859375
SC4001,198,5940.0,5970.0,Sleep stage W,W,3.3525108073348075e-10,5.152116257461884e-11,1.2500117732887585e-11,1.786094507327473e-11,0.8037024994634405,0.12351246428763009,0.029966721788126722,0.042818314460802684,0.6830554582526094,0.5859375
SC4001,199,5970.0,6000.0,Sleep stage W,W,5.068721321467202e-10,3.935537025986509e-11,1.096694791508518e-11,1.2833475883097032e-11,0.8892057894802856,0.06904112667232327,0.01923931690172245,0.022513766945668808,0.6267071143964724,0.5859375
SC4001,200,6000.0,6030.0,Sleep stage W,W,1.0215305584649402e-09,6.792842422633956e-11,1.2230339273274827e-11,1.5478346891360813e-11,0.914393234733586,0.060804144373337116,0.010947630883195753,0.013854990009881052,0.5333557287826227,0.5859375
SC4001,201,6030.0,6060.0,Sleep stage W,W,5.547217031879392e-10,5.6560662457487596e-11,1.364658846975789e-11,1.8271292033106913e-11,0.8624401288864658,0.08793631967057328,0.021216702809861224,0.02840684863309958,0.6439832991646938,0.68359375
SC4001,202,6060.0,6090.0,Sleep stage W,W,3.363095877872162e-10,2.807058591558432e-11,6.617977862494921e-12,1.0794196121739393e-11,0.8808704255720127,0.07352317584582527,0.017333971994430465,0.028272426587731606,0.6160849743851327,0.5859375
SC4001,203,6090.0,6120.0,Sleep stage W,W,3.864572753279579e-10,5.7360591807715826e-11,1.2940509620623811e-11,2.5292351374537666e-11,0.8016942051440447,0.11899285378145383,0.02684470505998609,0.05246823601451541,0.661777231718231,0.5859375
SC4001,204,6120.0,6150.0,Sleep stage W,W,1.9278942941417816e-10,2.892254434468568e-11,6.29997982607749e-12,8.23317120490939e-12,0.8160567528564744,0.12242599448523399,0.026667131572266595,0.034850121086025025,0.6772979298089372,0.5859375
SC4001,205,6150.0,6180.0,Sleep stage W,W,1.7128814557402653e-10,1.9086519774959472e-11,6.239193672321357e-12,8.332601265545843e-12,0.8357702071764653,0.09312929702833136,0.030443041873417443,0.040657453921785824,0.7072504212716973,0.5859375
SC4001,206,6180.0,6210.0,Sleep stage W,W,1.6533671785995168e-10,2.492249375461278e-11,6.770977032110874e-12,9.281623561444602e-12,0.8013923977031715,0.12080013009372369,0.032819143798129,0.04498832840497584,0.7106785066267998,0.9765625
SC4001,207,6210.0,6240.0,Sleep stage W,W,2.3264564560524878e-10,2.946892673529713e-11,5.849939739167224e-12,8.387193934289496e-12,0.8418462435453925,0.10663558825218161,0.02116845893063099,0.030349709271794836,0.6537809387276748,0.5859375
SC4001,208,6240.0,6270.0,Sleep stage W,W,2.466209091706272e-10,2.172045418452432e-11,7.787069660036856e-12,1.1890002494624302e-11,0.8562677897131517,0.07541341631856865,0.02703670564091913,0.04128208832736061,0.648596704519463,1.07421875
SC4001,209,6270.0,6300.0,Sleep stage W,W,2.97845415451479e-10,3.821939887109854e-11,9.257341721202826e-12,1.4398969103474791e-11,0.8279897804988607,0.10624730158800953,0.025734773617794193,0.040028144295335556,0.6861552589263551,0.5859375
SC4001,210,6300.0,6330.0,Sleep stage W,W,5.889004594102379e-10,5.5908830118677064e-11,1.2765620897717034e-11,2.3836275414774978e-11,0.8642365603127914,0.08204859456429497,0.018734093544346554,0.034980751578566956,0.6419699223961599,0.5859375
SC4001,211,6330.0,6360.0,Sleep stage W,W,3.7012800924294163e-10,3.834701157710428e-11,8.23089007912222e-12,1.4353184258528517e-11,0.8586479519879652,0.08895998717548365,0.01909457466872627,0.03329748616782489,0.6203732606955392,0.5859375
SC4001,212,6360.0,6390.0,Sleep stage W,W,1.758576783685683e-10,2.61837672795957e-11,5.309300228922458e-12,9.960446464237046e-12,0.8092435390642672,0.12048973178735185,0.02443178453773939,0.0458349446106416,0.6524931013513104,0.5859375
SC4001,213,6390.0,6420.0,Sleep stage W,W,3.1417293159401084e-10,4.0296311690461877e-11,7.57441981306303e-12,1.3928947731566552e-11,0.835627177472291,0.10717884901668674,0.02014620106597597,0.037047772445046354,0.6751083006453248,0.5859375
SC4001,214,6420.0,6450.0,Sleep stage W,W,3.655107216283343e-10,5.119004706921592e-11,1.3822646183545792e-11,2.4028870912029818e-11,0.8041115027957074,0.11261641106896413,0.030409364589218463,0.052862721546109985,0.6517601072816213,0.5859375
SC4001,215,6450.0,6480.0,Sleep stage W,W,1.0837226287660978e-10,2.296314781830841e-11,9.40649077657197e-12,2.1435709518987983e-11,0.6682319601006614,0.14159258900204563,0.05800116748004291,0.13217428341725004,0.8083610524154897,0.68359375
SC4001,216,6480.0,6510.0,Sleep stage W,W,1.8238867115330492e-10,2.8364534939937905e-11,9.239315041408665e-12,1.583091811548147e-11,0.7734119718262996,0.12027869252577664,0.039178951298427626,0.0671303843494961,0.7316679217984452,0.9765625
SC4001,217,6510.0,6540.0,Sleep stage W,W,2.624531681639724e-10,3.807473766034918e-11,9.34672051780445e-12,1.5405034378328777e-11,0.8068539163582211,0.11705231607785826,0.028734414248657913,0.04735935331526263,0.7125300318361404,2.05078125
SC4001,218,6540.0,6570.0,Sleep stage W,W,4.0289437407348233e-10,4.337885597345649e-11,1.1938895777753469e-11,1.6391216779484233e-11,0.8489075779845484,0.09140023274053266,0.025155524005043967,0.034536665269874964,0.6512052553780975,0.5859375
SC4001,219,6570.0,6600.0,Sleep stage W,W,1.7303880927361716e-10,2.3890986751547374e-11,6.928472022293539e-12,1.1511465873797812e-11,0.8034499840023209,0.11093010292840157,0.03217012853266907,0.05344978453660842,0.6817993028324368,0.5859375
SC4001,220,6600.0,6630.0,Sleep stage W,W,1.24464735508593e-10,2.2244878019197544e-11,4.740610946423162e-12,8.689122143563738e-12,0.7772276966114202,0.1389095090558343,0.029603036646191083,0.054259757686554326,0.6782484289551138,0.5859375
SC4001,221,6630.0,6660.0,Sleep stage W,W,2.5139552540068257e-10,3.867958884605431e-11,7.024058095960757e-12,1.4972578005742775e-11,0.8055696330090422,0.1239445377637259,0.022507830613050107,0.047977998614181845,0.7037927476908737,0.5859375
SC4001,222,6660.0,6690.0,Sleep stage W,W,3.913055745614613e-10,3.123427115128058e-11,6.987976469103453e-12,1.5848244881829514e-11,0.8785958732387765,0.07013010680435834,0.015690058325707905,0.03558396163115723,0.6415249312703556,1.07421875
SC4001,223,6690.0,6720.0,Sleep stage W,W,6.927584153148428e-11,1.2533368348452038e-11,4.932944293707593e-12,1.0732268201753113e-11,0.7107078948843282,0.1285810989490461,0.05060757656721123,0.11010342959941442,0.744529022075596,0.5859375
SC4001,224,6720.0,6750.0,Sleep stage W,W,1.249242303757176e-10,2.911642411460419e-11,6.638047601526714e-12,1.3621580237911201e-11,0.7167184625632032,0.1670474868165656,0.03808397503893972,0.0781500755812917,0.7096493633513158,0.5859375
SC4001,225,6750.0,6780.0,Sleep stage W,W,3.6359815406094964e-10,3.745257715113481e-11,8.923233983246603e-12,1.443444167857962e-11,0.856717605428991,0.0882465487123627,0.021025111281307973,0.03401073457733841,0.6304542313236616,0.5859375
SC4001,226,6780.0,6810.0,Sleep stage W,W,1.6031234553575262e-10,2.9198655429219696e-11,5.215105305541973e-12,1.0213750597823662e-11,0.7822409363677074,0.14247426476919103,0.025447003746530267,0.049837795116571236,0.7283772822820406,1.26953125
SC4001,227,6810.0,6840.0,Sleep stage W,W,4.1594553933921026e-10,3.9702446886118536e-11,9.989895350021901e-12,1.9952870168369588e-11,0.8565763203800335,0.08176112651147081,0.02057266394417301,0.04108988916432266,0.6698423560254211,1.07421875
SC4001,228,6840.0,6870.0,Sleep stage W,W,4.014401959046081e-10,3.9397755272586466e-11,9.548595903612095e-12,1.562019836092691e-11,0.8614471782464821,0.08454331543042547,0.02049025254894296,0.03351925377414941,0.6565566596764066,0.5859375
SC4001,229,6870.0,6900.0,Sleep stage W,W,2.566590829133889e-10,4.469179266720344e-11,8.752542956173578e-12,1.6989488242488704e-11,0.7846672232687717,0.13663332876051823,0.026758583799190768,0.05194086417151935,0.6701781875257682,0.5859375
SC4001,230,6900.0,6930.0,Sleep stage W,W,5.380975303323787e-10,5.1276192827039806e-11,1.2463723930976574e-11,2.0794529778667885e-11,0.8642304769476021,0.08235393415687511,0.02001780248044929,0.03339778641507339,0.6741339700431896,1.953125
SC4001,231,6930.0,6960.0,Sleep stage W,W,3.2268079948231564e-10,3.730015132631102e-11,1.0539373562442427e-11,1.7032499966799507e-11,0.8326111415485454,0.09624533478768496,0.02719467618497911,0.04394884747879059,0.603871680431923,0.5859375
SC4001,232,6960.0,6990.0,Sleep stage W,W,3.1923233743343886e-10,2.4961755416977752e-11,6.975393189036203e-12,1.3369013526788506e-11,0.8757163860971844,0.0684749496875621,0.01913486009663208,0.03667380411862146,0.6388958047556079,0.5859375
SC4001,233,6990.0,7020.0,Sleep stage W,W,1.5123640682948456e-10,2.534701728841308e-11,5.903581776459299e-12,8.922302830974946e-12,0.7901204379067345,0.13242311702188678,0.030842709875363524,0.04661373519601522,0.7120072920440322,1.26953125
SC4001,234,7020.0,7050.0,Sleep stage W,W,2.0999365741857836e-10,2.7606323639406858e-11,7.975459063173921e-12,1.3969117222979409e-11,0.8090851897161573,0.10636448678368063,0.030728670039491535,0.05382165346067075,0.6660223600997238,0.68359375
SC4001,235,7050.0,7080.0,Sleep stage W,W,2.6766221705910114e-10,2.9152079713724774e-11,7.541440783684515e-12,1.1429076738937936e-11,0.8476095269377845,0.09231628119536513,0.023881581514647313,0.03619261035220296,0.6742056082867585,0.5859375
SC4001,236,7080.0,7110.0,Sleep stage W,W,3.344543889057779e-10,4.062299520331123e-11,9.44196833007604e-12,1.6935083576937126e-11,0.8331067212129721,0.10118955367996443,0.02351940216123885,0.04218432294582457,0.6529038886156863,1.171875
SC4001,237,7110.0,7140.0,Sleep stage W,W,2.1865257480916947e-10,2.8038085618835582e-11,6.38590655272257e-12,1.3277215115795285e-11,0.8209103437094534,0.10526633186186546,0.023975280179833927,0.04984804424884722,0.6977464251887187,0.68359375
SC4001,238,7140.0,7170.0,Sleep stage W,W,2.5131465562257406e-10,2.992367874622471e-11,9.489096432757701e-12,1.6841355428319947e-11,0.8171006515425199,0.09729101289186023,0.03085194875940878,0.054756386806211026,0.6510092259699723,0.5859375
SC4001,239,7170.0,7200.0,Sleep stage W,W,3.7246013714792656e-10,5.341534789822298e-11,7.062117230920739e-12,1.371559386400295e-11,0.833891127088872,0.11959020636080259,0.015811187050568436,0.030707479499757006,0.677467621922072,0.5859375
SC4001,240,7200.0,7230.0,Sleep stage W,W,5.278086495785962e-10,4.3179993350462695e-11,1.060348923693156e-11,2.520800792757432e-11,0.8698228868193922,0.07116015718751253,0.017474434391687135,0.041542521601408006,0.6139906490708362,0.5859375
SC4001,241,7230.0,7260.0,Sleep stage W,W,4.2958653139352534e-10,5.1829345427297025e-11,1.0181475068383445e-11,1.6371007315229068e-11,0.8456954525008825,0.10203262563138898,0.020043522168052698,0.0322283996996759,0.6232872138045721,0.5859375
SC4001,242,7260.0,7290.0,Sleep stage W,W,4.840524650338159e-10,4.574149800494373e-11,1.3200456372683086e-11,2.9253345052291245e-11,0.8458791717385427,0.07993303049040149,0.02306772903700817,0.05112006873404775,0.6868526688208432,0.9765625
SC4001,243,7290.0,7320.0,Sleep stage W,W,6.903198743962995e-10,4.005912261950184e-11,8.326366596318676e-12,1.1534093804848276e-11,0.9201327223884378,0.053395115684028556,0.01109827870822188,0.015373883219311742,0.5157700041387243,0.5859375
SC4001,244,7320.0,7350.0,Sleep stage W,W,3.5321985274740673e-10,2.8884740093569376e-11,6.724427123843713e-12,9.693425282586941e-12,0.8863236110280421,0.07247958160960655,0.0168733962265767,0.02432341113577471,0.6063897895074519,0.5859375
SC4001,245,7350.0,7380.0,Sleep stage W,W,4.849299520053828e-10,5.2042664254382914e-11,1.618248223587652e-11,3.919645097054123e-11,0.8186522892400516,0.0878577329649645,0.027319051077793043,0.06617092671719077,0.6771703187794995,0.5859375
SC4001,246,7380.0,7410.0,Sleep stage W,W,6.473598716418092e-10,4.487441195243603e-11,1.0386733520886368e-11,1.9317508979840915e-11,0.8966966690965149,0.062158217535730614,0.014387282497678993,0.02675783087007557,0.5990226609741349,0.5859375
SC4001,247,7410.0,7440.0,Sleep stage W,W,5.53770764676151e-10,3.972087245233141e-11,1.0979043998176048e-11,1.7875176905098035e-11,0.8898119229515202,0.0638244345000599,0.017641386789169926,0.02872225575925006,0.6275871304690036,0.5859375
SC4001,248,7440.0,7470.0,Sleep stage W,W,7.711261657994238e-10,6.011990357319913e-11,1.149293763078066e-11,1.5986308176255256e-11,0.8979893246050304,0.07001063379693319,0.013383718201408976,0.018616323396627325,0.6443062167302906,0.5859375
SC4001,249,7470.0,7500.0,Sleep stage W,W,5.336164027961939e-10,3.668269430576502e-11,1.453399770115632e-11,3.9262389163137935e-11,0.8550236566445788,0.05877737501421909,0.023288099456816803,0.0629108688843853,0.6333327449780543,0.5859375
SC4001,250,7500.0,7530.0,Sleep stage W,W,3.6237909684432345e-10,3.360066940494215e-11,8.429061623340028e-12,1.742209886901148e-11,0.859062420205834,0.07965435266799077,0.019982085449374975,0.04130114167680026,0.6640500184365707,0.5859375
SC4001,251,7530.0,7560.0,Sleep stage W,W,5.934804348192559e-10,4.032756556021745e-11,9.965533128409822e-12,1.5796327190823348e-11,0.8997992027570214,0.06114222004852825,0.015109139641179124,0.02394943755327103,0.6120433017934387,0.5859375
SC4001,252,7560.0,7590.0,Sleep stage W,W,8.158970866841164e-10,4.628285163409445e-11,1.127676974258302e-11,2.2753123181215047e-11,0.9103862267984816,0.051642874269693675,0.012582733807946687,0.0253881651238781,0.5736406206364733,0.5859375
SC4001,253,7590.0,7620.0,Sleep stage W,W,4.666233846186881e-10,6.153367107477063e-11,8.981626240846136e-12,9.539555208480107e-12,0.8535612960513962,0.11255921105690339,0.016429456361366467,0.017450036530333845,0.6545112556401117,0.5859375
SC4001,254,7620.0,7650.0,Sleep stage W,W,5.028402814501322e-10,5.757992783480131e-11,1.3633311652573478e-11,4.095814941992141e-11,0.8176109587609856,0.09362412228915493,0.02216756577098799,0.06659735317887158,0.6933115858367064,0.5859375
SC4001,255,7650.0,7680.0,Sleep stage W,W,3.237813742186592e-10,3.746112812397875e-11,7.457337304367617e-12,1.3535964022330669e-11,0.8470723336497157,0.09800528303305031,0.019509782267332538,0.03541260104990147,0.6917376400926877,1.26953125
SC4001,256,7680.0,7710.0,Sleep stage W,W,4.496425176015679e-10,2.858455450187824e-11,5.873520560644586e-12,1.2263718578648742e-11,0.9058719722935056,0.0575878520160153,0.01183308394179095,0.0247070917486881,0.506869920502409,0.5859375
SC4001,257,7710.0,7740.0,Sleep stage W,W,4.5357827864096096e-10,5.657764283614856e-11,1.4879848837525282e-11,3.202694125997773e-11,0.8142319872009762,0.1015642254643544,0.026711263432918343,0.057492523901751184,0.6947835166097238,0.5859375
SC4001,258,7740.0,7770.0,Sleep stage W,W,6.496853711132063e-10,5.62777387035357e-11,1.1820352857847712e-11,2.258705624806262e-11,0.8775138319372762,0.07601293847495179,0.015965455884234907,0.03050777370353711,0.5284078152472984,0.5859375
SC4001,259,7770.0,7800.0,Sleep stage W,W,5.346012646045281e-10,1.0312046528429726e-10,2.1635058171866575e-11,3.2396797411385306e-11,0.7728203739481844,0.1490710961966669,0.03127567189565348,0.04683285795949518,0.7196919387166337,1.171875
SC4001,260,7800.0,7830.0,Sleep stage W,W,3.2192777905669417e-10,5.824369057935028e-11,1.062756172904039e-11,2.8918699167940542e-11,0.7670101967049575,0.13876871607349783,0.025320735713365728,0.06890035150817884,0.7330549663547528,2.05078125
SC4001,261,7830.0,7860.0,Sleep stage W,W,3.9383469616719403e-10,4.8584801441870216e-11,1.6219912219872595e-11,3.140454285557387e-11,0.8036721890143269,0.0991437628721214,0.033098892723842956,0.06408515538970858,0.7193793887720903,1.07421875
SC4001,262,7860.0,7890.0,Sleep stage W,W,5.843690312350435e-10,5.779996471304873e-11,1.1798179221151719e-11,2.2882420906658272e-11,0.8633661519826217,0.08539558130513683,0.01743102055397942,0.03380724615826206,0.6377253533319941,1.07421875
SC4001,263,7890.0,7920.0,Sleep stage W,W,5.792407732528892e-10,5.856373897303587e-11,1.614722036933132e-11,3.0719768358653545e-11,0.8460126826454283,0.08553552892364102,0.02358389438852707,0.04486789404240372,0.6319835903281934,0.5859375
SC4001,264,7920.0,7950.0,Sleep stage W,W,5.44999275733239e-10,6.85345553980671e-11,1.4772203412627723e-11,2.5328291808183386e-11,0.8337984309588481,0.10485152421622831,0.02260010347845446,0.0387499413464691,0.6807135536522875,0.5859375
SC4001,265,7950.0,7980.0,Sleep stage W,W,6.632231920300717e-10,4.410738275279202e-11,1.2777223377270817e-11,2.1655129686771404e-11,0.8941174695197974,0.059462910718416806,0.017225481211846076,0.02919413854993957,0.5841004307900702,0.5859375
SC4001,266,7980.0,8010.0,Sleep stage W,W,6.240586513278984e-10,7.249790658572938e-11,1.5746662497588587e-11,2.0081267638393683e-11,0.8520915741809458,0.09898886140911621,0.021500540705774673,0.02741902370416319,0.6726204030154375,0.5859375
SC4001,267,8010.0,8040.0,Sleep stage W,W,6.035701012906674e-10,6.683268716407198e-11,1.6634236752581323e-11,1.7620557641819284e-11,0.8565438249458043,0.09484420346950297,0.023606127511356878,0.025005844073335778,0.675565858342523,0.5859375
SC4001,268,8040.0,8070.0,Sleep stage W,W,4.79157960245522e-10,4.69625286058381e-11,1.1649907222589989e-11,1.4388020955627408e-11,0.8677907380697503,0.08505263554340141,0.021098849285432403,0.026057777101415956,0.6541460833971025,1.07421875
SC4001,269,8070.0,8100.0,Sleep stage W,W,3.824679390898142e-10,3.574608176177271e-11,1.0306210689937624e-11,1.3971886680397642e-11,0.8643497213615811,0.08078354458699093,0.023291286478392754,0.0315754475730353,0.6267801897689601,0.5859375
SC4001,270,8100.0,8130.0,Sleep stage W,W,9.418689514776785e-11,1.3784621081142027e-11,3.294757300636469e-12,5.923879122594289e-12,0.8037099791767137,0.11762610397871372,0.028114625897078614,0.05054929094749397,0.6817574437779579,0.5859375
SC4001,271,8130.0,8160.0,Sleep stage W,W,3.066035261994167e-10,2.1963743523616776e-11,7.07707277220106e-12,1.3286754232380798e-11,0.8786936133661922,0.06294578995566635,0.020282149795681884,0.03807844688245938,0.628249307226394,0.5859375
SC4001,272,8160.0,8190.0,Sleep stage W,W,2.4616259348597574e-10,2.1639438268881486e-11,6.056806282666346e-12,1.1108945944487667e-11,0.8638260439345483,0.07593643732811385,0.021254354432740666,0.03898316430459706,0.6169940354414106,1.07421875
SC4001,273,8190.0,8220.0,Sleep stage W,W,2.0698767788745504e-10,2.3699078579878997e-11,7.622032257136002e-12,1.640999805703783e-11,0.8126125304805432,0.09304016746989119,0.0299233219247154,0.06442398012485023,0.6431732243285739,0.5859375
SC4001,274,8220.0,8250.0,Sleep stage W,W,1.7015180854811033e-10,2.3036894091427833e-11,4.610972169981501e-12,6.801237335880878e-12,0.8316278102767752,0.11259428831410372,0.02253642039828587,0.03324148101083512,0.6457530752601104,0.5859375
SC4001,275,8250.0,8280.0,Sleep stage W,W,3.5266655518793806e-10,2.8348797282377238e-11,8.10670276334391e-12,1.2959535888295705e-11,0.8771019687916307,0.07050508630169741,0.020161835165651926,0.03223110974102011,0.5592374027497043,0.5859375
SC4001,276,8280.0,8310.0,Sleep stage W,W,1.811133881320709e-10,1.7886798651836213e-11,5.6117257565473364e-12,1.307807701941757e-11,0.8319784869219201,0.08216638113677133,0.025778520031597158,0.06007661190971147,0.6966254590895935,1.26953125
SC4001,277,8310.0,8340.0,Sleep stage W,W,8.249605576397169e-11,1.672073787435835e-11,3.28872440488948e-12,6.306554349321519e-12,0.7581516825299132,0.15366620179825324,0.030223892740737095,0.05795822293109664,0.7075054385880687,0.5859375
SC4001,278,8340.0,8370.0,Sleep stage W,W,1.1429672309790217e-10,1.898935861829552e-11,5.346690786260319e-12,6.962308825522306e-12,0.7850314863345368,0.13042582513840845,0.03672301795838756,0.047819670568667046,0.7166776099400249,1.171875
SC4001,279,8370.0,8400.0,Sleep stage W,W,3.915132848803722e-10,2.4197333014344597e-11,5.249777611934751e-12,7.540886653129178e-12,0.9136805446812728,0.05646968637382473,0.012251486356059955,0.01759828258884255,0.5714613472409654,0.5859375
SC4001,280,8400.0,8430.0,Sleep stage W,W,3.0081419129833883e-10,2.5460815375128244e-11,6.658036951978968e-12,1.3025818752659572e-11,0.8695085572618537,0.07359492166239577,0.019245169515854924,0.03765135155989553,0.6338127457959398,0.5859375
SC4001,281,8430.0,8460.0,Sleep stage W,W,2.890531949227466e-10,2.096034349662583e-11,5.8662773061121114e-12,9.097458494513228e-12,0.8894566415960153,0.06449787464964837,0.018051346267803497,0.027994137486532605,0.5335496897195265,0.5859375
SC4001,282,8460.0,8490.0,Sleep stage W,W,4.543882880973567e-10,2.8723115077707606e-11,7.020737151291273e-12,1.4757611253768607e-11,0.8999752652441134,0.056889875438775585,0.013905485562578524,0.02922937375453269,0.6167418866348181,0.9765625
SC4001,283,8490.0,8520.0,Sleep stage W,W,3.439272691016264e-10,2.7532562513597696e-11,7.262478211058435e-12,1.527497290020505e-11,0.8729178707061802,0.06988008222561973,0.01843281293922029,0.03876923412897981,0.6087304843415754,0.5859375
SC4001,284,8520.0,8550.0,Sleep stage W,W,4.569836833590434e-10,4.176567414596646e-11,9.883070765509012e-12,1.0673139138326922e-11,0.8799899558928918,0.0804260088224408,0.019031320643878514,0.020552714640788804,0.6382701786654501,0.68359375
SC4001,285,8550.0,8580.0,Sleep stage W,W,4.0882914761418024e-10,3.3075966083039965e-11,7.148222728770864e-12,1.2140856053078102e-11,0.8864577097482305,0.07171808887108024,0.015499377150321075,0.026324824230368214,0.637297150573935,1.171875
SC4001,286,8580.0,8610.0,Sleep stage W,W,3.612708113448237e-10,3.0787618132037167e-11,7.664359879086984e-12,1.5977329931552145e-11,0.8690659313835012,0.07406208635399578,0.01843723281153615,0.038434749450966976,0.5787409500965033,0.5859375
SC4001,287,8610.0,8640.0,Sleep stage W,W,2.892993243961504e-10,2.9589528518405583e-11,7.997870031548009e-12,1.5912969336066692e-11,0.8439311087771274,0.08631725519184359,0.023331030370250964,0.046420605660778005,0.668383758704726,0.5859375
SC4001,288,8640.0,8670.0,Sleep stage W,W,2.7311759465095493e-10,4.7406086744199123e-11,7.645990203105061e-12,9.963526531350346e-12,0.8077219159837318,0.14019944508976595,0.02261236177163026,0.029466277154872083,0.6886884987461328,1.171875
SC4001,289,8670.0,8700.0,Sleep stage W,W,2.582121708813162e-10,2.6371513943880704e-11,4.466997042000478e-12,1.0983531792575353e-11,0.8606090876493134,0.08789502244495684,0.014888292196788864,0.0366075977089408,0.666180109605817,0.5859375
SC4001,290,8700.0,8730.0,Sleep stage W,W,2.507763207469416e-10,2.493069224018387e-11,7.730143869044009e-12,1.4467463443805043e-11,0.8418007095506704,0.08368682639121192,0.025948385296139936,0.04856407876197777,0.671268440511708,0.5859375
SC4001,291,8730.0,8760.0,Sleep stage W,W,3.448553102440566e-10,3.135784798423689e-11,8.797002321533469e-12,2.0154870844720324e-11,0.8511477633128675,0.0773952477495542,0.021712146014316328,0.04974484292326214,0.6241298796768604,0.5859375
SC4001,292,8760.0,8790.0,Sleep stage W,W,3.6918825365217544e-10,4.184486497348207e-11,7.533593692942119e-12,1.304859282054116e-11,0.8553641385195073,0.09694944659108519,0.017454417401888696,0.030231997487518786,0.6692970700614969,1.26953125
SC4001,293,8790.0,8820.0,Sleep stage W,W,3.159480980789588e-10,3.04058137131696e-11,9.762473597281734e-12,1.2432472544260695e-11,0.8572760199295508,0.08250144603254163,0.026488953600390004,0.0337335804375175,0.6448241021284511,0.5859375
SC4001,294,8820.0,8850.0,Sleep stage W,W,1.6893436919920134e-10,1.8961015797172096e-11,5.610722794186499e-12,9.788813900109546e-12,0.8309817470809692,0.09326851669232984,0.027598932366464574,0.0481508038602364,0.6510816235837402,0.5859375
SC4001,295,8850.0,8880.0,Sleep stage W,W,1.4805622871265474e-10,2.1582437131504656e-11,5.417898060785015e-12,7.963792578472359e-12,0.808960443294022,0.11792369737548955,0.029602707397610842,0.04351315193287774,0.697866086488697,0.5859375
SC4001,296,8880.0,8910.0,Sleep stage W,W,3.7129544364343427e-10,4.110231006205799e-11,9.231924484949135e-12,1.3959541283172131e-11,0.852398147254712,0.09436025554472618,0.021194106906744448,0.03204749029381741,0.6213565149323956,1.171875
SC4001,297,8910.0,8940.0,Sleep stage W,W,3.441990777702057e-10,2.8316920848723832e-11,8.500629120685211e-12,1.22943578900653e-11,0.8751321227886693,0.07199626220302294,0.021612996919157846,0.03125861808914991,0.6192587771455104,0.5859375
SC4001,298,8940.0,8970.0,Sleep stage W,W,2.7918344949246403e-10,2.5457042442286133e-11,6.03124824253852e-12,9.46495321522408e-12,0.8720757578081284,0.0795192896275523,0.018839603103989504,0.029565349460329755,0.6319051405431009,0.5859375
SC4001,299,8970.0,9000.0,Sleep stage W,W,4.5406653176950644e-10,4.892979804290369e-11,1.5864052540543102e-11,3.9424786743492515e-11,0.8133236505357799,0.08764301964548676,0.0284156796896794,0.07061765012905392,0.683325910423837,0.5859375
SC4001,300,9000.0,9030.0,Sleep stage W,W,5.410387210980047e-10,6.806472962961866e-11,1.9137100420662947e-11,4.601442573001121e-11,0.8024245124640167,0.1009480566902872,0.028382586820886277,0.06824484402480989,0.6858833398843432,1.171875
SC4001,301,9030.0,9060.0,Sleep stage W,W,3.005510616474513e-10,4.86734196352012e-11,1.6948228458502467e-11,3.293835148546276e-11,0.753051195132867,0.12195457446258082,0.04246494298207175,0.08252928742248053,0.7430862080946041,0.5859375
SC4001,302,9060.0,9090.0,Sleep stage W,W,6.884120548954465e-10,5.797234760126661e-11,1.8991520903043662e-11,4.228319123544478e-11,0.8523547155242397,0.07177823731668181,0.023514277940912775,0.05235276921816575,0.6110595665335327,0.5859375
SC4001,303,9090.0,9120.0,Sleep stage W,W,4.738232782849185e-10,4.584847883862467e-11,9.727098490076407e-12,1.3917169100302068e-11,0.8720951651194274,0.08438639162679912,0.017903205588677647,0.025615237665095613,0.6566863088453775,1.26953125
SC4001,304,9120.0,9150.0,Sleep stage W,W,5.441159002326051e-10,6.026403670883831e-11,1.1097943134189263e-11,1.696520285586884e-11,0.8603397126434176,0.09528768411775859,0.01754773422890176,0.026824869009922123,0.6441077660358051,0.5859375
SC4001,305,9150.0,9180.0,Sleep stage W,W,5.750017323086074e-10,4.93234110137696e-11,1.0875239727908281e-11,1.5185350896854455e-11,0.8840933961127456,0.07583716622200445,0.01672121505788159,0.023348222607368335,0.6153751536570553,1.171875
SC4001,306,9180.0,9210.0,Sleep stage W,W,1.8497155873155385e-10,2.5363029094553508e-11,6.5701096602753765e-12,1.1804911106230488e-11,0.8087616426340559,0.11089621136001837,0.02872686329492313,0.05161528271100263,0.6295229105358656,0.5859375
SC4001,307,9210.0,9240.0,Sleep stage W,W,3.666757965171922e-10,4.360339556727105e-11,1.3292247136433874e-11,2.629217600239865e-11,0.8150821362496449,0.09692581060512734,0.029547282079783427,0.05844477106544431,0.7010901159450704,0.5859375
SC4001,308,9240.0,9270.0,Sleep stage W,W,4.2836489748145084e-10,4.634968175394597e-11,1.2063039642121937e-11,1.8029175476360697e-11,0.848571973025305,0.09181667575071094,0.023896349607500547,0.035715001616483576,0.6302620881477964,1.171875
SC4001,309,9270.0,9300.0,Sleep stage W,W,2.5476904397492007e-10,4.192234577124322e-11,8.314194286115091e-12,1.294730597998546e-11,0.8012792208465012,0.13185080899760407,0.026149138904805684,0.04072083125108901,0.6706267710499405,0.5859375
SC4001,310,9300.0,9330.0,Sleep stage W,W,2.4434510595930364e-10,2.3794359653722543e-11,6.6724323006617766e-12,1.0818978662389113e-11,0.855457606293565,0.0833045780587554,0.023360332680576256,0.037877482967103186,0.6474479036288474,0.5859375
SC4001,311,9330.0,9360.0,Sleep stage W,W,1.855336531584072e-10,4.7457205505217774e-11,9.048215389524448e-12,1.641303141674438e-11,0.7178647386953454,0.18362088952200814,0.035009253931492706,0.06350511785115358,0.7083974983299834,0.5859375
SC4001,312,9360.0,9390.0,Sleep stage W,W,3.5611266141063694e-10,3.6598719934277e-11,7.2040357686046645e-12,1.1983744943799711e-11,0.8645627236335132,0.088853591620524,0.017489804379845226,0.029093880366117618,0.6469245864912495,1.171875
SC4001,313,9390.0,9420.0,Sleep stage W,W,4.1031014164071306e-10,5.112180977289307e-11,1.0301044747500557e-11,1.9435140694030547e-11,0.8353761387451889,0.1040820972227901,0.020972542749731947,0.03956922128228903,0.6589524853649216,0.5859375
SC4001,314,9420.0,9450.0,Sleep stage W,W,3.4750001181120587e-10,2.5256477557596823e-11,7.164555480733717e-12,1.475137961696644e-11,0.8804770494947496,0.06399351966820885,0.018153169658149743,0.037376261178891756,0.6242680327289736,0.5859375
SC4001,315,9450.0,9480.0,Sleep stage W,W,2.4310404436042844e-10,3.1590969289800764e-11,6.434469227544005e-12,1.105155087394214e-11,0.8320322549307196,0.1081212181508181,0.022022200226082363,0.03782432669237983,0.6675068694451114,1.07421875
SC4001,316,9480.0,9510.0,Sleep stage W,W,2.3960431969891633e-10,2.781063146736945e-11,6.237893752464436e-12,1.3415406116239688e-11,0.8346597676164184,0.0968781165005241,0.021729653941090537,0.04673246194196697,0.6806330813917757,0.9765625
SC4001,317,9510.0,9540.0,Sleep stage W,W,2.354251513540604e-10,3.093832266542413e-11,4.8236510807100675e-12,1.14273000829545e-11,0.8330259547137144,0.10947184541402816,0.017067957792968585,0.040434242079288786,0.6285703995312597,0.5859375
SC4001,318,9540.0,9570.0,Sleep stage W,W,3.336966485127891e-10,3.035388595177822e-11,7.1566409795273015e-12,1.2145618145724123e-11,0.8704688059997264,0.07918003066453817,0.018668550481947946,0.03168261285378746,0.643836380838004,1.07421875
SC4001,319,9570.0,9600.0,Sleep stage W,W,1.3801665799699258e-10,2.480192198210033e-11,7.208808303269206e-12,1.2369660008093748e-11,0.7566825192105615,0.13597764993765046,0.0395226149262549,0.06781721592553319,0.7389405248719291,0.5859375
SC4001,320,9600.0,9630.0,Sleep stage W,W,1.4235362037306228e-10,1.6089725412572938e-11,4.8133949729566385e-12,9.146685886456643e-12,0.8257006437937338,0.09332601866260552,0.027919369508047312,0.05305396803561352,0.6771016536186376,0.5859375
SC4001,321,9630.0,9660.0,Sleep stage W,W,1.0054732887117977e-10,3.3387905387392365e-11,7.124393955880617e-12,7.612284339138592e-12,0.6763034600428359,0.22457439884858627,0.04792024151375941,0.05120189959481831,0.7593351561291061,1.66015625
SC4001,322,9660.0,9690.0,Sleep stage W,W,1.1707563143493448e-10,2.548086680860213e-11,2.7462712801321816e-12,8.819481823662836e-12,0.7596283496475246,0.16532892937813481,0.01781878512754887,0.05722393584679187,0.7255651949537096,0.5859375
SC4001,323,9690.0,9720.0,Sleep stage W,W,1.3253695621355168e-10,2.65019208824915e-11,5.759100710535014e-12,7.940947812512347e-12,0.7672674571671882,0.15342182306338595,0.03333991276080124,0.04597080700862446,0.7089672862542357,0.5859375
SC4001,324,9720.0,9750.0,Sleep stage W,W,2.5290911496511065e-10,2.182070736666377e-11,5.51214801223199e-12,1.191747439856209e-11,0.8656544209548226,0.0746876671602752,0.01886691705992571,0.0407909948249764,0.6476963558208285,1.07421875
SC4001,325,9750.0,9780.0,Sleep stage W,W,1.0374020049197382e-10,1.9175832393430228e-11,5.9210199542922585e-12,1.1670821478123854e-11,0.7383230370229633,0.13647514409089753,0.042140129035752656,0.08306168985038642,0.736180765003691,0.5859375
SC4001,326,9780.0,9810.0,Sleep stage W,W,2.432255342932499e-10,2.8666577389600005e-11,8.310988060639535e-12,1.1154280077995484e-11,0.8348013509809654,0.09838974185985629,0.02852506452979392,0.03828384262938432,0.6622042081454028,0.5859375
SC4001,327,9810.0,9840.0,Sleep stage W,W,3.8451647663780546e-10,2.6461863980932422e-11,8.192104527473702e-12,1.1208626403880877e-11,0.8934367446188679,0.06148501572259302,0.01903462568002731,0.026043613978511702,0.5928057921961777,1.171875
SC4001,328,9840.0,9870.0,Sleep stage W,W,3.0004925175031767e-10,3.5934826216966986e-11,8.961626401530514e-12,2.6404528364632055e-11,0.807995324364563,0.09676801856957706,0.024132545536771244,0.07110411152908865,0.6951662997804693,0.5859375
SC4001,329,9870.0,9900.0,Sleep stage W,W,2.858042854296517e-10,4.152835844459998e-11,8.983511949312313e-12,1.3674546667261126e-11,0.8166053652157917,0.11865560470335247,0.025667858847044124,0.03907117123381185,0.6640279976959157,0.5859375
SC4001,330,9900.0,9930.0,Sleep stage W,W,3.1522773360246367e-10,3.33168173503392e-11,8.35549941219999e-12,1.1066872420613137e-11,0.856674103248462,0.0905429680964834,0.0227072024543577,0.030075726200696824,0.6378716686809024,0.5859375
SC4001,331,9930.0,9960.0,Sleep stage W,W,2.2047007552201325e-10,1.893949998188431e-11,5.880825250770068e-12,9.38886720879204e-12,0.8656773567986122,0.07436608457898375,0.02309110316593899,0.03686545545646501,0.6433251828824206,0.5859375
SC4001,332,9960.0,9990.0,Sleep stage W,W,2.702184970766629e-10,3.0107143470325854e-11,1.1182597526795011e-11,2.333987315788407e-11,0.8069882672556263,0.0899128364785547,0.03339602987653773,0.06970286638928107,0.6861242842964685,0.5859375
SC4001,333,9990.0,10020.0,Sleep stage W,W,3.327118699917737e-10,3.2564293603473944e-11,1.0120421063439687e-11,1.4437755038839586e-11,0.853469887362733,0.08353367132495468,0.025960824978353978,0.03703561633395833,0.672850947628883,1.26953125
SC4001,334,10020.0,10050.0,Sleep stage W,W,2.634265097162399e-10,3.663760480889707e-11,1.1613227271705941e-11,1.5844671604968298e-11,0.8043016925187941,0.11186302999410687,0.03545785259160147,0.04837742489549766,0.6802530875267446,0.5859375
SC4001,335,10050.0,10080.0,Sleep stage W,W,2.8332441097654804e-10,3.543563636907937e-11,7.804380325543174e-12,1.2080939092008611e-11,0.8366404468621651,0.10463936568150406,0.02304587952919172,0.0356743079271391,0.6945184986167999,1.171875
SC4001,336,10080.0,10110.0,Sleep stage W,W,4.1998264339674704e-10,4.6376161628085244e-11,8.560731696198263e-12,1.199681427644916e-11,0.8625355105376631,0.09524461754689625,0.01758152438023708,0.024638347535203758,0.6486641252897257,0.5859375
SC4001,337,10110.0,10140.0,Sleep stage W,W,3.846433736796882e-10,3.666342093117876e-11,1.0625344381584551e-11,2.03537527978508e-11,0.8504430066503691,0.08106249077558532,0.02349253994973357,0.04500196262431199,0.6534642319090254,0.5859375
SC4001,338,10140.0,10170.0,Sleep stage W,W,4.390501948882062e-10,4.589441354368463e-11,1.297852900847679e-11,2.4701649190727197e-11,0.8400868196825856,0.08781522560291449,0.024833359114361995,0.04726459560013818,0.6527568003819416,0.5859375
SC4001,339,10170.0,10200.0,Sleep stage W,W,3.020294919493803e-10,5.0404902485508214e-11,1.090646506810824e-11,2.2879412267126478e-11,0.7820135658988585,0.1305081741424205,0.028238976214588044,0.05923928374413297,0.59664256584524,0.5859375
SC4001,340,10200.0,10230.0,Sleep stage W,W,4.5432331352294067e-10,4.9876287348976226e-11,1.2962507653528406e-11,1.9954951764224317e-11,0.8458553025255279,0.09285924994093042,0.024133487114592244,0.0371519604189495,0.6226448572441923,0.5859375
SC4001,341,10230.0,10260.0,Sleep stage W,W,3.8004474565978615e-10,4.473153709799119e-11,9.596973696462177e-12,1.2925432993428991e-11,0.8496442190096095,0.10000372939439281,0.021455403118468046,0.02889664847752968,0.6561949318015293,0.5859375
SC4001,342,10260.0,10290.0,Sleep stage W,W,4.5555826772551674e-10,5.667797632280919e-11,1.0863972385021797e-11,1.4689103563357485e-11,0.8470943002890199,0.10539066919952303,0.020201167968691452,0.027313862542765778,0.6537160271747674,1.171875
SC4001,343,10290.0,10320.0,Sleep stage W,W,5.715249599411556e-10,6.036845796343033e-11,1.1625690084320379e-11,1.793571971731786e-11,0.8640423140051379,0.09126618392487133,0.017575939576457013,0.027115562493533963,0.6295469941303944,0.5859375
SC4001,344,10320.0,10350.0,Sleep stage W,W,2.1612176198276915e-10,2.076779588069688e-11,6.720001572021051e-12,1.1144821197123589e-11,0.8483534667631296,0.08152085875471864,0.026378355321442646,0.043747319160709106,0.620635304975285,0.5859375
SC4001,345,10350.0,10380.0,Sleep stage W,W,2.730035240458405e-10,2.54104624910079e-11,7.503390451175873e-12,1.2683727776855953e-11,0.856881912720643,0.07975635398301645,0.02355104969492554,0.039810683601415105,0.6352678449280724,0.5859375
SC4001,346,10380.0,10410.0,Sleep stage W,W,2.3517937863205537e-10,1.9177259579592078e-11,6.382677030673824e-12,1.2480736253201498e-11,0.8607691029437832,0.07018979564135809,0.023360939271246776,0.04568016214361199,0.6050846739106134,0.5859375
SC4001,347,10410.0,10440.0,Sleep stage W,W,3.730827863407572e-10,4.207792822509675e-11,6.967420274525435e-12,1.2420742202320837e-11,0.8585519513472286,0.09683128975376923,0.01603368606528649,0.028583072833715625,0.6428705898852005,0.5859375
SC4001,348,10440.0,10470.0,Sleep stage W,W,3.6995572537721226e-10,3.397838002466342e-11,8.518123901407955e-12,1.3441134384942802e-11,0.868658112381476,0.07978142634205768,0.020000602563142105,0.031559858713324146,0.6209624091034213,0.5859375
SC4001,349,10470.0,10500.0,Sleep stage W,W,1.5784311912313203e-10,2.913010559707762e-11,6.787084129627744e-12,8.089828291675305e-12,0.7819817284170171,0.14431551055452166,0.03362437214927166,0.04007838887918964,0.6816417252953615,0.5859375
SC4001,350,10500.0,10530.0,Sleep stage W,W,2.5508040062896227e-10,4.202568435163126e-11,7.452588584507092e-12,1.2755585797189572e-11,0.8038731103405187,0.1324418399478508,0.023486459762270494,0.04019858994936001,0.704102634756194,0.5859375
SC4001,351,10530.0,10560.0,Sleep stage W,W,2.546522474449083e-10,2.365969223994522e-11,7.610639244099526e-12,1.065169587421579e-11,0.8586457730156016,0.0797766166861497,0.025661832096362965,0.035915778201885976,0.559693505046334,0.5859375
SC4001,352,10560.0,10590.0,Sleep stage W,W,2.5344515284999e-10,4.842218811128288e-11,1.0270959585136563e-11,1.6628945096018285e-11,0.770895386353788,0.14728410069155,0.031240823778130918,0.05057968917653124,0.7074347942960403,0.5859375
SC4001,353,10590.0,10620.0,Sleep stage W,W,1.1454412657901304e-10,1.783739832197831e-11,6.192955480617915e-12,1.1830019080232153e-11,0.7615738025714691,0.11859617488706693,0.04117533386818063,0.07865468867328337,0.703385324946581,0.5859375
SC4001,354,10620.0,10650.0,Sleep stage W,W,2.868060659975748e-10,4.7213763279823594e-11,9.855690517502761e-12,1.4342480215158092e-11,0.8006467178911191,0.13180176115800368,0.027513107987945887,0.040038412962931334,0.6831662949724518,0.5859375
SC4001,355,10650.0,10680.0,Sleep stage W,W,2.641218190496099e-10,3.087190315242937e-11,8.535304325658009e-12,1.3044417567915e-11,0.8343145136641316,0.0975189287927302,0.026961529732987193,0.04120502781015104,0.6595291446222453,0.5859375
SC4001,356,10680.0,10710.0,Sleep stage W,W,2.2635567502353324e-10,3.859591763316347e-11,8.822964063145656e-12,1.0969554655549668e-11,0.7949441831480669,0.13554597300268867,0.0309855892033318,0.03852425464591248,0.7150080854392563,0.5859375
SC4001,357,10710.0,10740.0,Sleep stage W,W,2.2859604842894269e-10,2.5508178977865774e-11,7.1307793952584615e-12,1.1889758521053692e-11,0.8369656561846445,0.09339387055468326,0.02610813921184475,0.04353233404882745,0.6397673581708824,0.5859375
SC4001,358,10740.0,10770.0,Sleep stage W,W,2.266478183897655e-10,3.326870973228112e-11,7.364710628578542e-12,1.082916917404422e-11,0.8149562617273809,0.11962410893048088,0.026481247802036204,0.03893838154010214,0.6225561186847076,0.5859375
SC4001,359,10770.0,10800.0,Sleep stage W,W,4.08655521396133e-10,4.64549430018539e-11,8.919592177766305e-12,1.2403544542651557e-11,0.8577386658641079,0.09750559761696735,0.01872158503688236,0.026034151482042488,0.6392612259480377,0.5859375
SC4001,360,10800.0,10830.0,Sleep stage W,W,5.806975656163816e-10,5.031159752666578e-11,1.335373488263186e-11,1.6584672461541758e-11,0.8785834028988372,0.07612040617620901,0.02020392460598363,0.025092266318970328,0.6430313719928761,0.5859375
SC4001,361,10830.0,10860.0,Sleep stage W,W,1.939966254144852e-10,2.419108039858193e-11,5.568385079850465e-12,1.1438411675050059e-11,0.8248348634697492,0.1028556370767683,0.023675660013529803,0.0486338394399526,0.6948138620311759,0.5859375
SC4001,362,10860.0,10890.0,Sleep stage W,W,3.2332768865546853e-10,3.843248609645191e-11,8.814502237324847e-12,1.4510331526949285e-11,0.8396267876054466,0.09980260266308355,0.022889756917021498,0.03768085281444827,0.6517255337844525,0.5859375
SC4001,363,10890.0,10920.0,Sleep stage W,W,4.3487488328833094e-10,3.904646220664693e-11,7.255797341462316e-12,1.3960063031155193e-11,0.8782916697328959,0.07885988316759282,0.014654114567594398,0.028194332531916926,0.6441330992891406,1.07421875
SC4001,364,10920.0,10950.0,Sleep stage W,W,3.8152214164021934e-10,4.146649413901336e-11,9.188645102769805e-12,1.895824542620427e-11,0.8456929667285192,0.09191582511434553,0.020367815361302995,0.04202339279583221,0.6387559978761833,0.5859375
SC4001,365,10950.0,10980.0,Sleep stage W,W,2.8549963801924633e-10,4.077915316419473e-11,1.014780664550219e-11,1.6574487659866063e-11,0.808778357222069,0.1155213251192325,0.028747239208769777,0.046953078449928735,0.6808622856269073,0.5859375
SC4001,366,10980.0,11010.0,Sleep stage W,W,3.5613170969581437e-10,3.197302734581118e-11,6.2080992835157446e-12,1.2782737327280409e-11,0.8748110584957617,0.07853936376402304,0.01524973417867771,0.0313998435615375,0.6159538305542872,0.5859375
SC4001,367,11010.0,11040.0,Sleep stage W,W,4.682311451579414e-10,3.8143608105819043e-11,9.365187408146653e-12,1.4192245295162218e-11,0.8835680442837603,0.07197828159127767,0.017672426125724353,0.026781247999237666,0.6401735217636507,1.26953125
SC4001,368,11040.0,11070.0,Sleep stage W,W,2.1401849510695698e-10,2.2398227376191098e-11,1.0583200666610373e-11,3.0968704971505553e-11,0.769937588113689,0.08057825635783565,0.03807336366747633,0.11141079186099889,0.713555645013307,1.171875
SC4001,369,11070.0,11100.0,Sleep stage W,W,6.808459677463244e-11,1.7995838876693018e-11,4.826785539593842e-12,7.090420368378802e-12,0.6947575032551639,0.18363542826491172,0.04925409900475173,0.07235296947517261,0.7550863123925315,0.68359375
SC4001,370,11100.0,11130.0,Sleep stage W,W,2.0219290893194816e-10,2.6056566300311266e-11,6.035387925724947e-12,1.0606832073721421e-11,0.8256421629187634,0.1064003672139951,0.024645131065038888,0.043312338802202754,0.6487084133989856,0.5859375
SC4001,371,11130.0,11160.0,Sleep stage W,W,3.6992873138950767e-10,3.856999084454277e-11,7.89750569878775e-12,1.4221428527791562e-11,0.8590654048653233,0.08956899529285585,0.018339948630299134,0.03302565121152153,0.5879946856140129,0.5859375
SC4001,372,11160.0,11190.0,Sleep stage W,W,1.7478810888558579e-10,2.366886716905947e-11,7.337517660668592e-12,1.675170222373748e-11,0.7854014675382498,0.10635484946928349,0.0329707620016031,0.07527292099086369,0.720367192609303,1.171875
SC4001,373,11190.0,11220.0,Sleep stage W,W,2.0406441492448204e-10,2.3242513236342534e-11,6.390583325695178e-12,1.2667373251455137e-11,0.8283015460645613,0.09434182660025783,0.02593950567464994,0.05141712166053094,0.67006922526848,1.07421875
SC4001,374,11220.0,11250.0,Sleep stage W,W,2.693118536268817e-10,3.136199178978558e-11,5.969821900880833e-12,1.1866739128445906e-11,0.8455354932729511,0.09846457495605644,0.018742941455173658,0.03725699031581879,0.6297533094226748,0.5859375
SC4001,375,11250.0,11280.0,Sleep stage W,W,2.9219246222250284e-10,3.087101659427046e-11,9.056199332240215e-12,2.454348188438476e-11,0.8192392569929052,0.08655510311572318,0.025391462721835876,0.06881417716953578,0.6971543657352441,0.5859375
SC4001,376,11280.0,11310.0,Sleep stage W,W,2.9385877590438487e-10,3.214926832711631e-11,7.119152511549821e-12,1.7117672003581025e-11,0.8390095105632025,0.09179083320239352,0.02032621501929792,0.048873441215105964,0.6566765426000738,0.5859375
SC4001,377,11310.0,11340.0,Sleep stage W,W,2.242739249740112e-10,4.84639317054544e-11,1.0088855801939468e-11,1.7933844134077465e-11,0.7456892868460199,0.16113792397124313,0.03354447775822514,0.05962831142451166,0.6957241758237578,1.07421875
SC4001,378,11340.0,11370.0,Sleep stage W,W,3.3111444488203113e-10,4.700542286036949e-11,1.7613283918457867e-11,3.178080401458112e-11,0.7745114293611665,0.10995061619942789,0.041199319190949484,0.07433863524845606,0.7133787751292525,1.07421875
SC4001,379,11370.0,11400.0,Sleep stage W,W,3.4502911886352953e-10,3.751864015655815e-11,8.683437675698555e-12,1.3576413526583539e-11,0.852328637482871,0.09268264530883777,0.021450776755230837,0.033537940453060446,0.6517054727135421,0.5859375
SC4001,380,11400.0,11430.0,Sleep stage W,W,3.326196038204038e-10,2.1287834944871106e-11,6.90206832896098e-12,2.2743946306707065e-11,0.8672053422308883,0.055501611981624184,0.017995062403325535,0.059297983384162,0.6256379129143593,1.07421875
SC4001,381,11430.0,11460.0,Sleep stage W,W,2.743971526635319e-10,2.3098358042889743e-11,5.933120144454877e-12,1.3489517446473253e-11,0.8658297233457191,0.07288430204135112,0.018721301308652426,0.042564673304277476,0.6415014627028324,0.5859375
SC4001,382,11460.0,11490.0,Sleep stage W,W,5.110347145773354e-10,5.015084188758671e-11,1.0499517425974919e-11,2.6271882446219968e-11,0.854634617360691,0.08387032102577063,0.01755898533280962,0.043936076280728764,0.653248393741173,0.68359375
SC4001,383,11490.0,11520.0,Sleep stage W,W,4.654094482957159e-10,4.928118410845262e-11,1.255875741098351e-11,2.9014513207843197e-11,0.8366702311015793,0.08859317284590261,0.022576977119553178,0.05215961893296494,0.6705375190433077,1.171875
SC4001,384,11520.0,11550.0,Sleep stage W,W,2.4398822754608266e-10,2.7738335481868984e-11,7.669053327846188e-12,1.164232293226461e-11,0.8383382185254855,0.09530831461259846,0.026350699660003918,0.04000276720191217,0.6489483971087051,0.5859375
SC4001,385,11550.0,11580.0,Sleep stage W,W,4.5094272073195063e-10,2.744740580643982e-11,6.440686038263321e-12,8.868805504275247e-12,0.9133949150797813,0.05559535555877328,0.013045758599731266,0.017963970761714142,0.5323104092412181,0.5859375
SC4001,386,11580.0,11610.0,Sleep stage W,W,4.1996878565918454e-10,4.8912400169184774e-11,9.210736442867911e-12,1.2012857733513676e-11,0.8568959185729906,0.09979988395279604,0.018793402591949063,0.024510794882264212,0.5937948359096875,0.5859375
SC4001,387,11610.0,11640.0,Sleep stage W,W,7.305905295209124e-10,7.530511996333725e-11,1.1245670900431727e-11,1.7237380358767593e-11,0.8756102341418122,0.09025292699374851,0.013477897854309556,0.02065894101012972,0.6201659042885973,0.5859375
SC4001,388,11640.0,11670.0,Sleep stage W,W,3.6941388959907293e-10,4.076600197403083e-11,9.193247809288636e-12,1.440823308654534e-11,0.8516130775659942,0.09397822166038262,0.02119327475258737,0.033215426021035714,0.6091738772293541,0.5859375
SC4001,389,11670.0,11700.0,Sleep stage W,W,2.0476520911085047e-10,2.3736939388481407e-11,5.692367354137281e-12,9.629459333909272e-12,0.8398075248895792,0.09735277004748855,0.023346216670295458,0.03949348839263671,0.6932517857675908,0.5859375
SC4001,390,11700.0,11730.0,Sleep stage W,W,3.34152560463453e-10,4.34555146252488e-11,1.0522804271346106e-11,1.386378939737148e-11,0.8312362984721441,0.10809972868439131,0.026176477175362766,0.03448749566810169,0.6753687519448631,1.171875
SC4001,391,11730.0,11760.0,Sleep stage W,W,2.586063246298064e-10,3.8258842112183995e-11,8.2459803757765e-12,1.343380799657704e-11,0.8118361960464194,0.12010500087326989,0.02588639450534242,0.04217240857496827,0.717537338236031,1.07421875
SC4001,392,11760.0,11790.0,Sleep stage W,W,5.904572773734646e-10,5.18250171501503e-11,1.0197797947109486e-11,1.9315746278792854e-11,0.8789236897813233,0.07714399846033214,0.015179906392530949,0.028752405365813583,0.6509354793259235,0.5859375
SC4001,393,11790.0,11820.0,Sleep stage W,W,3.0836371443721967e-10,2.766456627651565e-11,7.33346569901914e-12,1.0180990832896297e-11,0.8722105758403982,0.07824956748381337,0.02074279832800993,0.028797058347778407,0.6584036601223364,1.07421875
SC4001,394,11820.0,11850.0,Sleep stage W,W,3.569326976822784e-10,2.979188797866803e-11,8.558184884876455e-12,1.2295944618863929e-11,0.8757392974705651,0.07309480811977702,0.020997624670901726,0.030168269738756137,0.6404128154382541,1.07421875
SC4001,395,11850.0,11880.0,Sleep stage W,W,4.3979796327661604e-10,3.490782186120261e-11,8.553396413455227e-12,1.1187268522791604e-11,0.8894754188461391,0.07059980278142071,0.017298933812092233,0.022625844560347858,0.6252224780873068,0.5859375
SC4001,396,11880.0,11910.0,Sleep stage W,W,2.922505283572658e-10,3.058140986895796e-11,7.014928796953025e-12,1.1014945649017603e-11,0.8573871213855279,0.0897179112826229,0.02057997856069391,0.032314988771155295,0.6446248676207851,0.5859375
SC4001,397,11910.0,11940.0,Sleep stage W,W,5.4440760816555485e-11,1.363323612679256e-11,2.8437279900544825e-12,6.958873823187156e-12,0.6990644389428844,0.17506203846170104,0.036515821639088404,0.08935770095632634,0.7751554715873202,1.07421875
SC4001,398,11940.0,11970.0,Sleep stage W,W,7.131055970819081e-11,1.2932873288201057e-11,4.330040586184627e-12,7.929314941613325e-12,0.7389481775473855,0.13401553971633934,0.04486959032379919,0.08216669241247601,0.7469371736031508,1.85546875
SC4001,399,11970.0,12000.0,Sleep stage W,W,3.6011527452092836e-10,2.644452508147515e-11,7.0995845467424005e-12,1.629604291768249e-11,0.8784254354125786,0.06450585438197974,0.017317942581072526,0.0397507676243691,0.6039721210893135,0.5859375
SC4001,400,12000.0,12030.0,Sleep stage W,W,1.9692146354288802e-10,2.4253943886558718e-11,7.925254540520072e-12,1.4665734321906495e-11,0.8078285872803584,0.09949666670839362,0.03251167782384074,0.06016306818740718,0.6976872631483101,0.5859375
SC4001,401,12030.0,12060.0,Sleep stage W,W,2.0453007496860993e-10,3.117383748186279e-11,6.82684170182231e-12,1.2159785901778806e-11,0.803053285470225,0.12239888248399101,0.026804457285193595,0.047743374760590394,0.709719536524456,1.07421875
SC4001,402,12060.0,12090.0,Sleep stage W,W,1.673036566548572e-10,2.8402371879025064e-11,6.444350791746326e-12,1.0678099097731419e-11,0.786096193020069,0.13345193316905105,0.030279551117812224,0.05017232269306771,0.7198243632751283,0.5859375
SC4001,403,12090.0,12120.0,Sleep stage W,W,1.9499764242363638e-10,1.7075664877703527e-11,6.746489581516045e-12,1.3815431092133362e-11,0.8382120116588733,0.07340102797990396,0.029000292175187507,0.05938666818603528,0.6869082700063612,0.5859375
SC4001,404,12120.0,12150.0,Sleep stage W,W,1.378320299165772e-10,3.5345916344320277e-11,7.0822149181138074e-12,1.4633864232265017e-11,0.7072152654537066,0.18135967108140613,0.0363387995253755,0.07508626393951183,0.7737334191769499,0.5859375
SC4001,405,12150.0,12180.0,Sleep stage W,W,2.872091319332649e-10,3.908361453061787e-11,7.473009914076874e-12,1.2157859001649196e-11,0.8302674901743496,0.11298336624901535,0.021603063745376735,0.03514607983125822,0.6685209531901118,0.5859375
SC4001,406,12180.0,12210.0,Sleep stage W,W,1.6856729159403695e-10,2.7333932315778185e-11,6.267301066611937e-12,1.1527478868442076e-11,0.788818174234119,0.1279103578166161,0.02932811542494558,0.05394335252431933,0.7123613164089375,1.7578125
SC4001,407,12210.0,12240.0,Sleep stage W,W,3.530060577688135e-10,3.1251262382565734e-11,6.796894693437844e-12,1.667621517608126e-11,0.8657829579968316,0.07664687274129611,0.016670069715153384,0.04090009954671893,0.6286423329781042,0.5859375
SC4001,408,12240.0,12270.0,Sleep stage W,W,3.304848570629694e-10,4.480499265601473e-11,7.924432008179397e-12,1.626473429250982e-11,0.827289654299874,0.11215856367736769,0.01983691681014138,0.04071486521261688,0.6795435049500458,0.5859375
SC4001,409,12270.0,12300.0,Sleep stage W,W,2.0184315219035226e-10,2.7515980999773232e-11,7.156256257241383e-12,1.3618868896141558e-11,0.8069392554504142,0.11000484772455935,0.028609660686357178,0.05444623613866925,0.7030085116172373,1.171875
SC4001,410,12300.0,12330.0,Sleep stage W,W,1.290980585111498e-10,2.2887502342400148e-11,5.862523629654695e-12,1.3852225173337398e-11,0.7518801728977019,0.13329913258853637,0.03414393160607398,0.08067676290768767,0.7378084573022022,1.171875
SC4001,411,12330.0,12360.0,Sleep stage W,W,2.3419075137419564e-10,4.009647882047391e-11,7.022827915149606e-12,1.2553977159479638e-11,0.7969357364863713,0.13644568238413132,0.02389822187228132,0.042720359257216,0.722739465957855,1.171875
SC4001,412,12360.0,12390.0,Sleep stage W,W,5.123129738712686e-11,1.9951041016751735e-11,5.06647005536994e-12,1.3588054739988963e-11,0.5702703273767209,0.22208078405971182,0.0563963374826843,0.15125255108088292,0.8267692574473258,1.26953125
SC4001,413,12390.0,12420.0,Sleep stage W,W,3.48097171378719e-10,3.260845081984178e-11,8.034583235055198e-12,1.9763325382790716e-11,0.852127693200194,0.07982415905848549,0.019668332410733,0.0483798153305875,0.6283170785119054,0.5859375
SC4001,414,12420.0,12450.0,Sleep stage W,W,4.308119680007392e-10,3.964092796211987e-11,8.877580881443412e-12,1.3979440339846447e-11,0.8733089544597993,0.08035704651630227,0.01799595056210775,0.02833804846179086,0.6660616105203188,1.171875
SC4001,415,12450.0,12480.0,Sleep stage W,W,3.712641228560897e-10,3.930205310298701e-11,1.2245259566273237e-11,2.6596782831242148e-11,0.8261177871062043,0.08745290250077714,0.027247520330295757,0.05918179006272287,0.6585592151902651,0.5859375
SC4001,416,12480.0,12510.0,Sleep stage W,W,8.376995232152063e-11,1.9566140351821994e-11,6.331626932366746e-12,1.2433839441133216e-11,0.6860678354596884,0.16024480362544521,0.051855414310784546,0.1018319466040818,0.7704236452001164,0.68359375
SC4001,417,12510.0,12540.0,Sleep stage W,W,1.4573674988034517e-10,3.265241644005877e-11,6.6373106387849e-12,1.662800760969018e-11,0.7227052261789195,0.16192259006719834,0.03291427241489289,0.08245791133898914,0.7619414746794206,0.78125
SC4001,418,12540.0,12570.0,Sleep stage W,W,2.46289134840108e-10,4.740326238136264e-11,8.618509025309407e-12,1.526485848429193e-11,0.7755287468131249,0.14926599459346165,0.027138434296482584,0.048066824296930995,0.7361768216361221,1.3671875
SC4001,419,12570.0,12600.0,Sleep stage W,W,1.12216723541269e-10,2.083856616942544e-11,6.147467923496786e-12,1.3792199527584355e-11,0.7334668123905024,0.13620426814062186,0.040180853261696105,0.09014806620717962,0.756730382600808,0.5859375
SC4001,420,12600.0,12630.0,Sleep stage W,W,1.119010695297628e-10,2.1521346780295067e-11,6.08780607194363e-12,1.2681157108098007e-11,0.735265492071069,0.14140976218495407,0.04000099146443219,0.08332375427954482,0.7713028070226536,1.07421875
SC4001,421,12630.0,12660.0,Sleep stage W,W,2.520189788750556e-10,2.655036264481059e-11,7.762320985939183e-12,2.0642424295903158e-11,0.8209780229360158,0.08649056642348099,0.025286567562796573,0.06724484307770655,0.6788305660442854,0.68359375
SC4001,422,12660.0,12690.0,Sleep stage W,W,3.404240930921745e-10,7.912683115024513e-11,1.0434325548163975e-11,2.1804363567641196e-11,0.753501371051334,0.17514088153130097,0.02309554102097203,0.04826220639639291,0.7334481550891168,1.85546875
SC4001,423,12690.0,12720.0,Sleep stage W,W,3.7090542820375484e-10,6.205725156479688e-11,1.1460600415380179e-11,1.7944634662221348e-11,0.8021867787412729,0.13421617195355262,0.024786755411420665,0.038810293893753824,0.7157607232924735,1.07421875
SC4001,424,12720.0,12750.0,Sleep stage W,W,4.083600079707892e-10,4.269840941546571e-11,1.0574565362698928e-11,2.7577990503520726e-11,0.834731905655846,0.08728015467762144,0.021615552268574218,0.05637238739795833,0.6739264494786641,0.5859375
SC4001,425,12750.0,12780.0,Sleep stage W,W,1.4969248216111408e-10,2.4540232669860898e-11,3.929610399569099e-12,7.307071459927408e-12,0.8071007122050154,0.13231418825832442,0.021187378994536748,0.03939772054212332,0.7159331412104447,1.171875
SC4001,426,12780.0,12810.0,Sleep stage W,W,3.71776943292886e-10,4.6565532965997623e-11,7.952167451365198e-12,1.2120291711372517e-11,0.8480024589840902,0.10621338189862486,0.018138450150466796,0.027645708966818148,0.6668501753131496,0.5859375
SC4001,427,12810.0,12840.0,Sleep stage W,W,2.536555724403757e-10,2.7181835267177302e-11,6.643005037226567e-12,1.3036472411322917e-11,0.8440642937870702,0.09045027620680213,0.022105263848238944,0.04338016615788882,0.6558689305796644,1.07421875
SC4001,428,12840.0,12870.0,Sleep stage W,W,1.258434422659768e-10,1.9154294745046147e-11,6.216453570603755e-12,1.268689102349027e-11,0.7678011702764015,0.11686496853751177,0.03792808143622206,0.07740577974986461,0.735329961453303,0.5859375
SC4001,429,12870.0,12900.0,Sleep stage W,W,1.5667715708241317e-10,3.3361505123128495e-11,6.481611579324278e-12,1.3292157178856155e-11,0.746748685779746,0.1590063323221154,0.030892409708769778,0.06335257218936877,0.7372670305449084,0.5859375
SC4001,430,12900.0,12930.0,Sleep stage W,W,3.825720666586241e-10,4.4606105397388774e-11,8.76657049195425e-12,1.9327301523074723e-11,0.8403153051912992,0.09797681623172172,0.019255674944509204,0.04245220363247,0.6705462835583912,0.5859375
SC4001,431,12930.0,12960.0,Sleep stage W,W,1.5623265050080898e-10,1.7937610733667348e-11,5.815630569809874e-12,1.0595750840692519e-11,0.8197675722201845,0.09412034907833215,0.030515166566401193,0.055596912135082215,0.6540810029889209,0.5859375
SC4001,432,12960.0,12990.0,Sleep stage W,W,2.2557904293598525e-10,2.5499589022337274e-11,6.881247515446209e-12,5.667058568755339e-12,0.8556752379364149,0.0967260372239505,0.026102216892327737,0.02149650794730704,0.6293541324905642,0.5859375
SC4001,433,12990.0,13020.0,Sleep stage W,W,1.7836082596884902e-10,1.8508171268416102e-11,5.2661439478070605e-12,9.337397090661738e-12,0.8434231102682876,0.08752044789987694,0.024902259133716277,0.04415418269811909,0.680652415991514,0.5859375
SC4001,434,13020.0,13050.0,Sleep stage W,W,2.752616528305199e-10,4.623993463980828e-11,5.172512124464571e-12,1.0248491232308885e-11,0.816987819530854,0.1372420131469819,0.015352227085060455,0.03041794023710359,0.6971871310180343,1.171875
SC4001,435,13050.0,13080.0,Sleep stage W,W,1.743828989974149e-10,3.136164698134387e-11,5.96908710384162e-12,1.0995479889189585e-11,0.7830074695663827,0.1408188760794731,0.0268021681923618,0.04937148616178251,0.7232010119483627,1.953125
SC4001,436,13080.0,13110.0,Sleep stage W,W,8.911224638210181e-11,2.293644634385354e-11,5.294692164693673e-12,1.4321673117094783e-11,0.676810140294479,0.17420298666108164,0.04021334319681284,0.10877352984762638,0.7682938498836542,1.26953125
SC4001,437,13110.0,13140.0,Sleep stage W,W,1.2178477702391832e-10,3.066209674759984e-11,7.219633243907046e-12,8.307145638631661e-12,0.7250230920127402,0.1825411084603172,0.042980748050862126,0.04945505147608058,0.7408843636862034,0.5859375
SC4001,438,13140.0,13170.0,Sleep stage W,W,5.048973738527975e-10,8.14638260586139e-11,1.3331357773085673e-11,1.983823384750367e-11,0.8149673603861834,0.13149277997493372,0.021518474876961895,0.03202138476192101,0.6934059355310551,0.5859375
SC4001,439,13170.0,13200.0,Sleep stage W,W,3.731975264086999e-10,6.808384738324735e-11,8.116825807226582e-12,8.59820114720028e-12,0.8148481643098469,0.14865585684143906,0.017722466364362234,0.018773512484351877,0.6955887986586582,1.171875
SC4001,440,13200.0,13230.0,Sleep stage W,W,5.473906025680426e-10,5.215742803899139e-11,9.809172606399798e-12,1.0397866351840679e-11,0.8832369906260037,0.08415813052659186,0.015827498778316434,0.016777380069087994,0.6710984182711931,1.171875
SC4001,441,13230.0,13260.0,Sleep stage W,W,2.198978788925726e-10,2.7622543828075653e-11,5.784882526225884e-12,1.1596635598660682e-11,0.8301104861319071,0.10427459964962071,0.021837826132044342,0.04377708808642787,0.6708427933459719,1.26953125
SC4001,442,13260.0,13290.0,Sleep stage W,W,2.883286562436979e-10,3.365515663489718e-11,9.745213205313976e-12,1.4235244342631939e-11,0.8334058771104199,0.09727928434171419,0.028168264871106654,0.04114657367675928,0.6400479485004955,0.5859375
SC4001,443,13290.0,13320.0,Sleep stage W,W,3.31831066726805e-10,4.7396320735685526e-11,9.53045366073741e-12,1.1591974959227423e-11,0.8288528017169408,0.11838726741396546,0.023805315446365875,0.028954615422728112,0.6400855175172065,0.5859375
SC4001,444,13320.0,13350.0,Sleep stage W,W,2.775441797042252e-10,3.2427185995352074e-11,7.941471251014695e-12,1.4143428705955805e-11,0.8358347919002816,0.09765569678752017,0.0239160409616505,0.04259347035054785,0.6485458960705257,0.5859375
SC4001,445,13350.0,13380.0,Sleep stage W,W,2.1194939431232593e-10,3.6173450742236076e-11,8.894242824049297e-12,2.0518831631013504e-11,0.7636827502790162,0.1303379065533231,0.03204717731587478,0.07393216585178598,0.6320568498367735,0.5859375
SC4001,446,13380.0,13410.0,Sleep stage W,W,1.147669766948896e-10,3.221753437048126e-11,7.378046508044013e-12,1.6844309571283908e-11,0.6703409659256955,0.18817898433508506,0.043094337459071166,0.0983857122801483,0.7684797992465652,0.5859375
SC4001,447,13410.0,13440.0,Sleep stage W,W,2.876036051392798e-10,3.094435973578309e-11,8.421195101773634e-12,1.7179650577779545e-11,0.8356954791614409,0.08991563761593258,0.024469633029393253,0.04991925019323335,0.6788139599711478,0.5859375
SC4001,448,13440.0,13470.0,Sleep stage W,W,1.4063061555136547e-10,2.442749536742246e-11,6.58252985270867e-12,1.251753720663587e-11,0.7636403503517742,0.13264409778382505,0.0357438910667888,0.06797166079761195,0.7115044638128403,0.5859375
SC4001,449,13470.0,13500.0,Sleep stage W,W,2.4499872214270836e-10,3.483824969853916e-11,1.0982406807260296e-11,1.2875023495117482e-11,0.8067278172181845,0.11471482336399211,0.03616269094767976,0.042394668470143664,0.6706384822717734,1.07421875
SC4001,450,13500.0,13530.0,Sleep stage W,W,3.2096440527724015e-10,5.835424296373357e-11,1.1082848047822631e-11,1.762991838913256e-11,0.7866168969626681,0.1430140936814737,0.02716175188758602,0.04320725746827206,0.7013190872697612,0.5859375
SC4001,451,13530.0,13560.0,Sleep stage W,W,1.934929849765681e-10,3.171128561035921e-11,7.025560160269991e-12,1.441568321981903e-11,0.7844982941893025,0.1285702914288558,0.028484443310043385,0.05844697107179831,0.7008355750726043,0.5859375
SC4001,452,13560.0,13590.0,Sleep stage W,W,2.7132321260453535e-10,3.98805164347521e-11,8.617808388026181e-12,1.3825308544588484e-11,0.8132047878773735,0.11952912762769116,0.025829131886209784,0.041436952608725625,0.6797932628297445,0.5859375
SC4001,453,13590.0,13620.0,Sleep stage W,W,2.2829598324782434e-10,3.950970868019341e-11,6.80858400142896e-12,1.0626976262082694e-11,0.8003610329635339,0.1385133054094996,0.02386956286693496,0.03725609876003158,0.6723946041326766,0.5859375
SC4001,454,13620.0,13650.0,Sleep stage W,W,3.096694877392111e-10,7.11432913265125e-11,1.4269091551895632e-11,2.3508681501716044e-11,0.739790915421636,0.16995914257097322,0.034088422396661454,0.05616151961072928,0.7331766157630465,0.5859375
SC4001,455,13650.0,13680.0,Sleep stage W,W,3.757607259912475e-10,4.722517412749493e-11,7.945769218558915e-12,1.3037933755674253e-11,0.8463658849017106,0.10637028706130831,0.017897101880857642,0.029366726156123495,0.5979960983005046,0.5859375
SC4001,456,13680.0,13710.0,Sleep stage W,W,2.93805458610874e-10,4.3746805467316664e-11,1.0402355199405506e-11,1.6853344063806108e-11,0.8053701896192402,0.11991735341143472,0.028514605613667907,0.0461978513556571,0.7014016638757329,0.5859375
SC4001,457,13710.0,13740.0,Sleep stage W,W,2.873366138167749e-10,2.5884958745260026e-11,7.0374183659145325e-12,1.1655169832291092e-11,0.8656955556178685,0.07798690687366644,0.0212025252245807,0.035115012283884604,0.658373057527475,0.5859375
SC4001,458,13740.0,13770.0,Sleep stage W,W,4.907497860469029e-10,4.5554144469302996e-11,1.031038660985218e-11,1.6549572255658388e-11,0.8714155777737894,0.08088967586205811,0.018307968256224123,0.02938677810792831,0.5986288852779003,1.171875
SC4001,459,13770.0,13800.0,Sleep stage W,W,1.0280829648018283e-10,2.0169332678037824e-11,4.979761682200095e-12,8.502266239655668e-12,0.7533970015757367,0.1478043629129317,0.036492556032717435,0.06230607947861411,0.7289039087125323,0.5859375
SC4001,460,13800.0,13830.0,Sleep stage W,W,1.2814974409257508e-10,2.6683213959502655e-11,5.373447798180866e-12,9.154695085145826e-12,0.7566657478298535,0.1575521994845784,0.03172775666019282,0.05405429602537536,0.7330108080401798,0.9765625
SC4001,461,13830.0,13860.0,Sleep stage W,W,2.7550598420629825e-10,4.921187283995103e-11,1.070762079089156e-11,2.0090989020186003e-11,0.7749457757658865,0.13842361023378522,0.03011849461023323,0.05651211939009499,0.7290298690683451,0.5859375
SC4001,462,13860.0,13890.0,Sleep stage W,W,5.205640627844591e-10,6.282814084276205e-11,1.0447808528425235e-11,1.961817568447197e-11,0.848573012966501,0.10241633755671141,0.017031003474271302,0.03197964600251603,0.6746408282871057,0.5859375
SC4001,463,13890.0,13920.0,Sleep stage W,W,1.1635593416249996e-10,1.4143301081227918e-11,5.38749571974921e-12,8.758486900236904e-12,0.8044229590233086,0.09777925112293626,0.037246276090685246,0.06055151376306977,0.6828443733173672,0.5859375
SC4001,464,13920.0,13950.0,Sleep stage W,W,2.1146359479201753e-10,2.978189047869698e-11,5.2701426547139285e-12,9.574296376146665e-12,0.8257396122425925,0.1162946592292534,0.02057926593202368,0.037386462596130245,0.6747750484574659,1.171875
SC4001,465,13950.0,13980.0,Sleep stage W,W,3.236751633475435e-10,3.4157307358044124e-11,8.533533243679192e-12,1.9436244287440965e-11,0.8389665037642642,0.08853579136502857,0.02211893083226272,0.05037877403844447,0.6667616204206128,0.5859375
SC4001,466,13980.0,14010.0,Sleep stage W,W,2.6424578915980045e-10,2.8559155880874156e-11,1.0376069089072855e-11,1.3442592805003184e-11,0.8345738705903121,0.0901990731435246,0.03277099010248829,0.04245606616367495,0.6904387612779752,0.9765625
SC4001,467,14010.0,14040.0,Sleep stage W,W,2.6350808792079325e-10,6.919409354395621e-11,1.696963400632048e-11,3.2437971049616456e-11,0.6896135540525541,0.18108432703073474,0.044410362165381995,0.08489175675132925,0.7759720601069264,0.5859375
SC4001,468,14040.0,14070.0,Sleep stage W,W,4.082310032056256e-10,4.26787427884437e-11,1.037407049672252e-11,2.2467751803073747e-11,0.8438856428836149,0.08822450527440473,0.021445037446205368,0.046444814395775184,0.6656555910283763,0.5859375
SC4001,469,14070.0,14100.0,Sleep stage W,W,2.5378218945467406e-10,4.969902619465576e-11,8.896766905044189e-12,2.6715167560057708e-11,0.7484143792613672,0.1465645241665428,0.02623694079942886,0.078784155772661,0.728155307821739,1.26953125
SC4001,470,14100.0,14130.0,Sleep stage W,W,3.8505561228563414e-10,5.378452426972175e-11,1.0454080780315057e-11,2.572703636474269e-11,0.8106071239677225,0.11322551117605902,0.022007606394193545,0.054159758462024976,0.7028353812638064,1.07421875
SC4001,471,14130.0,14160.0,Sleep stage W,W,4.8613139046946e-10,5.506850590336282e-11,1.2795856147414575e-11,2.0796019825772726e-11,0.8457521729744266,0.09580600932856251,0.022261724615834956,0.036180093081175924,0.6791395280751124,1.171875
SC4001,472,14160.0,14190.0,Sleep stage W,W,5.441822413913772e-10,7.346584587358143e-11,1.0822937950379457e-11,2.7961343700800898e-11,0.8289997068394077,0.11191685442764461,0.01648751411855212,0.04259592461439548,0.6541518385843034,0.5859375
SC4001,473,14190.0,14220.0,Sleep stage W,W,4.614707435219058e-10,8.101433640366017e-11,1.101453817290587e-11,2.5244446213510482e-11,0.7973658340159523,0.13998301045207426,0.01903179462583358,0.043619360906139694,0.7281054195668528,1.07421875
SC4001,474,14220.0,14250.0,Sleep stage W,W,3.0965977863613375e-10,4.4522928135892264e-11,9.520367489069912e-12,2.3873075575241275e-11,0.7989650002119444,0.11487530425877102,0.0245638631094563,0.06159583241982826,0.7010321661721551,1.171875
SC4001,475,14250.0,14280.0,Sleep stage W,W,6.155428449540274e-10,9.125604728212448e-11,1.1524572171610425e-11,2.530959104031849e-11,0.8277507844014924,0.12271650192733509,0.015497659883699255,0.03403505378747323,0.7002782152153864,1.171875
SC4001,476,14280.0,14310.0,Sleep stage W,W,3.248758175918668e-10,6.691755396397354e-11,1.2249398269142814e-11,2.2168826884500843e-11,0.7622406806854435,0.15700547446527163,0.02874018061383791,0.05201366423544699,0.7421433985239286,1.26953125
SC4001,477,14310.0,14340.0,Sleep stage W,W,5.760788681588657e-10,4.059618348115825e-11,8.398386533438446e-12,2.0103551722297043e-11,0.8929005175028673,0.06292255321709062,0.01301718236230862,0.03115974691773362,0.6101176578184785,0.5859375
SC4001,478,14340.0,14370.0,Sleep stage W,W,5.627094370721636e-10,5.708808433447744e-11,1.5180825542289778e-11,2.0959411278666027e-11,0.857870171390431,0.08703277653772304,0.023143698242512736,0.03195335382933322,0.6648891821817087,1.07421875
SC4001,479,14370.0,14400.0,Sleep stage W,W,3.368910326158532e-10,2.8784444997526313e-11,6.5350804679866615e-12,9.222452972333105e-12,0.8832246367067184,0.07546395871193737,0.017132970347620576,0.024178434233723782,0.6032280024949312,0.5859375
SC4001,480,14400.0,14430.0,Sleep stage W,W,5.849104471810058e-10,6.864634705560659e-11,7.860396327739014e-12,1.7262649359406455e-11,0.8618356001950993,0.10114687812639055,0.011581891586203654,0.02543563009230644,0.6788807585095713,1.171875
SC4001,481,14430.0,14460.0,Sleep stage W,W,2.748051746152247e-10,4.677678509520011e-11,1.1169638929747221e-11,1.7534389920596885e-11,0.7845166052582502,0.13353884146891903,0.03188719873050095,0.050057354542329784,0.7168468974501396,0.5859375
SC4001,482,14460.0,14490.0,Sleep stage W,W,1.3131078567051133e-10,3.552126763153674e-11,1.0756963375216866e-11,1.7362100184605024e-11,0.6735574937154623,0.1822060227369965,0.05517774685455416,0.08905873669298704,0.7722892002602068,0.9765625
SC4001,483,14490.0,14520.0,Sleep stage W,W,6.504834642016693e-10,8.62943767219855e-11,1.0550550254579858e-11,2.144600890655855e-11,0.8461304956693709,0.1122492849820019,0.013723857419570903,0.02789636192905634,0.6889486238957108,0.5859375
SC4001,484,14520.0,14550.0,Sleep stage W,W,3.401440445774001e-10,5.5377559235173665e-11,6.614444371509977e-12,1.8085024168405613e-11,0.8094407133683217,0.131781966394874,0.01574039191914121,0.04303692831766312,0.7175111951992262,1.26953125
SC4001,485,14550.0,14580.0,Sleep stage W,W,2.136895786141095e-10,2.092782737272022e-11,4.909604041757974e-12,9.802156759853457e-12,0.8570580865712663,0.0839365391634174,0.01969125435663062,0.039314119908685635,0.5665719492376929,0.5859375
SC4001,486,14580.0,14610.0,Sleep stage W,W,4.712596480230874e-10,4.254418193783619e-11,7.471199089283229e-12,1.3054518388071544e-11,0.8819644174319664,0.07962161580209182,0.013982380583484848,0.024431586182457003,0.6241907160022917,1.171875
SC4001,487,14610.0,14640.0,Sleep stage W,W,3.430231949971951e-10,6.050381574776005e-11,1.0908067967962552e-11,1.9518280738366544e-11,0.7904609735731359,0.13942469721691886,0.02513649849780019,0.044977830712145166,0.7212990728853683,1.26953125
SC4001,488,14640.0,14670.0,Sleep stage W,W,3.390529010466442e-10,6.906853563973086e-11,7.996550742228355e-12,1.8760893237741628e-11,0.7796490382037613,0.15882246462256408,0.018387995135509004,0.043140502038165586,0.7234902545121971,1.85546875
SC4001,489,14670.0,14700.0,Sleep stage W,W,2.5329479544401615e-10,2.520739361769867e-11,8.503346794631042e-12,1.6739723749789026e-11,0.833905344802623,0.08298859923076654,0.027994994245037083,0.055111061721573366,0.6630794967052154,0.5859375
SC4001,490,14700.0,14730.0,Sleep stage W,W,3.7103718284962997e-10,6.07566403618151e-11,1.1665007268034387e-11,1.9263602997780037e-11,0.8018569146547865,0.13130256059824466,0.025209513142413195,0.04163101160455569,0.6966043224140349,0.5859375
SC4001,491,14730.0,14760.0,Sleep stage W,W,5.367947909902789e-10,3.696244762903495e-11,1.0816500233967059e-11,1.7820465544707548e-11,0.8911021837049921,0.06135923513071297,0.017955850429830555,0.029582730734464307,0.6522240539163463,0.5859375
SC4001,492,14760.0,14790.0,Sleep stage W,W,2.719136399686235e-10,6.338350992787298e-11,1.2217532752471672e-11,2.5534016608216463e-11,0.7288958264968047,0.16990679783653548,0.032750503558380585,0.06844687210827931,0.7472647645324133,1.171875
SC4001,493,14790.0,14820.0,Sleep stage W,W,1.6987973626233443e-10,4.143453432258762e-11,9.38884572621771e-12,2.195646465752912e-11,0.7000742999068664,0.1707516932040588,0.03869142808513279,0.09048257880394198,0.7737360946016443,0.9765625
SC4001,494,14820.0,14850.0,Sleep stage W,W,9.726368338236997e-11,3.0752452943710034e-11,1.0428994643382514e-11,1.9121891520079106e-11,0.6172845170621014,0.19517061665458077,0.06618767352841697,0.1213571927549009,0.8012619593713153,0.9765625
SC4001,495,14850.0,14880.0,Sleep stage W,W,3.456272302709255e-10,6.667626384016323e-11,1.5088853052944038e-11,2.104545272832346e-11,0.7707361653140982,0.14868564571534407,0.03364759406224451,0.04693059490831336,0.7278236604874634,0.5859375
SC4001,496,14880.0,14910.0,Sleep stage W,W,5.318257151675996e-10,4.7011853262945935e-11,1.0686429877488745e-11,1.9069887871136962e-11,0.873859772904503,0.07724667357092961,0.017559213327921337,0.031334340196645924,0.6361655373729258,1.171875
SC4001,497,14910.0,14940.0,Sleep stage W,W,4.0495626601414636e-10,3.9163141110022835e-11,1.3240940953536843e-11,2.0422266271149134e-11,0.8475743023132811,0.08196853534194881,0.027713316801161184,0.042743845543608924,0.68329012032032,1.953125
SC4001,498,14940.0,14970.0,Sleep stage W,W,3.7755023712842574e-10,5.103939178258862e-11,1.3106082722960921e-11,1.971774105089729e-11,0.8182471380744025,0.11061530929711869,0.028404205917056054,0.0427333467114227,0.6740283979465301,0.5859375
SC4001,499,14970.0,15000.0,Sleep stage W,W,2.667391276315818e-10,4.283582847186312e-11,9.139753055533785e-12,1.7780345335240613e-11,0.7926985079543395,0.1273000238777625,0.027161626696926084,0.05283984147097194,0.6827940624937039,0.5859375
SC4001,500,15000.0,15030.0,Sleep stage W,W,2.966913499576211e-10,3.088224620607876e-11,6.9410802857971755e-12,1.7372320777044206e-11,0.8431438282631802,0.08776182822747805,0.01972531051304683,0.049369032996294776,0.6659590257370812,0.5859375
SC4001,501,15030.0,15060.0,Sleep stage W,W,4.22426259075049e-10,3.841827445564441e-11,7.063376483535118e-12,1.4957314802986814e-11,0.8748326393455959,0.07956314201377275,0.014628049651347124,0.030976168989284292,0.5733643452803405,0.5859375
SC4001,502,15060.0,15090.0,Sleep stage W,W,1.741913707357326e-10,1.7723087463008024e-11,6.1041271051168735e-12,1.4698695136643527e-11,0.8188867889576819,0.08331757263117763,0.028695962511725764,0.06909967589941471,0.673831133763421,0.5859375
SC4001,503,15090.0,15120.0,Sleep stage W,W,1.8849790601615927e-10,2.127273727794413e-11,6.274113361757735e-12,1.0950410960448029e-11,0.8304049288607678,0.09371449401910406,0.027639854308982005,0.04824072281114615,0.6828889708419275,0.5859375
SC4001,504,15120.0,15150.0,Sleep stage W,W,2.6381924039411315e-10,4.015568909346506e-11,6.410365256275405e-12,1.4942948814445945e-11,0.8109324831701437,0.12343130327161118,0.019704299836256465,0.04593191372198871,0.6836162184075695,0.9765625
SC4001,505,15150.0,15180.0,Sleep stage W,W,4.41823401970522e-10,4.2106107904785165e-11,8.775015020985138e-12,1.2702503420327947e-11,0.874193228855802,0.08331128287833608,0.01736227343377562,0.02513321483208631,0.6439544453995202,0.5859375
SC4001,506,15180.0,15210.0,Sleep stage W,W,2.241927074911119e-10,3.639207749555141e-11,8.85377939003881e-12,1.5588211365816845e-11,0.7865671809501787,0.1276795044982948,0.03106297423101378,0.05469034032051281,0.6971345741305722,0.5859375
SC4001,507,15210.0,15240.0,Sleep stage W,W,3.668500323580968e-10,3.3319568331189776e-11,8.106553951467032e-12,1.1684663235703436e-11,0.8735339506506432,0.07933970721285631,0.019303119734974408,0.027823222401526036,0.6224994987482055,1.07421875
SC4001,508,15240.0,15270.0,Sleep stage W,W,2.6922415620328865e-10,3.3912573281861834e-11,8.794499936979052e-12,1.4442017473898473e-11,0.8248965218924785,0.10390733187964174,0.0269461422485425,0.044250003979337295,0.6673042924705405,0.9765625
SC4001,509,15270.0,15300.0,Sleep stage W,W,2.4451696398526024e-10,4.0129505869504924e-11,1.1680567028828782e-11,1.8882050460809392e-11,0.7757294246980146,0.1273107517539895,0.03705656815682594,0.05990325539116997,0.716525543366165,0.5859375
SC4001,510,15300.0,15330.0,Sleep stage W,W,3.322465267407445e-10,3.9899420836198646e-11,9.216842558502507e-12,1.2316036535009751e-11,0.8439532538509235,0.10135018226316259,0.023412086030773084,0.03128447785514099,0.6512174934470293,1.07421875
SC4001,511,15330.0,15360.0,Sleep stage W,W,2.6551263335894527e-10,2.6350619182041867e-11,9.084616266339583e-12,1.1619059698678396e-11,0.8494584971866087,0.08430392590793755,0.02906454726276343,0.03717302964269033,0.6620394585433416,0.5859375
SC4001,512,15360.0,15390.0,Sleep stage W,W,2.925629510445925e-10,2.688163654109694e-11,8.662275369498097e-12,1.8220008919633744e-11,0.8447596037258651,0.07761926296846298,0.025011848842699816,0.05260928446297204,0.6842353092092035,1.171875
SC4001,513,15390.0,15420.0,Sleep stage W,W,3.220899042490824e-10,4.260020209747638e-11,1.3922296118127033e-11,2.03663188781965e-11,0.8072859203242528,0.10677311801013507,0.03489483366748827,0.05104612799812369,0.6972860648037043,1.171875
SC4001,514,15420.0,15450.0,Sleep stage W,W,2.2816022943642278e-10,1.9807176270720184e-11,8.141317338366346e-12,1.2049685584591805e-11,0.850841227026925,0.07386371500303125,0.03036010461113869,0.04493495335890509,0.6499881234492052,1.171875
SC4001,515,15450.0,15480.0,Sleep stage W,W,2.791304725996752e-10,4.074927560816591e-11,1.3176709108557612e-11,3.011428265214915e-11,0.7685929560951114,0.11220418145937355,0.03628240840575089,0.08292045403976427,0.7405062123013649,1.171875
SC4001,516,15480.0,15510.0,Sleep stage W,W,4.5706327537139105e-10,3.687414838299699e-11,8.676539003782362e-12,1.6584979160471592e-11,0.8803239730850847,0.07102123175893361,0.016711395773880387,0.03194339938210129,0.582943693454515,0.5859375
SC4001,517,15510.0,15540.0,Sleep stage W,W,5.826704858630199e-10,5.5462296441280373e-11,1.2859451482480557e-11,2.6643777637401822e-11,0.8598576168324137,0.08184673704798491,0.018976930484337667,0.039318715635263825,0.667015920320525,1.26953125
SC4001,518,15540.0,15570.0,Sleep stage W,W,8.41405300348544e-10,1.0424048229754077e-10,1.6056794374728106e-11,2.403877172516258e-11,0.8535761449176799,0.10574831057878595,0.016289054319528116,0.024386490184006012,0.6454956076609945,1.171875
SC4001,519,15570.0,15600.0,Sleep stage W,W,7.144704823296357e-10,8.280763660547603e-11,8.88488075475278e-12,1.0067665162929192e-11,0.8753291356169394,0.10145126882780163,0.010885257240801114,0.012334338314457818,0.6208959899464441,0.5859375
SC4001,520,15600.0,15630.0,Sleep stage W,W,8.300851300994017e-10,6.910368118990472e-11,8.445490825742674e-12,9.47582108588193e-12,0.9051095491152235,0.07534938219710906,0.009208807767017024,0.010332260920650486,0.6153646216737253,1.171875
SC4001,521,15630.0,15660.0,Sleep stage W,W,3.634524414680394e-10,3.1029432470117875e-11,6.054595963496917e-12,6.699861468980336e-12,0.8924853051415335,0.0761951478289822,0.014867524081456522,0.01645202294802781,0.609246416397735,0.5859375
SC4001,522,15660.0,15690.0,Sleep stage W,W,3.053145483834652e-10,4.966964862994969e-11,1.0706528960447599e-11,1.171329912064591e-11,0.808985935714409,0.13160868810954404,0.028368878571887256,0.03103649760415963,0.6823274173700508,0.5859375
SC4001,523,15690.0,15720.0,Sleep stage W,W,4.483197801707143e-10,5.745677476677715e-11,1.1928396361347436e-11,1.3323280328474262e-11,0.8442484852393961,0.10819909629042383,0.02246282900024614,0.02508958946993391,0.6871514747129084,0.5859375
SC4001,524,15720.0,15750.0,Sleep stage W,W,6.653727780528807e-10,9.925520498356466e-11,9.392111257168627e-12,1.4931062214542836e-11,0.8433637146788332,0.12580652701348627,0.011904553507136564,0.018925204800543906,0.667052921709312,1.171875
SC4001,525,15750.0,15780.0,Sleep stage W,W,4.1437444316715273e-10,7.725999716711386e-11,1.0000943058754866e-11,1.564728982913167e-11,0.801059970916897,0.14935740392358673,0.019333613083266456,0.030249012076249766,0.6988493201233908,0.5859375
SC4001,526,15780.0,15810.0,Sleep stage W,W,1.5480398037944865e-10,1.9755436691725742e-11,5.331139019295543e-12,9.221640996113242e-12,0.8185827395816947,0.10446410647262962,0.02819034996909656,0.04876280397657906,0.676556395336446,1.07421875
SC4001,527,15810.0,15840.0,Sleep stage W,W,2.3791172284612135e-10,3.955750137746337e-11,7.940105536860254e-12,9.544324872329804e-12,0.8066071367799386,0.13411429475831896,0.026919841175542976,0.0323587272861994,0.700216519964621,1.07421875
SC4001,528,15840.0,15870.0,Sleep stage W,W,2.514170826739743e-10,4.379013649215646e-11,8.203727650279391e-12,1.4300131550590664e-11,0.7913387344446087,0.137830058420477,0.025821345898435863,0.045009861236478536,0.7226089349963113,2.1484375
SC4001,529,15870.0,15900.0,Sleep stage W,W,8.30110130310213e-11,2.1172849110839326e-11,6.509546714057942e-12,1.2518749562389417e-11,0.6737242013827652,0.17184058280155304,0.052832015911594435,0.10160319990408727,0.7922710835280375,1.07421875
SC4001,530,15900.0,15930.0,Sleep stage W,W,5.168703949665977e-10,4.2328124615239013e-11,1.0997634607099378e-11,1.9850749046778812e-11,0.8759818789526224,0.07173688122608375,0.018638576944968708,0.03364266287632516,0.601168828486673,0.5859375
SC4001,531,15930.0,15960.0,Sleep stage W,W,2.812454757095607e-10,2.0126224916012502e-11,8.140157512067705e-12,2.1033808837453903e-11,0.8508521024743952,0.06088788003240994,0.02462642329140267,0.06363359420179213,0.6802516739373364,0.5859375
SC4001,532,15960.0,15990.0,Sleep stage W,W,3.9272099932875066e-10,3.5575037595553516e-11,7.622723810426586e-12,1.136381942437541e-11,0.8780154129612046,0.07953593359906584,0.01704229976431242,0.025406353675417232,0.6545006810265566,1.26953125
SC4001,533,15990.0,16020.0,Sleep stage W,W,2.8513763648680744e-10,3.0121264594764666e-11,6.462626925476732e-12,1.3995644266232086e-11,0.8493388484003414,0.08972214435979257,0.019250212557539403,0.04168879468232663,0.6655889131421677,0.5859375
SC4001,534,16020.0,16050.0,Sleep stage W,W,3.607080849450225e-10,2.6803293425647703e-11,8.477590649370454e-12,1.4476750916968466e-11,0.8787776114418945,0.06529971231156889,0.020653589904344363,0.03526908634219222,0.5961927770963825,0.5859375
SC4001,535,16050.0,16080.0,Sleep stage W,W,2.221685686369571e-10,3.4295821102171344e-11,6.617939490054103e-12,1.1863476170301163e-11,0.8080449465819503,0.12473665874749783,0.02406997801053389,0.04314841666001804,0.7014847350705062,1.26953125
SC4001,536,16080.0,16110.0,Sleep stage W,W,6.160289907619477e-10,4.2265567973922776e-11,1.0078279227034774e-11,1.263894628411994e-11,0.9045790469588907,0.06206290251005653,0.014798979195606772,0.018559071335446056,0.6175310867964449,1.171875
SC4001,537,16110.0,16140.0,Sleep stage W,W,5.596074523277638e-10,6.738753882789054e-11,1.2857511998220991e-11,3.059994831642839e-11,0.8346713493261803,0.100510541321923,0.019177365926583517,0.04564074342531321,0.6876608569760554,1.07421875
SC4001,538,16140.0,16170.0,Sleep stage W,W,3.4942167348748447e-10,3.4938397581945675e-11,1.1821248894931509e-11,2.0777317733465463e-11,0.8380247868631824,0.08379343758136935,0.02835113084645689,0.04983064470899133,0.6866325652049242,1.171875
SC4001,539,16170.0,16200.0,Sleep stage W,W,3.8717326257841034e-10,4.317008963923725e-11,1.078649808555104e-11,1.9231508959572103e-11,0.8410203306342546,0.0937743552333985,0.023430502731212482,0.04177481140113435,0.668093455020083,0.5859375
SC4001,540,16200.0,16230.0,Sleep stage W,W,2.7453967768890776e-10,4.576306809396103e-11,8.994913449569193e-12,1.2511435788439058e-11,0.8031959409159063,0.1338848753897725,0.026315605935002404,0.036603577759318794,0.72398243504999,1.26953125
SC4001,541,16230.0,16260.0,Sleep stage W,W,5.197791994496033e-10,5.027504444803317e-11,7.470953645895539e-12,1.0435233685584494e-11,0.8840377206388158,0.08550753040121163,0.012706558552380301,0.017748190407592398,0.6430693670049094,0.5859375
SC4001,542,16260.0,16290.0,Sleep stage W,W,3.047985818482752e-10,4.5659050132303385e-11,7.495671745059718e-12,1.555887197540467e-11,0.8160338582703506,0.12224246785692101,0.0200680787205695,0.041655595152158845,0.6838910723129644,1.07421875
SC4001,543,16290.0,16320.0,Sleep stage W,W,2.550997885391416e-10,5.377275239913449e-11,8.967671763104999e-12,1.272916285219872e-11,0.7716981892588962,0.1626670719545187,0.02712795687164762,0.038506781914937345,0.7352047725004719,1.07421875
SC4001,544,16320.0,16350.0,Sleep stage W,W,2.612491468672947e-10,4.861728065300018e-11,9.548198791247546e-12,1.470814053436955e-11,0.7818956766504195,0.14550723709115307,0.028576917644318762,0.04402016861410863,0.7260131125523823,1.26953125
SC4001,545,16350.0,16380.0,Sleep stage W,W,3.783859996743955e-10,6.17481987521218e-11,1.3836434626537102e-11,1.0430319391403832e-11,0.8147829966383412,0.13296311824318838,0.029794156436817217,0.022459728681653135,0.7020664878679373,1.07421875
SC4001,546,16380.0,16410.0,Sleep stage W,W,3.9103846818197585e-10,6.415463424552098e-11,1.1628760249838421e-11,1.4958284156873608e-11,0.8116533459327886,0.13316163953015273,0.02413706817570491,0.031047946361353662,0.7116005425553118,1.171875
SC4001,547,16410.0,16440.0,Sleep stage W,W,1.9115242891522508e-10,2.7640068820036e-11,7.223704148263949e-12,1.354803360907114e-11,0.7979172204990203,0.11537644074125675,0.030153516585689186,0.05655282217403377,0.6949172811328586,0.5859375
SC4001,548,16440.0,16470.0,Sleep stage W,W,4.233528763108836e-10,5.001653507798965e-11,8.149557694673549e-12,1.4439427613541019e-11,0.8536056232342635,0.10084824737534956,0.016431938140269022,0.029114191250118236,0.6344621629346857,1.26953125
SC4001,549,16470.0,16500.0,Sleep stage W,W,3.5145585695726627e-10,6.900609980650647e-11,9.036477541062377e-12,1.2315125524734702e-11,0.7954845412459519,0.15618827958364534,0.020453146672429454,0.027874032497973305,0.690705204958441,1.171875
SC4001,550,16500.0,16530.0,Sleep stage W,W,3.131098099504058e-10,5.766749302407296e-11,9.020445274668103e-12,1.543345571056513e-11,0.7922193561982084,0.14590824926351542,0.022823211285684833,0.03904918325259142,0.7221230720777622,1.171875
SC4001,551,16530.0,16560.0,Sleep stage W,W,4.961157587165913e-10,7.696926967809433e-11,1.0236764047179323e-11,1.3918934543385429e-11,0.8306797180776379,0.12887478398638272,0.017140097090920813,0.023305400845058534,0.6820524128180475,1.07421875
SC4001,552,16560.0,16590.0,Sleep stage W,W,3.4472295982765674e-10,5.6798649608898075e-11,1.1147333054995575e-11,1.6730515281624693e-11,0.8028025037929889,0.13227461884430525,0.02596028675211792,0.03896259061058801,0.7131880052663576,2.24609375
SC4001,553,16590.0,16620.0,Sleep stage W,W,5.557761049094155e-10,9.798214078121297e-11,9.408998043625841e-12,1.3456542311040668e-11,0.8213960495799217,0.14481036996038119,0.013905804433242283,0.01988777602645475,0.6842810341786393,1.953125
SC4001,554,16620.0,16650.0,Sleep stage W,W,5.442575827894888e-10,7.036672815514289e-11,1.0239633495589534e-11,1.6319929714185763e-11,0.8488323002621604,0.10974500606076924,0.015969886187629966,0.0254528074894405,0.6929483438422713,1.171875
SC4001,555,16650.0,16680.0,Sleep stage W,W,5.093459662067211e-10,5.3397673323987626e-11,9.723884739380576e-12,1.3289261270955896e-11,0.8695519689733584,0.09116014469156489,0.01660054988590346,0.022687336449173222,0.6503318763084143,1.26953125
SC4001,556,16680.0,16710.0,Sleep stage W,W,2.1953103883096593e-10,3.699842513163714e-11,6.795322226194475e-12,1.2158269064867884e-11,0.7968948893383705,0.13430381443086908,0.02466693357940773,0.04413436265135262,0.7168155817967937,1.26953125
SC4001,557,16710.0,16740.0,Sleep stage W,W,3.454953866014756e-10,4.216121883672152e-11,8.543440880320492e-12,1.5188688619445617e-11,0.8398270474119224,0.10248510777301514,0.0207673184867564,0.036920526328306114,0.6757086463958373,1.26953125
SC4001,558,16740.0,16770.0,Sleep stage W,W,3.1239781616057856e-10,4.825418319385825e-11,8.387856960472013e-12,1.513489458639871e-11,0.813165923652364,0.12560477512030585,0.02183344152834971,0.039395859698980545,0.7104558716872708,1.26953125
SC4001,559,16770.0,16800.0,Sleep stage W,W,3.283996162052139e-10,3.5589136058181915e-11,7.715425474688966e-12,1.0076649579268563e-11,0.8601783869367369,0.09321876194845853,0.020209043835183366,0.026393807279621196,0.6714381595568357,1.953125
SC4001,560,16800.0,16830.0,Sleep stage W,W,1.7638785465714235e-10,4.3904096457900586e-11,8.662396713659267e-12,4.426091797794293e-12,0.7557953654532256,0.18812243446008148,0.03711706399869081,0.018965136088002224,0.7241148521861553,0.9765625
SC4001,561,16830.0,16860.0,Sleep stage W,W,4.6222047850652525e-10,6.437187114347419e-11,5.840237129561297e-12,5.019793012550695e-12,0.8600212705083078,0.11977223204104794,0.010866520177695228,0.009339977272949038,0.6601445844405427,1.07421875
SC4001,562,16860.0,16890.0,Sleep stage W,W,3.1024645198841687e-10,4.790939807709757e-11,7.674267219239832e-12,6.4751316937468755e-12,0.8333120546638657,0.1286831120660996,0.020612836483761166,0.017391996786273577,0.6910684942270175,1.953125
SC4001,563,16890.0,16920.0,Sleep stage W,W,4.4311950312109226e-10,4.910236258489003e-11,6.831287942061801e-12,6.3229324098933194e-12,0.8768113793779551,0.09716004365758776,0.0135172362336089,0.012511340730848204,0.6485875094058466,1.26953125
SC4001,564,16920.0,16950.0,Sleep stage W,W,2.9090286100500983e-10,4.8601166051606654e-11,7.770263388771125e-12,6.130143989784458e-12,0.8231443430242882,0.1375227963092296,0.02198688706662646,0.01734597359985578,0.687462419121678,0.5859375
SC4001,565,16950.0,16980.0,Sleep stage W,W,4.908935512511443e-10,5.506324063534763e-11,6.518016124864429e-12,8.63322548884721e-12,0.8748645928110139,0.09813304630814497,0.011616330074985576,0.015386030805855641,0.6755210948455748,0.5859375
SC4001,566,16980.0,17010.0,Sleep stage W,W,5.67117370522669e-10,6.873682703057551e-11,7.864458417315345e-12,1.3470582410516382e-11,0.8629437875758728,0.1045921372661278,0.011966809494155286,0.02049726566384424,0.6612851325108606,1.171875
SC4001,567,17010.0,17040.0,Sleep stage W,W,5.06743846371637e-10,7.6793546687108e-11,7.684340089771126e-12,8.918370698232998e-12,0.8443759100975501,0.12795936514637235,0.012804243609977757,0.014860481146099811,0.6791986144435043,2.05078125
SC4001,568,17040.0,17070.0,Sleep stage W,W,3.172451271598728e-10,5.2745808820945e-11,8.924270586915772e-12,1.5237432609648608e-11,0.8048788606920925,0.13382076784016553,0.022641661376519524,0.038658710091222404,0.7092897079766982,1.07421875
SC4001,569,17070.0,17100.0,Sleep stage W,W,3.8808625154484964e-10,4.547215883206784e-11,6.839220379378148e-12,1.3344851708249107e-11,0.8553006750369128,0.10021578447995778,0.015072911714658683,0.029410628768470823,0.69367188595738,1.26953125
SC4001,570,17100.0,17130.0,Sleep stage W,W,3.482423056654105e-10,3.764135011769922e-11,7.69223549257725e-12,1.0174657557216633e-11,0.8625184700604189,0.09322922340664727,0.01905195055415457,0.025200355978779166,0.6448159926306867,1.171875
SC4001,571,17130.0,17160.0,Sleep stage W,W,3.487256081971553e-10,5.2805994965577646e-11,5.286263937865095e-12,1.0375009439298715e-11,0.8358858163864314,0.12657453646749345,0.012671031158796794,0.024868615987278343,0.6941291528861184,1.26953125
SC4001,572,17160.0,17190.0,Sleep stage W,W,4.01981586893275e-10,7.063047708822808e-11,8.793805363216072e-12,1.0052816761623929e-11,0.8179356642936477,0.14371600113085578,0.017893274881122453,0.02045505969437414,0.6830365894608542,2.05078125
SC4001,573,17190.0,17220.0,Sleep stage W,W,3.5621196076491707e-10,6.492616379269467e-11,1.1101961994974795e-11,1.5064885902011145e-11,0.7963514440946066,0.14514965804294697,0.02481967042318463,0.033679227439261834,0.7040302534702102,2.05078125
SC4001,574,17220.0,17250.0,Sleep stage W,W,4.4896562560049017e-10,5.6556966492787166e-11,7.506793172311192e-12,1.1568512024037364e-11,0.8558281074325774,0.10781012807141041,0.014309613536568863,0.022052150959443306,0.6883477513648407,1.171875
SC4001,575,17250.0,17280.0,Sleep stage W,W,2.422629046461291e-10,4.1597654175554215e-11,9.902165350154643e-12,1.0493638451658269e-11,0.7962459767716303,0.1367190937828619,0.032545466805596876,0.03448946263991094,0.7252642345563425,1.85546875
SC4001,576,17280.0,17310.0,Sleep stage W,W,5.830850627541458e-10,5.518472405898471e-11,9.097968547279545e-12,9.65363303545952e-12,0.8874673991630003,0.08399227945032244,0.013847294331608306,0.014693027055069018,0.6462287077123474,1.26953125
SC4001,577,17310.0,17340.0,Sleep stage W,W,3.262966102807488e-10,4.249126940781276e-11,5.010166836206799e-12,8.166988950694728e-12,0.8542577984253997,0.11124387171962064,0.013116820574873391,0.02138150928010625,0.6472374825445235,1.07421875
SC4001,578,17340.0,17370.0,Sleep stage W,W,2.875684267260685e-10,4.501367890769941e-11,6.146594026611734e-12,8.31936871805732e-12,0.8286126704860113,0.12970445021643068,0.017711074017300706,0.02397180528025732,0.6851825538676249,1.26953125
SC4001,579,17370.0,17400.0,Sleep stage W,W,2.187227457788871e-10,3.7862013207833864e-11,7.049528066013646e-12,1.1669454147261491e-11,0.7944779276355514,0.13752814634047697,0.025606364938181036,0.04238756108579049,0.7193583500161532,0.9765625
SC4001,580,17400.0,17430.0,Sleep stage W,W,3.1869297981322784e-10,3.953646054148645e-11,6.989462741904735e-12,1.0044808276099411e-11,0.8492507273017306,0.10535647157797826,0.01862546931686309,0.026767331803428048,0.6890721717337677,2.1484375
SC4001,581,17430.0,17460.0,Sleep stage W,W,2.732551292695021e-10,3.622867219191118e-11,5.71798670457882e-12,9.852875078642698e-12,0.8406436214202269,0.11145409153735361,0.017590846559476944,0.030311440482942605,0.6736935198032742,1.171875
SC4001,582,17460.0,17490.0,Sleep stage W,W,3.4777765589220074e-10,5.488992737041083e-11,8.555852073959457e-12,1.2613207224871552e-11,0.8205464581599602,0.1295072720439776,0.020186673861543568,0.02975959593451868,0.6847331707251977,1.07421875
SC4001,583,17490.0,17520.0,Sleep stage W,W,2.8260911888056684e-10,4.8644114890718626e-11,8.105941723576349e-12,1.2432850562481169e-11,0.8033414573032445,0.13827520605253718,0.023041857470228903,0.03534147917398953,0.7197419971011932,1.953125
SC4001,584,17520.0,17550.0,Sleep stage W,W,3.4733174724640603e-10,5.670429464149552e-11,9.443290487871403e-12,1.3734237129636413e-11,0.8130166549918264,0.1327305560709198,0.02210437861045477,0.03214841032679912,0.693992727876033,1.26953125
SC4001,585,17550.0,17580.0,Sleep stage W,W,3.9650351732839237e-10,6.263355572534456e-11,9.1465701999266e-12,1.2150269142629766e-11,0.8253029336557958,0.1303687231672362,0.019038144402225114,0.025290198774743092,0.6798872475746002,1.953125
SC4001,586,17580.0,17610.0,Sleep stage W,W,4.0837839468282915e-10,6.46140002074765e-11,7.691085946432485e-12,1.366843815218814e-11,0.8260884179797773,0.13070445916267168,0.015557916639956986,0.027649206217593987,0.692473770359144,2.05078125
SC4001,587,17610.0,17640.0,Sleep stage W,W,3.919250271956467e-10,5.6160025779440696e-11,8.467053400224201e-12,1.422826745675219e-11,0.8325007773910594,0.11929134879244994,0.017985145241514587,0.030222728574975984,0.6809889300091133,1.26953125
SC4001,588,17640.0,17670.0,Sleep stage W,W,3.3252746270415666e-10,4.1119915282450163e-11,7.229123406540127e-12,1.0815063740079119e-11,0.8489523193869495,0.10498034408390705,0.018456163088631447,0.027611173440512025,0.6375649744848264,1.26953125
SC4001,589,17670.0,17700.0,Sleep stage W,W,5.180325325489393e-10,4.459192332919707e-11,6.535393581059575e-12,1.0603425431383424e-11,0.8935242278785412,0.07691401863564583,0.011272520809968555,0.018289232675844543,0.6308243569156586,0.5859375
SC4001,590,17700.0,17730.0,Sleep stage W,W,4.0585201145078045e-10,5.714226379615481e-11,1.0561968207724158e-11,1.5618298930359167e-11,0.8296670743984531,0.11681365002674114,0.021591410207547276,0.031927865367258515,0.6722194970987823,0.5859375
SC4001,591,17730.0,17760.0,Sleep stage W,W,5.41178502991497e-10,7.94412797383682e-11,1.1837191980169365e-11,2.7388964011037244e-11,0.8201588753284158,0.12039367839763185,0.01793932687244007,0.04150811940151235,0.696801999633765,0.5859375
SC4001,592,17760.0,17790.0,Sleep stage W,W,2.6182714009227794e-10,5.353199172892337e-11,9.761474088274933e-12,1.8057269272738874e-11,0.7629487767917938,0.15598905290878617,0.028444357268346456,0.052617813031073504,0.7070048103489652,1.171875
SC4001,593,17790.0,17820.0,Sleep stage W,W,3.5410918788652695e-10,5.272664425967437e-11,9.751207962628091e-12,1.2622800896368285e-11,0.8250257893836099,0.12284584187582934,0.022718975734086218,0.02940939300647448,0.6844375856403183,0.5859375
SC4001,594,17820.0,17850.0,Sleep stage W,W,1.6984871518422026e-10,3.111414453830664e-11,1.1501979687410096e-11,1.8433550747495246e-11,0.7355993910066381,0.13475253992499578,0.049814031529486894,0.07983403753887931,0.7655604641370806,0.5859375
SC4001,595,17850.0,17880.0,Sleep stage W,W,2.4986891766736653e-10,3.741309959593071e-11,6.38723313518413e-12,1.6876331392851065e-11,0.804612695585742,0.12047538844416733,0.020567779771138262,0.05434413619895234,0.7171514344998748,1.26953125
SC4001,596,17880.0,17910.0,Sleep stage W,W,2.611822792078097e-10,5.650312347742359e-11,7.726159510449304e-12,1.4458961505702429e-11,0.7684758194484912,0.16624896699505493,0.022732655442746236,0.04254255811370766,0.7082061040367176,1.171875
SC4001,597,17910.0,17940.0,Sleep stage W,W,1.8781620796039243e-10,4.763568647117958e-11,9.206809308088427e-12,9.524857194190044e-12,0.7388999008054276,0.1874066375345825,0.03622110444225162,0.0374723572177385,0.7084830529451798,1.171875
SC4001,598,17940.0,17970.0,Sleep stage W,W,3.821833504525159e-10,6.476996537420711e-11,7.711034763861737e-12,1.1910487324520082e-11,0.8191255065539039,0.13882009939419893,0.016526898017729774,0.025527496034167284,0.6890206462625883,1.26953125
SC4001,599,17970.0,18000.0,Sleep stage W,W,3.8354610096719265e-10,6.04800723627456e-11,8.582699376975037e-12,1.4055259214412706e-11,0.8218889662423293,0.12960085900268378,0.01839159856070099,0.030118576194285818,0.7006165454115214,1.3671875
SC4001,600,18000.0,18030.0,Sleep stage W,W,3.7329260889999103e-10,5.3854482993147936e-11,1.1126346879666528e-11,1.1007787122069856e-11,0.8308662534395228,0.11986809127374716,0.024764771458021966,0.024500883828707996,0.6818826125188971,1.171875
SC4001,601,18030.0,18060.0,Sleep stage W,W,2.7634366261434353e-10,3.7666819508047337e-11,6.706784456767645e-12,1.2692455806405612e-11,0.8288410446974672,0.11297456846350867,0.020115743502559697,0.03806864333646428,0.6960353718937649,1.07421875
SC4001,602,18060.0,18090.0,Sleep stage W,W,2.5208822072802496e-10,4.716859244334566e-11,8.310945453564043e-12,1.2815850024076165e-11,0.7868324531052855,0.14722536100472033,0.025940607537974628,0.04000157835201952,0.733484821642564,0.9765625
SC4001,603,18090.0,18120.0,Sleep stage W,W,4.662901716414452e-10,7.366837574580257e-11,1.2398098156930786e-11,1.7616057731100988e-11,0.818092110309783,0.12924895406828454,0.021752091083812625,0.030906844538119867,0.6866982009764826,0.9765625
SC4001,604,18120.0,18150.0,Sleep stage W,W,3.8205631537428656e-10,6.43862789460538e-11,7.648110388843218e-12,9.029808753719021e-12,0.8249608995238136,0.1390270503558926,0.01651429847418291,0.01949775164611087,0.6993370270141364,1.3671875
SC4001,605,18150.0,18180.0,Sleep stage W,W,3.283733418918519e-10,5.003100534652064e-11,6.995390223577855e-12,8.500555450612843e-12,0.833645843377789,0.12701438980048277,0.01775929175338458,0.02158047506834368,0.6870691132080595,1.07421875
SC4001,606,18180.0,18210.0,Sleep stage W,W,3.669042137156739e-10,5.0563961954667656e-11,9.051421125348288e-12,1.0493870995347743e-11,0.8395718685061506,0.11570344092655133,0.02071199583642195,0.024012694730876107,0.6793658323224838,1.07421875
SC4001,607,18210.0,18240.0,Sleep stage W,W,3.273826589151221e-10,5.402564630385815e-11,9.08943418160867e-12,1.0768984307778317e-11,0.8158729333186805,0.13463774370466594,0.0226518513611278,0.026837471615525747,0.7073553628457604,1.26953125
SC4001,608,18240.0,18270.0,Sleep stage W,W,2.7561243665324963e-10,5.33221251303451e-11,7.74614392329816e-12,7.059395828266453e-12,0.8018047222955704,0.15512337633056486,0.02253488577184774,0.020537015602016935,0.711315853640219,1.953125
SC4001,609,18270.0,18300.0,Sleep stage W,W,4.1528622146471294e-10,6.498792940459364e-11,9.571115257380498e-12,1.3022517523483485e-11,0.8258358060845964,0.1292346249204219,0.019033065089011203,0.02589650390597073,0.7141338627763414,1.26953125
SC4001,610,18300.0,18330.0,Sleep stage W,W,3.971748224970917e-10,8.054943194257095e-11,1.834945086587047e-11,3.487491101269947e-11,0.7480475704998139,0.1517085259608104,0.034559748913390954,0.0656841546259848,0.7502336188061658,1.07421875
SC4001,611,18330.0,18360.0,Sleep stage W,W,3.540610081722777e-10,4.2500239457354285e-11,1.0938628373860265e-11,1.6106462217000335e-11,0.8358255678128791,0.10032956455725259,0.025822626780826325,0.03802224084904205,0.6643447851989207,0.5859375
SC4001,612,18360.0,18390.0,Sleep stage W,W,4.682767235532808e-10,2.6270242696164536e-11,1.0451975822235395e-11,2.441947099962482e-11,0.8845115923276552,0.04962094639618492,0.019742373072369236,0.04612508820379061,0.6233941762338393,0.5859375
SC4001,613,18390.0,18420.0,Sleep stage W,W,3.616262155347723e-10,3.076886326651516e-11,7.688387524520677e-12,1.5597314493924427e-11,0.8699613554940804,0.0740204134668873,0.018495893674369525,0.03752233736466272,0.6516727980421361,1.171875
SC4001,614,18420.0,18450.0,Sleep stage W,W,3.719982710778884e-10,3.4114451375578303e-11,5.892041488011859e-12,1.6885133851048128e-11,0.8673514414597862,0.07954127982767502,0.013737888251362134,0.03936939046117665,0.669412662521827,0.5859375
SC4001,615,18450.0,18480.0,Sleep stage W,W,2.550481520755451e-10,2.8526988883282293e-11,1.026531241169473e-11,1.9295581308767093e-11,0.8144963333164862,0.09110094567206023,0.032782277588104355,0.06162044342334933,0.6908540224635124,0.5859375
SC4001,616,18480.0,18510.0,Sleep stage W,W,3.320387917859304e-10,3.98559337767802e-11,9.306263808473596e-12,1.4204453439431577e-11,0.8397425928832356,0.10079763569635454,0.023536003304160242,0.03592376811624966,0.6860131887663324,1.07421875
SC4001,617,18510.0,18540.0,Sleep stage W,W,2.4396067933256475e-10,2.9992035227597644e-11,6.451453823144453e-12,1.1611380915964371e-11,0.8354372906442131,0.10270698015762306,0.02209284347571746,0.03976288572244653,0.6720038915021118,0.5859375
SC4001,618,18540.0,18570.0,Sleep stage W,W,3.1447025141300815e-10,3.926266520773747e-11,8.084001360277473e-12,1.3838572591786099e-11,0.8371240652798546,0.10451774616116681,0.02151972102936863,0.03683846752960987,0.670220784921302,0.5859375
SC4001,619,18570.0,18600.0,Sleep stage W,W,1.4654665542891301e-10,2.1371328896411656e-11,5.341061396847639e-12,9.8549266976187e-12,0.8003029670120039,0.11671053068204769,0.029167962041712417,0.05381854026423587,0.7219816764850612,0.5859375
SC4001,620,18600.0,18630.0,Sleep stage W,W,3.5276791136027144e-10,2.4666126637018378e-11,1.1069166654271143e-11,2.7523631945516274e-11,0.8479450850953825,0.059289748802689786,0.02660685725183554,0.06615830885009219,0.6430426849403278,0.5859375
SC4001,621,18630.0,18660.0,Sleep stage W,W,1.6793921289532318e-10,2.474593872687408e-11,4.9939740864444544e-12,9.621702491495997e-12,0.8101232124995997,0.11937211704230731,0.024090468570743203,0.046414201887349744,0.6872239195749004,0.5859375
SC4001,622,18660.0,18690.0,Sleep stage W,W,2.694752811816364e-10,4.140966791791354e-11,8.077755500937189e-12,1.3103674758706273e-11,0.8115102820757029,0.12470298257180999,0.024325725225556632,0.03946101012693049,0.698244510795607,0.5859375
SC4001,623,18690.0,18720.0,Sleep stage W,W,1.9842108876675735e-10,1.9820246672698044e-11,8.045449746027104e-12,1.3234736327708846e-11,0.8284060969269919,0.0827493352057989,0.033589673676083474,0.05525489419112579,0.6996749479617628,1.953125
SC4001,624,18720.0,18750.0,Sleep stage W,W,2.8120375856842966e-10,3.1958315647768655e-11,7.667716343100554e-12,1.3010441134270913e-11,0.8423303480886184,0.09572937175859328,0.02296822136805462,0.03897205878473368,0.6763188181307375,1.07421875
SC4001,625,18750.0,18780.0,Sleep stage W,W,2.0710087994939527e-10,2.3145549186114176e-11,7.597563805617011e-12,1.2549792299860327e-11,0.8271007195728717,0.0924365960754105,0.030342461568304818,0.050120222783413,0.6440831597964112,0.5859375
SC4001,626,18780.0,18810.0,Sleep stage W,W,2.971228780061157e-10,3.7303540544453754e-11,6.844840776839337e-12,1.188758104343802e-11,0.8413292944730236,0.10562822243181529,0.01938176252264186,0.033660720572519294,0.6644834113441176,1.26953125
SC4001,627,18810.0,18840.0,Sleep stage W,W,4.382281482470771e-10,4.7713531338085226e-11,8.344385951362614e-12,1.2965024696488884e-11,0.8639274644944972,0.09406294487443538,0.016450208017353866,0.025559382613713443,0.6814327713096593,0.5859375
SC4001,628,18840.0,18870.0,Sleep stage W,W,2.656861557055367e-10,3.428458610902697e-11,7.647510227675075e-12,1.1065495501550692e-11,0.8336984793020532,0.10758184680979382,0.02399717678299315,0.034722497105159754,0.6912153257904172,1.171875
SC4001,629,18870.0,18900.0,Sleep stage W,W,2.43113181050988e-10,2.871901413082738e-11,1.0195872325481536e-11,2.2437433185644756e-11,0.7984917190869895,0.09432600431071818,0.0334877754697214,0.07369450113257091,0.6857223628891954,0.5859375
SC4001,630,18900.0,18930.0,Sleep stage W,W,7.156393288938933e-10,5.068410829284623e-11,8.506762492983412e-12,1.3563013165177264e-11,0.9077187845282483,0.06428785467337257,0.010789999652948482,0.01720336114543074,0.6047198657152374,0.5859375
SC4001,631,18930.0,18960.0,Sleep stage W,W,4.4765740884082877e-10,3.1599419299782436e-11,7.293579919479304e-12,1.464058275399463e-11,0.8931872620329792,0.06304865785487376,0.014552496060698004,0.02921158405144895,0.5862307741997599,0.5859375
SC4001,632,18960.0,18990.0,Sleep stage W,W,3.6218959514896455e-10,2.9761072188393856e-11,8.358853780691801e-12,2.6620589494722166e-11,0.8483580477121049,0.06970947105529245,0.019578974574302917,0.062353506658299786,0.591787006853994,0.5859375
SC4001,633,18990.0,19020.0,Sleep stage W,W,3.7699613078046535e-10,2.609207780829276e-11,1.1970434622322274e-11,1.9734452826991913e-11,0.8670701862925946,0.06001033145661547,0.02753133555109185,0.04538814669969801,0.6194884336253922,0.5859375
SC4001,634,19020.0,19050.0,Sleep stage W,W,2.78344324972831e-10,2.883078709035006e-11,6.2935169694299325e-12,1.4758639997177378e-11,0.8480231572336842,0.0878378788440442,0.019174266014012262,0.044964697908259264,0.6598259259097002,0.5859375
SC4001,635,19050.0,19080.0,Sleep stage W,W,2.8589959064034155e-10,2.521775376352153e-11,1.0388804861635603e-11,3.195964796595091e-11,0.8088465500189099,0.07134425441171874,0.029391259191148864,0.09041793637822251,0.6955378518876898,1.26953125
SC4001,636,19080.0,19110.0,Sleep stage W,W,2.961345415074641e-10,4.198386709923008e-11,9.569132992969282e-12,1.5311810765139845e-11,0.815799090489445,0.11565824243410103,0.02636129494620309,0.042181372130250916,0.67989612418517,0.5859375
SC4001,637,19110.0,19140.0,Sleep stage W,W,4.42179747621607e-10,4.566190245306058e-11,7.505455719614369e-12,9.29841211507527e-12,0.8762185176110686,0.09048312296962126,0.014872728387062528,0.01842563103224751,0.6438063451792894,1.07421875
SC4001,638,19140.0,19170.0,Sleep stage W,W,1.8925090480245163e-10,3.3041759223018605e-11,6.131596611449998e-12,8.908045843078729e-12,0.7974089478559913,0.13922149796240732,0.025835490761417827,0.03753406342018358,0.7072833899608941,1.171875
SC4001,639,19170.0,19200.0,Sleep stage W,W,1.8491586951878758e-10,2.6255809629563166e-11,5.602424577161925e-12,9.74460104105553e-12,0.8163381903024162,0.11591011725332032,0.02473272387344493,0.04301896857081858,0.7146005119887342,1.171875
SC4001,640,19200.0,19230.0,Sleep stage W,W,6.703697292964676e-10,5.981055033453913e-11,1.1143926200048036e-11,2.716743383445184e-11,0.8723188317159215,0.07782849838232755,0.014501037649412215,0.03535163225233879,0.6755491577255686,0.5859375
SC4001,641,19230.0,19260.0,Sleep stage W,W,2.7355284627479225e-10,3.497294159820885e-11,5.950044175896951e-12,8.63042082394194e-12,0.8466343310986626,0.10823975483994307,0.01841513162618558,0.026710782435208653,0.677133557429181,0.5859375
SC4001,642,19260.0,19290.0,Sleep stage W,W,2.5222383939526767e-10,4.842773034174467e-11,9.0380615699132e-12,1.5084569941049154e-11,0.7766129157613948,0.14911199890772317,0.027828754670733133,0.046446330660148825,0.7405315054078316,0.5859375
SC4001,643,19290.0,19320.0,Sleep stage W,W,1.9366932825244486e-10,3.077210623060134e-11,8.200948596539171e-12,1.6985907581463436e-11,0.7758308472953238,0.12327170990560696,0.03285264091991325,0.068044801879156,0.7229212365131596,1.26953125
SC4001,644,19320.0,19350.0,Sleep stage W,W,1.8449957515375341e-10,3.053964255454559e-11,7.301911807265073e-12,1.9556727270482444e-11,0.7627168657262612,0.1262501576504551,0.030185930145397926,0.0808470464778857,0.727126827293499,1.171875
SC4001,645,19350.0,19380.0,Sleep stage W,W,3.0771689850651625e-10,4.344158472140975e-11,9.10074529211306e-12,2.8079303937711375e-11,0.792393421685484,0.111865244086063,0.02343508184602614,0.07230625238242688,0.7212750141011531,1.171875
SC4001,646,19380.0,19410.0,Sleep stage W,W,3.040604999546208e-10,4.5058852682774246e-11,1.0023850910554729e-11,1.4220848527765371e-11,0.8143807585765108,0.12068342528497275,0.02684739158691682,0.038088424551599574,0.6937199374537886,0.9765625
SC4001,647,19410.0,19440.0,Sleep stage W,W,2.953361594547192e-10,4.493998766290102e-11,1.1385003449485373e-11,1.8055424580154517e-11,0.7988177412307933,0.12155253695347895,0.030793868100045724,0.048835853715681915,0.7070179609133626,0.5859375
SC4001,648,19440.0,19470.0,Sleep stage W,W,1.3719334523354721e-10,3.635536619731559e-11,5.582567828014933e-12,1.5560262455232554e-11,0.7046702903765856,0.18673315685537423,0.028673910427051367,0.07992264234098889,0.7655641451953581,1.171875
SC4001,649,19470.0,19500.0,Sleep stage W,W,1.8215349593241196e-10,5.109712846041456e-11,4.981460559182857e-12,1.4807695660068654e-11,0.7198611044152853,0.2019331835366585,0.01968647201295069,0.0585192400351056,0.7525752121139189,1.953125
SC4001,650,19500.0,19530.0,Sleep stage W,W,3.281122918874567e-10,5.5480018684676763e-11,8.368385609214624e-12,2.6577883804792235e-11,0.78394754409097,0.13255652247521352,0.019994299233995913,0.06350163419982059,0.7307008696323098,1.26953125
SC4001,651,19530.0,19560.0,Sleep stage W,W,3.5001983263535123e-10,6.126864194687593e-11,1.2018584475317352e-11,2.1594167784821764e-11,0.7867360472785735,0.13771290850718226,0.027014051097628635,0.048536993116615586,0.7123547547136825,1.26953125
SC4001,652,19560.0,19590.0,Sleep stage W,W,2.0112564790241022e-10,6.611458632010533e-11,1.0630896405517768e-11,2.3139124317452495e-11,0.6681687570373138,0.21964230531640508,0.035317389460512126,0.0768715481857689,0.7825767511084342,1.171875
SC4001,653,19590.0,19620.0,Sleep stage W,W,2.783671586907188e-10,8.044586263831654e-11,1.2503815754672148e-11,2.1042282875448076e-11,0.7094703411499566,0.205031203675579,0.03186829391393729,0.053630161260527276,0.759393565326666,2.05078125
SC4001,654,19620.0,19650.0,Sleep stage W,W,1.6984617135782392e-10,4.7279597872033483e-11,7.998070414894843e-12,1.91149149075357e-11,0.6954104055647006,0.1935794258315038,0.03274693416102633,0.0782632344427693,0.7754999770854454,1.26953125
SC4001,655,19650.0,19680.0,Sleep stage W,W,2.0128197477610065e-10,5.042872682654895e-11,8.794040967599685e-12,2.050009927820054e-11,0.716293617761416,0.17945856909378782,0.03129498022081216,0.07295283292398412,0.7617704657775206,1.171875
SC4001,656,19680.0,19710.0,Sleep stage W,W,2.1349027645020745e-10,2.587965100332049e-11,6.556601377644458e-12,2.0886906538239076e-11,0.8001481490413836,0.09699530672992276,0.02457373021177378,0.07828281401691974,0.6973574372359235,0.5859375
SC4001,657,19710.0,19740.0,Sleep stage W,W,2.939102606080495e-10,3.0799167173425443e-11,8.718725704790984e-12,2.4974799155336037e-11,0.8200553551297212,0.085934468302844,0.024326601219464814,0.06968357534797012,0.7033268008714224,1.26953125
SC4001,658,19740.0,19770.0,Sleep stage W,W,1.5839635531781883e-10,2.991521011957235e-11,6.0463512029693044e-12,1.7564628704897942e-11,0.7474256930038464,0.1411610551904013,0.028530948385499782,0.08288230342025257,0.7326403077998702,0.5859375
SC4001,659,19770.0,19800.0,Sleep stage W,W,2.1320330267939534e-10,5.932105235477401e-11,1.2236364438389424e-11,2.533532236159538e-11,0.6875395810225172,0.19129896661660759,0.039459918178941754,0.08170153418193335,0.7777044689942652,1.07421875
SC4001,660,19800.0,19830.0,Sleep stage W,W,2.0394850958713904e-10,3.625578872860489e-11,9.733701067174958e-12,2.5708344203619582e-11,0.7398919460838411,0.13153009126428872,0.03531228073090361,0.09326568192096665,0.7354137932725966,0.5859375
SC4001,661,19830.0,19860.0,Sleep stage W,W,2.0574224945598942e-10,3.274864828678316e-11,6.970565529484921e-12,2.766113457941892e-11,0.7532963258050183,0.11990457232164962,0.02552174585447667,0.10127735601885546,0.7321041506632288,0.5859375
SC4001,662,19860.0,19890.0,Sleep stage W,W,4.2451214571453754e-10,5.811497091516857e-11,8.349507494257206e-12,2.3112221725583764e-11,0.8257563826599245,0.11304460578041108,0.01624137065347021,0.0449576409061942,0.6830537609168958,1.171875
SC4001,663,19890.0,19920.0,Sleep stage W,W,1.8757841497593153e-10,2.8883390318594827e-11,7.547987475332024e-12,2.06148951551986e-11,0.7668008350547101,0.1180722623034823,0.030855379068053915,0.08427152357375378,0.7162412550035602,1.171875
SC4001,664,19920.0,19950.0,Sleep stage W,W,2.4674701558598854e-10,4.841089163641802e-11,8.907225540531292e-12,2.2104023525229842e-11,0.7565001497811451,0.14842265340885702,0.027308607723355163,0.0677685890866429,0.7496582066344604,1.171875
SC4001,665,19950.0,19980.0,Sleep stage W,W,3.6754891382716166e-10,6.12853426731761e-11,1.0214896318328188e-11,1.874917765387373e-11,0.8028620669013308,0.13386973825334256,0.022313092115876367,0.04095510272945037,0.6998732288133274,0.9765625
SC4001,666,19980.0,20010.0,Sleep stage W,W,5.35520358796939e-10,6.431879978417511e-11,1.095881729393898e-11,1.9462473232740073e-11,0.8496810478192471,0.10205114389650474,0.017387759789548048,0.03088004849470003,0.6778870292259875,1.07421875
SC4001,667,20010.0,20040.0,Sleep stage W,W,5.542006090483461e-10,8.561305610586553e-11,1.0047460279534427e-11,9.281932803430052e-12,0.8407895708262634,0.12988539443141614,0.015243216406474084,0.014081818335846267,0.6911584587878556,1.07421875
SC4001,668,20040.0,20070.0,Sleep stage W,W,3.841935001792434e-10,3.486369649877153e-11,6.1976371833519415e-12,1.3654433671121026e-11,0.8753369513912247,0.07943258226187017,0.014120542995582097,0.031109923351323013,0.6508618845303588,0.5859375
SC4001,669,20070.0,20100.0,Sleep stage W,W,3.6286707368682545e-10,5.58765696187482e-11,9.356126604529895e-12,1.1227183445406284e-11,0.8259613276975248,0.1271867550851861,0.021296500324119155,0.025555416893169952,0.697582148902468,1.171875
SC4001,670,20100.0,20130.0,Sleep stage W,W,3.2809422860007304e-10,5.088428943953636e-11,9.694679318803223e-12,2.0513046705002216e-11,0.8018212570929576,0.12435483884851813,0.023692583657090784,0.0501313204014335,0.7113167110718311,1.85546875
SC4001,671,20130.0,20160.0,Sleep stage W,W,5.21275366437846e-10,6.90261144009105e-11,9.357555238215041e-12,1.6879263359470075e-11,0.8454874042931763,0.1119575449959964,0.01517757331015525,0.027377477400672243,0.6771995404699009,1.171875
SC4001,672,20160.0,20190.0,Sleep stage W,W,4.691210417779094e-10,5.7122457137764355e-11,1.4064779264141957e-11,2.0177002107144023e-11,0.8369908332610033,0.10191607013928812,0.02509393156041673,0.03599916503929186,0.6597953427723153,0.5859375
SC4001,673,20190.0,20220.0,Sleep stage W,W,3.300798191568246e-10,4.019877522610243e-11,1.0278567549900689e-11,3.298272311706769e-11,0.7981813389463003,0.09720652512454095,0.024855081508427017,0.07975705442073183,0.7041894634989391,1.07421875
SC4001,674,20220.0,20250.0,Sleep stage W,W,1.7836055375964286e-10,3.0192556071457054e-11,9.145919527857639e-12,1.7187620891522433e-11,0.7593473429394202,0.1285409623716806,0.038937587632607275,0.07317410705629199,0.7614978127097964,0.5859375
SC4001,675,20250.0,20280.0,Sleep stage W,W,4.121240438917018e-10,6.265450629883073e-11,9.36645147789838e-12,1.044620269478817e-11,0.8332619752555185,0.12667937833528142,0.01893776394579759,0.021120882463402362,0.6840652069026606,0.5859375
SC4001,676,20280.0,20310.0,Sleep stage W,W,2.6621784722102467e-10,4.676483922444263e-11,7.0076259816731994e-12,1.4950739892018503e-11,0.7948200000498914,0.13962110317812368,0.020921968009450703,0.044636928762534084,0.7056478181629006,1.171875
SC4001,677,20310.0,20340.0,Sleep stage W,W,3.844059661766876e-10,4.430721428514166e-11,8.102643247744536e-12,1.0752326566669779e-11,0.8588769463140493,0.09899545858612772,0.01810370832406976,0.02402388677575322,0.6734369372007317,1.07421875
SC4001,678,20340.0,20370.0,Sleep stage W,W,3.866256016832395e-10,4.1739291811184084e-11,8.563324706206615e-12,1.402460257788269e-11,0.8573526627813957,0.09255800138721051,0.01898940268612384,0.031099933145270035,0.6688916489947389,1.07421875
SC4001,679,20370.0,20400.0,Sleep stage W,W,3.085836127159138e-10,6.213818570693464e-11,8.135767496123093e-12,1.1122142864248414e-11,0.7912812019854288,0.15933697140503206,0.020862027723205376,0.028519798886333693,0.7045883298379657,0.9765625
SC4001,680,20400.0,20430.0,Sleep stage W,W,3.701165826690509e-10,4.5499426868481704e-11,6.850816451640015e-12,1.0401891862200647e-11,0.8550319471136546,0.10511137671099638,0.015826545483917973,0.024030130691430944,0.6488385702992373,1.26953125
SC4001,681,20430.0,20460.0,Sleep stage W,W,3.019398377643486e-10,4.533391044382444e-11,5.4696609721146515e-12,1.046032042852129e-11,0.831323615783227,0.12481675365132297,0.015059484598370688,0.028800145967079267,0.6915897263959816,0.5859375
SC4001,682,20460.0,20490.0,Sleep stage W,W,4.10623590516865e-10,3.807526911858954e-11,6.742923516185412e-12,1.3682788681717293e-11,0.8752975545751779,0.08116238501383523,0.014373417895877426,0.029166642515109403,0.669833124088697,0.5859375
SC4001,683,20490.0,20520.0,Sleep stage W,W,2.7236614464481237e-10,2.7732461068354092e-11,7.61602691804607e-12,1.6640008660906645e-11,0.8397171181512858,0.08550042927666256,0.023480554764705678,0.051301897807345925,0.6854883688857485,1.171875
SC4001,684,20520.0,20550.0,Sleep stage W,W,2.2406888184336389e-10,4.475822486327719e-11,1.0526086423514852e-11,2.0834696802297857e-11,0.7464287846314597,0.149100701142036,0.03506499354748574,0.06940552067901852,0.7536354229438674,1.3671875
SC4001,685,20550.0,20580.0,Sleep stage W,W,3.6732481153557137e-10,4.564907069321748e-11,8.588436117133909e-12,2.471893433233436e-11,0.8230791890341655,0.10228767267113462,0.019244447454586835,0.05538869084011306,0.6984506555529215,0.5859375
SC4001,686,20580.0,20610.0,Sleep stage W,W,2.332240901887326e-10,3.850985762056158e-11,7.982300066739573e-12,1.8595976293058723e-11,0.781812045545053,0.12909245582485085,0.026758206402614466,0.06233729222748162,0.7041802280735623,0.5859375
SC4001,687,20610.0,20640.0,Sleep stage W,W,4.3350944593997687e-10,4.934760025313452e-11,7.564925895906047e-12,1.6435616542510114e-11,0.8552884590529968,0.09735989232472353,0.014925150704225827,0.032426497918054034,0.6699086434508698,0.5859375
SC4001,688,20640.0,20670.0,Sleep stage W,W,1.6088713174430035e-10,2.550203065791336e-11,5.6755955160268154e-12,1.4544406089424478e-11,0.7787027865730659,0.12343126588986758,0.02747020222111859,0.0703957453159478,0.7241622807479544,0.9765625
SC4001,689,20670.0,20700.0,Sleep stage W,W,1.882719301209944e-10,4.073748878366571e-11,8.777347205520708e-12,1.470681946307967e-11,0.7456503486753633,0.16134068788787428,0.03476265420997785,0.05824630922678435,0.7487010843316453,0.9765625
SC4001,690,20700.0,20730.0,Sleep stage W,W,2.600528417239872e-10,3.471993530666796e-11,6.5059917311098565e-12,1.8299177222540288e-11,0.81373838524126,0.10864308924613053,0.020358074807294024,0.05726045070531548,0.6789631017182037,0.5859375
SC4001,691,20730.0,20760.0,Sleep stage W,W,1.0410316496733331e-10,3.3238449074925764e-11,6.377291137692426e-12,1.9825777919861482e-11,0.6365426438461352,0.2032377234461361,0.03899418199856916,0.12122545070915945,0.7799113450846733,0.5859375
SC4001,692,20760.0,20790.0,Sleep stage W,W,2.2869663723965334e-10,2.714676519013165e-11,7.856250523152654e-12,1.7756149114335297e-11,0.8125490238960885,0.09645125448024372,0.027912910181453178,0.06308681144221451,0.6959291667710649,1.07421875
SC4001,693,20790.0,20820.0,Sleep stage W,W,2.886452218454004e-10,2.9060934670026016e-11,7.0346365402670626e-12,8.559582338930196e-12,0.8660212923662265,0.08719142495899748,0.021105996451213527,0.025681286223562617,0.6520824898798552,0.5859375
SC4001,694,20820.0,20850.0,Sleep stage W,W,2.7521159937091396e-10,3.8335305153049194e-11,7.247634609115774e-12,1.2803610961093473e-11,0.8249793930009015,0.11491462150562708,0.021725643883426266,0.038380341610045214,0.6984574629481154,1.26953125
SC4001,695,20850.0,20880.0,Sleep stage W,W,1.727386388743843e-10,4.0733127201523744e-11,6.8966123312181915e-12,1.5615747789198683e-11,0.7319926202607201,0.17260960666327266,0.029224899328527783,0.06617287374747952,0.756050061343251,1.26953125
SC4001,696,20880.0,20910.0,Sleep stage W,W,2.2698990193213595e-10,4.3541805677424804e-11,5.1950471094576036e-12,5.62432228474583e-12,0.8067852604278428,0.15475969077894186,0.018464642697593438,0.019990406095621888,0.7085578543722768,1.171875
SC4001,697,20910.0,20940.0,Sleep stage W,W,1.7196489293484856e-10,3.738359358504453e-11,5.5132628725879594e-12,6.786399368082322e-12,0.7758462856399246,0.1686618805259157,0.024873940537819206,0.030617893296340442,0.7083024089515793,0.5859375
SC4001,698,20940.0,20970.0,Sleep stage W,W,2.507787118890327e-10,3.907916735469939e-11,5.40437787997561e-12,1.0695699542348342e-11,0.8196508913240984,0.12772724651626932,0.01766379256439579,0.03495806959523651,0.6900434482134694,1.26953125
SC4001,699,20970.0,21000.0,Sleep stage W,W,2.6553720889538976e-10,3.005236435974631e-11,6.667535940474023e-12,9.583084331017918e-12,0.8515169449210707,0.09637104191054237,0.021381258987400807,0.030730754180986034,0.675110162139621,1.171875
SC4001,700,21000.0,21030.0,Sleep stage W,W,1.2975290765559822e-10,3.291627120521936e-11,5.883776490159906e-12,1.03424062487347e-11,0.7253005695358787,0.18399734297679138,0.032889485996429386,0.057812601490900464,0.7502414368111522,1.26953125
SC4001,701,21030.0,21060.0,Sleep stage W,W,1.910153532236625e-10,3.072058692043576e-11,6.394015058896582e-12,1.1340885369944076e-11,0.7976560017355531,0.12828529288549756,0.026700599720612204,0.04735810565833725,0.7122252585140603,0.5859375
SC4001,702,21060.0,21090.0,Sleep stage W,W,1.9327309448508475e-10,2.6849204261870198e-11,4.9713419634919685e-12,8.961277624547657e-12,0.8257595946283844,0.11471326666779065,0.02124006621547111,0.03828707248835376,0.6931463073293209,1.07421875
SC4001,703,21090.0,21120.0,Sleep stage W,W,1.8266800853318055e-10,3.067670471253871e-11,6.68590151647245e-12,1.4510124339397896e-11,0.7788327487706058,0.13079478145266404,0.028506354768399106,0.06186611500833099,0.6963651351294389,1.171875
SC4001,704,21120.0,21150.0,Sleep stage W,W,2.6647239561992506e-10,4.2375623862085314e-11,9.263207896248338e-12,1.5170598343401e-11,0.7995407341607323,0.12714651862677717,0.02779391848382547,0.04551882872866498,0.7133189276631936,1.171875
SC4001,705,21150.0,21180.0,Sleep stage W,W,2.4545923323761757e-10,3.918036091008243e-11,8.44629654708363e-12,1.7149324661157648e-11,0.7912036451309872,0.12629243545137112,0.02722546032497621,0.055278459092665426,0.7265915480995755,1.171875
SC4001,706,21180.0,21210.0,Sleep stage W,W,3.408333304611335e-10,8.611063009351926e-11,1.2434403905016582e-11,2.1487973749289678e-11,0.7395491972481575,0.1868451283037215,0.026980499277382164,0.046625175170738824,0.7474623079980922,0.5859375
SC4001,707,21210.0,21240.0,Sleep stage W,W,2.8252512113917487e-10,6.296656887857592e-11,9.29712546592555e-12,2.0682788203552935e-11,0.7524540294517731,0.16769994923777926,0.02476119465393747,0.055084826656510245,0.7410253375566369,1.07421875
SC4001,708,21240.0,21270.0,Sleep stage W,W,2.2058177086578643e-10,4.168188220844545e-11,8.353842184742995e-12,1.881482253865462e-11,0.7621186622981639,0.14401253642169062,0.028862852111020947,0.06500594916912461,0.7466006602551218,0.5859375
SC4001,709,21270.0,21300.0,Sleep stage W,W,1.7277034736255964e-10,4.8692006226706285e-11,8.237701512441677e-12,1.5132248002972864e-11,0.7056681049505547,0.19887901069119765,0.03364630160310001,0.06180658275514781,0.7575986826235748,1.46484375
SC4001,710,21300.0,21330.0,Sleep stage W,W,3.4752177623796947e-10,5.205054361827541e-11,8.130071535066412e-12,1.6943523267146506e-11,0.8183801238673891,0.12257398887291686,0.01914553102814004,0.039900356231553906,0.710172012775305,0.5859375
SC4001,711,21330.0,21360.0,Sleep stage W,W,3.0548697985262127e-10,3.1373579998462e-11,8.572267152125474e-12,2.3308380346653245e-11,0.8284590215673262,0.08508292366872552,0.02324738049683744,0.06321067426711068,0.6810098545109403,1.171875
SC4001,712,21360.0,21390.0,Sleep stage W,W,3.537546530825061e-10,4.216003191614457e-11,1.0938565083108142e-11,3.548841348037207e-11,0.799731705654306,0.09531101270595736,0.02472876960090313,0.08022851203883352,0.70001133565587,0.9765625
SC4001,713,21390.0,21420.0,Sleep stage W,W,2.4617765535805776e-10,4.2840822557695826e-11,9.607402622442998e-12,1.9301965316553833e-11,0.774319263215866,0.13475014257564663,0.03021881457603518,0.06071177963245218,0.7368873039328401,0.5859375
SC4001,714,21420.0,21450.0,Sleep stage W,W,2.993195829633468e-10,7.491406303567975e-11,9.535190517448058e-12,1.0822550969731851e-11,0.7585557932984788,0.18985225073696899,0.024164720315344883,0.027427235649207293,0.7165086222375848,1.171875
SC4001,715,21450.0,21480.0,Sleep stage W,W,3.1560057425514604e-10,4.412433485273276e-11,9.842287293886028e-12,2.0233844029999398e-11,0.8096452844393903,0.11319706792947068,0.025249515196224696,0.051908132434914295,0.7252284850788835,2.05078125
SC4001,716,21480.0,21510.0,Sleep stage W,W,2.9186648415148837e-10,6.248487420974556e-11,8.146935267185957e-12,1.308241791986422e-11,0.7771072240326337,0.1663686986271461,0.021691569925412955,0.03483250741480734,0.720500210527512,1.07421875
SC4001,717,21510.0,21540.0,Sleep stage W,W,3.037188507421902e-10,5.2734926221266725e-11,9.46776562396305e-12,1.498360408139822e-11,0.7973608479652852,0.13844634729264407,0.024855966654068067,0.039336838088002694,0.7180420339437239,0.5859375
SC4001,718,21540.0,21570.0,Sleep stage W,W,3.493251534961552e-10,4.648130939491591e-11,6.823607572220405e-12,1.6851291805972194e-11,0.8327548847615417,0.11080661401371086,0.01626677174715656,0.04017172947759096,0.6772594155252505,0.5859375
SC4001,719,21570.0,21600.0,Sleep stage W,W,3.2701559993715006e-10,4.133325726377043e-11,7.045548821369275e-12,1.5216886489412e-11,0.8371893137916729,0.10581685183239341,0.018037237930488677,0.0389565964454449,0.6692750865987603,0.5859375
SC4001,720,21600.0,21630.0,Sleep stage W,W,3.4177455517630556e-10,5.755247381029284e-11,1.0372795899882487e-11,1.2499027824103258e-11,0.8095108572229845,0.13631603553822272,0.02456850802243417,0.0296045992163586,0.6945044062587222,0.9765625
SC4001,721,21630.0,21660.0,Sleep stage W,W,7.236788943096486e-10,8.251817436583181e-11,1.2618645107485289e-11,1.8321849916869243e-11,0.86446830926002,0.09857182133977163,0.01507356216547684,0.021886307234731554,0.6430647708890196,1.171875
SC4001,722,21660.0,21690.0,Sleep stage W,W,4.2165223983034364e-10,7.334137006332078e-11,1.0135248833289949e-11,1.9216867323254923e-11,0.8041492833489177,0.1398721614759532,0.019329324775156913,0.03664923039997239,0.7108793873529778,1.26953125
SC4001,723,21690.0,21720.0,Sleep stage W,W,3.096866002543141e-10,9.270519519527277e-11,1.0162866357567685e-11,1.4011038287654971e-11,0.7259997702241001,0.21732923011547317,0.023824855949057467,0.032846143711369305,0.7346189994010607,1.26953125
SC4001,724,21720.0,21750.0,Sleep stage W,W,2.8455932805780744e-10,6.292740458738321e-11,1.0656046760927949e-11,1.5026281594683876e-11,0.7625480185700484,0.16862974765008154,0.02855554726951234,0.04026668651035774,0.7259994617943979,1.85546875
SC4001,725,21750.0,21780.0,Sleep stage W,W,3.3566701239705755e-10,7.500372192335664e-11,1.2310016129339371e-11,1.8873358188701984e-11,0.7596783776242195,0.1697477073472864,0.02785991097213485,0.04271400405635924,0.7164720289410231,0.5859375
SC4001,726,21780.0,21810.0,Sleep stage W,W,2.0594258049872302e-10,4.303107695847469e-11,7.406338796473136e-12,1.6639039705415198e-11,0.7543158292068141,0.15761200242800363,0.027127554569429474,0.06094461379575262,0.7532714167600885,0.9765625
SC4001,727,21810.0,21840.0,Sleep stage W,W,2.631101894978177e-10,5.34015313645686e-11,9.218697808036723e-12,1.953477497290734e-11,0.7620524580581345,0.15466815754307986,0.026700339268950237,0.05657904512983537,0.7386916402879581,1.07421875
SC4001,728,21840.0,21870.0,Sleep stage W,W,2.393885686530108e-10,5.3558444170640944e-11,9.48529780413988e-12,1.5525779112461153e-11,0.752893467338959,0.16844498032553304,0.02983191216140667,0.0488296401741013,0.7432879618512735,1.171875
SC4001,729,21870.0,21900.0,Sleep stage W,W,3.066708826441522e-10,7.555540717058619e-11,1.1959703659590755e-11,2.0494763524442064e-11,0.7395348770549798,0.18220138237764932,0.028840749076828265,0.04942299149054268,0.7469825969047654,2.34375
SC4001,730,21900.0,21930.0,Sleep stage W,W,3.5731904298534754e-10,4.5898702261481483e-11,6.743366582103765e-12,1.6846758884211783e-11,0.8371894416762055,0.1075394935543018,0.0157995366178145,0.03947152815167836,0.6842199891923777,1.07421875
SC4001,731,21930.0,21960.0,Sleep stage W,W,2.592018738938489e-10,7.609120844024401e-11,1.0568015403004634e-11,1.4733603461201377e-11,0.718817755869652,0.21101588067540625,0.029307184403669456,0.04085917905127243,0.7468201659217211,2.05078125
SC4001,732,21960.0,21990.0,Sleep stage W,W,2.71507638395528e-10,5.842645868111455e-11,7.592675110721577e-12,1.3786636973552977e-11,0.7728359673033871,0.1663086496489311,0.021612255361547542,0.039243127686134194,0.7242386224559703,1.3671875
SC4001,733,21990.0,22020.0,Sleep stage W,W,3.542392490311937e-10,6.49233965156847e-11,9.325740485379972e-12,1.1626601707123635e-11,0.8048788587062606,0.14751462305148685,0.021189327210329616,0.026417191031922842,0.7107685837304746,1.26953125
SC4001,734,22020.0,22050.0,Sleep stage W,W,2.8640578159203065e-10,6.643890814874591e-11,9.62961568627112e-12,1.4256219311265657e-11,0.7602404445219176,0.17635658324978065,0.02556101789989037,0.03784195432841125,0.7382641925346543,1.07421875
SC4001,735,22050.0,22080.0,Sleep stage W,W,6.565102258995216e-10,6.270822061971687e-11,1.1228525799900194e-11,8.97683744709085e-12,0.8878673059054978,0.08480687231256755,0.015185507487850731,0.01214031429408379,0.6345223906562681,0.5859375
SC4001,736,22080.0,22110.0,Sleep stage W,W,3.6645231746596994e-10,6.398838370230889e-11,6.779719368953176e-12,9.525193707989042e-12,0.8202706546657274,0.14323225939311704,0.01517579390322062,0.02132129203793507,0.6892653856859701,1.171875
SC4001,737,22110.0,22140.0,Sleep stage W,W,7.379816777473105e-10,4.7860765223296384e-11,8.334726992336689e-12,1.554372351177574e-11,0.911402538448085,0.05910773157638753,0.010293333245447386,0.019196396730080226,0.5767954810551053,0.5859375
SC4001,738,22140.0,22170.0,Sleep stage W,W,4.527472246289834e-10,4.9255978461153034e-11,8.858367628450113e-12,1.2059519945059944e-11,0.8658041006806506,0.09419390294363837,0.016940161310395482,0.023061835065315568,0.6560650877655425,1.07421875
SC4001,739,22170.0,22200.0,Sleep stage W,W,3.7219639695231927e-10,8.087665823079389e-11,1.0072212957153883e-11,8.583091209862712e-12,0.7890057690512197,0.17144752192175286,0.021351722357819933,0.018194986669207446,0.7091606942729144,2.05078125
SC4001,740,22200.0,22230.0,Sleep stage W,W,3.823964601548468e-10,4.8898007312868976e-11,8.568228601546371e-12,8.939301746765447e-12,0.8520382307023472,0.10895229422065361,0.01909133346830299,0.019918141608696305,0.6763334777671338,0.5859375
SC4001,741,22230.0,22260.0,Sleep stage W,W,3.481029910675142e-10,5.333715663335897e-11,1.494929969929169e-11,5.422633447434327e-11,0.7396755580124965,0.11333482362387405,0.03176540242604527,0.11522421593758402,0.7432938278910901,0.9765625
SC4001,742,22260.0,22290.0,Sleep stage W,W,4.2989379071603176e-10,5.059683724810328e-11,1.5018358036378133e-11,2.9800192970639636e-11,0.8183633713730314,0.0963182051134153,0.028589559515773966,0.0567288639977793,0.6932801396279014,0.5859375
SC4001,743,22290.0,22320.0,Sleep stage W,W,2.5367068507188925e-10,3.605314638814467e-11,1.0708951166249097e-11,2.9624077987173516e-11,0.7685666178864061,0.10923313734831896,0.03244577660450694,0.08975446816076797,0.7389375046577301,0.68359375
SC4001,744,22320.0,22350.0,Sleep stage W,W,6.229545880181777e-10,6.448505688086072e-11,1.069311757573661e-11,2.6452639954555626e-11,0.8597393570579624,0.08899579906614251,0.014757566933981281,0.03650727694191379,0.6652498126769009,0.5859375
SC4001,745,22350.0,22380.0,Sleep stage W,W,6.10308093448189e-10,1.4856472352550536e-10,2.4630297780135794e-11,3.908658950514499e-11,0.7419350014816698,0.18060610624751128,0.029942385192292,0.047516507078526955,0.7221920696827475,0.5859375
SC4001,746,22380.0,22410.0,Sleep stage W,W,4.699974246214656e-10,1.1030651103898117e-10,1.7198472179530604e-11,4.0406413779539064e-11,0.7367783744207219,0.17291893026175137,0.02696070597654896,0.0633419893409777,0.754412952063403,1.85546875
SC4001,747,22410.0,22440.0,Sleep stage W,W,4.5382871963765023e-10,9.576433843569397e-11,1.1163937898060042e-11,1.6621582955848953e-11,0.7860158589202362,0.16586056693273998,0.019335559554014288,0.028788014593009677,0.7079792220545055,1.171875
SC4001,748,22440.0,22470.0,Sleep stage W,W,3.5913676157703354e-10,5.211948588694486e-11,1.2695809596678542e-11,2.6792438537644306e-11,0.7967634992421347,0.11562977783625158,0.02816631089377276,0.059440412027840804,0.7318283241494267,0.5859375
SC4001,749,22470.0,22500.0,Sleep stage W,W,4.729812287203597e-10,7.167792408499545e-11,9.734310600278876e-12,1.4072441542483226e-11,0.8320309531378628,0.12609010225782558,0.017123824868911546,0.024755119735400122,0.6785666829755016,0.5859375
SC4001,750,22500.0,22530.0,Sleep stage W,W,3.7324841877978335e-10,8.491430145775521e-11,1.3459398204433164e-11,1.2391897635962996e-11,0.7711520872975791,0.17543769113513136,0.027807868692517296,0.025602352874772298,0.7114187555649029,1.26953125
SC4001,751,22530.0,22560.0,Sleep stage W,W,4.701220459196341e-10,7.97042848674024e-11,1.145622574159781e-11,1.3684306000907368e-11,0.8176506796432624,0.1386241365576215,0.019925019141445198,0.02380016465767063,0.6896164515997214,1.171875
SC4001,752,22560.0,22590.0,Sleep stage W,W,2.0072522253603721e-10,4.077797580182203e-11,8.014248468001925e-12,1.673871945211427e-11,0.7538800898288106,0.15315316965208714,0.03009976662939301,0.06286697388970942,0.7398798996869942,1.171875
SC4001,753,22590.0,22620.0,Sleep stage W,W,3.04354626439638e-10,7.495409458114777e-11,8.695372694854063e-12,1.2166038599368555e-11,0.7605630752073577,0.18730556962743272,0.021729189643791773,0.03040216552141782,0.719299576954956,1.3671875
SC4001,754,22620.0,22650.0,Sleep stage W,W,3.6678328046170687e-10,8.351430210653554e-11,8.862154105772823e-12,1.1293162070188626e-11,0.7796386874026583,0.1775189446796122,0.01883749495311619,0.024004872964613143,0.7027377072730401,0.5859375
SC4001,755,22650.0,22680.0,Sleep stage W,W,4.804454983965241e-10,7.362395498396489e-11,1.9281762630602174e-11,4.3714606162345885e-11,0.7785968386715907,0.11931296846849442,0.031247497329681462,0.07084269553023329,0.727233744337463,1.953125
SC4001,756,22680.0,22710.0,Sleep stage W,W,3.6523595375455685e-10,8.282185140771933e-11,1.3813953044323292e-11,1.7748646347728694e-11,0.7615104576168743,0.17268208487643236,0.028801846028964222,0.03700561147772904,0.731494863768701,1.26953125
SC4001,757,22710.0,22740.0,Sleep stage W,W,3.8954838014427243e-10,7.826351579147693e-11,1.4164624179496049e-11,4.042507646066347e-11,0.7456875757991067,0.14981484801052794,0.027114435086604532,0.07738314110376078,0.7479916201358406,1.07421875
SC4001,758,22740.0,22770.0,Sleep stage W,W,4.6153972467494325e-10,7.776956239540217e-11,1.809894830439405e-11,2.8926235876143276e-11,0.787161163644868,0.13263685866786754,0.03086795880477887,0.049334018882485633,0.7187247984162783,0.5859375
SC4001,759,22770.0,22800.0,Sleep stage W,W,2.7356221920310335e-10,7.158843465788039e-11,8.930843207895024e-12,8.84126782814229e-12,0.7537753088614497,0.1972552884032875,0.024608109690857066,0.024361293044405718,0.7138528999573562,1.26953125
SC4001,760,22800.0,22830.0,Sleep stage W,W,2.899477833086826e-10,5.3057204291726333e-11,7.113991238825526e-12,7.913711175707342e-12,0.8098360607702672,0.1481909495177999,0.019869669550366023,0.022103320161567033,0.6918431713465204,0.5859375
SC4001,761,22830.0,22860.0,Sleep stage W,W,3.3153695999964243e-10,7.66391356724364e-11,1.0274694809193253e-11,7.668608343607538e-12,0.7780377070697331,0.17985366515532059,0.024112243745598165,0.017996384029348243,0.6902138000003876,1.26953125
SC4001,762,22860.0,22890.0,Sleep stage W,W,3.9815205440125314e-10,6.258618584420748e-11,8.061315356338468e-12,7.486273458052757e-12,0.8359519223722692,0.13140467766539968,0.016925373094242226,0.01571802686808892,0.6709898733122488,1.171875
SC4001,763,22890.0,22920.0,Sleep stage W,W,4.5817779107284487e-10,5.5740565854196916e-11,1.1110056393608322e-11,8.888735851246025e-12,0.858143986915343,0.1043992798145749,0.020808577530877188,0.016648155739204907,0.6637657998027676,0.5859375
SC4001,764,22920.0,22950.0,Sleep stage W,W,2.6700297166131766e-10,3.174086334192374e-11,5.96589561790082e-12,1.0202460522625265e-11,0.8478648308011115,0.1007927423407785,0.018944632140891614,0.03239779471721854,0.6775111268144494,1.26953125
SC4001,765,22950.0,22980.0,Sleep stage W,W,1.8527672889363308e-10,4.47340616633662e-11,6.480386407663893e-12,6.834286188022285e-12,0.7614358419092905,0.18384455569820826,0.026632586346285857,0.02808701604621546,0.7315213308497537,0.5859375
SC4001,766,22980.0,23010.0,Sleep stage W,W,3.354805547733858e-10,6.53860235495357e-11,7.514680421278518e-12,8.130877469475683e-12,0.805452051945205,0.15698467791102225,0.018041924275223033,0.019521345868549783,0.6932402656926551,1.26953125
SC4001,767,23010.0,23040.0,Sleep stage W,W,3.293183365052683e-10,3.122845125750619e-11,7.0157388359363264e-12,1.46419150648725e-11,0.8616287531141111,0.08170614428650072,0.018355984575688385,0.0383091180236998,0.6536120289539915,0.5859375
SC4001,768,23040.0,23070.0,Sleep stage W,W,3.6053577267496355e-10,2.6877770211386374e-11,5.816766977176387e-12,1.174764555623057e-11,0.8902602421933576,0.06636847722619309,0.014363169400535267,0.029008111179914017,0.6303888856156341,0.5859375
SC4001,769,23070.0,23100.0,Sleep stage W,W,3.3246363817796114e-10,4.27937787932183e-11,7.79792274030635e-12,1.3327969825691671e-11,0.8387427779594205,0.10796059713812091,0.019672681852854274,0.03362394304960415,0.6975147176616484,0.5859375
SC4001,770,23100.0,23130.0,Sleep stage W,W,2.9456657194234397e-10,6.202470955073696e-11,9.883710193414806e-12,1.856914006350992e-11,0.7650202863852363,0.1610846768884332,0.02566903214053375,0.0482260045857968,0.7267164906303534,1.953125
SC4001,771,23130.0,23160.0,Sleep stage W,W,3.6501987335047174e-10,6.2755292791731e-11,9.815406521076792e-12,1.6422512417687296e-11,0.8039853593324862,0.13822353331631282,0.02161921504823226,0.03617189230296869,0.707454652351583,1.171875
SC4001,772,23160.0,23190.0,Sleep stage W,W,4.4892363127724e-10,3.531414911564276e-11,7.244360896655835e-12,1.4445157672375942e-11,0.8873283418356008,0.06980083736952324,0.014318976089094531,0.028551844705781235,0.6580374850811845,1.07421875
SC4001,773,23190.0,23220.0,Sleep stage W,W,4.095342899131339e-10,6.679223011912571e-11,1.6187276763080922e-11,2.6398636494295832e-11,0.7892165684234975,0.12871580219363318,0.031194621143420986,0.05087300823944829,0.7174818453819074,2.05078125
SC4001,774,23220.0,23250.0,Sleep stage W,W,3.241413301333504e-10,5.907633623946161e-11,9.659986548884152e-12,1.6446402652184246e-11,0.7918941623865664,0.14432656824098797,0.02359985057643548,0.04017941879601008,0.7080732869244356,0.5859375
SC4001,775,23250.0,23280.0,Sleep stage W,W,5.426066726176195e-10,1.1091342799705883e-10,1.4123193859209143e-11,2.3012932057888338e-11,0.7856392974872503,0.16059136765337756,0.020448948864373068,0.03332038599499915,0.7228882632217087,1.7578125
SC4001,776,23280.0,23310.0,Sleep stage W,W,4.659967204833893e-10,6.851658555012294e-11,8.333650981805871e-12,1.4982495045637334e-11,0.8353748959681474,0.12282712090045035,0.014939424497965075,0.02685855863343723,0.6731055935700977,1.953125
SC4001,777,23310.0,23340.0,Sleep stage W,W,4.157817383343803e-10,4.766076200407328e-11,7.42284373508987e-12,1.1041233279075897e-11,0.8627849418833429,0.09890041813892712,0.01540307620590629,0.022911563771823844,0.6472254513663716,1.07421875
SC4001,778,23340.0,23370.0,Sleep stage W,W,4.582983425636308e-10,5.7583008011573285e-11,1.0098747647394998e-11,1.8461383017885468e-11,0.8417770474053877,0.10576528423288596,0.01854882112286058,0.03390884723886591,0.6808964492931467,0.9765625
SC4001,779,23370.0,23400.0,Sleep stage W,W,4.374718117837092e-10,1.0643249191276172e-10,1.8528055183191798e-11,3.870037108214374e-11,0.7277457872099302,0.17705323068920906,0.03082190381543357,0.06437907828542726,0.7598537544010587,1.953125
SC4001,780,23400.0,23430.0,Sleep stage W,W,4.3882256527788305e-10,7.33040864777376e-11,1.1973902587062016e-11,1.4099167271402619e-11,0.8153526426246271,0.13620238646332877,0.02224806536716842,0.02619690554487576,0.7078233636320878,1.171875
SC4001,781,23430.0,23460.0,Sleep stage W,W,3.5028030669137964e-10,3.712981587402681e-11,6.167799942232928e-12,1.093768066754394e-11,0.8659253288177464,0.09178834038188392,0.015247372150344081,0.027038958650025587,0.6617431938073761,1.953125
SC4001,782,23460.0,23490.0,Sleep stage W,W,2.4788541852097566e-10,4.643145732557066e-11,8.563545856250386e-12,1.5583472503357805e-11,0.7783784065659558,0.1457981836255312,0.026890162470684535,0.048933247337828494,0.7426835960868747,0.5859375
SC4001,783,23490.0,23520.0,Sleep stage W,W,1.7036664307187725e-10,3.252520569550181e-11,6.285089503465381e-12,1.6651296414584148e-11,0.7544080717328923,0.14402630273760217,0.027831282975843596,0.07373434255366192,0.731659860976601,1.07421875
SC4001,784,23520.0,23550.0,Sleep stage W,W,4.0633652430060695e-10,4.7322161407457174e-11,7.030011878843753e-12,1.1913088783186923e-11,0.8597862640798495,0.1001311522136295,0.01487512760550284,0.02520745610101815,0.6436719303933551,1.171875
SC4001,785,23550.0,23580.0,Sleep stage W,W,2.529402145914414e-10,6.063604839254558e-11,1.2154684024163854e-11,1.8167814865401635e-11,0.7355077791307796,0.17631947280706042,0.035343785356903926,0.05282896270525605,0.7214529264511521,0.5859375
SC4001,786,23580.0,23610.0,Sleep stage W,W,3.164658909119664e-10,6.526521621695291e-11,7.915779039742332e-12,1.5403036520480166e-11,0.7813009537464847,0.16112882032825646,0.019542724479958355,0.03802750144530042,0.7033302589072007,1.171875
SC4001,787,23610.0,23640.0,Sleep stage W,W,3.3204691562468805e-10,5.6543476456643315e-11,7.909414192130727e-12,9.075624254753604e-12,0.8187056972170006,0.13941543841302687,0.019501709415261217,0.02237715495471123,0.6847792440665543,1.171875
SC4001,788,23640.0,23670.0,Sleep stage W,W,3.088269172427753e-10,3.9952487539384906e-11,6.29561404676266e-12,1.4206123518565124e-11,0.8362921412114075,0.1081898937091952,0.01704829552557705,0.03846966955382026,0.6763231028293927,0.5859375
SC4001,789,23670.0,23700.0,Sleep stage W,W,4.159308731938497e-10,4.277714387950654e-11,7.30506820068386e-12,1.2267987166814354e-11,0.8696369084212189,0.08943934089048962,0.015273588317855136,0.025650162370436366,0.6567241353266435,0.5859375
SC4001,790,23700.0,23730.0,Sleep stage W,W,4.539914663662304e-10,6.904605735831802e-11,2.1811411593355456e-11,4.6504338776428065e-11,0.7677161626635558,0.1167594065731069,0.036883894194650435,0.07864053656868696,0.736384495811814,1.07421875
SC4001,791,23730.0,23760.0,Sleep stage W,W,5.93502143306143e-10,8.263240829124406e-11,2.6385007482452296e-11,4.669711987699975e-11,0.7921635489115072,0.11029173617209923,0.03521679138161884,0.06232792353477476,0.7336421461499432,0.5859375
SC4001,792,23760.0,23790.0,Sleep stage W,W,4.104067003134495e-10,3.9142755134984484e-11,5.333734945804206e-12,1.2410695657069989e-11,0.8782625079506978,0.08376474912981563,0.011414091014275691,0.026558651905210916,0.6104951665454696,0.5859375
SC4001,793,23790.0,23820.0,Sleep stage W,W,2.0472287846507435e-10,2.4405546472356122e-11,4.377892368963968e-12,1.1479380579765248e-11,0.8356523675933332,0.09962029082896476,0.017869991622932593,0.046857349954769624,0.6391675753385114,0.5859375
SC4001,794,23820.0,23850.0,Sleep stage W,W,3.3578180990870087e-10,3.9761205865244425e-11,1.7175605629222852e-11,4.907469315867604e-11,0.7600427594557831,0.08999956439965204,0.03887701570644418,0.11108066043812065,0.7453942410715816,0.87890625
SC4001,795,23850.0,23880.0,Sleep stage W,W,6.844090979661288e-10,3.905997878294451e-11,9.444973587302534e-12,1.9950809070678717e-11,0.9090729756003746,0.05188179298700112,0.012545377127498364,0.026499854285125864,0.6138132812810337,0.5859375
SC4001,796,23880.0,23910.0,Sleep stage W,W,8.099284343978494e-10,4.0563750619877545e-11,1.0197801597412411e-11,1.9646307680296292e-11,0.9200216322400565,0.04607756249825205,0.011583984056427066,0.022316821205264438,0.5580626515107858,0.5859375
SC4001,797,23910.0,23940.0,Sleep stage W,W,2.291327443293998e-10,2.147113452748861e-11,5.18288854787598e-12,9.590650740128811e-12,0.863422162786646,0.0809079185319589,0.019530254624175212,0.03613966405721989,0.6778966005255859,0.9765625
SC4001,798,23940.0,23970.0,Sleep stage W,W,3.0540165494153615e-10,4.411444156889299e-11,8.291465359977888e-12,8.063317587967314e-12,0.8347252325564821,0.120573798150317,0.022662271925692354,0.022038697367508554,0.6646870351104919,0.5859375
SC4001,799,23970.0,24000.0,Sleep stage W,W,3.1931585898082565e-10,5.879560880296342e-11,8.278727914725694e-12,8.394317725285119e-12,0.8088358284663542,0.1489308896467439,0.02097024486327433,0.02126303702362774,0.6796286415010786,0.5859375
SC4001,800,24000.0,24030.0,Sleep stage W,W,3.7048702788582756e-10,4.274716828241804e-11,7.719696206200195e-12,1.1094552252772346e-11,0.8575126990805227,0.09894068318959309,0.017867663458112748,0.025678954271771526,0.6689688993480799,1.953125
SC4001,801,24030.0,24060.0,Sleep stage W,W,2.042355833387031e-10,2.4407280542326483e-11,4.72105445329419e-12,7.805905056152724e-12,0.8468538081069394,0.10120370865308802,0.019575643365838353,0.03236683987413397,0.6515147078273829,0.5859375
SC4001,802,24060.0,24090.0,Sleep stage W,W,9.850671484947356e-11,1.2126353972237755e-11,3.831228469121319e-12,5.171698972545492e-12,0.8233869230512483,0.10136041284382034,0.03202404450820041,0.04322861959673089,0.6893266379975794,0.5859375
SC4001,803,24090.0,24120.0,Sleep stage W,W,4.3222466944282577e-10,3.15630869681301e-11,5.805866580258099e-12,1.0146071292657123e-11,0.900956653353496,0.06579211048034232,0.012102118397613056,0.021149117768548664,0.6239255030673644,1.171875
SC4001,804,24120.0,24150.0,Sleep stage W,W,3.786449784089781e-10,2.791342470763852e-11,5.379502002827549e-12,9.2820704786867e-12,0.8989245533080514,0.06626804597289469,0.012771241428397776,0.02203615929065613,0.6340774261307209,1.171875
SC4001,805,24150.0,24180.0,Sleep stage W,W,3.000221279281645e-10,3.6104933532947927e-11,7.730352664674026e-12,1.010758528704056e-11,0.8476039394455799,0.10200142271930958,0.021839313710387984,0.028555324124722715,0.6730516714161163,1.07421875
SC4001,806,24180.0,24210.0,Sleep stage W,W,1.3069919602693158e-10,2.4082320038550365e-11,5.375770900360347e-12,9.746327074367884e-12,0.7692549494326808,0.14174106992715843,0.03164012096345457,0.05736385967670631,0.7120205789102015,0.5859375
SC4001,807,24210.0,24240.0,Sleep stage W,W,2.358267981049257e-10,3.398602374702552e-11,6.068488390783666e-12,1.0380775182286204e-11,0.8238142950533853,0.11872345475498632,0.021199064422987125,0.03626318576864129,0.709862193311568,1.07421875
SC4001,808,24240.0,24270.0,Sleep stage W,W,3.4183292851678846e-10,4.631341359475817e-11,1.082187005333593e-11,2.8802889564845164e-11,0.7991024338356633,0.10826681233838861,0.025298272860361085,0.06733248096558722,0.7201046975617188,0.5859375
SC4001,809,24270.0,24300.0,Sleep stage W,W,2.349156366193583e-10,3.221943647307089e-11,6.878347335499346e-12,8.817708280092637e-12,0.830586214793464,0.11391757555206172,0.02431962622685766,0.03117658342761677,0.6754366565252172,0.5859375
SC4001,810,24300.0,24330.0,Sleep stage W,W,2.1965003097782485e-10,2.958733215684987e-11,4.552326169829746e-12,7.0413069535226115e-12,0.8421162903527617,0.11343487768447809,0.017453164060786536,0.026995667901973573,0.6422886611192035,0.5859375
SC4001,811,24330.0,24360.0,Sleep stage W,W,5.087347625172222e-10,3.579242971383465e-11,7.493252859895859e-12,1.3929862615051568e-11,0.8989035885134565,0.063243060789054,0.013240125074352639,0.024613225623136774,0.5952082808525849,0.5859375
SC4001,812,24360.0,24390.0,Sleep stage W,W,3.596518202556498e-10,4.358477747650915e-11,1.2937256835303239e-11,3.453420839875681e-11,0.7979706817062335,0.09670290162919909,0.028704294194694488,0.07662212246987286,0.7065145039337817,1.26953125
SC4001,813,24390.0,24420.0,Sleep stage W,W,2.1886344251955082e-10,2.435408889796073e-11,6.428012636650756e-12,1.1170110414732537e-11,0.8391499465982122,0.09337663779251881,0.024645808357401988,0.04282760725186723,0.6327771377318842,0.5859375
SC4001,814,24420.0,24450.0,Sleep stage W,W,4.899398563699898e-10,3.8593563722856446e-11,1.666619260892385e-11,3.6443219129179035e-11,0.8423379943112371,0.06635268520608784,0.02865365426486985,0.06265566621780536,0.6839029590886437,0.5859375
SC4001,815,24450.0,24480.0,Sleep stage W,W,5.165084977924048e-10,6.099477773658649e-11,1.854189030530487e-11,3.9251634002616753e-11,0.8130192028749361,0.0960098929386146,0.02918618559083685,0.06178471859561238,0.6873132166041085,0.5859375
SC4001,816,24480.0,24510.0,Sleep stage W,W,5.206422267622419e-10,6.696580685098872e-11,1.578290704209054e-11,3.6205975190255845e-11,0.8140161621541413,0.10470001526267024,0.024676333876977503,0.056607488706210934,0.6792485675389285,1.171875
SC4001,817,24510.0,24540.0,Sleep stage W,W,4.5665627707749994e-10,5.0268951615112273e-11,9.430059579631087e-12,2.295115366029988e-11,0.8467473064870582,0.09321036743966792,0.017485531131131205,0.042556794942142796,0.6787300777450676,0.9765625
SC4001,818,24540.0,24570.0,Sleep stage W,W,3.082926700971373e-10,5.749322385931186e-11,1.068800758052454e-11,1.578415768301857e-11,0.7859434952341816,0.14656989833080172,0.027247388114288115,0.04023921832072863,0.7067008178679933,0.5859375
SC4001,819,24570.0,24600.0,Sleep stage W,W,3.173334759753084e-10,6.256420815933466e-11,7.816852667883696e-12,1.7351103702719435e-11,0.7834124750237819,0.15445449305771064,0.019297743096979503,0.042835288821527956,0.7287243833369885,1.07421875
SC4001,820,24600.0,24630.0,Sleep stage W,W,3.3480981814766316e-10,3.695958424827645e-11,7.377571371350485e-12,1.4387654457556072e-11,0.8507760032653833,0.09391698111801124,0.018746943323969208,0.03656007229263616,0.6807869420172604,1.07421875
SC4001,821,24630.0,24660.0,Sleep stage W,W,1.2636007112232707e-10,1.7390276127720262e-11,4.197253802513167e-12,1.200258949702628e-11,0.7899963775482575,0.10872307227623486,0.02624100532854295,0.07503954484696479,0.6904277685954554,0.5859375
SC4001,822,24660.0,24690.0,Sleep stage W,W,5.567128850181319e-10,2.8492689685782337e-11,1.4672105716591602e-11,3.423413236097355e-11,0.8779411986920044,0.04493322646175206,0.023138041936537367,0.05398753290970616,0.6140558917384374,1.07421875
SC4001,823,24690.0,24720.0,Sleep stage W,W,5.246052043842265e-10,3.681959306901558e-11,8.673987512771448e-12,1.7612101667494903e-11,0.8926246158025756,0.06264915948711355,0.014758936255983417,0.029967288454327477,0.6404444975602309,1.07421875
SC4001,824,24720.0,24750.0,Sleep stage W,W,3.933373437688595e-10,6.730132685015681e-11,1.0892938475357697e-11,1.504895905091758e-11,0.8083704313720357,0.138314867580287,0.022386710831627573,0.030927990216049903,0.691571279251234,1.07421875
SC4001,825,24750.0,24780.0,Sleep stage W,W,3.3805571305312807e-10,6.1260204188672e-11,9.334615371811349e-12,1.46897495287588e-11,0.7985436947846111,0.14470676846213765,0.022049910593370126,0.03469962615988101,0.7154549636819639,1.85546875
SC4001,826,24780.0,24810.0,Sleep stage W,W,2.5873715659397174e-10,6.373926845652379e-11,7.059913475633984e-12,1.6334978915598825e-11,0.7480734699475714,0.1842860776313504,0.020411965721394122,0.04722848669968392,0.7319002677635413,1.26953125
SC4001,827,24810.0,24840.0,Sleep stage W,W,2.580526470652284e-10,4.598242886718217e-11,6.2964374380324885e-12,1.697617917351579e-11,0.7884099669627251,0.14048685660208407,0.019237059138739458,0.051866117296451304,0.7091908840174787,0.5859375
SC4001,828,24840.0,24870.0,Sleep stage W,W,2.8470850190080364e-10,5.905760289633431e-11,6.954822351152968e-12,1.4200845873780931e-11,0.7801905036879874,0.16183633661333297,0.019058392415330926,0.03891476728334872,0.7149720793830027,1.07421875
SC4001,829,24870.0,24900.0,Sleep stage W,W,1.484893753142899e-10,3.3210456010917316e-11,5.784425329347385e-12,1.4416350037649022e-11,0.7354577965219349,0.1644891343072905,0.028649866011377128,0.0714032031593975,0.7368928683850308,1.171875
SC4001,830,24900.0,24930.0,Sleep stage W,W,2.568965124725308e-10,4.8169400658599513e-11,7.2657461215152815e-12,1.6033110719172842e-11,0.7823510192478281,0.1466947890382199,0.022127057425005904,0.048827134288946,0.7288668817322917,0.5859375
SC4001,831,24930.0,24960.0,Sleep stage W,W,1.7161583405873322e-10,4.23546107609926e-11,5.9254317469007945e-12,1.3767504762186243e-11,0.7344575477885177,0.18126336493175568,0.025358837628744583,0.05892024965098192,0.7524032975641864,0.5859375
SC4001,832,24960.0,24990.0,Sleep stage W,W,2.989603052061928e-10,3.43746407904026e-11,6.561180073560801e-12,1.5671901092648957e-11,0.8407963662866312,0.09667528620244407,0.01845267170368108,0.04407567580724351,0.6911220266245819,1.07421875
SC4001,833,24990.0,25020.0,Sleep stage W,W,2.60113941090813e-10,5.332464090917503e-11,7.330914044365331e-12,2.0020092012493e-11,0.7632684512867922,0.1564737972577967,0.02151155522727554,0.05874619622813562,0.732703628999419,0.5859375
SC4001,834,25020.0,25050.0,Sleep stage W,W,6.081121402882251e-10,6.58250421608883e-11,1.4602307783656085e-11,2.1474209378324758e-11,0.8564794462716916,0.09270953813559313,0.02056623385105726,0.030244781741658126,0.6681946582328175,0.5859375
SC4001,835,25050.0,25080.0,Sleep stage W,W,2.6127274823410196e-10,5.966367824851651e-11,9.527229136610015e-12,1.5606567364027292e-11,0.7549703236003155,0.17240338603591232,0.02752975697961445,0.04509653338415769,0.7277720791831946,2.05078125
SC4001,836,25080.0,25110.0,Sleep stage W,W,2.827178900811601e-10,3.608486822838541e-11,8.398765846378947e-12,1.588184634965616e-11,0.8240501125558384,0.10517813257812346,0.024480247567820638,0.046291507298217544,0.6815429880048754,1.26953125
SC4001,837,25110.0,25140.0,Sleep stage W,W,3.326585538634241e-10,5.097583735835016e-11,8.126215783151937e-12,1.2972573161969532e-11,0.8219206384963275,0.1259492422571576,0.020077957976662578,0.03205216126985231,0.6886541318068123,0.5859375
SC4001,838,25140.0,25170.0,Sleep stage W,W,3.784267957629891e-10,4.105036908191914e-11,5.820032622628337e-12,1.0535718363423347e-11,0.8682841107617579,0.09418831756580942,0.013353816132799082,0.024173755539633635,0.6744631519253587,0.5859375
SC4001,839,25170.0,25200.0,Sleep stage W,W,3.7491211479598046e-10,6.641362203548976e-11,1.0152292682707969e-11,2.0148475566837455e-11,0.7949343617394412,0.14081825622603905,0.021526128352273195,0.04272125368224665,0.714611314761743,1.171875
SC4001,840,25200.0,25230.0,Sleep stage W,W,4.5959656932937704e-10,5.651278720014298e-11,1.1063865830199276e-11,2.111405107283212e-11,0.8382404472970411,0.10307149178631263,0.02017895794103329,0.03850910297561284,0.6916394358375636,1.171875
SC4001,841,25230.0,25260.0,Sleep stage W,W,2.295278991406338e-10,5.813243093931746e-11,1.0350753829978214e-11,2.3263672715913284e-11,0.7144286764115192,0.18094303937803183,0.03221776257396009,0.07241052163648887,0.761773096122016,1.171875
SC4001,842,25260.0,25290.0,Sleep stage W,W,2.507023955648664e-10,4.880565682549936e-11,8.530657972784262e-12,2.337524746814544e-11,0.7564629963246301,0.14726494063458734,0.025740189183965357,0.07053187385681713,0.7203064468076623,1.26953125
SC4001,843,25290.0,25320.0,Sleep stage W,W,3.0828001851305934e-10,4.8171968361756783e-11,7.533101294640345e-12,1.251691762039639e-11,0.8188004679186965,0.12794611348935095,0.020008130577782356,0.03324528801417008,0.6910184954765215,1.171875
SC4001,844,25320.0,25350.0,Sleep stage W,W,3.015042328712925e-10,4.6774941194776244e-11,9.44834793790664e-12,1.67401771057261e-11,0.8051541790870616,0.12491048308301052,0.025231409706017706,0.04470392812391012,0.7286143849024737,1.07421875
SC4001,845,25350.0,25380.0,Sleep stage W,W,3.792037703164556e-10,3.440135036871244e-11,7.425937522635548e-12,1.5302731626877542e-11,0.8690680830841201,0.07884182057444253,0.017018937555693545,0.03507115878574398,0.6538386802660331,1.07421875
SC4001,846,25380.0,25410.0,Sleep stage W,W,3.9782479237439813e-10,4.959166481759941e-11,1.0726177585330587e-11,3.548492797466105e-11,0.8059209460600465,0.10046372723014962,0.02172929227357526,0.07188603443622851,0.7024765285814916,0.5859375
SC4001,847,25410.0,25440.0,Sleep stage W,W,5.767819774036562e-10,5.873511918634296e-11,1.221583750552477e-11,2.6071179893667473e-11,0.8560083938770794,0.08716942797901221,0.01812965705003209,0.03869252109387638,0.664643783984219,1.07421875
SC4001,848,25440.0,25470.0,Sleep stage W,W,5.262827519976643e-10,5.313983359156376e-11,1.0191350812783096e-11,1.8208268633752672e-11,0.8658498285147351,0.08742660789833609,0.016766993256166818,0.029956570330761958,0.6267447669157364,0.5859375
SC4001,849,25470.0,25500.0,Sleep stage W,W,2.967961315600958e-10,6.01280321101339e-11,1.015524956174275e-11,2.2336490927658187e-11,0.7621571907818953,0.15440569187817768,0.026078158219187363,0.057358959120739815,0.7234140657592107,2.05078125
SC4001,850,25500.0,25530.0,Sleep stage W,W,2.565366975495713e-10,6.058238190981429e-11,1.093767806777849e-11,2.0032806471312222e-11,0.7369847420955552,0.17404251139824314,0.03142202237303032,0.05755072413317141,0.7474101056632286,1.171875
SC4001,851,25530.0,25560.0,Sleep stage W,W,2.6842199988874396e-10,4.862031240446314e-11,9.77573181638736e-12,2.4589422257984904e-11,0.7638483116575818,0.13835879159609346,0.02781879371385281,0.06997410303247191,0.7433000770342573,1.171875
SC4001,852,25560.0,25590.0,Sleep stage W,W,3.236804244194462e-10,6.030169505760666e-11,9.939459958811185e-12,2.1476131391801218e-11,0.7792060860771822,0.14516617084253464,0.023927575188142376,0.05170016789214073,0.721603749965316,1.171875
SC4001,853,25590.0,25620.0,Sleep stage W,W,3.1595173754635424e-10,4.89425146168121e-11,9.831501431887734e-12,2.5512499995316377e-11,0.7894091449582417,0.1222834503642998,0.024564122353856573,0.06374328232360196,0.731063165852754,1.3671875
SC4001,854,25620.0,25650.0,Sleep stage W,W,6.471878892153895e-10,9.87407373647247e-11,1.6534589534483512e-11,4.065019990592763e-11,0.8058486837665393,0.12294743854982637,0.02058811271814308,0.050615764965491146,0.7158622351004233,1.07421875
SC4001,855,25650.0,25680.0,Sleep stage W,W,4.718049947477145e-10,8.104300418766446e-11,1.5223280495444998e-11,2.7984329289263323e-11,0.7915452649809358,0.13596550892573334,0.025540033971216226,0.046949192122114555,0.7223067988200672,1.26953125
SC4001,856,25680.0,25710.0,Sleep stage W,W,5.379264054790424e-10,9.863205021645052e-11,1.6141626540585388e-11,3.242470610621858e-11,0.7851509894724282,0.14396216849064394,0.023560126294132608,0.04732671574279515,0.7258873463573874,1.171875
SC4001,857,25710.0,25740.0,Sleep stage W,W,8.371828630564329e-10,6.867381097057789e-11,1.1039179431801165e-11,1.9153876303040204e-11,0.8943786173299011,0.07336555824662194,0.011793368536744016,0.020462455886732955,0.6269448621441938,1.26953125
SC4001,858,25740.0,25770.0,Sleep stage W,W,4.738661288936526e-10,7.16863607302118e-11,7.679117234475963e-12,1.2011211686676276e-11,0.8383408215842966,0.12682400974989586,0.013585519324673011,0.02124964934113478,0.681300793720633,1.171875
SC4001,859,25770.0,25800.0,Sleep stage W,W,4.936518917655095e-10,5.4388486078622196e-11,8.059840585902286e-12,1.6524774825773977e-11,0.8620858285607192,0.0949809853205714,0.01407525113438722,0.028857934984322084,0.6408868357916895,1.26953125
SC4001,860,25800.0,25830.0,Sleep stage W,W,4.915296789960888e-10,5.22025737010144e-11,9.256592872599821e-12,1.890828949683291e-11,0.8594721827709508,0.09127965590340129,0.01618576542007487,0.03306239590557326,0.6484364375227997,0.5859375
SC4001,861,25830.0,25860.0,Sleep stage W,W,4.645290974067705e-10,6.899983631702408e-11,7.307914788542456e-12,9.648732349712898e-12,0.8438533424968676,0.12534358521974664,0.013275397290331205,0.017527674993054618,0.6707276320582987,1.26953125
SC4001,862,25860.0,25890.0,Sleep stage W,W,6.990862896109104e-10,6.739488299977728e-11,1.4287447976282843e-11,3.8702539063744675e-11,0.8530944394783623,0.08224192176391312,0.01743496132600031,0.0472286774317243,0.6668942838871843,1.171875
SC4001,863,25890.0,25920.0,Sleep stage W,W,3.736291799940983e-10,3.892920141580768e-11,1.1288651908444888e-11,2.813891511625128e-11,0.8266389282412807,0.08612922935023574,0.024975670034747204,0.062256172373736304,0.6758874786265795,1.171875
SC4001,864,25920.0,25950.0,Sleep stage W,W,4.0989075221531613e-10,3.617866641365602e-11,6.518904076004621e-12,1.2585519459264651e-11,0.8811560648128486,0.07777450736553286,0.014013909392830726,0.027055518428787777,0.5802279271071418,0.5859375
SC4001,865,25950.0,25980.0,Sleep stage W,W,3.411854952462398e-10,2.2113118948787945e-11,6.338580757061708e-12,1.2966186422513246e-11,0.8917472031230924,0.05779645456697425,0.016566975268981418,0.033889367040951995,0.6318988180230442,0.5859375
SC4001,866,25980.0,26010.0,Sleep stage W,W,5.276918388824516e-10,5.6211966382384417e-11,1.616966308755964e-11,2.5651758955155748e-11,0.8433283745855505,0.0898349050497137,0.025841475430256312,0.0409952449344792,0.5901974301722926,0.5859375
SC4001,867,26010.0,26040.0,Sleep stage W,W,2.628881333381142e-10,1.8963482921785552e-11,4.202863217821488e-12,6.708348015200414e-12,0.8979559857013277,0.06477421701443312,0.014355863597208578,0.022913933687030697,0.5191634573590304,0.5859375
SC4001,868,26040.0,26070.0,Sleep stage W,W,5.314653023505372e-10,2.6837470188337314e-11,6.295890680091943e-12,1.0081564498456777e-11,0.9248017883988601,0.04669983217437855,0.010955467713059554,0.01754291171370176,0.5732659897124632,1.07421875
SC4001,869,26070.0,26100.0,Sleep stage W,W,4.881040547282124e-10,5.979618293190051e-11,7.911934244336831e-12,1.1728924712956257e-11,0.8600329696604435,0.10536009337172397,0.013940724806525277,0.020666212161307193,0.6624992861186392,0.5859375
SC4001,870,26100.0,26130.0,Sleep stage W,W,4.63005616928854e-10,4.731998103925535e-11,6.047808039026376e-12,9.272910652222346e-12,0.880831087852751,0.0900224724107042,0.011505470213245349,0.017640969523299445,0.580534017818664,0.5859375
SC4001,871,26130.0,26160.0,Sleep stage W,W,3.313621889717387e-10,3.858473010452166e-11,9.693071346062708e-12,1.4581158632866884e-11,0.8405489907527738,0.09787585013385441,0.02458790293035674,0.03698725618301508,0.663918949861419,0.5859375
SC4001,872,26160.0,26190.0,Sleep stage W,W,4.773199522701511e-10,6.0365398929678e-11,1.0421699825975682e-11,1.521962557954375e-11,0.8473235372883798,0.10715877915358936,0.018500277474480128,0.027017406083550716,0.6450505753703679,0.5859375
SC4001,873,26190.0,26220.0,Sleep stage W,W,4.593001096123362e-10,6.226247934370514e-11,1.2707431500491614e-11,1.984485382795042e-11,0.8288896958512808,0.11236384770234391,0.0229328467619651,0.035813609684410025,0.6715564164162308,0.5859375
SC4001,874,26220.0,26250.0,Sleep stage W,W,2.972829859757461e-10,2.80669924510284e-11,6.897118868363696e-12,1.1466573727596433e-11,0.86491463982555,0.08165806255978666,0.020066466509292533,0.0333608311053708,0.6578062680188475,0.5859375
SC4001,875,26250.0,26280.0,Sleep stage W,W,3.8727718774221313e-10,3.111362686043666e-11,5.774468258037641e-12,1.0865474796142224e-11,0.8902294399324139,0.0715205219695762,0.01327370112665179,0.024976336971358155,0.6259158097031787,0.5859375
SC4001,876,26280.0,26310.0,Sleep stage W,W,3.610013438447328e-10,5.863030141153029e-11,1.9289855999541503e-11,3.947666702200371e-11,0.7546043605148116,0.12255544711342489,0.040321759736211576,0.08251843263555182,0.7133479455586066,0.5859375
SC4001,877,26310.0,26340.0,Sleep stage W,W,1.4358504374007424e-10,1.1798055331372378e-11,4.650557284969685e-12,1.0510114702068043e-11,0.8419248785746318,0.06917904569687561,0.027268995262071903,0.061627080466420694,0.6362507610359307,0.5859375
SC4001,878,26340.0,26370.0,Sleep stage W,W,3.689645730629275e-10,3.900023107350046e-11,8.558967683633779e-12,1.4450683447810441e-11,0.8561170355992388,0.09049313850692116,0.01985957074489241,0.03353025514894756,0.6257746301073049,1.07421875
SC4001,879,26370.0,26400.0,Sleep stage W,W,4.852793730885457e-10,4.799506639724682e-11,2.4553964379347442e-11,5.394518585798234e-11,0.7932336100160428,0.07845233466022704,0.040135705090604074,0.08817835023312623,0.6881290599584932,0.5859375
SC4001,880,26400.0,26430.0,Sleep stage W,W,4.952175521861539e-10,4.9150299969937495e-11,1.632700431372023e-11,4.604891062204798e-11,0.8161889401184059,0.08100668294544879,0.026909224617132917,0.07589515231901224,0.6980530779194047,1.07421875
SC4001,881,26430.0,26460.0,Sleep stage W,W,6.512616322874317e-10,5.5153967346607845e-11,1.9227874801988596e-11,4.698993489435942e-11,0.8429115598972815,0.07138439353070135,0.02488615502486836,0.06081789154714891,0.6526699052213747,0.5859375
SC4001,882,26460.0,26490.0,Sleep stage W,W,5.122503353887314e-10,4.548532536403591e-11,1.284168249632791e-11,2.6646282981512894e-11,0.8577194754028942,0.07616129598073285,0.02150230153716207,0.044616927079210805,0.6681206627863363,1.07421875
SC4001,883,26490.0,26520.0,Sleep stage W,W,2.6436055566923435e-10,3.7337037312811234e-11,7.470461985551382e-12,1.248319491532656e-11,0.8218856782476606,0.11607925455412155,0.023225347292356317,0.0388097199058616,0.6793152526524722,0.5859375
SC4001,884,26520.0,26550.0,Sleep stage W,W,4.4536918893804846e-10,4.40236512341008e-11,1.014290320278118e-11,1.549819895572888e-11,0.8647375489907322,0.08547718434805016,0.01969365971664308,0.030091606944574554,0.6626633726703053,0.5859375
SC4001,885,26550.0,26580.0,Sleep stage W,W,4.541329925795654e-10,3.7754442729345364e-11,8.695837139366857e-12,1.3689996273482626e-11,0.8830577441995476,0.0734131929959825,0.016908981407842933,0.026620081396626877,0.6396025698140612,0.5859375
SC4001,886,26580.0,26610.0,Sleep stage W,W,5.485690316818207e-10,4.987252848836538e-11,1.3444337154407262e-11,3.600663792239993e-11,0.8466975645470156,0.07697654437298415,0.020750875219270635,0.05557501586072954,0.6915409734112047,1.3671875
SC4001,887,26610.0,26640.0,Sleep stage W,W,6.175036139632388e-10,3.369050593284403e-11,1.1346943464034141e-11,2.2492601485522925e-11,0.9014208288615746,0.049180803311959245,0.016564066915734678,0.032834300910731494,0.6139754586380575,0.5859375
SC4001,888,26640.0,26670.0,Sleep stage W,W,4.825461826952404e-10,4.2925815450737225e-11,1.0033830329243015e-11,1.4796019020709115e-11,0.8768754546091352,0.07800412745489595,0.01823332117618818,0.02688709675978064,0.6321094464256518,0.5859375
SC4001,889,26670.0,26700.0,Sleep stage W,W,5.265970214076751e-10,4.640661064331555e-11,1.3145687660964867e-11,3.782770874986985e-11,0.8439365511672712,0.07437230623331302,0.021067582717540882,0.06062355988187494,0.6736724265209335,1.07421875
SC4001,890,26700.0,26730.0,Sleep stage W,W,7.38347213820601e-10,5.009457792390199e-11,1.5253631845418618e-11,4.069375734711126e-11,0.8744157676218028,0.05932640902422648,0.018064693614964853,0.048193129739005795,0.6198169029248951,0.5859375
SC4001,891,26730.0,26760.0,Sleep stage W,W,5.336802252996111e-10,3.653430570557226e-11,1.1186759282576189e-11,3.4360654552855366e-11,0.8666989406721942,0.05933186682237869,0.018167344338682365,0.05580184816674461,0.6282203262798248,0.5859375
SC4001,892,26760.0,26790.0,Sleep stage W,W,3.7708429123127746e-10,4.23301999872627e-11,8.778049161668427e-12,1.5823287655163057e-11,0.849258669223021,0.09533488969201914,0.019769676230931885,0.03563676485402796,0.6251304249396694,0.5859375
SC4001,893,26790.0,26820.0,Sleep stage W,W,7.567625768014752e-10,5.085043946328828e-11,1.241038021730229e-11,3.8209014961990065e-11,0.8817688154286224,0.05925019701566349,0.014460395636213123,0.044520591919500974,0.6268652248867539,1.07421875
SC4001,894,26820.0,26850.0,Sleep stage W,W,7.991988179415203e-10,5.606718103098517e-11,1.2717778448811061e-11,1.986782888451591e-11,0.9001490927823197,0.06314927025279501,0.014324216297503946,0.022377420667381402,0.648575405831861,1.66015625
SC4001,895,26850.0,26880.0,Sleep stage W,W,1.2740219914474202e-09,8.377806303404483e-11,1.7023905146586394e-11,3.7079097822410894e-11,0.9023438151256502,0.05933697968281668,0.01205741786360831,0.026261787327924845,0.6284123368948878,0.9765625
SC4001,896,26880.0,26910.0,Sleep stage W,W,6.730498855192553e-10,3.453415852153745e-11,7.781891012123677e-12,1.465430924156013e-11,0.921960576818962,0.047305754588919335,0.010659829056719427,0.02007383953539904,0.545636720960678,0.5859375
SC4001,897,26910.0,26940.0,Sleep stage W,W,1.0691769722286981e-09,4.931356773651471e-11,1.0909809464780697e-11,2.3701194646407735e-11,0.9272184030289162,0.042766023504038714,0.009461273832149031,0.020554299634896127,0.6121997760493207,1.171875
SC4001,898,26940.0,26970.0,Sleep stage W,W,1.03098970563748e-09,6.063969071900492e-11,1.1632405275089706e-11,1.6382395787540908e-11,0.9208190494926938,0.054159786527528175,0.010389376644744363,0.01463178733503363,0.5698968316751716,0.5859375
SC4001,899,26970.0,27000.0,Sleep stage W,W,4.4377239012004304e-10,4.7487493333095153e-11,8.804400336091987e-12,1.2170643366490779e-11,0.8663454336942058,0.09270647278345158,0.01718820773308069,0.02375988578926182,0.6292951827413268,0.5859375
SC4001,900,27000.0,27030.0,Sleep stage W,W,6.121125456678998e-10,2.891147340618785e-11,8.37260830985982e-12,1.6820579621365366e-11,0.9187882558893715,0.043396467551696384,0.012567385263876936,0.02524789129505511,0.6078779136176992,0.5859375
SC4001,901,27030.0,27060.0,Sleep stage W,W,3.931152699515534e-10,4.0499209400565396e-11,8.292752514257494e-12,1.6559648778376943e-11,0.8574562014135149,0.08833617238307458,0.01808800780242881,0.036119618400981775,0.6624833406141794,1.07421875
SC4001,902,27060.0,27090.0,Sleep stage W,W,5.521000169684052e-10,4.8269140141888074e-11,7.0188819188015725e-12,1.1270001584147707e-11,0.8924154875949533,0.07802232731678631,0.011345333703000341,0.0182168513852602,0.630692211297359,0.5859375
SC4001,903,27090.0,27120.0,Sleep stage W,W,3.2271590919096683e-10,6.350825144321555e-11,8.893058953610491e-12,1.1452998430584435e-11,0.7937519643319763,0.15620487834242922,0.021873365434771017,0.02816979189082352,0.6753414156947208,0.5859375
SC4001,904,27120.0,27150.0,Sleep stage W,W,3.559052538672015e-10,6.695508929920552e-11,6.3817850481409725e-12,1.176626349143901e-11,0.8070260352426075,0.15182271031215064,0.014470892545726439,0.026680361899515472,0.7003707764535408,1.07421875
SC4001,905,27150.0,27180.0,Sleep stage W,W,3.1234028664291843e-10,4.1115555352685995e-11,6.81668841539303e-12,1.0828946527018104e-11,0.8416573526466673,0.1107932948473645,0.018368798937794605,0.029180553568173603,0.6825063557689699,0.5859375
SC4001,906,27180.0,27210.0,Sleep stage W,W,2.866804345716107e-10,3.7279563511889063e-11,6.805183304685128e-12,8.322402814352313e-12,0.8454465687554527,0.10994080953911294,0.020069101971661656,0.024543519733772785,0.6699253847225478,0.5859375
SC4001,907,27210.0,27240.0,Sleep stage W,W,3.5826999522491255e-10,5.06032484059115e-11,9.181180843634253e-12,1.3223737092093692e-11,0.8307167558022218,0.11733320375440047,0.021288304537111308,0.03066173590626636,0.6594224217179689,0.5859375
SC4001,908,27240.0,27270.0,Sleep stage W,W,3.476974352014019e-10,5.7827575950181037e-11,8.938596705299642e-12,1.602763454437131e-11,0.8076759779408446,0.134329273756238,0.02076371323012449,0.03723103507279298,0.6896631787488589,0.5859375
SC4001,909,27270.0,27300.0,Sleep stage W,W,3.4836093447955104e-10,3.3233622356358864e-11,7.405707354496299e-12,1.314947531108135e-11,0.8662468236617183,0.08263992013909022,0.018415298151570492,0.03269795804762099,0.6477789056161245,0.5859375
SC4001,910,27300.0,27330.0,Sleep stage W,W,3.8886087224208384e-10,3.904379693294443e-11,7.396623090951023e-12,8.625642338030377e-12,0.8759569242829438,0.08795095293727145,0.016661802910312114,0.019430319869472655,0.6191890749007429,0.5859375
SC4001,911,27330.0,27360.0,Sleep stage W,W,4.5868264918632847e-10,2.742775919765734e-11,7.86993311717541e-12,1.999399232765215e-11,0.8924232573432341,0.05336406390828175,0.01531191851264037,0.038900760235843684,0.5406123389697743,0.5859375
SC4001,912,27360.0,27390.0,Sleep stage W,W,5.622576953921797e-10,4.3040145904486425e-11,7.939438231321631e-12,1.1710904951898888e-11,0.8996869010190323,0.06886994309825317,0.012704154405903636,0.0187390014768109,0.6063756402840556,0.5859375
SC4001,913,27390.0,27420.0,Sleep stage W,W,4.790663261543091e-10,4.784592350312335e-11,9.607822038501588e-12,1.4286640679892943e-11,0.8697539724741629,0.0868651787062411,0.01744318255865039,0.025937666260945763,0.6825563174089706,0.5859375
SC4001,914,27420.0,27450.0,Sleep stage W,W,6.061278497365419e-10,7.551956799943375e-11,6.224648874228888e-12,9.770826710089773e-12,0.8688225101122948,0.10824960552527557,0.008922399889438987,0.01400548447299082,0.6547884368473919,1.07421875
SC4001,915,27450.0,27480.0,Sleep stage W,W,3.878681983838427e-10,2.620783006476532e-11,7.142170447660525e-12,1.7822106719978875e-11,0.8834455365992461,0.05969344893740311,0.01626768739976072,0.040593327063590076,0.6576178095220971,1.26953125
SC4001,916,27480.0,27510.0,Sleep stage W,W,4.1407157861543656e-10,4.46205064477723e-11,8.725566543455282e-12,1.6778900691283214e-11,0.8551725051537339,0.09215370542398112,0.018020711841182337,0.03465307758110269,0.6671254617045556,0.5859375
SC4001,917,27510.0,27540.0,Sleep stage W,W,5.54973206838352e-10,4.442186929252453e-11,7.074366620665524e-12,1.2189848408094433e-11,0.8970579037099579,0.07180344646446453,0.011434996163082082,0.019703653662495484,0.6625459147985556,1.953125
SC4001,918,27540.0,27570.0,Sleep stage W,W,4.785407403393278e-10,6.163913534168873e-11,6.303330796837534e-12,1.3044952838157837e-11,0.855257653027354,0.11016270462069097,0.011265439802963555,0.02331420254899141,0.6700024225870821,1.171875
SC4001,919,27570.0,27600.0,Sleep stage W,W,6.520461583872182e-10,7.216429032841723e-11,7.42340287286966e-12,7.940009029941055e-12,0.8816511684741866,0.09757550147604195,0.010037405684757524,0.010735924365014015,0.634365526930308,1.171875
SC4001,920,27600.0,27630.0,Sleep stage W,W,6.847190208011827e-10,5.373679200946046e-11,8.196587094099862e-12,1.1006126690269557e-11,0.9037303703006857,0.07092481655417852,0.010818313008283667,0.014526500136852027,0.6214982761326242,1.07421875
SC4001,921,27630.0,27660.0,Sleep stage W,W,6.479200918725967e-10,6.501155451485923e-11,8.042804005800642e-12,6.345829467776048e-12,0.8908318794526027,0.08938504303397238,0.011058132474097052,0.008724945039327834,0.6009033634273029,1.171875
SC4001,922,27660.0,27690.0,Sleep stage W,W,4.020060668008658e-10,3.766033430897382e-11,5.28383411915244e-12,4.7507041131583795e-12,0.8939409096830984,0.08374528717699728,0.01174966217967423,0.010564140960230136,0.6379230937910033,1.953125
SC4001,923,27690.0,27720.0,Sleep stage W,W,3.5568526548345433e-10,3.716538293309551e-11,5.383516259555051e-12,1.1095013328575784e-11,0.8689467660655921,0.09079583115540941,0.013152046198606175,0.027105356580392405,0.6670871292671132,1.26953125
SC4001,924,27720.0,27750.0,Sleep stage W,W,1.6315140078475442e-10,3.333836077202659e-11,5.202254868118044e-12,6.935409156526515e-12,0.7820227869373664,0.15979855323007328,0.02493562317427747,0.03324303665828288,0.7235430872743045,1.3671875
SC4001,925,27750.0,27780.0,Sleep stage W,W,1.8634959534628325e-10,2.977606566210435e-11,5.630410353218074e-12,1.129506620019479e-11,0.7996081773978344,0.12776623179626548,0.024159548896108704,0.04846604190979144,0.7198012770413763,0.9765625
SC4001,926,27780.0,27810.0,Sleep stage W,W,3.0552206464348355e-10,3.398761919917645e-11,3.738539977870591e-12,5.525596997038097e-12,0.8759890978265005,0.09744888283044092,0.010719095742642019,0.015842923600416507,0.6541909569463055,2.05078125
SC4001,927,27810.0,27840.0,Sleep stage W,W,1.7335573833419748e-10,3.247936420638521e-11,7.449205037772743e-12,1.2821629442000833e-11,0.7667013994355677,0.14364666684299007,0.032945641038616746,0.05670629268282551,0.7453087565113137,1.46484375
SC4001,928,27840.0,27870.0,Sleep stage W,W,1.8602090354072482e-10,1.9115912967257814e-11,4.463160203021324e-12,7.916472214817397e-12,0.8552038453154533,0.08788260870228176,0.02051872502085291,0.036394820961412055,0.6785052607537696,0.87890625
SC4001,929,27870.0,27900.0,Sleep stage W,W,3.6017366107755756e-10,2.369589877183812e-11,4.915687677761286e-12,8.829851019146239e-12,0.9058349705390135,0.05959506783940368,0.01236293011943771,0.022207031502144987,0.6191405691959171,1.3671875
SC4001,930,27900.0,27930.0,Sleep stage W,W,2.8638346742926286e-10,2.945708101407591e-11,5.3981731367650456e-12,8.653077849148348e-12,0.8681133266262958,0.089293159348125,0.016363465676032134,0.026230048349547005,0.6633267105815877,1.07421875
SC4001,931,27930.0,27960.0,Sleep stage W,W,2.834938015165167e-10,2.664163518830238e-11,6.544847858901873e-12,1.0597710916151735e-11,0.8662171164329052,0.08140368602917827,0.019997824324563783,0.032381373213352764,0.6677795896680255,1.26953125
SC4001,932,27960.0,27990.0,Sleep stage W,W,2.4164872260948416e-10,3.019988826924315e-11,4.277877679605374e-12,7.2675196233540825e-12,0.8526952427821294,0.10656502042160924,0.015095159234498645,0.025644577561762708,0.6556791120436759,0.5859375
SC4001,933,27990.0,28020.0,Sleep stage W,W,2.415993560839938e-10,3.0925754896469443e-11,4.895298979733377e-12,9.918382919817231e-12,0.8408170496661069,0.10762819244313919,0.017036679700180763,0.03451807819057318,0.6824893093871186,1.171875
SC4001,934,28020.0,28050.0,Sleep stage W,W,2.4443889654738147e-10,3.9338699835230226e-11,5.139217537845315e-12,1.3145896415717313e-11,0.8092322825129206,0.1302335524681251,0.017013743709462622,0.04352042130949188,0.6977071759053073,0.5859375
SC4001,935,28050.0,28080.0,Sleep stage W,W,2.684746279536919e-10,3.54383511554399e-11,7.145216602482879e-12,1.1428197057159793e-11,0.8325145927821845,0.10989099679889283,0.02215664524985419,0.035437765169068415,0.7006538730221097,1.171875
SC4001,936,28080.0,28110.0,Sleep stage W,W,2.0291039643289724e-10,3.975235653913462e-11,8.278510680589658e-12,1.588923402244457e-11,0.7604467937544089,0.14897980885057305,0.031025354120767894,0.05954804327425028,0.7417706000509474,1.3671875
SC4001,937,28110.0,28140.0,Sleep stage W,W,3.353201220517851e-10,4.2062210528568487e-11,4.8298261185845035e-12,1.4207089559591719e-11,0.8458724532798211,0.1061053687815307,0.012183631697506955,0.035838546241141106,0.6829871145376119,1.85546875
SC4001,938,28140.0,28170.0,Sleep stage W,W,2.294344009376818e-10,3.008457683811597e-11,4.50799849005576e-12,1.1429386358865438e-11,0.8329246736270259,0.10921721521133682,0.016365563122596825,0.04149254803904023,0.6910800592582454,1.171875
SC4001,939,28170.0,28200.0,Sleep stage W,W,3.20879957016645e-10,3.0945292776670454e-11,4.861785125523619e-12,1.1932894396482164e-11,0.8704899857494167,0.08394904972758413,0.013189154299264155,0.03237181022373493,0.64428292504573,1.171875
SC4001,940,28200.0,28230.0,Sleep stage W,W,2.9433541068268717e-10,3.197657567205353e-11,4.7002097750328955e-12,1.100095865931152e-11,0.8605967535494355,0.09349516304942439,0.013742774829615697,0.03216530857152458,0.6593745202314705,1.26953125
SC4001,941,28230.0,28260.0,Sleep stage W,W,2.34386547976766e-10,2.5478693872670312e-11,5.815372385409483e-12,1.459310475966483e-11,0.8362772964144978,0.09090646802017614,0.020748903629895395,0.05206733193543076,0.6947889671062678,1.07421875
SC4001,942,28260.0,28290.0,Sleep stage W,W,2.5579837735491644e-10,2.7089934169756517e-11,6.024790131352999e-12,1.820493263879673e-11,0.832899240001513,0.08820691442610341,0.019617181209128896,0.05927666436325463,0.7017992070192157,1.171875
SC4001,943,28290.0,28320.0,Sleep stage W,W,2.747508889209621e-10,3.501719944528724e-11,8.701016562688014e-12,2.2527955192588104e-11,0.80572802833856,0.10269061977486761,0.025516397588844674,0.06606495429772777,0.7119682126010646,1.26953125
SC4001,944,28320.0,28350.0,Sleep stage W,W,3.6727053484162414e-10,3.0438630266731443e-11,7.807466017641464e-12,3.3366390543467925e-11,0.8368301271818754,0.06935476827275316,0.017789400893073248,0.07602570365229823,0.6745922090139194,1.26953125
SC4001,945,28350.0,28380.0,Sleep stage W,W,3.379217346787034e-10,4.7330010459670204e-11,7.920779226923786e-12,3.55056932524561e-11,0.7882876264546373,0.11040917992682737,0.018477214146641427,0.08282597947189387,0.7136038185556636,1.26953125
SC4001,946,28380.0,28410.0,Sleep stage W,W,2.3059386288321607e-10,2.8450501903130954e-11,7.458695824249831e-12,3.5069600022657185e-11,0.7646378235978224,0.09434045461345694,0.02473266578139998,0.11628905600732066,0.7440307468888342,1.26953125
SC4001,947,28410.0,28440.0,Sleep stage W,W,4.4591143755751884e-10,3.507775095748461e-11,6.665163484696892e-12,1.9439241654096747e-11,0.8793474087190923,0.06917411577759526,0.013143852669626373,0.038334622833686015,0.6467115965430749,1.26953125
SC4001,948,28440.0,28470.0,Sleep stage W,W,3.6409548091010386e-10,3.4725959747770336e-11,8.317916165857764e-12,2.597873133138878e-11,0.8406379019194956,0.08017665550678472,0.01920473051884804,0.05998071205487157,0.6850399497496806,1.07421875
SC4001,949,28470.0,28500.0,Sleep stage W,W,2.2577539953019654e-10,2.924411859516053e-11,9.218217619391206e-12,3.742965562365383e-11,0.7484249408132921,0.09694159671188009,0.030557554058382598,0.12407590841644536,0.7590093355281613,0.5859375
SC4001,950,28500.0,28530.0,Sleep stage W,W,1.314111808711397e-10,1.621808255375288e-11,6.893341470851187e-12,3.0811417806231e-11,0.7090504968019533,0.08750731418500675,0.03719415016386917,0.1662480388491708,0.7819223413328499,1.171875
SC4001,951,28530.0,28560.0,Sleep stage W,W,4.311618782780335e-10,2.927691907485041e-11,1.0010522356135293e-11,3.888571705659871e-11,0.846519181197508,0.05748066981758188,0.019654101197718828,0.07634604778719133,0.6629188553703602,1.26953125
SC4001,952,28560.0,28590.0,Sleep stage W,W,2.7977300762380667e-10,2.8867622556618058e-11,1.1997711996551629e-11,4.4497278625976425e-11,0.7662166923308409,0.07906000102958076,0.032858234894114186,0.12186507174546413,0.7377341530393619,1.07421875
SC4001,953,28590.0,28620.0,Sleep stage W,W,1.6089699840951372e-10,2.124121726274587e-11,6.604911868085965e-12,2.646390743692371e-11,0.7476381914118564,0.09870131459684588,0.030690966346818508,0.12296952764447916,0.7604366170712245,0.5859375
SC4001,954,28620.0,28650.0,Sleep stage W,W,2.977934502637761e-10,3.709121667515536e-11,1.0418105108149042e-11,3.1980291224873356e-11,0.789310412402796,0.09831137489577474,0.027613497986893318,0.08476471471453587,0.6964957455623229,1.07421875
SC4001,955,28650.0,28680.0,Sleep stage W,W,4.1977606295530534e-10,4.112657736467761e-11,7.640679196267406e-12,2.174477338319531e-11,0.8561824548355863,0.08388247228576355,0.01558406028398991,0.04435101259466034,0.6729288375101042,1.171875
SC4001,956,28680.0,28710.0,Sleep stage W,W,4.2262311473985015e-10,3.8907293471191816e-11,6.162668445474032e-12,1.1190362011374376e-11,0.8825177080991994,0.08124585301888952,0.012868827668412844,0.023367611213498205,0.6567914076515796,0.5859375
SC4001,957,28710.0,28740.0,Sleep stage W,W,2.5813758240101355e-10,2.8579982557338537e-11,4.786897375259148e-12,8.15876407153426e-12,0.8614256260192927,0.09537367297346762,0.01597425694398434,0.027226444063255154,0.6784154259871847,1.26953125
SC4001,958,28740.0,28770.0,Sleep stage W,W,3.690244315800317e-10,4.572411412509042e-11,5.905230995690236e-12,1.1520949072756032e-11,0.853877863680017,0.10580006510849711,0.0136639896863941,0.026658081525091925,0.6653308636646433,1.953125
SC4001,959,28770.0,28800.0,Sleep stage W,W,4.804633290015685e-10,5.155244522974734e-11,4.800411103923144e-12,7.889836646018903e-12,0.882059881133644,0.09464269376394216,0.008812847499762569,0.014484577602651094,0.6598856944363548,2.05078125
SC4001,960,28800.0,28830.0,Sleep stage W,W,4.949690517292546e-10,3.7706475729700394e-11,5.9854855261451605e-12,8.121007874578503e-12,0.9052401740478574,0.06896070882216711,0.010946748974544692,0.014852368155431008,0.6162132234967419,1.171875
SC4001,961,28830.0,28860.0,Sleep stage W,W,3.875301745001718e-10,3.477704068702369e-11,5.516481354322106e-12,1.0953157606403243e-11,0.8832055994674852,0.07925905926500769,0.012572407368740525,0.024962933898766467,0.6085082713687076,1.26953125
SC4001,962,28860.0,28890.0,Sleep stage W,W,3.726471651153462e-10,4.102479547952389e-11,4.766604252030385e-12,1.0686934588552598e-11,0.868387372937734,0.09560092684656377,0.011107716176972033,0.024903984038730082,0.6633156797216739,0.9765625
SC4001,963,28890.0,28920.0,Sleep stage W,W,7.237670973595956e-10,5.926285426157438e-11,5.283049105405731e-12,8.868076626550546e-12,0.9079080248150313,0.07434051803931967,0.006627163207319214,0.011124293938329729,0.629003569096231,1.07421875
SC4001,964,28920.0,28950.0,Sleep stage W,W,5.073102386517689e-10,4.5236121647149263e-11,6.765392231603333e-12,1.946869781891615e-11,0.8765158504325453,0.07815765307870719,0.011689047595713953,0.03363744889303355,0.665312890969693,1.171875
SC4001,965,28950.0,28980.0,Sleep stage W,W,4.2808852949601926e-10,4.6534882659325065e-11,5.4872759508110156e-12,1.0252481664387579e-11,0.8730030228337416,0.09489881281479655,0.011190228567489463,0.020907935783972216,0.6526667373204059,1.171875
SC4001,966,28980.0,29010.0,Sleep stage W,W,4.384786350164275e-10,3.9517989396851633e-11,6.60481501784526e-12,1.2651542906047598e-11,0.8818019209367126,0.07947260408798452,0.013282605137532866,0.02544286983776997,0.6617278456512231,2.1484375
SC4001,967,29010.0,29040.0,Sleep stage W,W,3.815186588558423e-10,4.109991959447727e-11,5.379697693228494e-12,1.3994366178049897e-11,0.8631787553111478,0.09298779133199368,0.012171464359612973,0.03166198899724549,0.6848979781733578,1.26953125
SC4001,968,29040.0,29070.0,Sleep stage W,W,3.691634286324338e-10,3.0157592857186e-11,4.966999156605028e-12,7.562883053707724e-12,0.8963521150882309,0.07322453972119558,0.012060187587263129,0.018363157603310518,0.6260419725180605,1.07421875
SC4001,969,29070.0,29100.0,Sleep stage W,W,3.6934034979125073e-10,3.500629953560731e-11,4.998875936159282e-12,7.688402855098963e-12,0.8856362153983853,0.0839411308657182,0.011986736807522899,0.018435916928373708,0.6256496787595676,1.07421875
SC4001,970,29100.0,29130.0,Sleep stage W,W,3.9753847064229185e-10,3.133935872934697e-11,4.775624400501632e-12,5.532741525082122e-12,0.9051706881935455,0.07135779554304485,0.010873803529434007,0.012597712733975613,0.6262364166673877,1.07421875
SC4001,971,29130.0,29160.0,Sleep stage W,W,2.7347039327977596e-10,4.120702166297295e-11,5.988790526591319e-12,4.512850209921761e-12,0.840984031731464,0.12672102013733996,0.018416901156445696,0.01387804697475036,0.6826870471191162,0.87890625
SC4001,972,29160.0,29190.0,Sleep stage W,W,3.138921116223945e-10,3.910431910021995e-11,5.659098155036894e-12,9.190057826120044e-12,0.8533257512619664,0.10630634297023911,0.015384439448485774,0.024983466319308766,0.673452172385545,1.07421875
SC4001,973,29190.0,29220.0,Sleep stage W,W,1.3803834432661523e-10,1.8758766463226174e-11,3.844924264297809e-12,9.640917929909972e-12,0.8106410060879412,0.11016232766989513,0.022579619374218703,0.05661704686794491,0.7164741326666431,1.26953125
SC4001,974,29220.0,29250.0,Sleep stage W,W,2.667556227625304e-10,3.2430796660239776e-11,4.531067607393152e-12,8.535771025748503e-12,0.8542925201913036,0.10386055492952694,0.014510873755500808,0.02733605112366864,0.663386906818325,1.171875
SC4001,975,29250.0,29280.0,Sleep stage W,W,3.0397851876574824e-10,4.708344706608273e-11,5.190170579253197e-12,8.909298638480588e-12,0.8324496772899582,0.12893871736398427,0.014213359027216868,0.024398246318840584,0.6770070072869332,1.26953125
SC4001,976,29280.0,29310.0,Sleep stage W,W,2.948736386547367e-10,2.8195788122214215e-11,4.506623226784498e-12,8.560631337262614e-12,0.8772432615159859,0.08388191377902804,0.013407115250872305,0.025467709454113925,0.6377916485540628,1.171875
SC4001,977,29310.0,29340.0,Sleep stage W,W,2.386256355454702e-10,2.4864797308938887e-11,3.568495286141031e-12,9.755021616605842e-12,0.862043389629794,0.08982494318206267,0.012891313061612716,0.03524035412653066,0.6801651235880541,1.26953125
SC4001,978,29340.0,29370.0,Sleep stage W,W,2.1182032357909398e-10,3.238972154079557e-11,5.318462207743586e-12,9.081297266550747e-12,0.819073058391916,0.12524552807122769,0.020565586119557343,0.03511582741729887,0.7016501209608538,1.171875
SC4001,979,29370.0,29400.0,Sleep stage W,W,2.2997206137279423e-10,2.6472764372083523e-11,5.839372299994702e-12,1.1111978166277652e-11,0.8411678047581089,0.0968293146559519,0.02135864656528635,0.04064423402065294,0.6603220427373423,1.26953125
SC4001,980,29400.0,29430.0,Sleep stage W,W,3.1430918198687996e-10,3.242383706647575e-11,8.778978104947331e-12,2.3246648501548445e-11,0.8298402837493218,0.08560553650198219,0.02317829099228376,0.061375888756412346,0.6636313149205244,1.171875
SC4001,981,29430.0,29460.0,Sleep stage W,W,3.140223973701691e-10,3.2046409063760894e-11,1.0313464463058082e-11,1.5498430878526123e-11,0.8444170290926489,0.08617389638870185,0.02773326073070553,0.04167581378794362,0.6743437096104005,1.171875
SC4001,982,29460.0,29490.0,Sleep stage W,W,3.9825754416410116e-10,4.9921676964791205e-11,1.1262430917500984e-11,1.6546419307696713e-11,0.8366964807146087,0.10488010092936595,0.023661162107406684,0.03476225624861877,0.6527083669863784,0.5859375
SC4001,983,29490.0,29520.0,Sleep stage W,W,2.522313074131033e-10,5.116574308677978e-11,1.5118740465364537e-11,2.3546294680016524e-11,0.7373845801626785,0.14958028157450126,0.04419881974596695,0.0688363185168532,0.730456123640052,0.5859375
SC4001,984,29520.0,29550.0,Sleep stage W,W,5.448998356719982e-10,4.581894833650322e-11,6.326778905974726e-12,1.636404219152261e-11,0.8883131779096255,0.07469551822323615,0.010314117766188945,0.026677186100949404,0.6149174621715151,0.5859375
SC4001,985,29550.0,29580.0,Sleep stage W,W,4.04162605934037e-10,5.8079215998356186e-11,1.4504821231835186e-11,3.357872945564144e-11,0.791970432234591,0.1138082076934437,0.028422692678146556,0.06579866739381877,0.7059921492820704,0.5859375
SC4001,986,29580.0,29610.0,Sleep stage W,W,2.6406872124589994e-10,4.190541694703804e-11,7.8935972560178e-12,1.0823847241704507e-11,0.8132909361481141,0.12906222144650453,0.024311062179699854,0.033335780225681386,0.6959369222663436,0.5859375
SC4001,987,29610.0,29640.0,Sleep stage W,W,3.1003058210316214e-10,5.23822153656496e-11,8.330287913368748e-12,9.870369801472982e-12,0.8145549714041672,0.1376257582390884,0.021886477737234015,0.02593279261951035,0.6927925740294049,1.7578125
SC4001,988,29640.0,29670.0,Sleep stage W,W,6.088292370664852e-10,6.424507693908734e-11,9.505221911033708e-12,1.9716284545965866e-11,0.8669128013113839,0.09147865481638758,0.013534498759757712,0.028074045112470688,0.6477234971904403,0.5859375
SC4001,989,29670.0,29700.0,Sleep stage W,W,3.3126254185107397e-10,2.952215570858755e-11,8.08850924600803e-12,1.4059410519082598e-11,0.865067447545586,0.07709491010412103,0.021122539266871698,0.036715103083421304,0.6278496238491816,0.5859375
SC4001,990,29700.0,29730.0,Sleep stage W,W,2.893171024312468e-10,3.840721600482399e-11,8.763042425956486e-12,1.7915100431766043e-11,0.8163518429726934,0.10837175301947209,0.024726245957677136,0.0505501580501574,0.7139655129242442,1.26953125
SC4001,991,29730.0,29760.0,Sleep stage W,W,2.0809499114764269e-10,3.144439911804872e-11,6.465254686906074e-12,1.1633815381092606e-11,0.8077015787088646,0.12204854460518949,0.02509429173941017,0.045155584946535675,0.6789890159043828,0.68359375
SC4001,992,29760.0,29790.0,Sleep stage W,W,3.546211137837838e-10,2.8072958000694923e-11,6.278517151086314e-12,1.1768606081247669e-11,0.8849130515990651,0.07005258842809298,0.015667261637084515,0.029367098335757392,0.6132744378900852,1.171875
SC4001,993,29790.0,29820.0,Sleep stage W,W,3.4563937279983866e-10,4.107032266924401e-11,7.73119523828027e-12,1.2553457321570156e-11,0.8492485816418935,0.10091128505382667,0.018995829489333992,0.03084430381494569,0.614856712891057,0.5859375
SC4001,994,29820.0,29850.0,Sleep stage W,W,3.67036261853183e-10,2.409144636498161e-11,7.992104770262949e-12,1.1514487357500334e-11,0.8938275773455435,0.058668860211352085,0.01946282802856511,0.028040734414539317,0.6106928628214081,0.5859375
SC4001,995,29850.0,29880.0,Sleep stage W,W,3.764000365551586e-10,4.020273825268235e-11,6.164385317506496e-12,1.0452294792230008e-11,0.8688437979470957,0.09279993729813255,0.01422924397215565,0.024127020782616096,0.6316350928984139,0.5859375
SC4001,996,29880.0,29910.0,Sleep stage W,W,2.4625136525886864e-10,2.2235425370964524e-11,4.908877826936731e-12,1.0690421639275741e-11,0.8668195094508655,0.07827002498942146,0.017279543061320273,0.03763092249839285,0.6158075449834708,0.5859375
SC4001,997,29910.0,29940.0,Sleep stage W,W,2.545263968007372e-10,4.517787517058849e-11,8.259514414672782e-12,1.3985360528102357e-11,0.7905795037520237,0.14032612169847553,0.02565471750380659,0.0434396570456942,0.6817587471589599,0.5859375
SC4001,998,29940.0,29970.0,Sleep stage W,W,4.825209696511505e-10,7.1853383070515e-11,1.3318242945140476e-11,3.0198211107419016e-11,0.8070386167241398,0.12017810318606924,0.02227537669795565,0.050507903391835286,0.708315839252547,0.5859375
SC4001,999,29970.0,30000.0,Sleep stage W,W,2.968736237134761e-10,3.4541313388089284e-11,1.2484620569276372e-11,3.5667442867282395e-11,0.7821376023010139,0.09100188725342026,0.032891743885997804,0.09396876655956794,0.7014657754278923,0.5859375
SC4001,1000,30000.0,30030.0,Sleep stage W,W,3.2647614746253476e-10,1.7129059403571514e-11,4.79448225663155e-12,1.0743313865596532e-11,0.9090422053221493,0.047694259002807014,0.013349786064987833,0.02991374961005573,0.6142104929662564,0.5859375
SC4001,1001,30030.0,30060.0,Sleep stage W,W,4.2812503759665576e-10,4.922348723468017e-11,7.1113539025996144e-12,1.0282867219660687e-11,0.8653487920706394,0.09949309542639968,0.014373841679866923,0.020784270823093896,0.6651225980380451,1.953125
SC4001,1002,30060.0,30090.0,Sleep stage W,W,3.133480887116426e-10,5.095887059665021e-11,9.457243162880726e-12,1.021204827926775e-11,0.8160611186218851,0.13271360011734173,0.02462976068024399,0.026595520580529063,0.6743428959594571,0.5859375
SC4001,1003,30090.0,30120.0,Sleep stage W,W,1.587962420471487e-10,1.8572843242070193e-11,5.494634487782768e-12,7.390295831590214e-12,0.8346538260398088,0.09762129426103658,0.02888051781827742,0.03884436188087727,0.6702043281093113,0.5859375
SC4001,1004,30120.0,30150.0,Sleep stage W,W,3.902218001822162e-10,3.661299282907265e-11,8.601309485780784e-12,9.97094377605886e-12,0.8761015422798856,0.08220119806237004,0.019311121271544426,0.022386138386200044,0.5824725542315935,0.5859375
SC4001,1005,30150.0,30180.0,Sleep stage W,W,4.2687935769310693e-10,3.346178472282274e-11,6.677280204780123e-12,9.427799768031529e-12,0.8959654576604201,0.07023202861186849,0.014014761563860206,0.019787752163851164,0.6164328512346846,1.171875
SC4001,1006,30180.0,30210.0,Sleep stage W,W,2.460866340789243e-10,2.5598340677264107e-11,5.507434467753326e-12,9.084851263842415e-12,0.8596094347822822,0.08941800209226337,0.019238113632809254,0.031734449492645186,0.6559190088508954,0.5859375
SC4001,1007,30210.0,30240.0,Sleep stage W,W,5.060136886233817e-10,7.086931598501047e-11,8.658099327031394e-12,1.3287206373963889e-11,0.8450062896357513,0.1183466358636176,0.014458400142368264,0.022188674358263043,0.6675113749837032,0.5859375
SC4001,1008,30240.0,30270.0,Sleep stage W,W,1.2375173402745874e-09,1.802259840033381e-10,1.9946277365191267e-11,1.6174823631899888e-11,0.851191705884471,0.12396340461336078,0.013719489258029117,0.011125400244139145,0.6538694791524953,0.5859375
SC4001,1009,30270.0,30300.0,Sleep stage W,W,4.521405673362174e-10,5.32667389643487e-11,7.338596329116878e-12,1.048657317759432e-11,0.8641294037389887,0.10180319729230355,0.014025498546882838,0.020041900421824826,0.6712131501875752,0.5859375
SC4001,1010,30300.0,30330.0,Sleep stage W,W,6.110734429187459e-10,2.4474583355382993e-11,6.911557609501474e-12,1.0942309719918946e-11,0.9352183532077638,0.03745716624787272,0.010577804682174754,0.016746675862188695,0.5289762185790196,0.5859375
SC4001,1011,30330.0,30360.0,Sleep stage W,W,8.565329408309037e-11,1.284278491978747e-11,1.2185216556898425e-11,7.765296767065496e-12,0.7231385251399931,0.1084267995177866,0.10287519731487518,0.0655594780273452,0.6774744042804981,0.5859375
SC4001,1012,30360.0,30390.0,Sleep stage W,W,1.3210673293494513e-10,2.4619840249183115e-11,1.3162331446598247e-11,5.118282090043669e-12,0.7548646167641438,0.14067902416181854,0.07521023389513248,0.02924612517890514,0.6817836004575416,1.26953125
SC4001,1013,30390.0,30420.0,Sleep stage W,W,4.9542882877791646e-11,3.8875046790582086e-11,1.4300289611225685e-11,7.295882308548961e-12,0.45033211345270685,0.3533642163085212,0.12998596911476512,0.06631770112400695,0.7573979903364589,0.5859375
SC4001,1014,30420.0,30450.0,Sleep stage W,W,3.221890346772925e-11,3.9101868852560994e-11,1.4351631663388507e-11,4.339773383073692e-12,0.3579393856506115,0.434406432512363,0.15944100102048558,0.04821318081653986,0.7912444737183008,1.171875
SC4001,1015,30450.0,30480.0,Sleep stage W,W,3.0042998437610105e-11,6.988515020595528e-11,1.4023432845051267e-11,4.797852337607862e-12,0.2529948772772627,0.5885093339326886,0.11809262910316583,0.04040315968688272,0.7666063889107176,6.8359375
SC4001,1016,30480.0,30510.0,Sleep stage W,W,3.3141064224658366e-11,7.11457150233353e-11,1.3921551721272367e-11,4.895453443949898e-12,0.26921239166308253,0.577932801679957,0.11308792648114402,0.03976688017581644,0.7641732715283905,7.421875
SC4001,1017,30510.0,30540.0,Sleep stage W,W,2.726993704916907e-11,8.447349995443661e-11,1.0795209125730113e-11,4.130505043672513e-12,0.2152847539960461,0.6668829716799817,0.08522366358155911,0.03260861074241314,0.757521799972008,7.421875
SC4001,1018,30540.0,30570.0,Sleep stage W,W,2.471539212883521e-11,5.596686508992687e-11,1.2482837523770437e-11,3.7237695108872455e-12,0.255090121236124,0.5776398094990723,0.12883665857740556,0.038433410687398084,0.7877302401669557,7.51953125
SC4001,1019,30570.0,30600.0,Sleep stage W,W,2.8740871625610056e-11,6.166433133141898e-11,1.52048059797037e-11,4.375939480633008e-12,0.26131403183019825,0.5606564494713469,0.13824316831824496,0.03978635038020991,0.7768479968803139,7.03125
SC4001,1020,30600.0,30630.0,Sleep stage W,W,2.5974052563747752e-11,3.987077794416422e-11,1.1695355823297799e-11,3.482605156124908e-12,0.3205771127721262,0.4920933630186852,0.14434649323488188,0.04298303097430681,0.8024685795823835,7.32421875
SC4001,1021,30630.0,30660.0,Sleep stage 1,N1,3.9462611997433964e-11,2.219668703640787e-11,1.064721280305078e-11,3.478407819310281e-12,0.5207185304999398,0.2928905531219509,0.14049249971302596,0.045898416665083555,0.8062396709319923,1.171875
SC4001,1022,30660.0,30690.0,Sleep stage 1,N1,4.975793810649674e-11,2.1383698388799513e-11,3.798255319826828e-12,4.4611101550939004e-12,0.6266663753835343,0.26931270208429436,0.04783636510344718,0.05618455742872422,0.7875259075942447,1.26953125
SC4001,1023,30690.0,30720.0,Sleep stage 1,N1,7.081674686779397e-11,2.3288000952706382e-11,4.355493705469236e-12,3.0953202908754308e-12,0.6973202215700568,0.2293129055275789,0.04288779095451561,0.030479081947848673,0.7495388530066076,2.734375
SC4001,1024,30720.0,30750.0,Sleep stage 1,N1,2.0770172809978743e-10,5.300656537305215e-11,5.5772353618088614e-12,4.271976847346194e-12,0.7676805253516564,0.19591607794963378,0.02061386302239266,0.015789533676317042,0.7081054041185719,1.85546875
SC4001,1025,30750.0,30780.0,Sleep stage 2,N2,9.581220805980448e-11,1.9713008473997672e-11,2.730232439368387e-12,2.692572077312111e-12,0.792176732017908,0.16298744123948614,0.022573601582359184,0.02226222516024677,0.7035168247248335,1.171875
SC4001,1026,30780.0,30810.0,Sleep stage 2,N2,2.0907417334250892e-10,5.919556860463597e-11,4.322453535276936e-12,3.1298959563098936e-12,0.7582786430044448,0.21469287533599693,0.015676848789018524,0.011351632870539823,0.716326812946416,3.7109375
SC4001,1027,30810.0,30840.0,Sleep stage 2,N2,2.6505960511509873e-10,4.495988662650798e-11,5.852342716933702e-12,5.9534878112949936e-12,0.8236132671153166,0.13970276269563162,0.01818484224813978,0.018499127940912227,0.6766978591624786,2.9296875
SC4001,1028,30840.0,30870.0,Sleep stage 2,N2,1.3386544196786948e-10,2.950928530961555e-11,6.208824336208912e-12,5.661532771764186e-12,0.7638755885068218,0.16838866215904105,0.035429377993578245,0.03230637134055887,0.7338686967698115,2.05078125
SC4001,1029,30870.0,30900.0,Sleep stage 2,N2,2.410814136069643e-10,4.093715659305049e-11,7.326390740497386e-12,7.1392784939961206e-12,0.8131339934520122,0.13807532120807142,0.024710894428895076,0.024079790911021245,0.7055280927122751,0.5859375
SC4001,1030,30900.0,30930.0,Sleep stage 2,N2,1.627876337241998e-10,2.050369453732044e-11,4.336723525335601e-12,3.421849341683452e-12,0.8520686624939707,0.1073211470731171,0.02269942826307894,0.017910762169833398,0.6918382057409309,1.26953125
SC4001,1031,30930.0,30960.0,Sleep stage 2,N2,3.580837717475841e-10,4.884986488974987e-11,1.3115649357636927e-11,1.0457337848017382e-11,0.8317729668154472,0.11347064640651404,0.030465615698448315,0.024290771079590448,0.6848922913939153,1.3671875
SC4001,1032,30960.0,30990.0,Sleep stage 2,N2,2.9141861490767123e-10,3.669310593739841e-11,7.459603405982185e-12,4.198000498776923e-12,0.8576954824342721,0.10799416917467593,0.021954905468510647,0.012355442922541345,0.6671913677398918,1.3671875
SC4001,1033,30990.0,31020.0,Sleep stage 2,N2,2.1697903395120638e-10,3.5682411133940596e-11,1.3760419905131395e-11,1.015467700710832e-11,0.7845171263774661,0.12901459710302457,0.04975266450927503,0.036715612010234294,0.7122849698516925,1.07421875
SC4001,1034,31020.0,31050.0,Sleep stage 2,N2,2.3680547351707923e-10,4.259827185031267e-11,7.877518690627393e-12,6.321947644647836e-12,0.8065493294293146,0.14508789465645244,0.02683049223114419,0.021532283683088904,0.7065201021048033,2.734375
SC4001,1035,31050.0,31080.0,Sleep stage 2,N2,3.302984041965127e-10,4.269285759051003e-11,1.5821650153714827e-11,6.457034585782925e-12,0.8356274163999753,0.10800936920623073,0.04002745539535543,0.016335758998438532,0.6954882261936713,1.953125
SC4001,1036,31080.0,31110.0,Sleep stage 2,N2,3.893406864842905e-10,5.067985524874798e-11,1.6478049096506234e-11,8.015184404825747e-12,0.8381682250173283,0.10910301900773009,0.035473757668848964,0.017254998306092614,0.651580412523354,1.171875
SC4001,1037,31110.0,31140.0,Sleep stage 2,N2,2.7388014943438226e-10,3.4640006157761256e-11,7.63474336714862e-12,5.1992113707466866e-12,0.8522690098878786,0.10779387922620655,0.023758038630056873,0.016179072255858077,0.6830776573874363,1.26953125
SC4001,1038,31140.0,31170.0,Sleep stage 3,N3,4.849255592988214e-10,5.890159931592243e-11,1.1386954046581513e-11,4.859111888034512e-12,0.8658252850580335,0.10516767582188064,0.020331188043748324,0.00867585107633774,0.625190867918301,1.07421875
SC4001,1039,31170.0,31200.0,Sleep stage 2,N2,3.398281695461867e-10,5.049779362430468e-11,1.0145658720093627e-11,5.9225376668122975e-12,0.8362033792914065,0.1242581676845496,0.024965070194766664,0.014573382829277162,0.6826699739636767,1.26953125
SC4001,1040,31200.0,31230.0,Sleep stage 3,N3,4.056170471794136e-10,6.504825793608055e-11,2.182135025902624e-11,6.764559314500768e-12,0.8124507968039069,0.13029163679971914,0.043708156569270545,0.013549409827103471,0.686092795131886,1.171875
SC4001,1041,31230.0,31260.0,Sleep stage 3,N3,6.994189175750718e-10,6.070009634203848e-11,1.4305907824393467e-11,5.144465405897741e-12,0.8971862275587602,0.07786362233149269,0.018351038483875835,0.006599111625871247,0.6025116306450414,1.171875
SC4001,1042,31260.0,31290.0,Sleep stage 3,N3,5.224303517577178e-10,4.1530097331980165e-11,1.0630042519257514e-11,3.6340102498184782e-12,0.9035078072241854,0.07182348239909679,0.018383936490214324,0.006284773886503433,0.6050508985360908,1.07421875
SC4001,1043,31290.0,31320.0,Sleep stage 3,N3,5.20561848517596e-10,4.810970025884703e-11,1.317304124661409e-11,3.902770221036665e-12,0.8887139470857648,0.08213387464315446,0.022489288284841088,0.006662889986239622,0.6446690005552184,1.85546875
SC4001,1044,31320.0,31350.0,Sleep stage 3,N3,5.378381335777699e-10,4.774163505034533e-11,1.0337701010769117e-11,4.559351075988446e-12,0.8956850872902455,0.07950620807229246,0.017215820251749264,0.007592884385712841,0.6295897666088344,1.26953125
SC4001,1045,31350.0,31380.0,Sleep stage 4,N3,6.451408813198105e-10,4.089907620458213e-11,9.015177151973013e-12,4.428726215969687e-12,0.9223098878890512,0.05847036435180499,0.012888327602687362,0.0063314201564564155,0.5844305751576895,1.07421875
SC4001,1046,31380.0,31410.0,Sleep stage 3,N3,5.304205073571801e-10,3.448802728886066e-11,1.1166411734400703e-11,4.215882357084563e-12,0.9140597801815287,0.05943231493748129,0.01924278513705657,0.007265119743933552,0.6224821225190674,0.9765625
SC4001,1047,31410.0,31440.0,Sleep stage 3,N3,5.003311164932365e-10,5.963065697829374e-11,1.3497606747564473e-11,3.5223490317659982e-12,0.8671524437053744,0.10334929852235833,0.023393473420881876,0.0061047843513854965,0.6466958585573178,1.26953125
SC4001,1048,31440.0,31470.0,Sleep stage 4,N3,6.739488998125231e-10,5.4791372714433965e-11,1.414451005153058e-11,3.8451584561471726e-12,0.9025336507583053,0.07337508475757319,0.018941935061466252,0.0051493294226551255,0.6324803107236008,1.07421875
SC4001,1049,31470.0,31500.0,Sleep stage 4,N3,7.063182507117528e-10,3.721117389855589e-11,1.1415681644071491e-11,3.40995671512023e-12,0.9313819940042514,0.049068273841078654,0.01505321478223006,0.004496517372440056,0.5466951932775602,1.171875
SC4001,1050,31500.0,31530.0,Sleep stage 3,N3,6.813930998384803e-10,5.1060868122861795e-11,1.416949430148325e-11,3.020481013009929e-12,0.9089556528141765,0.0681134938538064,0.018901632473097316,0.004029220858919856,0.6121851684631373,1.171875
SC4001,1051,31530.0,31560.0,Sleep stage 4,N3,6.682267802797762e-10,4.80960793674477e-11,1.2798291105120811e-11,5.1105253433291795e-12,0.9101034483190875,0.06550531791709373,0.017430862113136526,0.006960371650682166,0.6186204266732256,1.171875
SC4001,1052,31560.0,31590.0,Sleep stage 4,N3,7.525159008310098e-10,4.673220730189131e-11,1.0133652128389334e-11,2.9322263331908024e-12,0.9263855027116213,0.0575297336659312,0.01247504326605692,0.00360972035639048,0.5480395756640347,1.171875
SC4001,1053,31590.0,31620.0,Sleep stage 4,N3,7.326160755845364e-10,5.550966532187616e-11,1.0610817079662011e-11,3.204121454157669e-12,0.9135539502696315,0.06921916638600105,0.01323142390914567,0.003995459435221816,0.6105308699562962,1.171875
SC4001,1054,31620.0,31650.0,Sleep stage 4,N3,1.0688820547831847e-09,4.791736007076615e-11,1.50490084263923e-11,3.341883367687384e-12,0.9415884266483567,0.042210860848746735,0.013256815476894567,0.0029438970260019545,0.5766007478864307,1.171875
SC4001,1055,31650.0,31680.0,Sleep stage 3,N3,4.913201043355852e-10,4.201934712892056e-11,8.699688800243316e-12,2.918569202808675e-12,0.9015747383693713,0.0771057026975082,0.015963970504689635,0.005355588428430926,0.6226321320096682,1.07421875
SC4001,1056,31680.0,31710.0,Sleep stage 4,N3,9.424042720635552e-10,4.262466447253751e-11,8.780780485052744e-12,3.5136444659109993e-12,0.9449335175086903,0.04273906149053013,0.008804346538077865,0.0035230744627018354,0.5711695939335824,0.9765625
SC4001,1057,31710.0,31740.0,Sleep stage 4,N3,6.862485587679549e-10,5.602693199384859e-11,1.0307605274047342e-11,3.563683732736493e-12,0.907559983232324,0.0740953125674822,0.013631751863311383,0.004712952336882437,0.6092103360374934,1.26953125
SC4001,1058,31740.0,31770.0,Sleep stage 4,N3,9.323738312869148e-10,6.303052200440712e-11,1.2209151654899821e-11,3.0120114029923285e-12,0.9225710376431265,0.06236783159018063,0.01208078705454043,0.0029803437121525746,0.5818602888007249,1.26953125
SC4001,1059,31770.0,31800.0,Sleep stage 4,N3,1.0844044732681258e-09,4.6042293761585826e-11,1.6056920369698568e-11,3.0070664399966936e-12,0.9433617472878579,0.040053817337334964,0.013968482083414948,0.0026159532913919976,0.5214512248308931,1.171875
SC4001,1060,31800.0,31830.0,Sleep stage W,W,2.346824696481019e-10,7.063242811908657e-11,1.661587886427407e-11,2.0780873392788486e-11,0.6847811261493306,0.20609870751136838,0.048483554215616224,0.06063661212368469,0.7537701412572156,1.171875
SC4001,1061,31830.0,31860.0,Sleep stage 3,N3,3.6905194292496027e-10,3.5597674044631015e-11,6.22733243683204e-12,4.037828123581187e-12,0.8894644464627977,0.0857951463106343,0.015008702447050614,0.009731704779517505,0.6164064556697926,1.26953125
SC4001,1062,31860.0,31890.0,Sleep stage 3,N3,3.578021819383956e-10,2.3947439209202385e-11,6.049815575537749e-12,3.1204305464402603e-12,0.9152826752897094,0.061259202241282805,0.015475845773184591,0.007982276695823265,0.59969062590602,0.9765625
SC4001,1063,31890.0,31920.0,Sleep stage 2,N2,2.6802482427473704e-10,2.2574991340351484e-11,8.405989080822056e-12,4.0222489222449905e-12,0.8844884857178077,0.07449802442647155,0.027739969882176023,0.013273519973544794,0.6482242406448736,1.171875
SC4001,1064,31920.0,31950.0,Sleep stage 2,N2,2.152265985908417e-10,2.586075093476779e-11,5.6628815016919e-12,2.631346689651298e-12,0.8630412902236237,0.10369952412491217,0.022707697792012746,0.010551487859451546,0.6548463081368675,0.5859375
SC4001,1065,31950.0,31980.0,Sleep stage 3,N3,3.4171002885285614e-10,3.4543362029625693e-11,7.967163319441885e-12,2.71268394768466e-12,0.8831239995999862,0.08927473430511919,0.020590537420725197,0.007010728674169357,0.6279192167035249,0.5859375
SC4001,1066,31980.0,32010.0,Sleep stage 3,N3,4.488785087493777e-10,4.5132803362345194e-11,1.6710093462152666e-11,3.929125573927675e-12,0.8722006130028914,0.08769602017448114,0.03246881612049414,0.0076345507021331775,0.6331441356133204,1.07421875
SC4001,1067,32010.0,32040.0,Sleep stage 3,N3,5.401586344794372e-10,4.2179427301675195e-11,8.787071807941962e-12,3.362038572773867e-12,0.90861276705967,0.07095094608735027,0.014780927527818868,0.005655359325160795,0.6273209110233356,1.171875
SC4001,1068,32040.0,32070.0,Sleep stage 3,N3,5.49856938666898e-10,3.31348923136421e-11,1.0669122965898169e-11,3.451235301321904e-12,0.9208603484708725,0.05549190405137319,0.017867869988283262,0.005779877489471046,0.6046146189218483,0.5859375
SC4001,1069,32070.0,32100.0,Sleep stage 4,N3,6.24911753112071e-10,4.1304029520360946e-11,8.89997186451644e-12,3.234532653211161e-12,0.9212228032472853,0.06088893939130579,0.013120023729784817,0.004768233631623959,0.6150123174916576,0.5859375
SC4001,1070,32100.0,32130.0,Sleep stage 3,N3,5.451330912336551e-10,5.2555324323287774e-11,1.0371529854094058e-11,2.419069797448297e-12,0.8929595901793385,0.08608866646356314,0.01698916686030898,0.0039625764967894245,0.6219741896674016,0.5859375
SC4001,1071,32130.0,32160.0,Sleep stage 4,N3,7.222876435719241e-10,5.891230469110974e-11,1.4507030828673336e-11,3.4003496002955473e-12,0.9038681258926521,0.07372264347461155,0.01815404553030289,0.004255185102433384,0.6115124893810058,0.68359375
SC4001,1072,32160.0,32190.0,Sleep stage 4,N3,5.937669921787553e-10,5.302681341083475e-11,8.1023201705757e-12,2.8538640230231102e-12,0.9027244415077469,0.08061849370505311,0.012318236862681567,0.00433882792451858,0.6163846578787239,0.9765625
SC4001,1073,32190.0,32220.0,Sleep stage 4,N3,6.371876016323481e-10,5.12334606128428e-11,9.183489729337212e-12,5.10445508743929e-12,0.9067588364868627,0.07290850138245752,0.013068695060183539,0.007263967070496311,0.5790324549637588,1.07421875
SC4001,1074,32220.0,32250.0,Sleep stage 4,N3,1.0392963461369966e-09,5.5491814870263546e-11,1.2921798547874185e-11,4.891124609436948e-12,0.9341140871864083,0.04987575121044501,0.011614044541019742,0.004396117062127071,0.5896112783719721,0.9765625
SC4001,1075,32250.0,32280.0,Sleep stage 2,N2,2.9045168047800803e-10,5.509337127385592e-11,1.2182474334846819e-11,9.637867985228938e-12,0.7906342980719899,0.149968865230314,0.0331617363296369,0.026235100368059143,0.694693958327001,1.953125
SC4001,1076,32280.0,32310.0,Sleep stage 2,N2,3.8968351927213835e-10,3.019936233810664e-11,6.405460304074011e-12,3.098273551198519e-12,0.9075353195386977,0.07033140123700908,0.01491769904641662,0.007215580177876621,0.6386571368366819,1.26953125
SC4001,1077,32310.0,32340.0,Sleep stage 2,N2,3.2555836583941825e-10,5.2300987276462964e-11,1.6491383433758837e-11,6.404850561918979e-12,0.8123613901078116,0.13050594666295656,0.04115072618854869,0.01598193704068323,0.6789026214894418,0.5859375
SC4001,1078,32340.0,32370.0,Sleep stage 2,N2,4.2650895135371823e-10,3.788952678947795e-11,8.639905104751538e-12,6.54274640892714e-12,0.8893363916525906,0.07900545798494346,0.018015523485949328,0.013642626876516739,0.6577352362570925,1.171875
SC4001,1079,32370.0,32400.0,Sleep stage 2,N2,1.7333709535218807e-10,8.196922885780971e-11,1.0139995824876876e-11,5.406514383154247e-12,0.6399678102857252,0.30263382339687844,0.03743728894941896,0.019961077367977403,0.7403168390262128,1.171875
SC4001,1080,32400.0,32430.0,Sleep stage 2,N2,3.43710311711637e-10,2.7759230513902917e-11,4.9203939052640494e-12,3.644040205226756e-12,0.904419954829839,0.07304407564169436,0.012947247382200839,0.009588722146265815,0.6180712272339948,1.07421875
SC4001,1081,32430.0,32460.0,Sleep stage 2,N2,9.435787591258616e-11,1.990598153441681e-11,6.440804432811124e-12,4.398977069816194e-12,0.7542376601097662,0.15911592741464087,0.05148374968856298,0.03516266278702994,0.7281857157114638,1.26953125
SC4001,1082,32460.0,32490.0,Sleep stage 3,N3,3.12272159589485e-10,4.9554117222020263e-11,1.170592913741076e-11,6.028582251322421e-12,0.8227197574074614,0.13055647148640084,0.03084072301808811,0.015883048088049665,0.6907413054640051,0.5859375
SC4001,1083,32490.0,32520.0,Sleep stage 2,N2,3.577379097565307e-10,5.850298969673685e-11,1.1978585891686734e-11,7.996041626527156e-12,0.8200943974649453,0.13411487230384994,0.027460246486067562,0.018330483745137103,0.7029797640937158,0.9765625
SC4001,1084,32520.0,32550.0,Sleep stage 2,N2,2.187886592079083e-10,2.4419033625319138e-11,1.1861594501632621e-11,6.33984292741565e-12,0.8369587511667795,0.09341308622548551,0.045375593766490495,0.024252568841244333,0.6814078673161469,1.07421875
SC4001,1085,32550.0,32580.0,Sleep stage 3,N3,3.2805143635488307e-10,3.51130549221794e-11,1.0117391483946216e-11,5.5998858151322174e-12,0.8658411767547404,0.09267549360882747,0.02670329459759424,0.014780035038837852,0.6330769410045394,1.171875
SC4001,1086,32580.0,32610.0,Sleep stage 3,N3,3.7049590888173933e-10,3.288626894788416e-11,8.212559902730379e-12,4.204788856364342e-12,0.891044566407623,0.07909164596142773,0.019751248805181316,0.010112538825767941,0.6258035569723449,1.26953125
SC4001,1087,32610.0,32640.0,Sleep stage 3,N3,4.395925327081465e-10,4.385666607755872e-11,9.852468754134815e-12,6.274402519317397e-12,0.8799311237147367,0.08778776387821262,0.019721658711491386,0.012559453695559138,0.656524398752195,0.5859375
SC4001,1088,32640.0,32670.0,Sleep stage 3,N3,3.194850884299771e-10,4.128668441779151e-11,8.039320348558855e-12,2.8569627729207644e-12,0.8595979215830464,0.11108483431572491,0.021630377481846402,0.007686866619382402,0.6451361264352307,1.171875
SC4001,1089,32670.0,32700.0,Sleep stage 1,N1,1.1488953467176865e-10,4.680138806078263e-11,1.421379470282276e-11,1.783036534669331e-11,0.5930239016183141,0.2415741505808193,0.07336716973875021,0.09203477806211637,0.7866049679919854,1.171875
SC4001,1090,32700.0,32730.0,Sleep stage 2,N2,1.3833690605736192e-10,1.7586389450895955e-11,3.3141830669086058e-12,4.229498503027268e-12,0.8462682098243551,0.10758374422305234,0.02027432773362708,0.02587371821896544,0.6498148930078008,1.07421875
SC4001,1091,32730.0,32760.0,Sleep stage 2,N2,1.9380140570462853e-10,1.466915702108369e-11,3.0736942030975903e-12,2.368658874077269e-12,0.9059827218811296,0.06857536846723544,0.014368904241059886,0.011073005410575123,0.6146454440182612,1.171875
SC4001,1092,32760.0,32790.0,Sleep stage 2,N2,2.752538220191459e-10,3.002944087946442e-11,8.674896148307482e-12,4.581744093393366e-12,0.8641109616270005,0.09427214795829515,0.02723331068662485,0.014383579728079432,0.6905814815977301,1.171875
SC4001,1093,32790.0,32820.0,Sleep stage 2,N2,1.9160563414625445e-10,2.1131898409759303e-11,8.41976648392591e-12,3.396039768749502e-12,0.8532744833043658,0.09410636475889976,0.037495619208313034,0.015123532728421363,0.6770604128271941,1.171875
SC4001,1094,32820.0,32850.0,Sleep stage 2,N2,2.9330012260482636e-10,2.961400940567719e-11,1.1144590171028059e-11,3.730020988579446e-12,0.8682945436613317,0.08767020809442284,0.03299278142438163,0.011042466819863797,0.6605439699016945,0.5859375
SC4001,1095,32850.0,32880.0,Sleep stage 3,N3,3.1634006753593645e-10,2.608370276990099e-11,7.899307349384375e-12,4.6824186492321435e-12,0.8910849855255257,0.07347408150416779,0.022251225492604488,0.013189707477701935,0.6176428086108127,1.171875
SC4001,1096,32880.0,32910.0,Sleep stage 3,N3,3.7827023349023324e-10,3.7206295834401324e-11,2.4560672533864933e-11,4.974785560035466e-12,0.8500225705930683,0.08360740134267149,0.05519103581082987,0.011178992253430392,0.6715443224370156,0.9765625
SC4001,1097,32910.0,32940.0,Sleep stage 2,N2,2.4208641501570205e-10,2.8206775795332664e-11,7.239650693732539e-12,4.8092079938280055e-12,0.8574224613217114,0.0999028513302373,0.025641418650141797,0.017033268697909387,0.6271039228140505,1.171875
SC4001,1098,32940.0,32970.0,Sleep stage 3,N3,5.199626451330747e-10,3.062770579572985e-11,1.2497270932579194e-11,5.210637510268192e-12,0.9149467494550833,0.05389371741098392,0.021990690146397776,0.009168842987535132,0.5827795968667537,1.07421875
SC4001,1099,32970.0,33000.0,Sleep stage 2,N2,4.1892037236760756e-10,5.7970885164425135e-11,1.4460357995799374e-11,3.5994652090530437e-12,0.8463874283169909,0.11712447435839084,0.02921573173306488,0.007272365591553301,0.6567214300201292,1.07421875
SC4001,1100,33000.0,33030.0,Sleep stage 3,N3,7.030104546566074e-10,3.556047893595621e-11,9.694387990160083e-12,3.161311284978366e-12,0.9355676574487093,0.047323953371529046,0.01290131007622523,0.004207079103536317,0.594699692359353,0.5859375
SC4001,1101,33030.0,33060.0,Sleep stage 3,N3,5.68142106294479e-10,4.03846869302975e-11,1.0982955414537234e-11,3.0457240359747197e-12,0.9125967584109724,0.06486921841157967,0.017641729768016524,0.004892293409431329,0.6106350099361695,1.07421875
SC4001,1102,33060.0,33090.0,Sleep stage 3,N3,5.062927044023105e-10,4.5386357519301786e-11,1.0530599591202637e-11,3.133491632641078e-12,0.8955493695915469,0.08028107754870858,0.018626916294311676,0.005542636565432797,0.6418924389919135,1.3671875
SC4001,1103,33090.0,33120.0,Sleep stage 3,N3,4.663754451022401e-10,5.0879363336532846e-11,1.0919827225923428e-11,2.668414042369555e-12,0.8785561859754953,0.09584633982607384,0.02057072656776668,0.0050267476306642064,0.6339489882829513,1.26953125
SC4001,1104,33120.0,33150.0,Sleep stage 4,N3,6.769046086366858e-10,3.672749567512779e-11,1.2035732570735135e-11,2.9065941933860064e-12,0.9290809281311936,0.05041008043734095,0.016519564861700076,0.0039894265697653485,0.5680701781865153,1.171875
SC4001,1105,33150.0,33180.0,Sleep stage 4,N3,8.149225404005861e-10,3.994110294493302e-11,1.0235222397990274e-11,3.249037972180647e-12,0.9384747022633498,0.045996659603856585,0.011787006514547237,0.0037416316182464476,0.5872266036344902,1.26953125
SC4001,1106,33180.0,33210.0,Sleep stage 4,N3,9.948285360827624e-10,4.51497724231676e-11,9.281300231273051e-12,2.761966987351867e-12,0.9456351077187726,0.04291715442439645,0.008822347797269058,0.002625390059561875,0.5244497711353455,1.171875
SC4001,1107,33210.0,33240.0,Sleep stage 4,N3,1.15549922432394e-09,5.0348805046418656e-11,1.1700066126207702e-11,2.81341782896008e-12,0.9468499388965206,0.04125728687494942,0.009587377181639092,0.002305397046890983,0.5623868761121072,1.171875
SC4001,1108,33240.0,33270.0,Sleep stage 4,N3,8.900620299002947e-10,5.861135549589038e-11,1.2183104864018961e-11,3.207085509078014e-12,0.9232399732456057,0.060796151798517016,0.012637242159364188,0.0033266327965133374,0.5710347860333512,1.171875
SC4001,1109,33270.0,33300.0,Sleep stage 3,N3,5.956139316584822e-10,6.034120356817082e-11,1.5964170231287337e-11,3.0737942032300583e-12,0.8824000303965558,0.08939528951993818,0.02365086434113319,0.004553815742372812,0.6441455404111485,1.26953125
SC4001,1110,33300.0,33330.0,Sleep stage 2,N2,4.0912683478753543e-10,1.8905354769979715e-11,3.506071686805581e-12,2.315148467316827e-12,0.9430070748077404,0.04357544356409516,0.008081235754574123,0.005336245873590344,0.5925343494871317,0.68359375
SC4001,1111,33330.0,33360.0,Sleep stage 3,N3,3.571888137378184e-10,2.285343476528099e-11,5.328999795683248e-12,3.0102301840070868e-12,0.9196854987348386,0.05884275134478044,0.0137210451345439,0.007750704785837203,0.5900415333446016,0.5859375
SC4001,1112,33360.0,33390.0,Sleep stage 3,N3,3.958154922235552e-10,3.905242383312067e-11,1.0792267214405295e-11,4.525841310055329e-12,0.8792265210627788,0.08674730378282167,0.023972905921383656,0.010053269233016011,0.6344681738352683,1.171875
SC4001,1113,33390.0,33420.0,Sleep stage 4,N3,3.966902893630435e-10,2.937076006684311e-11,8.690673493416829e-12,2.760013140107186e-12,0.906696339011005,0.06713136504888241,0.01986386370252077,0.0063084322375918265,0.5919382739903392,1.07421875
SC4001,1114,33420.0,33450.0,Sleep stage 3,N3,3.379459359048767e-10,3.427941369301358e-11,1.439461617272086e-11,4.488083230960112e-12,0.8640730784436478,0.08764691440261273,0.03680470450420986,0.011475302649529673,0.6656476316807212,1.7578125
SC4001,1115,33450.0,33480.0,Sleep stage 3,N3,4.95457092480155e-10,4.1257745390620533e-11,1.1241781117136142e-11,3.439219294805819e-12,0.8985506564997303,0.07482418713770998,0.020387859930440996,0.006237296432118564,0.6252683337123357,0.5859375
SC4001,1116,33480.0,33510.0,Sleep stage 3,N3,7.716464765528196e-10,4.39892227992223e-11,1.4786320607132682e-11,2.677666570368845e-12,0.9262354662108679,0.05280187174534767,0.01774856100201921,0.003214101041765174,0.5956041772153844,1.07421875
SC4001,1117,33510.0,33540.0,Sleep stage 4,N3,8.692742223350876e-10,4.4640070750077404e-11,1.2597879996161882e-11,2.488496714952852e-12,0.9357089296025054,0.04805170997332705,0.013560679131614045,0.0026786812925533774,0.520130916893897,0.5859375
SC4001,1118,33540.0,33570.0,Sleep stage 4,N3,9.753285669376417e-10,6.049068089054477e-11,1.2643226108410062e-11,2.1321324453923717e-12,0.9283586275932384,0.05757756657333417,0.0120343527670968,0.002029453066330652,0.5828165870039898,1.07421875
SC4001,1119,33570.0,33600.0,Sleep stage 4,N3,8.43603733638183e-10,5.200218188523231e-11,1.1445619833246466e-11,3.3181981307483162e-12,0.9266605672472629,0.05712204610101031,0.012572496000499726,0.0036448906512270432,0.5773633578149173,1.07421875
SC4001,1120,33600.0,33630.0,Sleep stage 4,N3,1.0332818617944227e-09,4.31541913947521e-11,1.0319887545298356e-11,2.339202672349878e-12,0.9487526117894444,0.03962389480478309,0.00947565289201133,0.0021478405137613284,0.5845347588324309,1.07421875
SC4001,1121,33630.0,33660.0,Sleep stage 4,N3,7.567756901859664e-10,3.399871057883833e-11,1.3565269888280789e-11,2.687568913919423e-12,0.9377325238637544,0.04212833088147023,0.016808936827905553,0.0033302084268696888,0.5614832760881034,1.171875
SC4001,1122,33660.0,33690.0,Sleep stage 4,N3,9.94767264710792e-10,4.903916056761838e-11,1.487149620375095e-11,1.942228111762459e-12,0.9379109618949397,0.0462363086222658,0.014021510160300794,0.0018312193224936124,0.5782714039340635,1.07421875
SC4001,1123,33690.0,33720.0,Sleep stage 4,N3,9.768624480648298e-10,4.195293928493839e-11,1.8512234792948234e-11,2.240579144587006e-12,0.9396809625911751,0.04035612019777809,0.017807619326970968,0.0021552978840757957,0.5567563707800561,1.26953125
SC4001,1124,33720.0,33750.0,Sleep stage 4,N3,1.3276307176585397e-09,5.4286789249423346e-11,1.505600819678254e-11,2.370345322777288e-12,0.9487523082803438,0.03879445987838745,0.010759334158355243,0.0016938976829134105,0.5552210237672913,1.26953125
SC4001,1125,33750.0,33780.0,Sleep stage 4,N3,1.6397458800949915e-09,5.6545881742659435e-11,1.3802704285583215e-11,3.153645679409439e-12,0.9570977307949199,0.03300507460251221,0.008056453814538456,0.0018407407880293761,0.513362599091687,1.07421875
SC4001,1126,33780.0,33810.0,Sleep stage 4,N3,8.406157007098061e-10,3.6559182305126275e-11,1.0425635069317865e-11,2.231408545487837e-12,0.9446904247340959,0.041085491777750824,0.011716409309795428,0.002507674178357879,0.5371766630940437,0.5859375
SC4001,1127,33810.0,33840.0,Sleep stage 4,N3,1.0087654359903408e-09,5.175985576978738e-11,1.3643211669597793e-11,2.4037717591560062e-12,0.9370159897656246,0.04807838448255249,0.01267282465285865,0.0022328010989640895,0.5737423887120641,0.5859375
SC4001,1128,33840.0,33870.0,Sleep stage 4,N3,1.1362429444507386e-09,3.738274456479079e-11,1.1611867320989242e-11,4.339397699056268e-12,0.9551655658728898,0.03142524276211965,0.009761341863253668,0.003647849501736813,0.5307301528443964,1.26953125
SC4001,1129,33870.0,33900.0,Sleep stage 4,N3,1.4115548968330049e-09,3.635756404387189e-11,1.4596387372040328e-11,2.342397023495994e-12,0.9636165456312276,0.024819970055806318,0.009964416126994445,0.0015990681859715979,0.5055024281975368,1.171875
SC4001,1130,33900.0,33930.0,Sleep stage 4,N3,9.245666699440736e-10,4.101920997438108e-11,1.1614278005161618e-11,2.3088479833470834e-12,0.9439082891208165,0.04187731784701651,0.011857244737027742,0.0023571482951391916,0.5672174019669002,1.171875
SC4001,1131,33930.0,33960.0,Sleep stage 4,N3,1.1375914377705532e-09,3.68406998198266e-11,1.3078026189536265e-11,2.3117717628992445e-12,0.9561022568066592,0.030963204425222914,0.010991582688858281,0.001942956079259522,0.5463088519202515,1.07421875
SC4001,1132,33960.0,33990.0,Sleep stage 4,N3,1.1347081496663699e-09,2.964808829737214e-11,7.302294632808975e-12,1.957087013535144e-12,0.9668482003020354,0.025262179372853112,0.006222049630896221,0.0016675706942153284,0.5445116843918604,1.3671875
SC4001,1133,33990.0,34020.0,Sleep stage 4,N3,1.0712309352580962e-09,4.249916953809076e-11,1.464134304521258e-11,1.9884981115023196e-12,0.9476901044605226,0.03759790825060034,0.01295281480703018,0.0017591724818469226,0.5394531455701261,1.07421875
SC4001,1134,34020.0,34050.0,Sleep stage 4,N3,1.4964114848421968e-09,3.757043593332468e-11,9.377126528624048e-12,1.531762760667244e-12,0.968619578220818,0.024319152970913516,0.006069766528179846,0.0009915022800886374,0.5128844210900451,1.26953125
SC4001,1135,34050.0,34080.0,Sleep stage 4,N3,9.304042805835913e-10,3.549059866320157e-11,1.2433591178226087e-11,1.953797683151659e-12,0.9491187496221493,0.036204468669717195,0.01268368467198887,0.0019930970361447613,0.5228052539675593,1.171875
SC4001,1136,34080.0,34110.0,Sleep stage 4,N3,1.07126962427439e-09,4.1520463168123695e-11,1.6282152539981897e-11,1.9467362047837447e-12,0.9471721048268285,0.03671066891210899,0.014396002969702448,0.0017212232913600513,0.5749805336964412,1.26953125
SC4001,1137,34110.0,34140.0,Sleep stage 4,N3,1.5149208483316775e-09,4.038202174584483e-11,1.81982190744777e-11,2.6237474175128584e-12,0.9611680580003752,0.025621080772851485,0.011546178736759657,0.0016646824900136276,0.5323077847360306,0.9765625
SC4001,1138,34140.0,34170.0,Sleep stage 4,N3,1.2472386168639393e-09,4.16801125877274e-11,1.202785085911387e-11,2.2352912270181847e-12,0.9570717979618268,0.031983342845725335,0.009229602653174266,0.0017152565392737284,0.5229470210776019,1.171875
SC4001,1139,34170.0,34200.0,Sleep stage 4,N3,1.2892792627799976e-09,4.4640934596082935e-11,1.5061761468533196e-11,1.9424729084002263e-12,0.9543681589257935,0.03304473110916727,0.011149225755720806,0.0014378842093185,0.530956540732018,1.07421875
SC4001,1140,34200.0,34230.0,Sleep stage 4,N3,1.0779006422175012e-09,5.703843722370107e-11,1.4383531031053329e-11,1.9839416606973762e-12,0.9362412124038925,0.04954235439556003,0.012493224332308253,0.001723208868239178,0.5400096426627639,1.07421875
SC4001,1141,34230.0,34260.0,Sleep stage 4,N3,1.0426346572399601e-09,4.0160769163990694e-11,1.2820567043238661e-11,2.30603446143277e-12,0.9496436274495956,0.03657889006971741,0.011677119792978315,0.0021003626877087274,0.5787416780025677,0.5859375
SC4001,1142,34260.0,34290.0,Sleep stage 4,N3,1.2632930514873504e-09,3.8879789665810626e-11,1.1954660723095799e-11,1.8959487131858473e-12,0.9599320216684022,0.029543386668677136,0.009083926823447823,0.0014406648394727753,0.5211698338864805,1.171875
SC4001,1143,34290.0,34320.0,Sleep stage 4,N3,1.2882407821472288e-09,3.460300270605096e-11,1.2512433184609981e-11,1.7846133177277266e-12,0.9634293949734426,0.025878353195579115,0.009357603096993641,0.0013346487339844773,0.5205025545594651,1.171875
SC4001,1144,34320.0,34350.0,Sleep stage 4,N3,1.3614295575805282e-09,4.6644635692887924e-11,1.3317678294700932e-11,1.5838247803632886e-12,0.9567482853530903,0.032779643259251326,0.009359034261003634,0.001113037126654774,0.5183769579395162,1.171875
SC4001,1145,34350.0,34380.0,Sleep stage 4,N3,1.308121907958792e-09,4.1563941737692404e-11,1.2308580254096982e-11,2.230985420685351e-12,0.9588751926328785,0.03046706304498879,0.009022394770989709,0.0016353495511430565,0.5444109164286514,1.07421875
SC4001,1146,34380.0,34410.0,Sleep stage 4,N3,1.5365642423583198e-09,3.978215919313201e-11,1.1767177893089282e-11,1.819100859379124e-12,0.9664335235027695,0.02502128529462489,0.007401054169689721,0.0011441370329160088,0.5153244943824163,1.171875
SC4001,1147,34410.0,34440.0,Sleep stage 4,N3,1.5828507938323284e-09,5.1788383360970246e-11,1.3085213847461037e-11,1.7680272850046489e-12,0.9595987082128713,0.031396557380685315,0.007932872986917113,0.0010718614195263762,0.5508821248293092,1.171875
SC4001,1148,34440.0,34470.0,Sleep stage 4,N3,1.4767927437080977e-09,3.879796416643575e-11,7.184094784335719e-12,1.6183896468511727e-12,0.9687741661154858,0.02545141526626205,0.004712757063333128,0.001061661554918963,0.5419498235629884,1.26953125
SC4001,1149,34470.0,34500.0,Sleep stage 4,N3,1.093908226241038e-09,2.8722808072754206e-11,9.577601704736692e-12,2.4682327126456385e-12,0.9640702621040252,0.02531364555344537,0.00844081867593425,0.0021752736665952145,0.5323713873002299,1.07421875
SC4001,1150,34500.0,34530.0,Sleep stage 4,N3,9.179019650756869e-10,3.503450837021339e-11,8.455450368328723e-12,2.399030873541615e-12,0.9523869887044648,0.03635073373516269,0.008773116542754802,0.00248916101761798,0.5684500180972291,1.07421875
SC4001,1151,34530.0,34560.0,Sleep stage 4,N3,1.7279542935151382e-09,4.401236239889812e-11,9.075467173847447e-12,1.7573523384534453e-12,0.969236483032909,0.024687219738144157,0.005090570924515864,0.0009857263044309532,0.48377883649758474,1.26953125
SC4001,1152,34560.0,34590.0,Sleep stage 4,N3,1.4808670195669462e-09,5.1041172765499574e-11,1.0786273512132565e-11,1.6814446674236519e-12,0.9588773105610013,0.03304970792284506,0.006984228022927802,0.0010887534932257574,0.5379859147154569,1.07421875
SC4001,1153,34590.0,34620.0,Sleep stage 4,N3,1.5738510502028597e-09,5.7906157802341266e-11,1.1531217749544726e-11,1.8866086790471183e-12,0.956646567849554,0.035197566575200546,0.007009113017274382,0.0011467525579710843,0.5477730692191249,1.171875
SC4001,1154,34620.0,34650.0,Sleep stage 4,N3,1.0636175576067764e-09,4.224340245592006e-11,1.0966836141554418e-11,1.9932997936949372e-12,0.9506591906528811,0.037757066439867724,0.009802135641509708,0.001781607265741615,0.5717029022848418,1.07421875
SC4001,1155,34650.0,34680.0,Sleep stage 4,N3,1.3113913969994528e-09,4.2815447741798166e-11,1.0960436062497256e-11,2.3349089399725418e-12,0.958968407388961,0.03130923523407452,0.00801493127009275,0.001707426106871624,0.5241445697861947,1.26953125
SC4001,1156,34680.0,34710.0,Sleep stage 4,N3,1.2902371773868038e-09,4.038754686101844e-11,1.0975238261842342e-11,2.033259036470942e-12,0.960259955393267,0.030058461054233227,0.008168329039388442,0.0015132545131112832,0.5386760987119346,1.171875
SC4001,1157,34710.0,34740.0,Sleep stage 4,N3,1.0157162066642198e-09,4.222246012968489e-11,7.620084755694443e-12,1.6640802553140278e-12,0.9517377031246755,0.03956292807030491,0.007140106572501988,0.001559262232517735,0.5734578710461322,1.171875
SC4001,1158,34740.0,34770.0,Sleep stage 4,N3,1.1649562604040986e-09,4.8721244515601556e-11,2.1480722766519487e-11,2.7895829821391e-12,0.9410382653975918,0.03935646082632298,0.01735188073471547,0.0022533930413698336,0.5434383918783138,1.07421875
SC4001,1159,34770.0,34800.0,Sleep stage 4,N3,1.086109441607802e-09,3.623344137813969e-11,9.845901720273584e-12,2.304804938502946e-12,0.9573517660403279,0.03193798687702296,0.008678675499045314,0.002031571583603858,0.5579296861533514,1.171875
SC4001,1160,34800.0,34830.0,Sleep stage 4,N3,1.1338312987061917e-09,4.322258536797092e-11,1.5390846388230653e-11,1.958141548538932e-12,0.949287150320762,0.03618761004417219,0.012885808255231475,0.001639431379834299,0.5540466650886999,0.5859375
SC4001,1161,34830.0,34860.0,Sleep stage 4,N3,1.4630207839797373e-09,4.199257739797224e-11,9.201364082096182e-12,1.9914793473393472e-12,0.9649220398526382,0.027695822154555502,0.006068675918172064,0.0013134620746342713,0.529180017542673,1.171875
SC4001,1162,34860.0,34890.0,Sleep stage 4,N3,1.5274898273925784e-09,4.432690217659268e-11,1.0695976364055335e-11,1.8175880306398923e-12,0.9641233480241815,0.02797832140524837,0.006751102598243494,0.0011472279723266758,0.48645670111047895,1.171875
SC4001,1163,34890.0,34920.0,Sleep stage 4,N3,1.148299082756149e-09,2.5674586746461263e-11,1.2312143723396171e-11,1.3478998114375376e-12,0.9668798301618652,0.021618270401567653,0.010366953706549078,0.0011349457300182258,0.49785827472774946,1.07421875
SC4001,1164,34920.0,34950.0,Sleep stage 4,N3,1.4559161896644505e-09,5.0413187622629906e-11,9.479332664007215e-12,1.6126636032225391e-12,0.9594673009344833,0.03322293233852723,0.006247000885326556,0.0010627658416627805,0.542261805069552,1.26953125
SC4001,1165,34950.0,34980.0,Sleep stage 4,N3,1.1773430807013562e-09,3.696230573038715e-11,9.350237348643501e-12,2.566020021791042e-12,0.9601388840689008,0.03014325013525055,0.007625242464038535,0.002092623331810158,0.538951393617401,1.07421875
SC4001,1166,34980.0,35010.0,Sleep stage 4,N3,1.2607462242811154e-09,4.5327220683815496e-11,9.697185547130913e-12,1.8926870780140834e-12,0.9568045246846074,0.03439969837417662,0.0073593803649831145,0.0014363965762329107,0.5428036824734132,1.07421875
SC4001,1167,35010.0,35040.0,Sleep stage 4,N3,1.4122216034616783e-09,3.511866987916927e-11,7.654966303101005e-12,2.0295964442070382e-12,0.9692501929158834,0.024103000174970562,0.005253833780660311,0.0013929731284856696,0.5515352408535092,1.171875
SC4001,1168,35040.0,35070.0,Sleep stage 4,N3,1.2167690298905081e-09,3.820802880953223e-11,7.947551945759702e-12,1.850151591187402e-12,0.9620440462762142,0.03020935422679868,0.006283768606912262,0.0014628308900748999,0.5597737943317417,1.26953125
SC4001,1169,35070.0,35100.0,Sleep stage 4,N3,1.4636279958131042e-09,4.242741216155146e-11,9.116681436952598e-12,1.6340024421437692e-12,0.9649407420459021,0.027971546520952552,0.006010446217163277,0.0010772652159820816,0.5302420871771248,1.07421875
SC4001,1170,35100.0,35130.0,Sleep stage 4,N3,1.2862236264483354e-09,3.2634868108176826e-11,1.2209607124399736e-11,2.8417503940462422e-12,0.9642507883479198,0.02446557243535745,0.00915324757921769,0.0021303916375051647,0.5347488119320835,1.07421875
SC4001,1171,35130.0,35160.0,Sleep stage 4,N3,1.3265536835819197e-09,4.0171763538120007e-11,1.2625579815953566e-11,1.931513702867577e-12,0.9603782315009729,0.029082944550605887,0.0091404759305175,0.001398348017903873,0.5422210695055694,0.5859375
SC4001,1172,35160.0,35190.0,Sleep stage 4,N3,1.0388721685953866e-09,3.571088305841223e-11,1.2174900278300595e-11,1.3969296093535437e-12,0.9547098360885411,0.03281783104977214,0.011188572954848057,0.0012837599068385263,0.5631012851883728,0.68359375
SC4001,1173,35190.0,35220.0,Sleep stage 4,N3,1.2484707758317295e-09,3.5099333879239654e-11,1.0732785132672157e-11,1.8038998689643894e-12,0.9632468411745045,0.02708058782071462,0.008280787645320545,0.0013917833594602673,0.5410742017009429,1.171875
SC4001,1174,35220.0,35250.0,Sleep stage 4,N3,1.128729837029465e-09,3.5118981418128585e-11,1.2624260173566842e-11,1.6993131971670686e-12,0.9580345328644516,0.029808015925350154,0.010715121370382176,0.0014423298398160906,0.5272758947339738,1.07421875
SC4001,1175,35250.0,35280.0,Sleep stage 4,N3,1.829575740153288e-09,4.272948468165259e-11,1.1872080451478046e-11,2.1623811706956605e-12,0.9699078873697243,0.022652062610158123,0.006293712917515907,0.0011463371026016007,0.49824394615652373,1.171875
SC4001,1176,35280.0,35310.0,Sleep stage 4,N3,1.1330824892640883e-09,3.4591871918273194e-11,1.1347052973238461e-11,2.109122060189506e-12,0.9593202906211857,0.029287086276764705,0.009606942353377088,0.0017856807486722826,0.5471959584066636,1.26953125
SC4001,1177,35310.0,35340.0,Sleep stage 4,N3,1.1913206909562973e-09,3.134324503074542e-11,6.140885881382356e-12,1.573249091333423e-12,0.9682557898866042,0.02547448281998075,0.004991056022798056,0.0012786712706170124,0.5515146771906347,0.5859375
SC4001,1178,35340.0,35370.0,Sleep stage 4,N3,1.2203538566911124e-09,3.615927587521962e-11,6.871448761215221e-12,1.7353697002403363e-12,0.9646151384299118,0.028581697605704275,0.005431460278239098,0.0013717036861449513,0.5201120819328793,1.171875
SC4001,1179,35370.0,35400.0,Sleep stage 4,N3,9.335596047612904e-10,4.47387781350829e-11,1.2950255400431985e-11,1.9409588513639586e-12,0.9399611186443155,0.045045556521680456,0.013039056628882509,0.001954268205121359,0.5707534719223937,0.5859375
SC4001,1180,35400.0,35430.0,Sleep stage 1,N1,2.5824755212874373e-10,6.573600563319264e-11,1.1733866388362398e-11,1.3844512068899902e-11,0.738774807468755,0.1880525275268294,0.0335673457907742,0.03960531921364135,0.7063896267135698,1.171875
SC4001,1181,35430.0,35460.0,Sleep stage 3,N3,3.893669893544319e-10,4.0660394484158893e-11,4.518833994009824e-12,2.8742588075672878e-12,0.8901434892695572,0.09295494073910733,0.010330641191557934,0.006570928799777517,0.6115701622170256,0.5859375
SC4001,1182,35460.0,35490.0,Sleep stage 3,N3,3.374698192783457e-10,3.6834586474945266e-11,4.851222387812086e-12,2.579242122442389e-12,0.8840424220228044,0.0964925903926856,0.01270835536838135,0.006756632216128721,0.6335055258074926,0.5859375
SC4001,1183,35490.0,35520.0,Sleep stage 3,N3,4.4555867890553316e-10,6.860998680105325e-11,4.718172072637389e-12,2.6936027414691786e-12,0.8542472920585991,0.13154248409422714,0.009045914505396798,0.005164309341777001,0.6375173705443834,1.26953125
SC4001,1184,35520.0,35550.0,Sleep stage 3,N3,4.3200603266549604e-10,6.026136718309461e-11,6.119456702195217e-12,3.0552296055963267e-12,0.8615272722257471,0.12017612571175607,0.012203715785209885,0.00609288627728688,0.670044580826148,0.87890625
SC4001,1185,35550.0,35580.0,Sleep stage 3,N3,4.041114044807843e-10,6.442626083272831e-11,5.522359437227483e-12,3.0585750823906613e-12,0.8469831287694919,0.13503196239941387,0.011574395630685732,0.006410513200408407,0.6237377221416791,0.9765625
SC4001,1186,35580.0,35610.0,Sleep stage 3,N3,3.081562279353416e-10,4.250718910083586e-11,3.745863486996957e-12,2.7050694468123727e-12,0.8629063154735737,0.11902963043744483,0.010489255016808407,0.007574799072173149,0.6439618347278471,1.07421875
SC4001,1187,35610.0,35640.0,Sleep stage 3,N3,3.3066208635852246e-10,2.856401805004904e-11,5.4388209905823256e-12,2.533594719044565e-12,0.9004995070570677,0.07778903368361752,0.014811663698512756,0.006899795560801879,0.6343584103965313,1.3671875
SC4001,1188,35640.0,35670.0,Sleep stage 2,N2,1.484677747064363e-10,2.1829581112065076e-11,4.978766505711221e-12,2.040225772064391e-12,0.8373044916638094,0.12311093334841479,0.02807844036471985,0.01150613462305582,0.6574202201130833,0.5859375
SC4001,1189,35670.0,35700.0,Sleep stage 2,N2,2.709652054238907e-10,3.264922765269157e-11,6.7926155007194985e-12,4.158543209669972e-12,0.8613949284300368,0.10379147785115064,0.02159363795045821,0.013219955768354335,0.6654016348311416,1.3671875
SC4001,1190,35700.0,35730.0,Sleep stage 3,N3,3.537758622900863e-10,3.9314586349776794e-11,6.2223355830787756e-12,4.9742110320748154e-12,0.875061197719039,0.09724425175976262,0.015390887305573218,0.012303663215625267,0.6499680820888702,0.5859375
SC4001,1191,35730.0,35760.0,Sleep stage 3,N3,3.559727369459052e-10,8.241748211088366e-11,8.64292432539192e-12,4.743817223956724e-12,0.7879391115215476,0.18242958206701432,0.019130954163302023,0.010500352248136042,0.6921658559168133,1.07421875
SC4001,1192,35760.0,35790.0,Sleep stage 3,N3,6.307870606991971e-10,1.0237196789845543e-10,9.89398934712863e-12,4.337572198059254e-12,0.8439858208258173,0.1369725137680556,0.013238043772049233,0.005803621634077921,0.6662117685761707,1.26953125
SC4001,1193,35790.0,35820.0,Sleep stage 2,N2,2.2795409867141128e-10,7.248282705265714e-11,7.0971800917866805e-12,2.948793217456743e-12,0.7341921225972385,0.233451914029186,0.022858521721755832,0.00949744165181982,0.6843734265095068,0.68359375
SC4001,1194,35820.0,35850.0,Sleep stage 2,N2,2.0111060330623628e-10,5.1870681046000674e-11,7.517152162406678e-12,3.4166961063131458e-12,0.7620275552560969,0.1965430346144606,0.02848321764558703,0.012946192483855453,0.7153627403937375,1.07421875
SC4001,1195,35850.0,35880.0,Sleep stage 2,N2,2.430911909942345e-10,5.990334522874762e-11,5.582142763568595e-12,4.102683891234287e-12,0.7774455875722441,0.19158074481609344,0.017852610137722623,0.013121057473939771,0.6688088966796808,1.171875
SC4001,1196,35880.0,35910.0,Sleep stage 2,N2,1.2449160123474327e-10,9.059947663641009e-11,9.44206031286078e-12,1.0479766022448972e-11,0.5297224067550569,0.38550851895697097,0.04017677388712987,0.04459230040084228,0.7591863179772266,1.26953125
SC4001,1197,35910.0,35940.0,Sleep stage 2,N2,1.7571282191971134e-10,2.594212601198246e-11,3.5217487418649942e-12,2.360688924019158e-12,0.8466562369655387,0.1249997726302919,0.016969225721546792,0.011374764682622602,0.661003076848507,0.5859375
SC4001,1198,35940.0,35970.0,Sleep stage 3,N3,2.711952325185856e-10,1.0926659757177413e-10,8.764094697625603e-12,4.422410210104378e-12,0.6889276758147641,0.2775741387863469,0.022263766713678933,0.011234418685210086,0.7138687498097704,0.5859375
SC4001,1199,35970.0,36000.0,Sleep stage R,REM,7.157641768972305e-11,4.93056426913726e-11,4.0881544337034585e-12,1.9571373735220576e-12,0.5639164171921405,0.388455615289431,0.032208616686794936,0.015419350831633734,0.712377248338451,0.5859375
SC4001,1200,36000.0,36030.0,Sleep stage R,REM,7.859048076867449e-11,5.2305102988687254e-11,5.127043353480706e-12,2.6091896135886007e-12,0.5669007492334516,0.37729508437920906,0.03698316500945897,0.018821001377880554,0.7448435211254154,0.5859375
SC4001,1201,36030.0,36060.0,Sleep stage R,REM,1.3652368189145855e-10,7.271944980361569e-11,5.467306637568138e-12,2.468725917576031e-12,0.6286223743552382,0.3348362171604708,0.025174176613319568,0.011367231870971474,0.702469927383063,0.5859375
SC4001,1202,36060.0,36090.0,Sleep stage R,REM,5.523670248151657e-11,2.607148343975985e-11,6.23535752077569e-12,2.1393786324508646e-12,0.615911047541798,0.2907073368784894,0.06952669891371005,0.0238549166660025,0.7495243494571219,0.5859375
SC4001,1203,36090.0,36120.0,Sleep stage R,REM,6.590844554431846e-11,3.597500597244352e-11,4.6482486572511155e-12,2.4475110263444106e-12,0.6047799834332278,0.3301088856874154,0.042652617926416656,0.022458512952939977,0.7631187106740785,1.26953125
SC4001,1204,36120.0,36150.0,Sleep stage R,REM,4.977420480198697e-11,2.1307090831397695e-11,6.9393704353407335e-12,2.1796928595793174e-12,0.6206232174906191,0.2656732602711319,0.0865254286647794,0.027178093573469647,0.7626188523634577,1.171875
SC4001,1205,36150.0,36180.0,Sleep stage R,REM,1.220840837428749e-10,1.0003890857936122e-10,7.570268425585933e-12,3.4546632985936847e-12,0.5236335868835361,0.4290791307215122,0.03246980841261458,0.014817473982337157,0.7291031221656749,1.3671875
SC4001,1206,36180.0,36210.0,Sleep stage R,REM,3.551145635711439e-11,2.4022328497694488e-11,5.5462772955439685e-12,2.6634562894606236e-12,0.5242044873808029,0.35460703918171976,0.08187170408740348,0.039316769350073895,0.7960792599771578,1.171875
SC4001,1207,36210.0,36240.0,Sleep stage R,REM,3.595608736052535e-11,2.1470721997174113e-11,6.722064634335576e-12,2.539178706013934e-12,0.5391683503389698,0.32195754904389734,0.10079863427369558,0.03807546634343726,0.7785861711891255,0.5859375
SC4001,1208,36240.0,36270.0,Sleep stage R,REM,5.069479277190698e-11,1.995841180344135e-11,5.675464784566386e-12,2.8877342492888725e-12,0.6399532225926136,0.2519479665083221,0.07164507003581003,0.03645374086325433,0.7680193181696326,1.26953125
SC4001,1209,36270.0,36300.0,Sleep stage R,REM,6.117857674679442e-11,1.632429603374844e-11,4.962375059782696e-12,2.239952741576163e-12,0.7222528997808189,0.19271893486592276,0.05858406598051274,0.026444099372745666,0.7108727788983608,0.5859375
SC4001,1210,36300.0,36330.0,Sleep stage R,REM,3.414138433913842e-11,2.1238342767999722e-11,4.797716073606003e-12,2.6351391799842987e-12,0.5435437145867804,0.3381224265869113,0.07638144927799723,0.04195240954831106,0.7922534219808146,0.5859375
SC4001,1211,36330.0,36360.0,Sleep stage R,REM,4.3366024651646476e-11,3.9541851482719634e-11,4.925925340174619e-12,2.8217114294085646e-12,0.4783605901341416,0.43617702019528304,0.05433674337482047,0.03112564629575484,0.7824756364227814,6.8359375
SC4001,1212,36360.0,36390.0,Sleep stage R,REM,4.282020684999763e-11,1.6568833143400557e-11,5.8104466869530715e-12,2.093238212724715e-12,0.6363274323938631,0.24622027373282063,0.08634583747627275,0.031106456397043555,0.7671246211174829,0.5859375
SC4001,1213,36390.0,36420.0,Sleep stage R,REM,3.2481914075923464e-11,1.415033613683046e-11,6.041859726485225e-12,2.322309105532643e-12,0.5906187100923863,0.2572955909240359,0.10985914776681431,0.04222655121676349,0.7851820593497087,0.5859375
SC4001,1214,36420.0,36450.0,Sleep stage R,REM,3.63534062110732e-11,1.1317841547981709e-11,4.236327268724141e-12,2.6297202581026565e-12,0.6665788250134245,0.20752480460672215,0.0776776194440434,0.04821875093581004,0.7842178986678966,1.85546875
SC4001,1215,36450.0,36480.0,Sleep stage R,REM,3.2039718408205443e-11,1.535240011101754e-11,4.925122283482933e-12,2.342865180381109e-12,0.5861627567666846,0.2808702953442478,0.09010451397600415,0.0428624339130634,0.7805292622820839,1.07421875
SC4001,1216,36480.0,36510.0,Sleep stage R,REM,3.694791120194026e-11,1.5555039335351837e-11,6.3213022439072415e-12,2.0551374875410208e-12,0.6069034370883285,0.25550583320048226,0.10383320555615076,0.03375752415503854,0.7879441127135498,1.85546875
SC4001,1217,36510.0,36540.0,Sleep stage R,REM,4.177104872634336e-11,1.324268430649069e-11,5.4273435919614594e-12,1.8344994992351827e-12,0.6707452797088599,0.21264651618984617,0.08715043568849738,0.029457768412796622,0.7648780187455194,1.26953125
SC4001,1218,36540.0,36570.0,Sleep stage R,REM,3.149932086967916e-11,1.7051292605337123e-11,3.6475974716243414e-12,2.1517320491410082e-12,0.5795649292976072,0.31373156374166866,0.0671131793442258,0.039590327616498416,0.7760068876222371,1.171875
SC4001,1219,36570.0,36600.0,Sleep stage R,REM,3.1850296879229526e-11,1.3721625985417714e-11,3.801983582343596e-12,2.210592121070837e-12,0.6174393037320227,0.26600289556586676,0.07370399418203472,0.0428538065200757,0.7723280016380735,0.5859375
SC4001,1220,36600.0,36630.0,Sleep stage R,REM,4.118053757731642e-11,1.7642873723120342e-11,3.185068805557159e-12,2.4379573647502798e-12,0.6389885801835136,0.27376026380247037,0.049421953028870494,0.037829202985145666,0.7704119581669076,0.9765625
SC4001,1221,36630.0,36660.0,Sleep stage R,REM,5.252088880379301e-11,2.1941835684702232e-11,4.8613052268143945e-12,3.1806452075721158e-12,0.6365807616705962,0.265946574605761,0.05892157300611538,0.03855109071752732,0.7738270749193737,0.5859375
SC4001,1222,36660.0,36690.0,Sleep stage R,REM,3.9488667921979973e-11,1.8363554481231797e-11,6.599302178432747e-12,2.7483030577817413e-12,0.5876304941415044,0.27326788068215024,0.09820415334757383,0.04089747182877158,0.7897665935354216,2.5390625
SC4001,1223,36690.0,36720.0,Sleep stage R,REM,4.4044954554157703e-11,1.969074289057833e-11,6.85781173556943e-12,2.2051758967117533e-12,0.6050240400298499,0.27048212299091046,0.0942024121495357,0.03029142482970389,0.7726156498653629,1.171875
SC4001,1224,36720.0,36750.0,Sleep stage R,REM,2.8155639479141345e-11,1.9563723138959272e-11,4.270706108949159e-12,3.048322745599662e-12,0.511563632689609,0.3554559393088585,0.07759503856633286,0.05538538943519968,0.7992111271437004,0.5859375
SC4001,1225,36750.0,36780.0,Sleep stage R,REM,6.527483999316466e-11,2.1306605009432838e-11,6.140491328812219e-12,2.8522365432323923e-12,0.6829757248203555,0.2229326644278597,0.06424843808866929,0.02984317266311548,0.7410019024606477,2.05078125
SC4001,1226,36780.0,36810.0,Sleep stage R,REM,5.114659124393268e-11,3.478929389422234e-11,4.40204906875793e-12,2.4388434550239547e-12,0.5512865668853291,0.3749784673594584,0.04744774694372618,0.02628721881148635,0.7696433183941643,0.5859375
SC4001,1227,36810.0,36840.0,Sleep stage R,REM,2.9393218493158416e-11,1.2342767046829761e-11,2.6166563134882734e-12,2.134524247739098e-12,0.6322867354220124,0.26550913041152285,0.05628771407125747,0.04591642009520741,0.7872919277434006,1.171875
SC4001,1228,36840.0,36870.0,Sleep stage 1,N1,6.090961119271763e-11,5.731385058484392e-11,7.640180688058367e-12,1.4739750293938783e-11,0.4332015749924128,0.4076277923311174,0.05433852297663679,0.10483210969983316,0.7737854678352929,7.12890625
SC4001,1229,36870.0,36900.0,Sleep stage 1,N1,1.465255160579896e-10,4.13116032848754e-11,5.4818846258753864e-12,6.568381023766706e-12,0.7330403370051701,0.20667438961405185,0.02742486538648188,0.032860407994296015,0.6076776663726747,0.5859375
SC4001,1230,36900.0,36930.0,Sleep stage 1,N1,6.962147111505058e-11,3.1348982122258775e-11,9.001871325113663e-12,6.4191702645002255e-12,0.5981663111946389,0.2693408325829599,0.0773413155187984,0.05515154070360274,0.6412083444410257,0.5859375
SC4001,1231,36930.0,36960.0,Sleep stage 1,N1,7.128449766707335e-11,1.0226301463367178e-11,2.518391375340987e-12,2.066602332404319e-12,0.8279672596900313,0.11877817865719839,0.029251038782745396,0.024003522870024892,0.699819294645326,0.5859375
SC4001,1232,36960.0,36990.0,Sleep stage 1,N1,7.148469561516714e-11,1.0491133139363936e-11,2.4864728394797777e-12,2.4189003148431162e-12,0.8227866793343959,0.12075262437517909,0.028619227000200878,0.02784146929022409,0.6819509313975148,0.5859375
SC4001,1233,36990.0,37020.0,Sleep stage 1,N1,6.620589415797398e-11,9.309024629451587e-12,3.603124313111896e-12,2.3732408225407102e-12,0.812429145434345,0.11423337786944954,0.0442148428599184,0.029122633836287038,0.7140892914203415,1.07421875
SC4001,1234,37020.0,37050.0,Sleep stage 2,N2,1.5933071221789318e-10,1.9806686753901422e-11,7.55313823165845e-12,3.685360487871464e-12,0.8369269122304127,0.10403988632014743,0.03967486600591168,0.01935833544352819,0.6738436358628833,1.26953125
SC4001,1235,37050.0,37080.0,Sleep stage 2,N2,5.546985319962501e-11,1.0432395016170345e-11,3.243474064433863e-12,2.9798191591759622e-12,0.7690736470412065,0.1446421726336004,0.04496984008305577,0.04131434024213734,0.7372317430466886,0.9765625
SC4001,1236,37080.0,37110.0,Sleep stage 2,N2,1.0050669902507392e-10,1.0210901594012686e-11,1.0259485213105464e-11,3.5034880600104103e-12,0.8074087054909512,0.08202807293333261,0.08241836370380135,0.028144857871914664,0.70743423178968,0.9765625
SC4001,1237,37110.0,37140.0,Sleep stage 2,N2,8.727162619266308e-11,1.2862915667633904e-11,6.175552198993759e-12,2.9621936693614604e-12,0.7986620213294908,0.1177143440025291,0.056515264092658626,0.027108370575321505,0.7256068567334861,1.26953125
SC4001,1238,37140.0,37170.0,Sleep stage 2,N2,1.129725574614034e-10,1.346491173973122e-11,5.8358389179065915e-12,2.393657781253289e-12,0.838903265594078,0.09998674619060215,0.04333534121669722,0.017774646998622655,0.6905422644888317,1.171875
SC4001,1239,37170.0,37200.0,Sleep stage 2,N2,8.201851735264526e-11,1.6857851693776905e-11,4.233523193417476e-12,2.340020694248773e-12,0.7777959703381739,0.15986596123900002,0.04014724218941408,0.02219082623341193,0.7300188237849121,0.5859375
SC4001,1240,37200.0,37230.0,Sleep stage 2,N2,1.006237332304502e-10,1.6112867471445215e-11,8.083673091352526e-12,2.6513137238762425e-12,0.7893816590064252,0.1264035993062427,0.06341548927729945,0.020799252410032724,0.717086196218593,0.9765625
SC4001,1241,37230.0,37260.0,Sleep stage 2,N2,2.0358266035687893e-10,3.075470460154067e-11,9.87457187681995e-12,2.97195848986971e-12,0.8236081080003871,0.12442034122445747,0.03994828167843376,0.012023269096721832,0.6943010697588433,1.953125
SC4001,1242,37260.0,37290.0,Sleep stage 3,N3,4.2627449303985304e-10,3.168030945100337e-11,7.730834348254037e-12,2.9642847076407108e-12,0.9095797810718915,0.06759909261575121,0.01649596851043713,0.006325157801920175,0.5842202020164645,0.5859375
SC4001,1243,37290.0,37320.0,Sleep stage 1,N1,1.2746542206076358e-10,4.100298277985881e-11,5.57640087028693e-12,7.074528138908146e-12,0.7037648568565119,0.2263865591171957,0.030788545605577547,0.03906003842071483,0.710049638190908,0.5859375
SC4001,1244,37320.0,37350.0,Sleep stage 1,N1,6.197552555980933e-11,2.9841261110695276e-11,5.149062779642434e-12,3.6051579501395144e-12,0.616236499582212,0.2967183274989274,0.051198281818421586,0.035846891100438975,0.7525215534375952,0.9765625
SC4001,1245,37350.0,37380.0,Sleep stage 1,N1,5.43610823368713e-11,4.201797216451034e-11,4.467251229724509e-12,3.523883317716054e-12,0.5208487484049906,0.40258595435575195,0.04280198465133393,0.0337633125879235,0.7310502609109921,0.5859375
SC4001,1246,37380.0,37410.0,Sleep stage 1,N1,7.089326344595044e-11,1.462923832508436e-11,3.2479286693829044e-12,2.919347305853624e-12,0.773186119418131,0.1595514645652991,0.03542301823842064,0.03183939777814918,0.6812761498183029,1.07421875
SC4001,1247,37410.0,37440.0,Sleep stage 2,N2,9.995391004937478e-11,1.209571162451251e-11,3.157284929515741e-12,2.72973719986719e-12,0.8475220832645333,0.10256109750493946,0.026771025761784428,0.0231457934687429,0.6727770460920828,1.26953125
SC4001,1248,37440.0,37470.0,Sleep stage 2,N2,1.3871297746994388e-10,2.4695861333060265e-11,7.261450156919853e-12,3.6027145308654136e-12,0.7959521824461759,0.14170789989492247,0.04166709709173992,0.02067282056716158,0.7002047507719089,1.07421875
SC4001,1249,37470.0,37500.0,Sleep stage 2,N2,5.426579301711235e-11,2.7795698899035364e-11,4.128563182612046e-12,2.9520757636046953e-12,0.6087558429683355,0.31181326528924863,0.04631438740214268,0.03311650434027322,0.7436449387147023,0.5859375
SC4001,1250,37500.0,37530.0,Sleep stage 1,N1,3.344223247727917e-11,1.964495817226514e-11,5.0418444678804504e-12,2.7242669494598445e-12,0.5495549352526902,0.32282485099449704,0.08285243851416474,0.044767775238648014,0.7443531613814196,1.07421875
SC4001,1251,37530.0,37560.0,Sleep stage 2,N2,9.593621402339271e-11,1.3021323242432532e-11,4.918374240214256e-12,2.6834969139247276e-12,0.8230670979191484,0.11171404710220069,0.04219628691399432,0.023022568064656544,0.6870318276269042,1.07421875
SC4001,1252,37560.0,37590.0,Sleep stage 2,N2,2.1500053931937905e-10,2.064167176516112e-11,3.2013027303449342e-12,2.829801417879156e-12,0.8896329291146782,0.08541146441956317,0.01324640549272742,0.011709200973031186,0.608079440416449,1.171875
SC4001,1253,37590.0,37620.0,Sleep stage 2,N2,2.4232737232496947e-10,2.319287483254518e-11,8.521440986803702e-12,5.106877180994769e-12,0.8680946364261871,0.08308434186475847,0.030526544089069615,0.018294477619984664,0.642858916175751,1.171875
SC4001,1254,37620.0,37650.0,Sleep stage 2,N2,1.6454270144497536e-10,2.463033831744619e-11,6.404718460582086e-12,3.668863958512478e-12,0.825824295756818,0.12361734441353614,0.03214467773886429,0.01841368209078143,0.6951461704870394,1.953125
SC4001,1255,37650.0,37680.0,Sleep stage 2,N2,1.0639575132065884e-10,1.3038677838130984e-11,1.1071355401695745e-11,3.6228896190519134e-12,0.7932364348747918,0.0972102193501004,0.08254279310087134,0.027010552674236587,0.7069561339618877,1.26953125
SC4001,1256,37680.0,37710.0,Sleep stage 2,N2,7.952739749595519e-11,8.37606078018141e-12,5.508607671329211e-12,3.155971554318827e-12,0.8235374721629346,0.08673740294273471,0.0570437984848497,0.032681326409481015,0.7255451138065405,1.46484375
SC4001,1257,37710.0,37740.0,Sleep stage 2,N2,2.1816458826858305e-10,1.9960369332359598e-11,8.308555187420919e-12,4.119216928857017e-12,0.8707332325407449,0.07966534371781667,0.03316090467981785,0.01644051906162051,0.6693151742122031,2.1484375
SC4001,1258,37740.0,37770.0,Sleep stage 2,N2,1.544254584685227e-10,1.7411049249828626e-11,7.770756611488241e-12,2.6125052850784577e-12,0.8474681907175463,0.09554972705005117,0.04264497001565774,0.014337112216744764,0.6775626167248597,1.26953125
SC4001,1259,37770.0,37800.0,Sleep stage 2,N2,2.409523784924649e-10,2.01674215899235e-11,6.980683629201824e-12,3.0906620025648335e-12,0.8884964804361167,0.0743660768747246,0.02574082428398937,0.011396618405169092,0.6530186780443368,1.85546875
SC4001,1260,37800.0,37830.0,Sleep stage 2,N2,1.1022517548746677e-10,2.2060180231699383e-11,9.47303785718294e-12,2.793329301265656e-12,0.7625310393622172,0.15261098098690057,0.06553389796123926,0.019324081689642943,0.7257256884534037,1.171875
SC4001,1261,37830.0,37860.0,Sleep stage 2,N2,1.551191035136256e-10,2.219296286324137e-11,8.84768006757296e-12,2.3016220199926145e-12,0.8230816998598868,0.11775868467934715,0.04694691617525181,0.012212699285514257,0.6869500225502955,1.07421875
SC4001,1262,37860.0,37890.0,Sleep stage 2,N2,1.0917993821538592e-10,1.9962164588950548e-11,1.2466358704694201e-11,2.666425019409058e-12,0.7567494304967911,0.13836201898530393,0.08640699018839158,0.018481560329513393,0.7247740021717126,1.3671875
SC4001,1263,37890.0,37920.0,Sleep stage 2,N2,1.833991347095528e-10,3.214235102413536e-11,8.508842165574016e-12,2.8067219114708523e-12,0.8084348044839814,0.14168548454170474,0.037507506038154635,0.012372204936159144,0.6854734235974854,2.83203125
SC4001,1264,37920.0,37950.0,Sleep stage 2,N2,1.8372110267541245e-10,2.4265286712459848e-11,9.1362494405307e-12,4.9011550864574395e-12,0.8274838450236737,0.10929137947153929,0.041149866324841654,0.022074909179945312,0.6939931300846948,1.07421875
SC4001,1265,37950.0,37980.0,Sleep stage 2,N2,1.410360263691277e-10,2.0697261337222296e-11,6.0966257933378745e-12,2.712872215823279e-12,0.8269832451569965,0.12136110742173625,0.03574836524312371,0.015907282178143398,0.6703795360973553,1.07421875
SC4001,1266,37980.0,38010.0,Sleep stage 2,N2,1.2624124731270472e-10,1.5233543246658572e-11,8.741607039156269e-12,2.1962831148534898e-12,0.8282857221710687,0.09994931639124398,0.05735485392843208,0.014410107509255183,0.6958653108323878,0.5859375
SC4001,1267,38010.0,38040.0,Sleep stage 2,N2,2.35809877696826e-10,3.404193134676662e-11,8.307622890987561e-12,2.6027199035775856e-12,0.8398919731629498,0.12124829192215952,0.029589539888469015,0.00927019502642185,0.6936758795726178,0.68359375
SC4001,1268,38040.0,38070.0,Sleep stage 2,N2,2.5230274000077435e-10,2.2944202795480185e-11,9.953498401616806e-12,3.5702206302545284e-12,0.8737132034241868,0.07945475710803476,0.03446852370183317,0.012363515765945425,0.6494627174574971,0.5859375
SC4001,1269,38070.0,38100.0,Sleep stage 2,N2,2.9170463454760004e-10,2.7811039833072938e-11,6.5563668339018084e-12,2.8447937439383617e-12,0.8868644093100106,0.08455340948595955,0.019933205409594718,0.008648975794435028,0.6158429052611895,1.171875
SC4001,1270,38100.0,38130.0,Sleep stage 2,N2,2.6677390814457303e-10,3.626497701270924e-11,1.2586589986278545e-11,4.967186555222735e-12,0.8321273067542122,0.11311854993980619,0.03926038081964714,0.015493762486334484,0.6660954008595751,1.26953125
SC4001,1271,38130.0,38160.0,Sleep stage 2,N2,2.441942994698589e-10,3.340779329440715e-11,1.4831742230736887e-11,3.7183736347853295e-12,0.8245567392513337,0.11280615953862196,0.050081484448011124,0.012555616762033222,0.6804213348864023,0.5859375
SC4001,1272,38160.0,38190.0,Sleep stage 2,N2,4.277331489912781e-10,4.202924930092312e-11,1.3384979048724066e-11,4.563821878404662e-12,0.8770213800215013,0.08617651054189147,0.02744447753127086,0.009357631905336365,0.6120232219253824,1.07421875
SC4001,1273,38190.0,38220.0,Sleep stage 2,N2,1.6234800141489525e-10,2.2280473500694164e-11,6.348286551163515e-12,2.535843488651776e-12,0.8389531082603565,0.11513706564917947,0.032805545419775047,0.013104280670688946,0.6713989457984691,0.5859375
SC4001,1274,38220.0,38250.0,Sleep stage 2,N2,2.0642330145453883e-10,2.7952750679953406e-11,9.102221393387078e-12,2.8942604470385125e-12,0.8378502998047417,0.1134572520279357,0.03694495180340897,0.01174749636391354,0.6532700043576521,0.5859375
SC4001,1275,38250.0,38280.0,Sleep stage 2,N2,1.783239661938565e-10,2.2273409028734504e-11,9.101893370541906e-12,2.4642521331711645e-12,0.8405024840434213,0.10498227476846843,0.04290036920288272,0.011614871985227409,0.6665269561577634,1.171875
SC4001,1276,38280.0,38310.0,Sleep stage 2,N2,2.486487131422755e-10,2.298841387543438e-11,7.609225099519361e-12,2.0985249594988997e-12,0.8837861763321331,0.08170901888917281,0.02704589889313741,0.007458905885556935,0.6086037327095848,1.07421875
SC4001,1277,38310.0,38340.0,Sleep stage 2,N2,3.090396424950129e-10,3.582458191232198e-11,1.3495184451834052e-11,2.949795363970591e-12,0.8553328807647933,0.09915214307742136,0.037350790663776216,0.008164185494009279,0.6777930897489789,0.87890625
SC4001,1278,38340.0,38370.0,Sleep stage 2,N2,2.59959460022902e-10,2.523507715742841e-11,1.0717564368132853e-11,2.520819116794302e-12,0.8710817139188543,0.08455862409942959,0.03591280862795426,0.00844685335376194,0.6263313373587277,1.171875
SC4001,1279,38370.0,38400.0,Sleep stage 2,N2,4.40235808387666e-10,3.8228269251936205e-11,1.2933642139140698e-11,2.736638967208014e-12,0.8909232895784206,0.0773641188379505,0.02617434288917818,0.0055382486944507365,0.6380497610571491,0.5859375
SC4001,1280,38400.0,38430.0,Sleep stage 2,N2,2.1416516246797785e-10,2.5733113559119663e-11,7.021412135553429e-12,2.0408874744253615e-12,0.8602372561195323,0.10336220300451204,0.028202907699687082,0.008197633176268343,0.6345917781755308,0.5859375
SC4001,1281,38430.0,38460.0,Sleep stage 2,N2,2.706846705688142e-10,2.552058810223893e-11,1.0337236780457709e-11,2.0109748914350164e-12,0.8772698951269553,0.08271042316870957,0.033502254144049164,0.006517427560286039,0.6176785473131329,0.5859375
SC4001,1282,38460.0,38490.0,Sleep stage 3,N3,2.616085737601647e-10,2.1609284712638073e-11,6.5962412079149795e-12,1.9737740892720785e-12,0.8965710959132768,0.07405819999796225,0.0226062897086486,0.006764414380112184,0.646070373635202,0.5859375
SC4001,1283,38490.0,38520.0,Sleep stage 2,N2,3.119787893492853e-10,2.9798742997159444e-11,7.582398041075262e-12,1.9705854685547906e-12,0.8879922900778986,0.08481683671727144,0.021581951179502575,0.005608922025327444,0.624451199034884,0.9765625
SC4001,1284,38520.0,38550.0,Sleep stage 3,N3,4.1333242256142896e-10,3.974673332768132e-11,9.70113041929982e-12,2.0368790890936442e-12,0.8892365715623993,0.08551046795720331,0.020870852329654344,0.004382108150742969,0.590011946000452,0.5859375
SC4001,1285,38550.0,38580.0,Sleep stage 3,N3,6.782124343223458e-10,3.620292149800325e-11,8.614689034840292e-12,1.970607625694331e-12,0.9354645847580508,0.049935019194976275,0.011882319009454186,0.0027180770375186533,0.5628166592960575,1.171875
SC4001,1286,38580.0,38610.0,Sleep stage 4,N3,4.4830980535087377e-10,2.6750756901477576e-11,7.894166033374523e-12,1.6728841422364366e-12,0.9250603842089435,0.05519858178830856,0.016289137950322538,0.003451896052425414,0.5662094094700774,0.87890625
SC4001,1287,38610.0,38640.0,Sleep stage 3,N3,4.259768759625832e-10,2.9069046138115776e-11,1.3095576806007966e-11,2.569749219425541e-12,0.9049643016995373,0.061755579994821765,0.02782082828515467,0.005459290020486077,0.5999462907963029,0.5859375
SC4001,1288,38640.0,38670.0,Sleep stage 4,N3,7.959241682952225e-10,3.337314499167624e-11,8.267444623500674e-12,1.7525128515446316e-12,0.9482995239364863,0.03976225219502469,0.009850201957592713,0.002088021910896312,0.5299257249452374,0.9765625
SC4001,1289,38670.0,38700.0,Sleep stage 3,N3,6.242335639489603e-10,2.852952176531182e-11,1.0643151694397845e-11,2.0762608278824134e-12,0.9380165002131585,0.04287043136507959,0.015993135390638975,0.00311993303112291,0.524862130233661,0.5859375
SC4001,1290,38700.0,38730.0,Sleep stage 4,N3,1.0605370327389643e-09,5.5241182652623556e-11,1.3033001701147694e-11,2.4852068844659095e-12,0.9374528286852758,0.048829980791786555,0.01152041270963157,0.0021967778133063325,0.5715614526006757,1.26953125
SC4001,1291,38730.0,38760.0,Sleep stage 3,N3,6.28410853398399e-10,4.922492484432393e-11,9.889853599560746e-12,1.453545373600062e-11,0.8950942678738275,0.07011487441121679,0.014086884749372659,0.020703972965582955,0.5758737761342648,0.5859375
SC4001,1292,38760.0,38790.0,Sleep stage 2,N2,2.435406408994441e-10,2.4788852671188232e-11,5.969278477336949e-12,3.1883402320980084e-12,0.8776646918781544,0.0893333476553278,0.021511912493118478,0.01149004797339929,0.6412152178041756,1.07421875
SC4001,1293,38790.0,38820.0,Sleep stage 2,N2,1.5634331422795486e-10,3.806745683382687e-11,1.0652196545806701e-11,2.638060764502732e-12,0.7527324994649027,0.1832800594787137,0.05128620031059047,0.012701240745793096,0.6942949230142541,0.5859375
SC4001,1294,38820.0,38850.0,Sleep stage 2,N2,2.595555639181532e-10,2.6049071614522196e-11,1.0304251088731504e-11,2.3737901742696676e-12,0.8701664029116534,0.08733015237209296,0.034545254854977406,0.00795818986127616,0.6298785763872932,1.171875
SC4001,1295,38850.0,38880.0,Sleep stage 2,N2,3.5455477860975793e-10,2.901357816442617e-11,1.0216172376823852e-11,3.2952333418038658e-12,0.8929056882272521,0.07306738067506371,0.025728262535184707,0.0082986685624995,0.5839470870349064,0.5859375
SC4001,1296,38880.0,38910.0,Sleep stage 2,N2,2.0537377349005076e-10,2.756206550983731e-11,6.44746186287446e-12,1.9272170732026794e-12,0.8510767588860311,0.11421825184243005,0.026718528135542666,0.007986461135996114,0.6237111219984389,1.171875
SC4001,1297,38910.0,38940.0,Sleep stage 3,N3,4.1659466052895376e-10,3.830475007862204e-11,8.739321462418194e-12,1.8747551508708144e-12,0.8949142655694929,0.08228494153263533,0.01877350861430957,0.004027284283562184,0.5993483883979923,0.5859375
SC4001,1298,38940.0,38970.0,Sleep stage 3,N3,4.209381631087465e-10,3.132253948384202e-11,8.597310481425994e-12,2.7281068113477123e-12,0.9080042413971282,0.06756574051783,0.01854522841096273,0.005884789674078963,0.5932210547935308,0.68359375
SC4001,1299,38970.0,39000.0,Sleep stage 4,N3,5.689929552504697e-10,4.217593695938082e-11,9.542363039702483e-12,2.2285941780030613e-12,0.9133995132488951,0.06770467003858872,0.015318273583671578,0.0035775431288446297,0.5512105777538486,0.5859375
SC4001,1300,39000.0,39030.0,Sleep stage 4,N3,7.467110997053195e-10,2.9197475407404665e-11,9.897427554390483e-12,2.19470550985278e-12,0.9476020667961441,0.037052600466505624,0.012560175963912639,0.0027851567734376937,0.5501552209769919,1.3671875
SC4001,1301,39030.0,39060.0,Sleep stage 4,N3,8.728727243180966e-10,4.5617107454509494e-11,1.077162520217869e-11,2.269992992831512e-12,0.9370297957717274,0.048970013257303685,0.011563351084446106,0.002436839886522807,0.5709086278511065,0.78125
SC4001,1302,39060.0,39090.0,Sleep stage 3,N3,7.48647316739708e-10,4.4779237952164383e-11,9.66351589220121e-12,4.38388802982999e-12,0.9271473200508206,0.05545595306755363,0.01196758829075979,0.005429138590865889,0.5632806395508367,1.07421875
SC4001,1303,39090.0,39120.0,Sleep stage 3,N3,4.991797498255088e-10,2.8882108727025574e-11,1.075651057025922e-11,2.633352709025612e-12,0.9219284558495863,0.0533419833430628,0.019866056633577957,0.004863504173772966,0.5674820793731389,1.07421875
SC4001,1304,39120.0,39150.0,Sleep stage 4,N3,7.256848712065485e-10,4.233329577562823e-11,1.010945346511397e-11,3.496334599263878e-12,0.9284322294898519,0.054160693901847974,0.012933909458432395,0.004473167149867651,0.5619552802956043,0.9765625
SC4001,1305,39150.0,39180.0,Sleep stage 3,N3,8.012735204256113e-10,4.292545042872441e-11,9.064112563521306e-12,1.890962810161432e-12,0.9369931931678653,0.0501961612858682,0.010599391540625943,0.002211254005640552,0.5413145234903639,1.07421875
SC4001,1306,39180.0,39210.0,Sleep stage 4,N3,6.480302426652338e-10,3.1153969718747827e-11,7.215398180306149e-12,2.1592630311005143e-12,0.9411399192075913,0.0452451793353179,0.010478985104977486,0.003135916352113332,0.5408900032905921,1.07421875
SC4001,1307,39210.0,39240.0,Sleep stage 4,N3,6.395858662272904e-10,3.698511364458464e-11,6.616874046878042e-12,2.1877311003932337e-12,0.9331903268912378,0.053963278606651045,0.009654376653485836,0.003192017848625464,0.5992785572153758,0.9765625
SC4001,1308,39240.0,39270.0,Sleep stage 3,N3,7.748246398282818e-10,3.377917069128509e-11,7.813854332466424e-12,2.443926294483532e-12,0.9462217402863196,0.04125138003357771,0.009542338310832205,0.0029845413692706057,0.5288098995917696,0.5859375
SC4001,1309,39270.0,39300.0,Sleep stage 3,N3,6.076492933276997e-10,3.048755450512766e-11,7.60969009340142e-12,2.01890683113341e-12,0.9380699422077245,0.04706573151111446,0.011747601164881267,0.003116725116279775,0.5534714082533018,0.5859375
SC4001,1310,39300.0,39330.0,Sleep stage 4,N3,6.029796884865198e-10,2.994920757132265e-11,9.152006670851198e-12,2.1086138169891536e-12,0.9360284093411808,0.04649129922498326,0.014207009638912962,0.003273281794922878,0.5564147218516805,0.5859375
SC4001,1311,39330.0,39360.0,Sleep stage 4,N3,7.372187395948804e-10,4.197570414159713e-11,8.033923381130902e-12,2.0503679854905565e-12,0.9340410514145954,0.053182357860070924,0.010178816460931862,0.0025977742644019528,0.5602983517512915,1.07421875
SC4001,1312,39360.0,39390.0,Sleep stage 4,N3,8.266065261494639e-10,3.892937217201766e-11,5.7919047506242785e-12,2.2147636010234355e-12,0.9462693149545987,0.044564940115373486,0.006630363500982718,0.0025353814290450913,0.5663971269256852,1.26953125
SC4001,1313,39390.0,39420.0,Sleep stage 4,N3,7.975778172122084e-10,2.6099690613518084e-11,4.880293730875901e-12,2.2492425275972264e-12,0.9600036770167015,0.03141486437718861,0.005874160270578182,0.0027072983355317737,0.5356998207261168,0.5859375
SC4001,1314,39420.0,39450.0,Sleep stage 4,N3,1.0693619149886925e-09,4.471659151655333e-11,8.903445688618827e-12,2.162380894738121e-12,0.9504219890200368,0.039742982479237174,0.007913158718204822,0.0019218697825213492,0.49863071750730953,1.07421875
SC4001,1315,39450.0,39480.0,Sleep stage 4,N3,6.579300555215402e-10,2.4084465613948774e-11,7.175803304256171e-12,5.054405270431468e-12,0.9476918259015138,0.034691607416311554,0.01033612931746968,0.007280437364704964,0.5539640738649148,0.5859375
SC4001,1316,39480.0,39510.0,Sleep stage 3,N3,7.708413859545224e-10,3.728315106658933e-11,8.615318670332822e-12,3.0832604551851516e-12,0.9402532946102649,0.045477067348172986,0.01050875304764147,0.003760884993920681,0.5481945890066753,1.07421875
SC4001,1317,39510.0,39540.0,Sleep stage 3,N3,7.862918887933646e-10,2.6928599964335117e-11,7.830483053849383e-12,1.7450829477166145e-12,0.9556340046178496,0.032728158829363745,0.009516918571201015,0.0021209179815855975,0.5447463504086348,1.171875
SC4001,1318,39540.0,39570.0,Sleep stage 4,N3,7.385787491278433e-10,3.744390030061405e-11,7.349942073673922e-12,3.338211608278551e-12,0.9388186182365015,0.04759550797138226,0.009342622529924004,0.0042432512621922835,0.5462829665893368,1.07421875
SC4001,1319,39570.0,39600.0,Sleep stage 3,N3,7.077230492238016e-10,3.142708041141062e-11,5.921001262854055e-12,1.6077208644973512e-12,0.9478279015847236,0.042089152970150166,0.007929782996903298,0.002153162448222908,0.5389466563017341,1.07421875
SC4001,1320,39600.0,39630.0,Sleep stage 4,N3,1.2158478658809163e-09,2.5590375821905267e-11,1.1942155514559534e-11,2.106000721036418e-12,0.968427748701547,0.020382837969352887,0.009511975226628703,0.0016774381024713568,0.49931813711367673,1.171875
SC4001,1321,39630.0,39660.0,Sleep stage 4,N3,8.989173007327389e-10,3.738007182958608e-11,6.277510963671178e-12,2.536308715279933e-12,0.9511233261358476,0.039550977849433164,0.006642087211753811,0.002683608802965527,0.5003518432486846,0.5859375
SC4001,1322,39660.0,39690.0,Sleep stage 4,N3,5.733868398684693e-10,2.6085340542952907e-11,6.15606328577422e-12,2.3540254080256625e-12,0.9430979635513591,0.04290477184695394,0.010125399371982022,0.003871865229705008,0.5337344079873312,0.5859375
SC4001,1323,39690.0,39720.0,Sleep stage 4,N3,7.949530806903355e-10,2.7673907628619745e-11,6.986130725504102e-12,2.3780638980457187e-12,0.9554825784076499,0.03326226070178458,0.008396880722697371,0.002858280167868144,0.5277392076747167,1.07421875
SC4001,1324,39720.0,39750.0,Sleep stage 4,N3,9.790138806730684e-10,3.182169771780455e-11,7.15051287847562e-12,1.6755858441577905e-12,0.9601359967204954,0.031208094245423167,0.007012632757482404,0.0016432762765990158,0.5226790201266172,0.9765625
SC4001,1325,39750.0,39780.0,Sleep stage 4,N3,1.1534118831276995e-09,3.4209407907087414e-11,8.399652855678444e-12,4.2069366943662885e-12,0.9609940760296952,0.028502427297738074,0.00699838171696659,0.0035051149556002536,0.5252502241896405,1.07421875
SC4001,1326,39780.0,39810.0,Sleep stage 4,N3,1.0263087723264875e-09,3.4239861557069805e-11,6.799255960734293e-12,3.033566913144262e-12,0.9588252541626983,0.03198846667317506,0.006352180260420099,0.0028340989037067307,0.5378182731456097,0.9765625
SC4001,1327,39810.0,39840.0,Sleep stage 4,N3,1.1968657741068537e-09,3.1085070869783694e-11,6.138533451334596e-12,1.7568166747045645e-12,0.9684585176130399,0.025152863675888964,0.0049670691026601375,0.0014215496084111056,0.530857812454121,1.07421875
SC4001,1328,39840.0,39870.0,Sleep stage 4,N3,9.67768984059456e-10,3.9883367079366236e-11,9.913513476763752e-12,5.738565025083587e-12,0.9457293020800128,0.03897507518204643,0.009687746079868779,0.005607876658071996,0.5848190895645964,0.5859375
SC4001,1329,39870.0,39900.0,Sleep stage 1,N1,2.244916244253624e-10,3.9986768619013203e-11,6.3598172174261944e-12,4.291363937344011e-12,0.8159487219024649,0.1453379511650382,0.023115716425391612,0.015597610507105326,0.6210625087050404,1.171875
SC4001,1330,39900.0,39930.0,Sleep stage 2,N2,3.209742378878934e-10,1.8099258870645043e-11,3.0836420547242033e-12,2.154646731292939e-12,0.9322197245739001,0.052566480819178675,0.008955958477712826,0.006257836129208296,0.5403779220522228,0.5859375
SC4001,1331,39930.0,39960.0,Sleep stage 2,N2,1.471850982800775e-10,1.2766214260900105e-11,3.0204857407677287e-12,2.0839037291492964e-12,0.89172986141589,0.07734488481989832,0.01829979639581527,0.012625457368396438,0.6352508859589435,0.5859375
SC4001,1332,39960.0,39990.0,Sleep stage 1,N1,2.5336698974159866e-10,2.5228895259812757e-11,7.196515117914463e-12,1.4118448903298767e-11,0.8448076839077108,0.0841213158577986,0.023995514471607436,0.04707548576288316,0.6230325056898574,1.171875
SC4001,1333,39990.0,40020.0,Sleep stage 2,N2,2.5237365746064216e-10,1.5244346478490198e-11,3.1425515755145745e-12,2.016389141441278e-12,0.9252015700184263,0.055885758591914615,0.011520590860333309,0.0073920805293259005,0.5532564161217906,0.5859375
SC4001,1334,40020.0,40050.0,Sleep stage 2,N2,2.5986056200406117e-10,2.6439033427910543e-11,5.357032048951768e-12,2.948796807008281e-12,0.8820630598779715,0.08974387858544801,0.018183752257446856,0.010009309279133582,0.6248480205004612,1.171875
SC4001,1335,40050.0,40080.0,Sleep stage 2,N2,2.679054316879551e-10,5.152172926941411e-11,5.524883832443732e-12,2.6740257662891052e-12,0.8177170737152296,0.15725772122457402,0.016863382767634976,0.008161822292561453,0.6170271078084976,0.5859375
SC4001,1336,40080.0,40110.0,Sleep stage 2,N2,7.43618768077405e-11,1.4060083417100806e-11,3.4365094323624244e-12,2.595401071262225e-12,0.7872824716894292,0.148856614436908,0.03638293916235187,0.027477974711310995,0.7092541666677873,1.171875
SC4001,1337,40110.0,40140.0,Sleep stage 2,N2,1.864284800846878e-10,3.004917495829839e-11,8.823323503187097e-12,4.620193991389715e-12,0.8108365055168216,0.13069337906838116,0.03837542843839491,0.020094686976402307,0.7103846990466212,1.3671875
SC4001,1338,40140.0,40170.0,Sleep stage 2,N2,1.5287615297588713e-10,1.7857825859756118e-11,5.844555275966978e-12,3.497870045277019e-12,0.8489516085777539,0.09916805004723395,0.03245597502532897,0.01942436634968335,0.6548499009752263,1.171875
SC4001,1339,40170.0,40200.0,Sleep stage 2,N2,4.5305256358376707e-10,4.583141233936276e-11,1.0827889897325898e-11,3.4306418005223353e-12,0.8828981362004118,0.08931517396959673,0.021101136110368183,0.006685553719623453,0.6747868753849829,2.44140625
SC4001,1340,40200.0,40230.0,Sleep stage 1,N1,2.595216852903819e-10,3.9784853329043634e-11,5.885492683301977e-12,2.9910437791127346e-12,0.8421023290181138,0.1290948677777924,0.019097390996371366,0.009705412207722442,0.6121837416966125,1.07421875
SC4001,1341,40230.0,40260.0,Sleep stage 2,N2,2.523725003332189e-10,2.4084043386361766e-11,8.286725036980071e-12,5.005797241351807e-12,0.871003671621972,0.08312034864863128,0.028599660911555008,0.017276318817841748,0.5994199112966745,0.5859375
SC4001,1342,40260.0,40290.0,Sleep stage 2,N2,1.9322603429921104e-10,1.7291164901156153e-11,4.960024264071964e-12,2.2990455415541392e-12,0.8872685494207515,0.07939875625603766,0.02277577941210602,0.010556914911104793,0.6293774613860736,1.171875
SC4001,1343,40290.0,40320.0,Sleep stage 1,N1,1.2336298507308786e-10,3.3791776047125395e-11,5.653212557203878e-12,3.391136501456272e-12,0.7422602018766361,0.2033210407128935,0.03401469809988485,0.020404059310585528,0.7015449700622891,0.5859375
SC4001,1344,40320.0,40350.0,Sleep stage 2,N2,1.53479956149653e-10,1.605950231720595e-11,6.870276678302311e-12,6.340594395649917e-12,0.83983408694964,0.08787673520238219,0.0375937854424939,0.03469539240548377,0.6870548199453008,1.07421875
SC4001,1345,40350.0,40380.0,Sleep stage 2,N2,3.7711621135006723e-10,4.0473622397709654e-11,1.2025908671911198e-11,8.871324312236873e-12,0.8600395312927722,0.09230288751584492,0.02742591420435988,0.020231666987023084,0.684812453389569,2.9296875
SC4001,1346,40380.0,40410.0,Sleep stage 2,N2,1.558614854575135e-10,3.7136949418422667e-11,6.3380926012888726e-12,3.753372934478029e-12,0.7674506961771693,0.18285965645331836,0.03120831015447009,0.01848133721504223,0.7251114504411194,1.85546875
SC4001,1347,40410.0,40440.0,Sleep stage 2,N2,1.2351960190300355e-10,5.107583929907347e-11,4.388119789124645e-12,3.2345016664276657e-12,0.6778669474446413,0.2803006384446102,0.02408169489415279,0.01775071921659595,0.6505376834604459,0.5859375
SC4001,1348,40440.0,40470.0,Sleep stage 2,N2,1.6226825769014614e-10,2.5846778840885038e-11,3.277502232101181e-12,1.8634345924797437e-12,0.8396545517977592,0.13374375131641672,0.016959383843055755,0.00964231304276852,0.6617002273066792,0.5859375
SC4001,1349,40470.0,40500.0,Sleep stage 2,N2,1.1672560085337436e-10,3.436041426680067e-11,6.3589496604678e-12,3.4744037481607958e-12,0.7253670078408315,0.21352565934690673,0.03951637219685948,0.021590960615402225,0.7217910380415974,0.5859375
SC4001,1350,40500.0,40530.0,Sleep stage R,REM,4.0948787684169275e-11,2.9388466350386187e-11,3.536689691065374e-12,1.981126814124149e-12,0.5398292743359031,0.3874291611789857,0.04662430165709611,0.026117262828015155,0.7478705322407608,0.5859375
SC4001,1351,40530.0,40560.0,Sleep stage R,REM,7.506901064961488e-11,3.2481260025700687e-11,3.662604137590004e-12,1.939056316977951e-12,0.6634355233711878,0.2870588217218889,0.03236890524993176,0.017136749656991444,0.7518048383912569,1.26953125
SC4001,1352,40560.0,40590.0,Sleep stage R,REM,4.014241783871726e-11,1.3938087269411084e-11,5.528513273374539e-12,1.8045559346974951e-12,0.6536407998667493,0.22695450353773558,0.09002103093543873,0.02938366566007654,0.7433725012409862,0.5859375
SC4001,1353,40590.0,40620.0,Sleep stage R,REM,2.596106557217027e-11,1.615454388337865e-11,3.1452721558947787e-12,2.4404752634566083e-12,0.5442416583715791,0.33866004956095735,0.06593674398284824,0.051161548084615344,0.7937640789950172,0.5859375
SC4001,1354,40620.0,40650.0,Sleep stage R,REM,5.480563099815775e-11,2.0814559404104356e-11,3.787154477309081e-12,2.4799521253862725e-12,0.6692812316767498,0.2541854495801008,0.046248375704473516,0.0302849430386759,0.7461890901171921,0.5859375
SC4001,1355,40650.0,40680.0,Sleep stage R,REM,3.0918402510362486e-11,1.8693624576403947e-11,5.980425822057708e-12,2.0694359992404788e-12,0.5362016939760401,0.32419376004502426,0.1037153991190407,0.03588914685989495,0.788715827703253,1.171875
SC4001,1356,40680.0,40710.0,Sleep stage R,REM,2.7588918977849652e-11,1.4227468084007146e-11,6.000554937496348e-12,2.3454092636478478e-12,0.5499925398871569,0.2836284130584827,0.11962268088342717,0.0467563661709332,0.7976141662398077,1.953125
SC4001,1357,40710.0,40740.0,Sleep stage R,REM,3.5948938027763435e-11,1.2929578909672443e-11,5.239581498809201e-12,2.683506256809324e-12,0.6328859584517901,0.2276270006726315,0.09224354711672235,0.04724349375885605,0.7688890925999015,1.171875
SC4001,1358,40740.0,40770.0,Sleep stage R,REM,3.9536922627890036e-11,1.8332066206086534e-11,6.646955803631342e-12,2.247255359704446e-12,0.5921963391431454,0.27458339634446094,0.09956017392663809,0.03366009058575551,0.7830938133791607,1.07421875
SC4001,1359,40770.0,40800.0,Sleep stage R,REM,6.088846503489497e-11,1.2724720382520278e-11,4.727046566661577e-12,1.8451119091432065e-12,0.7593465598398875,0.1586913488762402,0.058951503319065596,0.023010587964806588,0.6867516398809071,0.5859375
SC4001,1360,40800.0,40830.0,Sleep stage R,REM,3.9317384018226526e-11,1.4159297474883481e-11,4.716340856319034e-12,2.7553755672064777e-12,0.6450929862340986,0.23231615528681157,0.0773825238650241,0.04520833461406561,0.7615556878837478,0.5859375
SC4001,1361,40830.0,40860.0,Sleep stage R,REM,3.0679145417174074e-11,1.176117818068259e-11,4.093917655938293e-12,2.262628079975555e-12,0.6287113463638163,0.2410232119654265,0.08389713749740588,0.046368304173351416,0.761451014016284,0.5859375
SC4001,1362,40860.0,40890.0,Sleep stage R,REM,3.629339815572302e-11,1.0896980997899407e-11,3.844030704661137e-12,2.480359199635638e-12,0.6781940536161628,0.203625675486062,0.07183121168851034,0.04634905920926497,0.7625343762160781,0.5859375
SC4001,1363,40890.0,40920.0,Sleep stage R,REM,2.9801976269595894e-11,1.4246908886056501e-11,5.586778900663883e-12,2.329887013125287e-12,0.5734948568094951,0.27416064282698277,0.10750927846792716,0.044835221895595,0.7922884602357999,0.5859375
SC4001,1364,40920.0,40950.0,Sleep stage R,REM,4.481275988579522e-11,1.2562370108107405e-11,5.9076557822041e-12,2.0699929910605806e-12,0.6857055006865107,0.19222396270039915,0.09039639773010015,0.031674138882990054,0.7429779226562091,0.5859375
SC4001,1365,40950.0,40980.0,Sleep stage R,REM,3.327803800827295e-11,8.95010211558737e-12,4.881188198424498e-12,2.0394010136039934e-12,0.6770884712165498,0.1821024111207679,0.0993146367033382,0.04149448095934406,0.7681950483273355,1.171875
SC4001,1366,40980.0,41010.0,Sleep stage R,REM,4.593919492867453e-11,7.637306729206074e-12,4.244746768946804e-12,2.0117003971470066e-12,0.7677909217515817,0.12764382968445454,0.07094329884082165,0.03362194972314218,0.6979247968388429,0.5859375
SC4001,1367,41010.0,41040.0,Sleep stage R,REM,3.472393347555486e-11,2.3204949782147968e-11,5.297091346682677e-12,2.9310007166956414e-12,0.5248718416618716,0.35075590547371394,0.08006852370402642,0.044303729160387835,0.7788115810066659,0.5859375
SC4001,1368,41040.0,41070.0,Sleep stage R,REM,3.1719671466412896e-11,1.1210124477602448e-11,3.722269107619548e-12,2.4010662938235234e-12,0.6466390747417526,0.2285302522005119,0.07588239538481929,0.0489482776729161,0.7649544306849824,0.5859375
SC4001,1369,41070.0,41100.0,Sleep stage R,REM,3.405646506883726e-11,1.8258648327547145e-11,6.484317249038768e-12,2.4446394671319e-12,0.5560777558749425,0.29812924408830416,0.10587665446012673,0.03991634557662665,0.8008177720255228,1.26953125
SC4001,1370,41100.0,41130.0,Sleep stage R,REM,3.491119721127309e-11,1.5041552517199736e-11,5.047572670635646e-12,2.0696272619894546e-12,0.6117264412985897,0.2635634446240436,0.08844536749392569,0.03626474658344107,0.7547060310468204,1.26953125
SC4001,1371,41130.0,41160.0,Sleep stage R,REM,3.3470299409294996e-11,1.3708197416428163e-11,5.1688326863433045e-12,2.0608340351121914e-12,0.6151705410948503,0.25195111400041004,0.09500105038210457,0.037877294522635226,0.7764084068520662,1.26953125
SC4001,1372,41160.0,41190.0,Sleep stage R,REM,3.93620556997414e-11,1.2361865794755579e-11,3.458828650551766e-12,2.030515773861153e-12,0.6879882675379944,0.21606642438969362,0.060455011525719735,0.03549029654659227,0.7520844305052675,0.5859375
SC4001,1373,41190.0,41220.0,Sleep stage R,REM,4.00321901852391e-11,1.2025797993620499e-11,5.727165081344402e-12,2.382782907169085e-12,0.6653409230105374,0.19987054168132926,0.09518633089579095,0.039602204412342516,0.7597496131634802,1.07421875
SC4001,1374,41220.0,41250.0,Sleep stage R,REM,3.5767024279345534e-11,1.015285200775125e-11,3.141978542990018e-12,1.937497866449767e-12,0.7013231029062554,0.19907805630718803,0.06160820435674655,0.03799063642980992,0.7297410517298732,0.5859375
SC4001,1375,41250.0,41280.0,Sleep stage R,REM,3.523035774259022e-11,9.519251539020931e-12,2.3191972947122032e-12,2.5171841040612394e-12,0.7104901456879992,0.1919746163866923,0.0467712203162584,0.05076401760905014,0.7476842550574182,0.5859375
SC4001,1376,41280.0,41310.0,Sleep stage R,REM,2.9537917140384093e-11,1.1102227170091413e-11,4.660693647054647e-12,2.045902414987471e-12,0.6238637952261092,0.23448767713976973,0.09843747659046752,0.04321105104365354,0.7722440396541658,1.171875
SC4001,1377,41310.0,41340.0,Sleep stage R,REM,2.6148266856821107e-11,3.173599623200341e-11,6.4626190141649276e-12,3.973871584485427e-12,0.38272802107004306,0.46451472677213035,0.09459232612871055,0.05816492602911595,0.7923358927699272,7.03125
SC4001,1378,41340.0,41370.0,Sleep stage R,REM,4.89992966944373e-11,2.3432558336620178e-11,5.883252228313353e-12,2.2567908578427266e-12,0.6081437553221672,0.29082792988854755,0.07301866240949886,0.02800965237978651,0.7653106109728758,0.5859375
SC4001,1379,41370.0,41400.0,Sleep stage 2,N2,1.087859648593428e-10,1.3124194325612098e-11,6.9953977945752415e-12,1.316472539022119e-11,0.7657193541448524,0.09237818146553085,0.04923899409426848,0.09266347029534824,0.6757675453545925,0.5859375
SC4001,1380,41400.0,41430.0,Sleep stage 1,N1,2.701652066539619e-11,2.3774480674342994e-11,1.2776925078876557e-11,5.6457864471784016e-12,0.3903347985070734,0.34349379176409556,0.18460106458457304,0.08157034514425805,0.8055392692903203,0.5859375
SC4001,1381,41430.0,41460.0,Sleep stage 1,N1,5.670339210480304e-11,1.545964715409021e-11,3.3924890202184955e-12,2.164192307021394e-12,0.7295882136112586,0.1989153722825985,0.04365029872255855,0.02784611538358428,0.7337940550047837,0.5859375
SC4001,1382,41460.0,41490.0,Sleep stage W,W,3.86626864096514e-11,1.0594428145794649e-11,9.434142465605625e-12,1.4049434919540132e-11,0.531513866285843,0.14564651315727442,0.12969552823762803,0.19314409231925475,0.7960153222787237,0.5859375
SC4001,1383,41490.0,41520.0,Sleep stage 1,N1,3.3890015181521193e-11,2.477477836568509e-11,8.672859688484068e-12,3.0175899608089644e-12,0.48169850094708316,0.3521383373871674,0.12327240010046053,0.04289076156528887,0.7546446065302177,1.07421875
SC4001,1384,41520.0,41550.0,Sleep stage 1,N1,2.270860280585143e-11,2.221390155804814e-11,9.237716156791205e-12,2.6189402415374155e-12,0.39994608058663167,0.3912333549816349,0.1626955388698966,0.046125025561836785,0.7743126525331807,7.71484375
SC4001,1385,41550.0,41580.0,Sleep stage 1,N1,2.8113280847986328e-11,7.247078457724797e-12,3.0173958944433223e-12,2.7522317557059578e-12,0.6835227270593774,0.17619938624104517,0.07336243256487074,0.0669154541347066,0.7606533009095974,0.5859375
SC4001,1386,41580.0,41610.0,Sleep stage 1,N1,6.626903510165475e-11,8.757341569478699e-12,2.978449990726207e-12,2.0629606408250204e-12,0.8276616269053904,0.10937409243461216,0.03719910454708344,0.02576517611291413,0.7004732432985363,2.63671875
SC4001,1387,41610.0,41640.0,Sleep stage 2,N2,1.4252295781294004e-10,3.47954414396822e-11,6.511173020681602e-12,3.006113886273594e-12,0.7628251365812972,0.18623552146222866,0.034849728949106505,0.016089613007367633,0.717637957209384,0.9765625
SC4001,1388,41640.0,41670.0,Sleep stage 2,N2,1.680495639208042e-10,1.947441286236476e-11,4.060243666166284e-12,2.853082146924609e-12,0.8642866449847405,0.10015780203864731,0.020882020126545338,0.014673532850066858,0.6616703843353626,2.1484375
SC4001,1389,41670.0,41700.0,Sleep stage 2,N2,9.584193672059738e-11,1.628852971328649e-11,4.331535092257993e-12,3.467000090684344e-12,0.7991556289846626,0.13581810482612394,0.03611749479994231,0.028908771389271025,0.7194158949667717,1.07421875
SC4001,1390,41700.0,41730.0,Sleep stage 2,N2,8.907534290559791e-11,1.456080226023801e-11,3.6072547741633144e-12,2.826574909101027e-12,0.8092610453278942,0.1322867773904741,0.03277237756353318,0.025679799718098438,0.7046557569878932,1.26953125
SC4001,1391,41730.0,41760.0,Sleep stage 2,N2,1.293824922342354e-10,1.6127079588998757e-11,7.008322597954054e-12,3.2185973981874346e-12,0.8307782634804319,0.10355363345222303,0.04500115879123795,0.020666944276107026,0.709188553811502,2.734375
SC4001,1392,41760.0,41790.0,Sleep stage 2,N2,1.0803314584748812e-10,3.4587467079766014e-11,5.164686775915241e-12,4.695415210730382e-12,0.7085036682080778,0.2268317478659271,0.033871081853410444,0.03079350207258479,0.7356487652105156,2.05078125
SC4001,1393,41790.0,41820.0,Sleep stage 2,N2,5.001903283116825e-11,6.819599440631791e-12,3.553739072437318e-12,1.6087338126815742e-12,0.8067442137454615,0.10999157875286301,0.057317350447917664,0.025946857053757683,0.7119528380988512,1.07421875
SC4001,1394,41820.0,41850.0,Sleep stage 2,N2,7.590594978103992e-11,1.3680076033690945e-11,5.163012458302735e-12,2.265625717235575e-12,0.7824172826971136,0.1410103944189622,0.05321888718617424,0.023353435697750016,0.7342360847972398,1.26953125
SC4001,1395,41850.0,41880.0,Sleep stage 2,N2,1.1111176785407688e-10,1.3772263571704328e-11,5.662315814441734e-12,2.7349641818387637e-12,0.8336635246799112,0.10333229336325873,0.04248394432818032,0.020520237628649653,0.6877979989387315,1.26953125
SC4001,1396,41880.0,41910.0,Sleep stage 2,N2,1.1626451054861617e-10,1.856670033696027e-11,6.152241497328726e-12,3.274333403912926e-12,0.8059496401839278,0.12870501398377104,0.04264755253085898,0.02269779330144222,0.7175047386125094,1.953125
SC4001,1397,41910.0,41940.0,Sleep stage 2,N2,2.2019677267499334e-10,2.3517416206788963e-11,9.499607086003521e-12,2.93378840524475e-12,0.8596480549054032,0.09181197731906109,0.03708645978159661,0.011453507993939314,0.6188973939250196,0.5859375
SC4001,1398,41940.0,41970.0,Sleep stage 2,N2,1.209796019429871e-10,1.3493127671465495e-11,3.3889156375530397e-12,2.2736483654670415e-12,0.8633057299128735,0.09628643379659721,0.024183170064236374,0.016224666226292855,0.6747477735226999,1.171875
SC4001,1399,41970.0,42000.0,Sleep stage 2,N2,8.819096404138494e-11,9.973506663560373e-12,4.6887042821256824e-12,2.30556002067138e-12,0.8386461099488486,0.0948423986160167,0.04458692168349566,0.0219245697516391,0.7036414203852865,1.3671875
SC4001,1400,42000.0,42030.0,Sleep stage 2,N2,8.248226300356506e-11,1.622562158736229e-11,7.742815854781593e-12,2.32474681257012e-12,0.7582801549665631,0.14916621348231077,0.07118165036266744,0.021371981188458684,0.745466427748178,0.5859375
SC4001,1401,42030.0,42060.0,Sleep stage 2,N2,1.3476985253576877e-10,2.093223577954765e-11,4.49335788917792e-12,2.7052560710615434e-12,0.8273129007620718,0.12849690324931548,0.027583416316874727,0.016606779671737987,0.6846927223662419,1.171875
SC4001,1402,42060.0,42090.0,Sleep stage 2,N2,1.7021432381343087e-10,1.8150945324243268e-11,4.2122442688869275e-12,2.2002913904249725e-12,0.8738897329233312,0.09318795508123588,0.02162589455855756,0.011296417436875329,0.6412312807168637,1.171875
SC4001,1403,42090.0,42120.0,Sleep stage 2,N2,9.18946805529447e-11,1.944148550403559e-11,8.80456486128267e-12,3.694094312537516e-12,0.7420746173919455,0.1569952997293047,0.07109926343314917,0.029830819445600606,0.7427536434170985,1.953125
SC4001,1404,42120.0,42150.0,Sleep stage 2,N2,1.0787657991136307e-10,1.4739344198005256e-11,5.639643657313402e-12,4.315834482444952e-12,0.813724363484084,0.11118042012037592,0.042540423965007526,0.032554792430532525,0.6968090354165833,1.171875
SC4001,1405,42150.0,42180.0,Sleep stage 2,N2,1.3323146287815e-10,1.6966891919107096e-11,4.3845954022003e-12,2.3881559791183678e-12,0.8487642479029311,0.10808926771405289,0.027932499865371607,0.015213984517644406,0.6734727368368771,1.171875
SC4001,1406,42180.0,42210.0,Sleep stage 2,N2,2.3426269458816253e-10,1.8304154354009276e-11,4.56690568105386e-12,2.388545012920673e-12,0.9026688454772552,0.07053017940913725,0.01759735362801856,0.009203621485588884,0.6080515163098792,1.26953125
SC4001,1407,42210.0,42240.0,Sleep stage 2,N2,2.607049397438065e-10,3.6970530855304545e-11,9.973951344277704e-12,3.925604086837637e-12,0.8367324655812275,0.11865691331665962,0.032011395365526225,0.012599225736586499,0.6881968521514035,0.68359375
SC4001,1408,42240.0,42270.0,Sleep stage 2,N2,3.660556005194831e-10,3.589428454458429e-11,1.3719075763933678e-11,8.512698628041467e-12,0.8629689482305801,0.0846200766686,0.03234245389469832,0.020068521206121664,0.6366230854756073,0.5859375
SC4001,1409,42270.0,42300.0,Sleep stage 2,N2,2.7949194717174606e-10,1.8271350431109122e-11,5.0686803201877305e-12,2.7860514859107282e-12,0.9145139366033679,0.059784923246985075,0.01658501734989341,0.0091161227997536,0.6021655421748247,1.07421875
SC4001,1410,42300.0,42330.0,Sleep stage 2,N2,2.6002597783877017e-10,2.2221675914388946e-11,5.355449623126901e-12,2.6833486868475305e-12,0.8957565053095136,0.07655085435938987,0.018448844529479317,0.009243795801617145,0.6333768432999856,0.5859375
SC4001,1411,42330.0,42360.0,Sleep stage 2,N2,2.2107837580423527e-10,2.151525273283569e-11,5.5170274797544465e-12,4.458319155148018e-12,0.8753188140138896,0.0851856516351069,0.02184364677410565,0.017651887576898007,0.6430573461494314,1.07421875
SC4001,1412,42360.0,42390.0,Sleep stage 2,N2,7.250055575325533e-11,9.418904454481439e-12,6.308220257483381e-12,3.3470755126303526e-12,0.791708970218728,0.10285481357722233,0.06888601765981414,0.0365501985442355,0.7160556188990954,0.5859375
SC4001,1413,42390.0,42420.0,Sleep stage 2,N2,9.24264376703654e-11,1.2928613209181495e-11,7.731042760612895e-12,3.090023005192986e-12,0.7955717606959847,0.1112846046373565,0.06654588726022931,0.02659774740642953,0.7109386818755049,1.26953125
SC4001,1414,42420.0,42450.0,Sleep stage 2,N2,1.0073919979638495e-10,3.916551414910501e-11,7.362074229117444e-12,3.1872612343035017e-12,0.6695678859569366,0.26031545380782134,0.04893237674918581,0.02118428348605638,0.7317760990896218,1.07421875
SC4001,1415,42450.0,42480.0,Sleep stage 2,N2,1.1786549059054776e-10,2.409763964823647e-11,3.680203929313753e-12,2.7495282772333526e-12,0.7942800526135143,0.16239082696524007,0.024800410671163908,0.018528709750081765,0.6763830216042251,1.26953125
SC4001,1416,42480.0,42510.0,Sleep stage 1,N1,8.561714688055005e-11,2.914513440173314e-11,7.01831145064843e-12,1.1886331160260769e-11,0.6405260507750079,0.21804297991492488,0.052505969661248944,0.0889249996488184,0.7373044127375968,1.07421875
SC4001,1417,42510.0,42540.0,Sleep stage 2,N2,1.1615927030805441e-10,1.0803314756670683e-11,8.789079363237471e-12,5.4031958567154604e-12,0.8229207982905226,0.07653519499706064,0.062265509990317366,0.0382784967220995,0.6914012470957521,1.171875
SC4001,1418,42540.0,42570.0,Sleep stage 1,N1,3.7912377477559954e-11,1.953399009748981e-11,6.0065698330576926e-12,2.7089370747724856e-12,0.5730245367726117,0.295245415130196,0.09078596820306162,0.04094407989413073,0.7531893587052919,7.32421875
SC4001,1419,42570.0,42600.0,Sleep stage 2,N2,5.620057926636639e-11,1.0491793417683776e-11,5.047692844224268e-12,2.807118291250698e-12,0.7538927211848147,0.14074030540286891,0.06771138204824036,0.037655591364076015,0.7080328848508571,0.9765625
SC4001,1420,42600.0,42630.0,Sleep stage 2,N2,1.1339155829203152e-10,1.7346621429061687e-11,6.6461335892914e-12,5.350904380311076e-12,0.7944189256624019,0.12153007302410443,0.04656267525855768,0.03748832605493605,0.7182080028918848,1.26953125
SC4001,1421,42630.0,42660.0,Sleep stage 2,N2,1.4684318792581104e-10,2.2509475474967233e-11,1.0124828872190222e-11,4.569968639207027e-12,0.7978550054318991,0.12230255915189393,0.055012054075669246,0.02483038134053771,0.7144661039892227,1.171875
SC4001,1422,42660.0,42690.0,Sleep stage 2,N2,8.430956708227118e-11,1.1354098490762802e-11,5.021149581554768e-12,2.324940196592941e-12,0.8184619679450973,0.11022352642285498,0.048744408376047724,0.022570097256000034,0.6963595114419734,1.07421875
SC4001,1423,42690.0,42720.0,Sleep stage 2,N2,1.48282656432046e-10,1.3775925243587332e-11,7.877219281199091e-12,3.60219761948972e-12,0.8544679415951151,0.07938275972180622,0.045391898868389235,0.020757399814689406,0.6670790700980379,1.26953125
SC4001,1424,42720.0,42750.0,Sleep stage 2,N2,1.0770117563617987e-10,1.445539390605626e-11,6.406114352218829e-12,2.093381627595816e-12,0.8243105684060507,0.11063699069995821,0.04903036324125092,0.016022077652740257,0.6668519181865863,1.26953125
SC4001,1425,42750.0,42780.0,Sleep stage 2,N2,1.5820918596899892e-10,1.296925848762261e-11,4.437618778410229e-12,1.989140342129922e-12,0.8907913888922965,0.07302296456639591,0.024985860149543862,0.011199786391763729,0.6578347506712406,1.171875
SC4001,1426,42780.0,42810.0,Sleep stage 2,N2,1.254985104703377e-10,2.5589896889348732e-11,9.17366166846051e-12,3.823948500918257e-12,0.7648336668790664,0.1559541591337354,0.055907637997463996,0.023304535989734202,0.7332231756832832,1.7578125
SC4001,1427,42810.0,42840.0,Sleep stage 2,N2,2.153999464783846e-10,2.215228982120451e-11,6.775588263310875e-12,2.1487692376232296e-12,0.8739164362710667,0.08987583559002219,0.027489783751208634,0.008717944387702212,0.662236213342055,1.171875
SC4001,1428,42840.0,42870.0,Sleep stage 2,N2,1.752935490210894e-10,2.2354718603231668e-11,5.6695233238103165e-12,1.8407929210000877e-12,0.8544295135752512,0.10896311614965869,0.027634833585256396,0.008972536689833608,0.6786128516336037,2.05078125
SC4001,1429,42870.0,42900.0,Sleep stage 3,N3,3.987569638372183e-10,3.1575796376538747e-11,3.845819263121906e-12,2.1751357632968443e-12,0.9138388190822125,0.07236284526455548,0.008813536195068509,0.004984799458163467,0.5950065353226004,0.5859375
SC4001,1430,42900.0,42930.0,Sleep stage 2,N2,1.1024931303956774e-10,1.522907764550228e-11,4.603901155465551e-12,3.3851478509469355e-12,0.8260390196621379,0.11410331748855862,0.034494564113222874,0.02536309873608046,0.6997275678500957,1.171875
SC4001,1431,42930.0,42960.0,Sleep stage 2,N2,1.8010441826574858e-10,2.8813650110658137e-11,6.9298207299174325e-12,5.143996234859738e-12,0.8149820432894622,0.1303832946905424,0.031357806279713185,0.023276855740282272,0.6842083849380906,1.07421875
SC4001,1432,42960.0,42990.0,Sleep stage 2,N2,1.200716262037104e-10,1.5905123382255964e-11,6.729213724628998e-12,3.2477929721434262e-12,0.8226689690062513,0.10897371734266892,0.046105108193264285,0.022252205457815453,0.6927480912202549,0.5859375
SC4001,1433,42990.0,43020.0,Sleep stage 2,N2,3.2659919554931593e-10,3.108499288731983e-11,8.44815861815981e-12,2.6842782849800372e-12,0.8855327366233382,0.08428305762703214,0.02290612200677469,0.007278083742854926,0.6460006617140867,1.07421875
SC4001,1434,43020.0,43050.0,Sleep stage 2,N2,1.3866234419107701e-10,1.7420744867605155e-11,9.635552608487952e-12,2.6455602036892146e-12,0.8235856711240517,0.10347059929620558,0.057230411818058116,0.015713317761684532,0.6953530940985342,1.171875
SC4001,1435,43050.0,43080.0,Sleep stage 2,N2,9.442725537914602e-11,1.7301214148539276e-11,1.2090388474592736e-11,3.4468717110241305e-12,0.7419692292015062,0.1359455855674154,0.09500113268378971,0.027084052547288812,0.737177863371302,1.07421875
SC4001,1436,43080.0,43110.0,Sleep stage 2,N2,2.473896987046757e-10,2.51057521058794e-11,1.0824146968558166e-11,3.2204024608203206e-12,0.8633688088836621,0.08761691939993425,0.03777534361518319,0.011238928101220508,0.68377453280849,2.05078125
SC4001,1437,43110.0,43140.0,Sleep stage 2,N2,1.302161718716354e-10,2.1288742722015667e-11,9.482636407384669e-12,2.785561624724023e-12,0.7951010381612164,0.12998924170576687,0.05790105747732581,0.01700866265569092,0.6968796325265532,1.07421875
SC4001,1438,43140.0,43170.0,Sleep stage 2,N2,1.7593197763697785e-10,2.376594680572409e-11,9.975603122311228e-12,2.502278958162694e-12,0.8291801997593014,0.11201063493131176,0.04701574267951043,0.011793422629876376,0.6750492853402239,1.07421875
SC4001,1439,43170.0,43200.0,Sleep stage 2,N2,1.569940096949869e-10,2.7030988782373503e-11,1.1358781443006709e-11,2.409923620272848e-12,0.7937260230466836,0.13666253423896046,0.05742741674622045,0.012184025968135483,0.7032497554026497,0.5859375
SC4001,1440,43200.0,43230.0,Sleep stage 2,N2,2.2837143596721005e-10,2.3937926124729733e-11,1.2561679934938513e-11,2.343879028204758e-12,0.8546357930369243,0.08958304435325759,0.04700965007994099,0.008771512529877012,0.6454501561476319,0.5859375
SC4001,1441,43230.0,43260.0,Sleep stage 2,N2,2.2322235699417204e-10,2.329797875745027e-11,1.0478715359674303e-11,3.1741489612657855e-12,0.8579759826604555,0.08954795786404,0.04027592141216614,0.012200138063338245,0.63512341616151,0.9765625
SC4001,1442,43260.0,43290.0,Sleep stage 2,N2,2.5844866311126337e-10,3.002741387916844e-11,8.793287592048493e-12,3.0489174096637314e-12,0.8605825173108311,0.09998530119439722,0.0292798944297321,0.010152287065039508,0.6327353833504462,0.5859375
SC4001,1443,43290.0,43320.0,Sleep stage 3,N3,5.404870831926517e-10,3.8297390536567376e-11,8.701157515569008e-12,3.085740525251429e-12,0.9151935041699076,0.06484803085151893,0.014733456329740822,0.005225008648832668,0.6114528143773396,1.171875
SC4001,1444,43320.0,43350.0,Sleep stage 2,N2,3.3624176475646177e-10,4.220870449395264e-11,7.546868562143432e-12,2.9263000252799507e-12,0.8645444299188063,0.10852697133197034,0.01940449956731637,0.0075240991819069515,0.6435347247685421,0.9765625
SC4001,1445,43350.0,43380.0,Sleep stage 3,N3,4.205991076774514e-10,5.048451885515657e-11,1.061336425920435e-11,2.8181366544089337e-12,0.8680825094034567,0.10419596003379707,0.02190512464522045,0.0058164059175257275,0.6346038221167413,1.07421875
SC4001,1446,43380.0,43410.0,Sleep stage 2,N2,3.038460307037475e-10,3.1786794587002607e-11,5.935821046479873e-12,1.8297306760366723e-12,0.8848208117536003,0.09256536056888402,0.017285524463182163,0.005328303214333431,0.596834163587942,1.3671875
SC4001,1447,43410.0,43440.0,Sleep stage 3,N3,3.2499673572666984e-10,2.710824050581492e-11,5.787805610582077e-12,3.0427114045959844e-12,0.9004288627931282,0.07510549949493074,0.016035567903017682,0.008430069808923362,0.616355214426348,1.26953125
SC4001,1448,43440.0,43470.0,Sleep stage 3,N3,5.001863275915709e-10,3.5788995932879924e-11,7.0725689238938925e-12,2.684495395829755e-12,0.9165414014870444,0.065579754344906,0.012959774939935133,0.004919069228114553,0.537002525438218,1.171875
SC4001,1449,43470.0,43500.0,Sleep stage 3,N3,3.852842719636183e-10,3.993995385196432e-11,1.324108904997911e-11,2.3057241784063487e-12,0.8741143084157694,0.09061383419971066,0.030040741965939997,0.005231115418579818,0.6373395098550925,0.9765625
SC4001,1450,43500.0,43530.0,Sleep stage 3,N3,2.805973165242877e-10,2.4072761079939576e-11,7.375135326074558e-12,2.6979495153584288e-12,0.891512032680717,0.07648382539238063,0.023432233662416282,0.008571908264486044,0.6096721211097171,1.171875
SC4001,1451,43530.0,43560.0,Sleep stage 3,N3,4.5031896431169437e-10,2.413143739374083e-11,9.29353038259068e-12,2.560723899158889e-12,0.9260017537721486,0.049622057071928904,0.019110510804641746,0.005265678351281034,0.5311705231781799,0.5859375
SC4001,1452,43560.0,43590.0,Sleep stage 3,N3,3.0143539594714843e-10,2.7020004851188793e-11,8.274065475287622e-12,1.628152851489935e-12,0.8908781091632118,0.07985635116198635,0.02445361064036839,0.00481192903443351,0.5978926520590531,0.5859375
SC4001,1453,43590.0,43620.0,Sleep stage 4,N3,5.664742342844096e-10,3.2535580745911364e-11,5.007545767713694e-12,1.9260418108422662e-12,0.9348632757539176,0.05369409190005219,0.008264048665525209,0.0031785836805050317,0.5789107659198949,1.07421875
SC4001,1454,43620.0,43650.0,Sleep stage 4,N3,7.285944286234776e-10,4.73066242650764e-11,1.1033808519736563e-11,2.1870005959250884e-12,0.9232977360087198,0.059948439579315164,0.013982388590417253,0.002771435821547934,0.5640661499774157,0.5859375
SC4001,1455,43650.0,43680.0,Sleep stage 4,N3,6.661508743574252e-10,3.732138258028379e-11,8.297129760633953e-12,2.823064972139916e-12,0.9322109025923557,0.05222750743173767,0.01161099552792362,0.003950594447982924,0.5178715526981956,0.5859375
SC4001,1456,43680.0,43710.0,Sleep stage 3,N3,7.25897419349086e-10,4.521508259565901e-11,2.0122116401869096e-11,1.114703695195466e-11,0.9046784838057859,0.05635109214808049,0.025077986602749024,0.013892437443384484,0.623984777325121,0.9765625
SC4001,1457,43710.0,43740.0,Sleep stage 2,N2,2.772953972231182e-10,2.1522097199275473e-11,5.1953506416529334e-12,2.1525782732664798e-12,0.9057044855049233,0.07029564921040686,0.01696909659171093,0.00703076869295887,0.6027309188490185,0.5859375
SC4001,1458,43740.0,43770.0,Sleep stage 2,N2,2.796684705165682e-10,2.3502571042073505e-11,9.207652916517902e-12,4.656490637758721e-12,0.8821370108083075,0.07413237440412995,0.029043000111291798,0.014687614676270777,0.5860838151693357,1.171875
SC4001,1459,43770.0,43800.0,Sleep stage 2,N2,2.32762913519936e-10,3.175087305797283e-11,6.9364295168503156e-12,3.841246038888916e-12,0.8455144657081105,0.11533548048271276,0.02519667505519233,0.013953378753984289,0.6342973309942553,0.5859375
SC4001,1460,43800.0,43830.0,Sleep stage 2,N2,1.8996670418537286e-10,2.937923535171672e-11,6.492783820214903e-12,2.9205903804290206e-12,0.830421726142983,0.12842858667341187,0.02838259878528359,0.012767088398321566,0.6867297088819283,2.34375
SC4001,1461,43830.0,43860.0,Sleep stage 2,N2,2.444397407112805e-10,2.7039770504129506e-11,6.971440236770958e-12,2.115907377670523e-12,0.8712352618222805,0.09637549715209826,0.02484769678730572,0.007541544238315421,0.6344625576683536,0.87890625
SC4001,1462,43860.0,43890.0,Sleep stage 2,N2,2.895238648087429e-10,2.7482955736350144e-11,1.1160858724513011e-11,3.2736690092242048e-12,0.8735297098935778,0.08291951465642021,0.033673706622517605,0.009877068827484308,0.632625343347578,0.5859375
SC4001,1463,43890.0,43920.0,Sleep stage 2,N2,2.009912401376186e-10,1.8859748302068478e-11,1.0565346693012902e-11,2.5048917923344188e-12,0.8629150841726742,0.08097050041788798,0.04536017104363508,0.010754244365802766,0.6476958117698689,0.5859375
SC4001,1464,43920.0,43950.0,Sleep stage 3,N3,4.649336294297071e-10,2.8003690371649316e-11,8.187577652896278e-12,2.245538184311754e-12,0.9236411130103476,0.05563237009762893,0.01626551158593512,0.004461005306088576,0.5740288554366768,1.07421875
SC4001,1465,43950.0,43980.0,Sleep stage 3,N3,5.797134087130525e-10,4.2160686415647396e-11,6.5595821447962236e-12,2.5696245466489774e-12,0.9187169180269809,0.06681531823056047,0.0103954799061668,0.00407228383629187,0.5540874838172437,0.5859375
SC4001,1466,43980.0,44010.0,Sleep stage 2,N2,3.214608695841947e-10,2.3363662350628147e-11,7.975950342961901e-12,3.0653184005777368e-12,0.9033204903967056,0.06565301387796076,0.02241280372476899,0.008613692000564627,0.6023025570658186,1.26953125
SC4001,1467,44010.0,44040.0,Sleep stage 4,N3,7.08667070357561e-10,2.4088413606431846e-11,6.804216013759973e-12,2.0287530180027717e-12,0.9556069373717946,0.03248218538075014,0.009175191423589921,0.0027356858238654145,0.5312500026792406,1.26953125
SC4001,1468,44040.0,44070.0,Sleep stage 3,N3,6.665278311650356e-10,3.1464102803716785e-11,7.15446038774399e-12,3.363524965284678e-12,0.940745941571386,0.044408838811792084,0.010097897280806704,0.004747322336015284,0.5973466261493324,0.9765625
SC4001,1469,44070.0,44100.0,Sleep stage 3,N3,3.4275733887724956e-10,2.47652774215194e-11,5.699420071241686e-12,3.2287583444735857e-12,0.9104970521770602,0.06578622696308134,0.015139880566766663,0.008576840293091715,0.5926893276144293,0.5859375
SC4001,1470,44100.0,44130.0,Sleep stage 3,N3,4.837949504445272e-10,2.3174866865736752e-11,7.454248625157588e-12,3.073458025127676e-12,0.9348739424720585,0.04478256569881377,0.014404414088995433,0.005939077740132292,0.6001734712943317,1.171875
SC4001,1471,44130.0,44160.0,Sleep stage 3,N3,5.617557253226319e-10,2.958616792979696e-11,8.095763309293802e-12,2.6157033447800353e-12,0.9330663405148526,0.04914210251129836,0.013446919905157666,0.004344637068691465,0.5535208045772458,0.9765625
SC4001,1472,44160.0,44190.0,Sleep stage 3,N3,6.387141140039272e-10,3.259888136302185e-11,8.403206793186269e-12,2.2288918214167873e-12,0.9366063626541841,0.04780279475682204,0.012322409629965888,0.0032684329590280522,0.5350691636197696,1.171875
SC4001,1473,44190.0,44220.0,Sleep stage 3,N3,4.1240529343739513e-10,3.714168142908825e-11,7.343587875957762e-12,2.353481695231776e-12,0.8980090181514927,0.08087569534966281,0.015990600128412573,0.005124686370431925,0.6199886548237837,0.5859375
SC4001,1474,44220.0,44250.0,Sleep stage 4,N3,4.942296207362316e-10,3.5093870854893706e-11,6.0359239451105995e-12,1.9560019664875296e-12,0.9198128410929629,0.0653133517329527,0.011233483627109965,0.0036403235469743716,0.5650638179811366,0.5859375
SC4001,1475,44250.0,44280.0,Sleep stage 4,N3,7.382364422403107e-10,2.6944143776839635e-11,6.535213490205746e-12,2.7067825527905675e-12,0.9532733927727518,0.034792559515971065,0.008438820924901929,0.003495226786375325,0.5363684646135829,0.5859375
SC4001,1476,44280.0,44310.0,Sleep stage 3,N3,6.487778217219411e-10,2.6152665183886343e-11,8.299758857572056e-12,2.2555724477736705e-12,0.9464496631235575,0.038152014949242405,0.012107849115290089,0.0032904728119098896,0.5492624344180317,0.5859375
SC4001,1477,44310.0,44340.0,Sleep stage 3,N3,5.820390419659504e-10,3.007419543201084e-11,1.0215369648141364e-11,2.0667666120711264e-12,0.9321642448372601,0.04816530791350002,0.016360418541047334,0.003310028708192481,0.5126818396437713,0.5859375
SC4001,1478,44340.0,44370.0,Sleep stage 4,N3,7.733001451178258e-10,3.370433084667349e-11,1.0391828457814005e-11,2.5632102555550486e-12,0.9430955202972756,0.04110487193982336,0.012673587258630164,0.00312602050427092,0.5458826847462441,1.07421875
SC4001,1479,44370.0,44400.0,Sleep stage 4,N3,1.090947166851265e-09,3.5740791966716684e-11,5.457672716692102e-12,1.960430620614385e-12,0.9619445687275467,0.0315145057057484,0.004812312444852099,0.0017286131218527527,0.5289834482533312,0.5859375
SC4001,1480,44400.0,44430.0,Sleep stage 3,N3,4.927549460115136e-10,2.7153387849679578e-11,4.678705197681738e-12,2.6562154201070243e-12,0.934587482771023,0.05150068325959403,0.008873902431061356,0.005037931538321677,0.5674027544114844,1.07421875
SC4001,1481,44430.0,44460.0,Sleep stage 3,N3,9.286203535622099e-10,4.238851906633577e-11,2.0452556089888438e-11,3.182661142605107e-11,0.9074867653403743,0.041423839039837346,0.019987095800514387,0.031102299819274003,0.5623712391753637,0.5859375
SC4001,1482,44460.0,44490.0,Sleep stage 3,N3,4.797968878089259e-10,4.4079833352422134e-11,8.603846557715516e-12,3.060588709416243e-12,0.8959103927860335,0.08230895576054366,0.016065705603458207,0.005714945849964711,0.5952931444071171,1.07421875
SC4001,1483,44490.0,44520.0,Sleep stage 3,N3,5.321753760497253e-10,2.867988747284495e-11,5.9061347903296e-12,2.458095235624057e-12,0.934921207164103,0.05038458415057793,0.010375847730566387,0.004318360954752709,0.5406925947628634,0.5859375
SC4001,1484,44520.0,44550.0,Sleep stage 2,N2,1.3583469224732616e-10,2.92112719336321e-11,5.980212108493526e-12,4.7206215832724574e-12,0.7728999554557893,0.16621225699251085,0.0340274314006244,0.026860356151075536,0.7096042928071927,0.5859375
SC4001,1485,44550.0,44580.0,Sleep stage 2,N2,1.5374357678745596e-10,2.8537322462917094e-11,1.088813331938517e-11,3.923403067990914e-12,0.7800582315093652,0.1447915663053044,0.055243790986465265,0.019906411198865232,0.7072929034790071,1.171875
SC4001,1486,44580.0,44610.0,Sleep stage 2,N2,2.9451050903123445e-10,4.027887694757284e-11,9.562560796779935e-12,3.673469924225255e-12,0.8462327603080294,0.11573544636343379,0.027476616183547516,0.01055517714498935,0.6691042325498932,1.171875
SC4001,1487,44610.0,44640.0,Sleep stage 2,N2,3.591547319483879e-10,3.7316988263454524e-11,7.419548787425132e-12,2.4582939939787297e-12,0.8838565724121554,0.09183469520323995,0.018259029818492627,0.006049702566111995,0.6105267958449427,0.5859375
SC4001,1488,44640.0,44670.0,Sleep stage 3,N3,3.765067684780367e-10,5.776899040375595e-11,7.644151750376021e-12,3.604415202175065e-12,0.84508689345513,0.12966517663333113,0.017157652920658465,0.008090276990880337,0.6564226401182938,1.171875
SC4001,1489,44670.0,44700.0,Sleep stage 4,N3,5.06825208121045e-10,8.59800028769041e-11,1.0243533019928399e-11,3.3226096190781452e-12,0.8358330338020707,0.141794302057979,0.016893167789818392,0.005479496350131746,0.6316352563031863,0.5859375
SC4001,1490,44700.0,44730.0,Sleep stage 2,N2,1.787796356347158e-10,5.590437870419869e-11,8.704703371878616e-12,2.9962811191379557e-12,0.7256108792488608,0.22689846772200234,0.03532968083778144,0.01216097219135553,0.6602388281504121,0.5859375
SC4001,1491,44730.0,44760.0,Sleep stage R,REM,7.09614466446873e-11,3.421634907984121e-11,4.860558565800712e-12,2.3893257106918884e-12,0.6311741614168576,0.304340969052554,0.04323275696658124,0.021252112564007258,0.7245913369809325,0.5859375
SC4001,1492,44760.0,44790.0,Sleep stage R,REM,4.142931828292388e-11,1.611521696240133e-11,4.426468079677559e-12,2.052745399510851e-12,0.6470929789067676,0.25170686321013697,0.06913790847712013,0.03206224940597534,0.7452774721204447,1.07421875
SC4001,1493,44790.0,44820.0,Sleep stage R,REM,3.507740582970762e-11,1.1339120927900385e-11,3.0656315411713715e-12,1.92789143982879e-12,0.6823063974467432,0.22056234112889558,0.05963097792665874,0.037500283497702444,0.7583339640250222,1.171875
SC4001,1494,44820.0,44850.0,Sleep stage R,REM,4.8945652446700556e-11,2.315277713319658e-11,3.422732524520143e-12,2.5224866129928596e-12,0.6271574080797898,0.29666446294727905,0.043856644080206786,0.03232148489272437,0.756529972690604,0.5859375
SC4001,1495,44850.0,44880.0,Sleep stage R,REM,3.6439787347047386e-11,1.0058377861898992e-11,3.872849021735663e-12,2.9640191731295742e-12,0.6832242340818183,0.18858857340061522,0.0726136045029436,0.055573588014622845,0.7373344942590091,0.5859375
SC4001,1496,44880.0,44910.0,Sleep stage R,REM,4.2663198851629954e-11,1.7174283984803334e-11,8.460255154344638e-12,2.620262912422769e-12,0.6015849052183937,0.24217101111247225,0.11929630060909974,0.0369477830600342,0.7595471043288468,0.5859375
SC4001,1497,44910.0,44940.0,Sleep stage R,REM,3.372179509631911e-11,1.1563285047200402e-11,4.869630829966981e-12,2.2220110275154287e-12,0.6438317215742145,0.22077145352813804,0.09297318816312766,0.04242363673451965,0.7776756834920491,2.05078125
SC4001,1498,44940.0,44970.0,Sleep stage R,REM,4.4994310907646304e-11,1.9652967154161203e-11,5.847366527889317e-12,2.748456275980659e-12,0.6143146641232817,0.2683251653995824,0.07983504874558715,0.037525121731548865,0.7875678690426127,1.46484375
SC4001,1499,44970.0,45000.0,Sleep stage 1,N1,3.08754344677793e-11,2.9133443803580805e-11,7.745798923494148e-12,5.5917413098343355e-12,0.42095353934433233,0.3972033590395212,0.10560568711339335,0.07623741450275297,0.8121681694435577,1.171875
SC4001,1500,45000.0,45030.0,Sleep stage R,REM,3.959211285597048e-11,2.697716245553163e-11,5.011497604000383e-12,5.739979076207507e-12,0.5120502819245133,0.34889938031673573,0.06481439296578095,0.07423594479296998,0.8034495020099363,1.171875
SC4001,1501,45030.0,45060.0,Sleep stage R,REM,2.9623694232145916e-11,1.1744615268188084e-11,5.530059970646851e-12,2.8731660528458754e-12,0.5951934960488491,0.23597052300236304,0.1111088880912563,0.057727092857531546,0.7953339977434735,0.9765625
SC4001,1502,45060.0,45090.0,Sleep stage R,REM,3.8385202173908687e-11,1.6699402598657585e-11,4.314152699574685e-12,1.61124569649511e-12,0.6291624353437454,0.27371581267582024,0.07071221890695621,0.026409533073478306,0.7577604905692531,1.07421875
SC4001,1503,45090.0,45120.0,Sleep stage R,REM,4.8217175770975144e-11,2.0835630920800255e-11,3.5722796560352943e-12,2.0987266052514437e-12,0.6452718867713941,0.27883522129536115,0.04780644234896346,0.028086449584281272,0.7481037012187122,1.07421875
SC4001,1504,45120.0,45150.0,Sleep stage R,REM,3.120229586841592e-11,1.592171479989074e-11,3.412160580178184e-12,1.8694821599234914e-12,0.5953994242806179,0.3038167404537341,0.06511054358174861,0.035673291683899475,0.7774851875737034,1.171875
SC4001,1505,45150.0,45180.0,Sleep stage R,REM,3.822023021764744e-11,9.947588846786799e-12,2.9228147542092265e-12,1.6749937317842238e-12,0.7243395367774347,0.18852403180991198,0.05539240012669073,0.031744031285962544,0.7231764030083051,1.171875
SC4001,1506,45180.0,45210.0,Sleep stage R,REM,3.8627995603611425e-11,1.2006354809131958e-11,4.3949453187480854e-12,2.2841322439986637e-12,0.6739781054473052,0.20948589594512526,0.07668264617896467,0.03985335242860476,0.765282311099283,1.07421875
SC4001,1507,45210.0,45240.0,Sleep stage R,REM,2.715805963127066e-11,9.769744909713456e-12,3.244805702476987e-12,1.720878428227587e-12,0.6482644557034438,0.23320437661033894,0.07745369997485559,0.04107746771136165,0.7711911777799693,0.5859375
SC4001,1508,45240.0,45270.0,Sleep stage R,REM,3.5999837575254176e-11,1.5875426996268373e-11,5.690522573463034e-12,2.240822304730763e-12,0.6019374431436678,0.26544602916532106,0.095148723959138,0.03746780373187316,0.7874015910078263,2.05078125
SC4001,1509,45270.0,45300.0,Sleep stage R,REM,5.0367257228115814e-11,2.212760636404692e-11,5.7407293983731995e-12,2.587312093750496e-12,0.6231804854773552,0.2737789039007083,0.07102849609756617,0.0320121145243704,0.7735303742914588,1.07421875
SC4001,1510,45300.0,45330.0,Sleep stage R,REM,2.3091360489049917e-11,1.542992779545624e-11,3.390513180266878e-12,2.4180706155507867e-12,0.5208984236906744,0.3480706591595364,0.07648371224991161,0.0545472048998776,0.8054547340710008,1.85546875
SC4001,1511,45330.0,45360.0,Sleep stage R,REM,3.2370130057352915e-11,8.92970733642607e-12,2.705400203201443e-12,2.130258959134124e-12,0.7016317688914687,0.19355394442465526,0.058640318304819104,0.04617396837905695,0.768432068216981,1.85546875
SC4001,1512,45360.0,45390.0,Sleep stage R,REM,3.5883035297189396e-11,2.2806574869792973e-11,5.43323200539064e-12,2.7890000145877505e-12,0.5362733131293461,0.34084511985290006,0.08119985682369128,0.04168171019406261,0.7988614039293098,2.05078125
SC4001,1513,45390.0,45420.0,Sleep stage R,REM,2.7482311993593126e-11,1.208833987716165e-11,3.4873777682159743e-12,2.81296317273858e-12,0.5991218046315712,0.263529065672978,0.0760257747751595,0.06132335492029124,0.798697492402641,0.5859375
SC4001,1514,45420.0,45450.0,Sleep stage R,REM,5.0449108456949026e-11,2.0039984717430677e-11,6.854812061933051e-12,2.1293757917798373e-12,0.6347933268178024,0.2521600273473905,0.08625303967895803,0.026793606155849234,0.7733862102561746,2.63671875
SC4001,1515,45450.0,45480.0,Sleep stage R,REM,4.10681951966121e-11,8.691852100201311e-12,3.730775013944766e-12,2.452198765649636e-12,0.7341075688515382,0.15536973036064408,0.066688837001656,0.043833863786161754,0.7259697319572355,0.5859375
SC4001,1516,45480.0,45510.0,Sleep stage R,REM,3.8733185612686116e-11,9.116869801013262e-12,4.0241406479826376e-12,2.3025939757442057e-12,0.714940578537942,0.1682799921279053,0.07427794531943835,0.04250148401471434,0.7573885422130311,1.85546875
SC4001,1517,45510.0,45540.0,Sleep stage W,W,1.2827785094268864e-10,1.1326191300733499e-11,9.866875240054932e-12,1.243327813372857e-11,0.7923071446893157,0.06995613212836257,0.0609426778746577,0.0767940453076639,0.5370050030958395,0.5859375
SC4001,1518,45540.0,45570.0,Sleep stage 1,N1,2.4436852473774992e-11,1.6186315390990006e-11,1.1102716229729309e-11,3.2124507128190665e-12,0.44480511758288616,0.29462697491215717,0.202094152810968,0.058473754693988765,0.806848199242101,0.5859375
SC4001,1519,45570.0,45600.0,Sleep stage 1,N1,2.7524713689247595e-11,1.6748392619405793e-11,7.429705582371087e-12,2.7797793201028433e-12,0.5052019934695406,0.30740815088077467,0.13636843287390618,0.05102142277577855,0.7867760317041538,0.5859375
SC4001,1520,45600.0,45630.0,Sleep stage 1,N1,2.3992630643634155e-11,1.498783967364691e-11,4.86218042314912e-12,3.4087201883863367e-12,0.5077658102191086,0.3171937528802257,0.1029003037916915,0.07214013310897417,0.7977251807909242,1.171875
SC4001,1521,45630.0,45660.0,Sleep stage 1,N1,2.0046174448972408e-10,1.793712418578853e-11,1.2490834091315682e-11,1.6973634522739924e-11,0.8087591601154517,0.07236699215759106,0.05039403660059322,0.06847981112636416,0.653504244360699,0.5859375
SC4001,1522,45660.0,45690.0,Sleep stage W,W,6.162477371303803e-10,4.602398405639011e-11,1.1528274343509254e-11,2.321454974418741e-11,0.884124644612283,0.06603016302660801,0.016539503259533423,0.033305689101575484,0.6162170590440347,0.5859375
SC4001,1523,45690.0,45720.0,Sleep stage W,W,6.323602109303304e-10,5.5733332872774177e-11,7.767894597526926e-12,9.94595234580933e-12,0.8959387776622246,0.07896394059267679,0.011005686111209223,0.014091595633889278,0.6198779220495878,1.171875
SC4001,1524,45720.0,45750.0,Sleep stage W,W,4.187410270185068e-10,2.8249114235998466e-11,4.443464947379074e-12,5.967106997900998e-12,0.9154796110595643,0.06176010098099629,0.009714599953931946,0.01304568800550746,0.5794821223023964,0.5859375
SC4001,1525,45750.0,45780.0,Sleep stage W,W,4.744436081345671e-10,4.0830495669029254e-11,7.295496875831117e-12,5.63074470568715e-12,0.8982266147301491,0.07730115291624705,0.013811988082877752,0.010660244270725974,0.5760525547961913,0.5859375
SC4001,1526,45780.0,45810.0,Sleep stage W,W,5.648868184360723e-10,3.13824279264266e-11,7.0474090474168535e-12,1.0531028923269984e-11,0.9202393897595315,0.05112412855400261,0.011480712931372148,0.017155768755093857,0.5904185744680084,0.5859375
SC4001,1527,45810.0,45840.0,Sleep stage W,W,3.0228877787105077e-10,1.4497637353876837e-11,6.863264186258018e-12,8.57800690066649e-12,0.909884366432066,0.04363765559342439,0.02065831497202698,0.0258196630024825,0.49530148525798506,0.5859375
SC4001,1528,45840.0,45870.0,Sleep stage W,W,4.688298617528474e-11,1.840535385522955e-11,6.989590740433779e-12,2.863211095192078e-12,0.6239323093972171,0.24494376047701918,0.0930194906125509,0.03810443951321278,0.7466004079162102,0.5859375
SC4001,1529,45870.0,45900.0,Sleep stage W,W,2.1573735426774348e-11,2.910205613454146e-11,1.3131067730126857e-11,2.8156039461557844e-12,0.32382074120908805,0.43682047646232464,0.19709670120267073,0.04226208112591664,0.790010674180116,7.32421875
SC4001,1530,45900.0,45930.0,Sleep stage W,W,1.9505950998596902e-11,3.2554982991131416e-11,1.1509743161932485e-11,2.5672347137228856e-12,0.2949284373885145,0.49222876974697116,0.17402640690197899,0.03881638596253544,0.7964226011708245,7.51953125
SC4001,1531,45930.0,45960.0,Sleep stage W,W,1.9957325858497633e-11,1.3542920788799823e-11,1.088559517412503e-11,2.298402474924306e-12,0.4274959605602819,0.2900961768349671,0.23317492524939226,0.049232937355358754,0.8024798468409365,0.5859375
SC4001,1532,45960.0,45990.0,Sleep stage W,W,1.9206907588950957e-11,2.1020151360838907e-11,1.3954187136463688e-11,2.699959296859349e-12,0.3376670283195716,0.369544759455457,0.2453215792892894,0.04746663293568181,0.7872556774980629,8.0078125
SC4001,1533,45990.0,46020.0,Sleep stage W,W,1.570674460506346e-11,3.190057039942413e-11,1.211666595496847e-11,3.1745397140450193e-12,0.24971564413407035,0.5071752094936587,0.19263832957001767,0.050470816802253377,0.8191641750580857,7.12890625
SC4001,1534,46020.0,46050.0,Sleep stage W,W,2.7550457174665187e-11,2.115501907860211e-11,1.3668741826844742e-11,2.8061366803487785e-12,0.4226803808588293,0.32456127550006825,0.20970646565330392,0.04305187798779847,0.7867431328500305,8.0078125
SC4001,1535,46050.0,46080.0,Sleep stage W,W,1.928129337896203e-11,1.011081005662622e-11,6.949715907081455e-12,2.415829882919464e-12,0.4974835616766932,0.26087263439988784,0.17931211118173304,0.06233169274168588,0.8131469604463569,1.171875
SC4001,1536,46080.0,46110.0,Sleep stage W,W,2.477963300034374e-11,1.526193019734292e-11,9.969318601217918e-12,2.8994762925537686e-12,0.4683323623988868,0.2884488169776108,0.18841903477548622,0.0547997858480162,0.8055476209267736,1.171875
SC4001,1537,46110.0,46140.0,Sleep stage W,W,2.014331307396326e-11,1.415421574833399e-11,8.905141571834834e-12,2.2838280866381708e-12,0.44284158479419977,0.3111740015406503,0.19577549095364083,0.05020892271150912,0.7952240053242825,8.10546875
SC4001,1538,46140.0,46170.0,Sleep stage 1,N1,1.879924554277655e-11,1.3472660258011952e-11,4.644429680572659e-12,2.8416895024684773e-12,0.47284153451844174,0.33886643673803074,0.11681741440782431,0.07147461433570323,0.7901526995979725,7.71484375
SC4001,1539,46170.0,46200.0,Sleep stage 1,N1,2.6161134205493832e-11,2.3838444510881615e-11,6.560739433822202e-12,3.543655430671191e-12,0.43526463637706886,0.3966201082996186,0.10915650069283425,0.058958754630478206,0.7782853179926948,7.71484375
SC4001,1540,46200.0,46230.0,Sleep stage 1,N1,2.6016372619210466e-11,8.089392231686956e-12,5.98856014876241e-12,6.2756428349655216e-12,0.5610608295437189,0.17445326381370596,0.12914738630227465,0.13533852034030047,0.8341234411016224,1.171875
SC4001,1541,46230.0,46260.0,Sleep stage W,W,3.18966243311167e-11,1.9121693169381205e-11,1.1885327573662325e-11,3.0578952289813546e-12,0.4835639705278007,0.2898915501594265,0.18018571911814885,0.04635876019462381,0.792714652547468,1.26953125
SC4001,1542,46260.0,46290.0,Sleep stage 1,N1,2.3142294915438764e-11,1.026863383948193e-11,8.052244121423957e-12,1.889412328216129e-12,0.5338157991326465,0.23686324105077008,0.18573849940964637,0.0435824604069369,0.7860182818949155,1.26953125
SC4001,1543,46290.0,46320.0,Sleep stage 1,N1,2.5942009646178114e-11,1.2089940162951814e-11,4.336489786117667e-12,2.15811866907139e-12,0.5826187933093977,0.27152200022250533,0.09739108422383232,0.048468122244264764,0.7871687784277089,0.9765625
SC4001,1544,46320.0,46350.0,Sleep stage 1,N1,2.759383257512176e-11,1.211110274441414e-11,5.522272836398515e-12,2.693495736949921e-12,0.575822772486844,0.252732154592005,0.11523772373507452,0.05620734918607641,0.7665542453116387,1.07421875
SC4001,1545,46350.0,46380.0,Sleep stage 1,N1,6.268934953477018e-11,1.0517269526753026e-11,2.4478071973029985e-12,1.944779774593686e-12,0.8078607081079099,0.13553321051021477,0.03154422992741439,0.025061851454461038,0.7038328903876886,0.5859375
SC4001,1546,46380.0,46410.0,Sleep stage 2,N2,5.6099616903969867e-11,1.2857258194972955e-11,2.7498742294355705e-12,2.200358982970937e-12,0.7590557685958753,0.17396510956441477,0.03720716846140352,0.029771953378306446,0.7296736456548916,2.05078125
SC4001,1547,46410.0,46440.0,Sleep stage 2,N2,9.4491820464584e-11,1.847170493608618e-11,7.342924771266013e-12,3.657249845020094e-12,0.7622539537917875,0.1490089835456633,0.059234475659097105,0.029502587003452135,0.732322733662868,0.5859375
SC4001,1548,46440.0,46470.0,Sleep stage 2,N2,7.498089349505604e-11,1.5967246598230507e-11,2.5265489721748266e-12,2.400612504652111e-12,0.7820668333462566,0.1665418135509454,0.026352448762074186,0.025038904340723724,0.715730448610485,0.9765625
SC4001,1549,46470.0,46500.0,Sleep stage 2,N2,7.012272586516894e-11,1.3289115420547042e-11,4.941332872918354e-12,3.333995172133942e-12,0.764804131014188,0.14493975021309222,0.05389339543346713,0.0363627233392527,0.7409016846314312,0.5859375
SC4001,1550,46500.0,46530.0,Sleep stage 2,N2,7.022951816983316e-11,1.5517854631881144e-11,4.064062871270386e-12,2.3773472680779364e-12,0.7618011208015592,0.16832692803637392,0.044084136286608636,0.025787814875458354,0.7142487053083645,0.5859375
SC4001,1551,46530.0,46560.0,Sleep stage 2,N2,1.3674182650291598e-10,1.0109210112972668e-11,3.6049106280210342e-12,2.8349464561740714e-12,0.8920414200888783,0.06594788424126166,0.02351679568829512,0.01849389998156507,0.6638753275660159,0.9765625
SC4001,1552,46560.0,46590.0,Sleep stage 2,N2,5.200468476170235e-11,1.7136549802828028e-11,2.7879625449835983e-12,2.825650048578485e-12,0.695669735659043,0.2292366375465586,0.03729473941786786,0.037798887376530456,0.7447591096130461,1.07421875
SC4001,1553,46590.0,46620.0,Sleep stage 2,N2,1.3045338917205497e-10,2.0235859116903416e-11,1.0277777823561793e-11,5.996310127192783e-12,0.7813295547997445,0.12119941762453972,0.06155709424017354,0.035913933335542284,0.7371802862027808,0.5859375
SC4001,1554,46620.0,46650.0,Sleep stage 2,N2,7.419671888814091e-11,1.7276774426774447e-11,4.164335570430184e-12,6.502025515238178e-12,0.7264227986574934,0.16914821866708785,0.04077091743344394,0.06365806524197493,0.7514770871934989,1.171875
SC4001,1555,46650.0,46680.0,Sleep stage 2,N2,1.4918283204939403e-10,1.7991385322500853e-11,4.280229088860661e-12,5.080849210801139e-12,0.8450595190150995,0.10191381419823131,0.02424574118494702,0.0287809256017224,0.686277973024902,1.26953125
SC4001,1556,46680.0,46710.0,Sleep stage 2,N2,5.019321667831853e-11,1.3011334748748521e-11,3.270726953293431e-12,2.2487744617368747e-12,0.7303587987402913,0.1893272327614873,0.047592172143985166,0.03272179635423616,0.7210137235867131,1.26953125
SC4001,1557,46710.0,46740.0,Sleep stage 2,N2,1.467681088672452e-10,3.2437847793210506e-11,7.0431041206240765e-12,7.273511685156033e-12,0.7584030482689665,0.16761790306849084,0.036394225391215784,0.037584823271326936,0.7164842963003031,0.5859375
SC4001,1558,46740.0,46770.0,Sleep stage 2,N2,1.0259366237148619e-10,1.3171623583092507e-11,7.177862193222135e-12,8.593592662950969e-12,0.7799620223150625,0.10013645998757983,0.05456925684018026,0.0653322608571774,0.7291529430067895,1.171875
SC4001,1559,46770.0,46800.0,Sleep stage 2,N2,1.0746359750766722e-10,2.049963107459946e-11,5.316773336946835e-12,3.423304346108507e-12,0.7861082547564386,0.14995709785403827,0.03889279259001769,0.02504185479950537,0.7144079985363166,2.05078125
SC4001,1560,46800.0,46830.0,Sleep stage 2,N2,8.0228988749762e-11,2.2344030440874077e-11,3.758453296733831e-12,3.178813892664268e-12,0.7326160071515372,0.20403590547954062,0.034320550342557314,0.02902753702636492,0.7380156599261414,1.3671875
SC4001,1561,46830.0,46860.0,Sleep stage 2,N2,9.735285599137761e-11,1.7430683646248597e-11,6.373295329177595e-12,5.786868447279982e-12,0.7668978718370744,0.1373103444870409,0.05020568297419396,0.0455861007016907,0.7325699407859758,2.1484375
SC4001,1562,46860.0,46890.0,Sleep stage 2,N2,1.7477963183979048e-10,1.9865489687423684e-11,5.650088549421181e-12,6.563185894957421e-12,0.8449240410033559,0.09603424407366937,0.02731379851846618,0.03172791640450854,0.6627896221225131,0.9765625
SC4001,1563,46890.0,46920.0,Sleep stage 2,N2,5.836743523139286e-11,1.8338353138943787e-11,6.69219658208294e-12,6.186706436155452e-12,0.6515335860032511,0.20470409458018765,0.07470245728765677,0.06905986212890451,0.7832284080431668,1.171875
SC4001,1564,46920.0,46950.0,Sleep stage 2,N2,8.85873510185407e-11,1.7658535242290987e-11,9.406892546491159e-12,6.006513247249741e-12,0.7281593499558024,0.14514744368535298,0.07732161175384382,0.0493715946050007,0.7536353869031244,1.171875
SC4001,1565,46950.0,46980.0,Sleep stage 2,N2,1.0004770910750036e-10,1.588490515522164e-11,4.079226417635398e-12,4.4189326846274125e-12,0.8040431350051713,0.12766058367753985,0.032783099448157126,0.03551318186913169,0.7031834361053914,1.171875
SC4001,1566,46980.0,47010.0,Sleep stage 2,N2,8.974586846870674e-11,1.3469301707344702e-11,4.6855636217805e-12,3.3649455852244592e-12,0.8065907561642345,0.1210553135704469,0.042111490692915504,0.030242439572403086,0.701622871275616,1.953125
SC4001,1567,47010.0,47040.0,Sleep stage 2,N2,1.066035725393831e-10,2.2102748121502082e-11,9.847064837546514e-12,5.89597956205902e-12,0.7379995924159374,0.15301381291808494,0.06816966508245212,0.04081692958352551,0.733859754691385,1.07421875
SC4001,1568,47040.0,47070.0,Sleep stage 2,N2,7.199877858851737e-11,1.6198738647836748e-11,5.456328222737875e-12,4.0497526058701955e-12,0.7369102061179577,0.16579469915802245,0.0558457245260304,0.041449370197989575,0.7535665641198496,1.26953125
SC4001,1569,47070.0,47100.0,Sleep stage W,W,1.3865159832731685e-10,8.724308892246797e-12,1.3113034345006079e-11,2.314358005646584e-11,0.7550492532768986,0.047509606769171576,0.07140910678157321,0.12603203317235656,0.6957668063504859,1.07421875
SC4001,1570,47100.0,47130.0,Sleep stage W,W,2.619186525762007e-11,1.4426698847926704e-11,7.263066802432025e-12,3.0052185525434e-12,0.5147079360442546,0.2835054439579498,0.14272974018693535,0.05905687981086028,0.7863176400890238,0.9765625
SC4001,1571,47130.0,47160.0,Sleep stage 1,N1,7.192782071839022e-11,1.103950046866444e-11,3.4345522578283895e-12,2.6811486883187963e-12,0.8074245686326155,0.12392373096814757,0.03855450988958208,0.03009719050965509,0.6902251410280759,1.953125
SC4001,1572,47160.0,47190.0,Sleep stage 2,N2,1.7902578197554356e-10,1.974333774071382e-11,4.7793958823882816e-12,5.411551746503292e-12,0.8567463834122835,0.09448378339246435,0.02287229298454395,0.02589754021070822,0.6708888406952329,1.171875
SC4001,1573,47190.0,47220.0,Sleep stage 2,N2,1.2309347715687126e-10,1.5379815864421937e-11,6.515831143098857e-12,6.616818058372953e-12,0.811930425365528,0.10144599637013778,0.042978731885882804,0.04364484637845137,0.7167329295797797,1.85546875
SC4001,1574,47220.0,47250.0,Sleep stage 2,N2,6.149407619306202e-11,1.6136229372535675e-11,4.3061650929536745e-12,3.00985007988785e-12,0.7239168884360546,0.18995795500338652,0.05069277934017787,0.03543237722038098,0.7394143252316538,1.07421875
SC4001,1575,47250.0,47280.0,Sleep stage 2,N2,9.604088458846026e-11,1.3869071035293706e-11,6.671247529484209e-12,5.0164573755357686e-12,0.7898251016575591,0.11405705483956932,0.05486328849152139,0.04125455501135001,0.7088369616060664,1.07421875
SC4001,1576,47280.0,47310.0,Sleep stage 2,N2,9.348431661085372e-11,1.4470183929372095e-11,1.3247272075159323e-11,6.539729668448401e-12,0.7318241522096512,0.11327707652302586,0.10370374418898505,0.051195027078337736,0.7456012548283945,1.85546875
SC4001,1577,47310.0,47340.0,Sleep stage 2,N2,1.4042347973741837e-10,2.0971459753780688e-11,6.187130293848941e-12,3.994173088336071e-12,0.8184319541315803,0.12222822578797653,0.0360605302356153,0.023279289844827755,0.7059838494348051,1.26953125
SC4001,1578,47340.0,47370.0,Sleep stage 2,N2,1.3912922005436038e-10,2.2310248195042664e-11,6.831922643327296e-12,5.360595583304559e-12,0.8012879589646539,0.12849157950584167,0.03934714324235561,0.030873318287148906,0.7052620528714506,1.3671875
SC4001,1579,47370.0,47400.0,Sleep stage 2,N2,1.0763365023615163e-10,1.4078093330629257e-11,6.869114751087199e-12,5.179945750028123e-12,0.8046725719555141,0.10524827081245189,0.05135371904313969,0.03872543818889435,0.7285962742171996,1.7578125
SC4001,1580,47400.0,47430.0,Sleep stage 2,N2,9.095527077034371e-11,1.7113110650397567e-11,6.7538752828045335e-12,2.3019080080292216e-12,0.7765713505349325,0.14611084478202752,0.05766423435707173,0.01965357032596819,0.7162040597456681,1.3671875
SC4001,1581,47430.0,47460.0,Sleep stage 2,N2,1.4177288917700236e-10,1.479843858257481e-11,6.817804074670496e-12,5.210173404344246e-12,0.8408865563020774,0.08777283252521664,0.040437913222847136,0.030902697949858757,0.6805218740287182,1.07421875
SC4001,1582,47460.0,47490.0,Sleep stage 2,N2,1.0810238763693632e-10,1.6542148096706045e-11,4.819425582401553e-12,3.672107641519455e-12,0.8119692017599945,0.12424993637132845,0.03619924803351169,0.027581613835165324,0.6958759253010238,1.171875
SC4001,1583,47490.0,47520.0,Sleep stage 2,N2,1.7252846293027032e-10,2.3478971790101414e-11,5.43923559236324e-12,5.37043988496129e-12,0.8342078794416505,0.11352528699225076,0.02629973693745107,0.025967096628647855,0.6922055709383264,1.171875
SC4001,1584,47520.0,47550.0,Sleep stage 2,N2,2.0675459137308617e-10,3.049948700016072e-11,1.2593867603620935e-11,6.112416869055545e-12,0.8077601901882877,0.11915707049735681,0.049202413465876664,0.023880325848478913,0.6984506047084099,1.3671875
SC4001,1585,47550.0,47580.0,Sleep stage 2,N2,1.8445403131272688e-10,2.6686068905476672e-11,7.845686321998986e-12,4.791797517708513e-12,0.8242739418662788,0.11925264551328173,0.03506019762894846,0.021413214991491066,0.6639282578828817,1.171875
SC4001,1586,47580.0,47610.0,Sleep stage 2,N2,1.0405908312432563e-10,2.0225498227660412e-11,9.595580652549333e-12,3.3826329473618647e-12,0.758101153053108,0.14734872792549716,0.06990663898336061,0.024643480038034224,0.7222206237504013,1.953125
SC4001,1587,47610.0,47640.0,Sleep stage 2,N2,1.0896804876847028e-10,1.4056691332632665e-11,4.541012125667321e-12,2.4649080264018865e-12,0.8380181147762182,0.1081028990029276,0.03492262607008135,0.018956360150772622,0.6832867493800823,1.171875
SC4001,1588,47640.0,47670.0,Sleep stage 2,N2,1.1728536060407385e-10,1.6565843996679854e-11,9.932366906978934e-12,4.642344778357821e-12,0.7901946205809954,0.11161018514279707,0.06691800970818552,0.031277184568021914,0.704797347590819,1.07421875
SC4001,1589,47670.0,47700.0,Sleep stage 2,N2,1.8028093532595238e-10,2.487684406904112e-11,3.176712874287414e-12,3.153616176807736e-12,0.8524400575075765,0.1176276257413432,0.015020763567409764,0.01491155318367055,0.6482381606388068,1.3671875
SC4001,1590,47700.0,47730.0,Sleep stage 2,N2,2.2330799620335872e-10,3.0482780927591695e-11,6.980949317999531e-12,5.7009403555154525e-12,0.8380146409808688,0.11439364979958569,0.026197618696562498,0.021394090522983123,0.6631840711761623,1.07421875
SC4001,1591,47730.0,47760.0,Sleep stage 2,N2,1.632800273674322e-10,1.656406521808404e-11,6.156173275831374e-12,3.4096911389041476e-12,0.8620456387475721,0.08745086837257464,0.0325018461190147,0.01800164676083853,0.6610827026092864,0.5859375
SC4001,1592,47760.0,47790.0,Sleep stage 2,N2,8.062192957836631e-11,1.9673352970464788e-11,4.632785946362498e-12,3.777861616563815e-12,0.7416516237474923,0.18097773461152655,0.042617600912845,0.03475304072813603,0.7176054566421637,1.07421875
SC4001,1593,47790.0,47820.0,Sleep stage 2,N2,1.4252083375163547e-10,1.955025610239922e-11,7.17660301267125e-12,7.507523156230357e-12,0.8063175557610789,0.11060638855411384,0.04060193059162674,0.042474125093180604,0.6917550249866575,1.07421875
SC4001,1594,47820.0,47850.0,Sleep stage 2,N2,1.758435989671509e-10,2.329932764739442e-11,6.85795008498642e-12,5.012942946794868e-12,0.8333274060527249,0.110416121969858,0.03250000448539724,0.023756467492019706,0.6977922899188447,0.5859375
SC4001,1595,47850.0,47880.0,Sleep stage 2,N2,1.44627877912913e-10,2.710825896206039e-11,1.1629257228955896e-11,2.9356938313158998e-12,0.776312578288233,0.14550778668282774,0.06242184282358035,0.015757792205358955,0.7016467968796195,1.171875
SC4001,1596,47880.0,47910.0,Sleep stage 2,N2,1.4703946705577625e-10,3.459570639015393e-11,1.418143280044549e-11,4.310347641910589e-12,0.734730950523815,0.17286880011907718,0.07086218285399862,0.021538066503109257,0.7219118165165144,1.171875
SC4001,1597,47910.0,47940.0,Sleep stage 2,N2,1.6922128234334097e-10,2.0460980351317878e-11,6.622278574193041e-12,5.995713952674427e-12,0.8364857580532331,0.1011416437854334,0.03273489975057816,0.029637698410755323,0.6910506315849739,0.5859375
SC4001,1598,47940.0,47970.0,Sleep stage 2,N2,1.1947014729228656e-10,1.838558888708398e-11,9.544235898997175e-12,5.443238089604819e-12,0.7816516491703528,0.12029051775920223,0.06244461817118467,0.035613214899260344,0.6940155850889062,0.5859375
SC4001,1599,47970.0,48000.0,Sleep stage 2,N2,1.5273368727317016e-10,1.8426781159952352e-11,7.633942864481214e-12,6.755747037191667e-12,0.8231396224280597,0.09930889483103643,0.04114220614518147,0.03640927659572249,0.6942823796162203,1.171875
SC4001,1600,48000.0,48030.0,Sleep stage 2,N2,1.8956619939643125e-10,2.83402190976478e-11,1.0387515510108404e-11,6.1580251088643705e-12,0.8085502894220781,0.1208785765956524,0.044305518066068215,0.026265615916201388,0.6691777663558803,0.5859375
SC4001,1601,48030.0,48060.0,Sleep stage 2,N2,1.2433971928427052e-10,1.4681404220903188e-11,5.16369561295032e-12,1.9403533591427403e-12,0.8509123868005324,0.10047142440969388,0.03533748173165479,0.013278707058119012,0.6669729728576983,1.953125
SC4001,1602,48060.0,48090.0,Sleep stage 2,N2,2.23425474368473e-10,3.348524070449182e-11,8.728608024349536e-12,4.677971216551057e-12,0.82653044798922,0.12387383792622647,0.032290231546246356,0.017305482538307243,0.6802125265505459,1.07421875
SC4001,1603,48090.0,48120.0,Sleep stage 2,N2,1.2499187783398473e-10,2.303728481850633e-11,9.996898823865698e-12,4.264642726585839e-12,0.7701727492517617,0.1419507354512337,0.06159871492925864,0.02627780036774598,0.664262499089926,0.5859375
SC4001,1604,48120.0,48150.0,Sleep stage 2,N2,1.256737547741676e-10,1.750315674401894e-11,7.904917918446228e-12,4.158816843829828e-12,0.8095415587688387,0.11274854339627777,0.050920413614904424,0.02678948421997922,0.7093602143738594,1.26953125
SC4001,1605,48150.0,48180.0,Sleep stage 3,N3,4.571982809713328e-10,2.246231773261913e-11,6.558114054862169e-12,3.052081320754947e-12,0.9344483392503082,0.04590978657304882,0.013403853518785015,0.006238020657858017,0.5763050197905487,1.171875
SC4001,1606,48180.0,48210.0,Sleep stage 2,N2,2.2277486180768172e-10,2.6635381139658484e-11,8.590722562282509e-12,4.093779583467943e-12,0.8499783607968052,0.10162501018552716,0.03277716445337834,0.01561946456428921,0.6704906307465424,1.07421875
SC4001,1607,48210.0,48240.0,Sleep stage 3,N3,4.323282918220814e-10,3.136373524708237e-11,6.681825280760798e-12,2.7802215552653355e-12,0.9137156703604984,0.06628651633118349,0.01412188048094392,0.005875932827374183,0.5763855689720349,1.07421875
SC4001,1608,48240.0,48270.0,Sleep stage 3,N3,4.2070014587786376e-10,3.098599984146244e-11,6.52898271983045e-12,3.3994996525146436e-12,0.9113665821576122,0.0671252554745925,0.01414379511069972,0.00736436725709555,0.5861669653371757,1.171875
SC4001,1609,48270.0,48300.0,Sleep stage 3,N3,3.264344645595704e-10,2.489649496715584e-11,5.322792533268882e-12,2.190378017233163e-12,0.9096831665863314,0.06937969129325808,0.014833160381147502,0.006103981739263125,0.6121538289942972,1.171875
SC4001,1610,48300.0,48330.0,Sleep stage 2,N2,2.096330676505443e-10,1.6330658780471412e-11,6.470673716215616e-12,3.295440898849546e-12,0.889293721661505,0.06927701095458282,0.027449531580308988,0.01397973580360302,0.6372387263811375,1.171875
SC4001,1611,48330.0,48360.0,Sleep stage 2,N2,2.3815728531748266e-10,3.4239907125873994e-11,1.2427846319039349e-11,3.3243715507732123e-12,0.8265062387552566,0.11882692068903095,0.04312986899932365,0.011536971556388708,0.6837105446461512,1.171875
SC4001,1612,48360.0,48390.0,Sleep stage 2,N2,1.4650280156482148e-10,2.7020540955419317e-11,7.76106829061253e-12,3.866764201190109e-12,0.7912604473360323,0.14593772334235378,0.04191746711900532,0.020884362202608708,0.7080593693417842,1.07421875
SC4001,1613,48390.0,48420.0,Sleep stage 2,N2,2.6519490068120443e-10,3.441390422849164e-11,7.087325480951558e-12,5.0419434636534805e-12,0.850697822702113,0.11039365132080682,0.022734872880057648,0.016173653097022612,0.6590669496672836,1.171875
SC4001,1614,48420.0,48450.0,Sleep stage 3,N3,3.5075817626612356e-10,3.2122202674009374e-11,8.19640486860363e-12,2.859596454491433e-12,0.8903929513485076,0.0815415998201165,0.020806417683806706,0.00725903114756919,0.6166230261589042,1.07421875
SC4001,1615,48450.0,48480.0,Sleep stage 3,N3,5.469403455750504e-10,2.401377598856208e-11,8.230494135192331e-12,4.052017961156584e-12,0.937767475514797,0.04117329845669913,0.014111757835827016,0.006947468192676991,0.5656744007661656,1.07421875
SC4001,1616,48480.0,48510.0,Sleep stage 2,N2,2.0526190928391745e-10,2.0263356846203907e-11,4.5930231847845635e-12,2.434795019820343e-12,0.8826453963021744,0.08713432850900295,0.019750429016772687,0.010469846172049949,0.6184618086848735,0.9765625
SC4001,1617,48510.0,48540.0,Sleep stage 2,N2,3.0122886896356666e-10,2.9174711272906116e-11,9.302393848093076e-12,5.225695276301499e-12,0.8733001220842415,0.08458113262538253,0.026968801865394725,0.01514994342498131,0.6490585628117825,0.5859375
SC4001,1618,48540.0,48570.0,Sleep stage 3,N3,4.867214957495169e-10,3.2809174256509874e-11,6.836327611919235e-12,2.9693468966546513e-12,0.919493816725996,0.061981714644203684,0.012914903128724554,0.005609565501075749,0.5937241235764242,1.171875
SC4001,1619,48570.0,48600.0,Sleep stage 2,N2,3.7003122923335584e-10,3.0132280505705625e-11,6.855151525618341e-12,3.9894140520050284e-12,0.9003016034374604,0.07331311065479304,0.016678873086219525,0.009706412821527058,0.6110484677650659,1.26953125
SC4001,1620,48600.0,48630.0,Sleep stage 3,N3,3.2319486586243966e-10,3.0300520758855776e-11,7.681297129389957e-12,2.6106576254095695e-12,0.8884170203391175,0.08329185024481138,0.02111480047748222,0.007176328938588846,0.6235655730147758,1.26953125
SC4001,1621,48630.0,48660.0,Sleep stage 2,N2,2.350753493065425e-10,2.0259977165391515e-11,8.464131112671325e-12,2.123635855010478e-12,0.8839974981711092,0.07618735516098389,0.031829244324706636,0.007985902343200216,0.638709524880988,0.5859375
SC4001,1622,48660.0,48690.0,Sleep stage 3,N3,6.881502870431232e-10,3.429315952148712e-11,6.9022575250416946e-12,2.7417144327251433e-12,0.9399837637314745,0.04684298439481911,0.009428187604935216,0.003745064268771257,0.5628540382462827,0.5859375
SC4001,1623,48690.0,48720.0,Sleep stage 3,N3,4.776531636841995e-10,2.8516784193024474e-11,6.018480670430508e-12,2.8747950098208656e-12,0.927368023647875,0.05536559957836383,0.011684935742182555,0.005581441031578661,0.5719990425417866,0.9765625
SC4001,1624,48720.0,48750.0,Sleep stage 3,N3,6.051616120589795e-10,2.18101546250192e-11,5.76855937649946e-12,3.0816964385451706e-12,0.951778313183372,0.034302295065679354,0.009072600778794414,0.004846790972154173,0.5475811547612305,0.5859375
SC4001,1625,48750.0,48780.0,Sleep stage 3,N3,4.297590812769349e-10,3.141875903528203e-11,5.2884607020713276e-12,4.460688355159439e-12,0.912581123991991,0.06671683667430166,0.011229895124831059,0.009472144208876458,0.5758589845766123,1.171875
SC4001,1626,48780.0,48810.0,Sleep stage 2,N2,3.988396497877182e-10,4.332249998880903e-11,8.199745827244751e-12,4.018688713095313e-12,0.8777656078490866,0.09534408265692446,0.018045986360910544,0.008844323133078319,0.6243054163331565,0.5859375
SC4001,1627,48810.0,48840.0,Sleep stage 2,N2,3.2448583339357765e-10,3.0870916025297275e-11,5.768972957505948e-12,3.0607364391816074e-12,0.8909881889867556,0.08476678711695718,0.015840712409429726,0.008404311486857555,0.6264905467332245,1.26953125
SC4001,1628,48840.0,48870.0,Sleep stage 2,N2,8.414239896592564e-11,2.204120476012782e-11,4.936933813033644e-12,6.17166085143093e-12,0.7173742168748348,0.1879170572516922,0.04209089675850723,0.052617829114965674,0.7248432043311249,1.07421875
SC4001,1629,48870.0,48900.0,Sleep stage 2,N2,1.5249129109366048e-10,1.7666583941502383e-11,6.330772046207732e-12,3.804002260456982e-12,0.845798714758155,0.09798837615396763,0.035113866645804535,0.021099042442072877,0.6784340345919341,0.5859375
SC4001,1630,48900.0,48930.0,Sleep stage 2,N2,1.9973764647436587e-10,2.088661854809464e-11,8.51123972500718e-12,9.535566088546854e-12,0.8368741371743417,0.08751214998505352,0.035660960899844704,0.03995275194076002,0.6823309293975696,1.171875
SC4001,1631,48930.0,48960.0,Sleep stage 2,N2,1.3676089553922315e-10,3.719533530665851e-11,5.472996509033103e-12,3.296696397225742e-12,0.7484482372886135,0.20355806413715172,0.02995194330749137,0.018041755266743443,0.6871328824443682,1.07421875
SC4001,1632,48960.0,48990.0,Sleep stage 2,N2,1.3615710076550815e-10,2.242416380751756e-11,5.645388898793842e-12,4.3046200458039845e-12,0.8079040638785062,0.1330563956438188,0.03349757455077615,0.02554196592689869,0.6978547510131544,0.9765625
SC4001,1633,48990.0,49020.0,Sleep stage 3,N3,3.701122942021693e-10,4.0311370976973215e-11,7.54723994821076e-12,3.4000179481688648e-12,0.878352714754915,0.09566718719637005,0.017911155077157688,0.008068942971557344,0.6533012901199303,0.5859375
SC4001,1634,49020.0,49050.0,Sleep stage 2,N2,1.5961293203609415e-10,2.6006992141330155e-11,4.8476667869702666e-12,2.7571126619673103e-12,0.8260482694010869,0.13459455055819264,0.02508823507549111,0.014268944965229353,0.6681134608177776,1.171875
SC4001,1635,49050.0,49080.0,Sleep stage 2,N2,1.0432359824908656e-10,2.5166703181299678e-11,3.956335710022072e-12,2.574824172040725e-12,0.7669642513944863,0.1850200912302385,0.029086113851799784,0.018929543523475367,0.6934537954872344,0.5859375
SC4001,1636,49080.0,49110.0,Sleep stage 2,N2,1.366007043275297e-10,2.9079236975116676e-11,4.508156344911803e-12,2.3652347748024427e-12,0.7916433859021088,0.1685231839159102,0.026126162164617838,0.013707268017363073,0.7197579272851656,2.1484375
SC4001,1637,49110.0,49140.0,Sleep stage 2,N2,4.960001880943409e-11,1.477454769651203e-11,3.2837194976314553e-12,2.7089725881134677e-12,0.7048735420721769,0.2099633834286761,0.04666544588137751,0.03849762861776944,0.7414558214025317,1.07421875
SC4001,1638,49140.0,49170.0,Sleep stage 1,N1,5.039832006748501e-11,1.8729167690912274e-11,8.988282182222032e-12,8.300343915850428e-12,0.5832051201838651,0.21673235297319574,0.10401164529512226,0.09605088154781681,0.8003215793048534,1.171875
SC4001,1639,49170.0,49200.0,Sleep stage 1,N1,4.470684854917573e-11,1.7913311741202983e-11,4.474066593385914e-12,2.4703905003536753e-12,0.6426664909592726,0.25750607729630975,0.06431526200570103,0.03551216973871646,0.730226197493395,0.5859375
SC4001,1640,49200.0,49230.0,Sleep stage R,REM,4.913466413312859e-11,1.704020536621733e-11,3.0389009797659563e-12,1.985747106864801e-12,0.6900982731209693,0.23933034863109148,0.04268148272347975,0.02788989552445942,0.74759616205961,1.07421875
SC4001,1641,49230.0,49260.0,Sleep stage R,REM,4.1877026958791424e-11,1.1994789141710123e-11,4.3594783644532e-12,2.3478827865744777e-12,0.6912775785137344,0.19800184957789824,0.07196331416572932,0.038757257742638114,0.7504256211732782,0.5859375
SC4001,1642,49260.0,49290.0,Sleep stage R,REM,3.792745927140095e-11,1.2410164523777464e-11,4.264342133925056e-12,2.09553153931958e-12,0.6689441503573269,0.21888381459321282,0.07521217556912503,0.03695985948033526,0.7763474335790296,0.5859375
SC4001,1643,49290.0,49320.0,Sleep stage R,REM,3.8722925295379125e-11,1.4908986314048118e-11,3.1580480970266843e-12,2.3478377263407682e-12,0.6547914696921979,0.25210587748031993,0.053401517035117,0.0397011357923652,0.7643322713871507,0.5859375
SC4001,1644,49320.0,49350.0,Sleep stage R,REM,6.809267529864121e-11,2.3338995907702737e-11,4.5445299112702435e-12,1.990411676576611e-12,0.6950600143917495,0.23823418246309608,0.0463885581184422,0.02031724502671218,0.7116435052629543,0.5859375
SC4001,1645,49350.0,49380.0,Sleep stage R,REM,3.874049239377291e-11,8.838837587034113e-12,3.756282453622855e-12,2.109858298455022e-12,0.7248601586352191,0.1653804796894715,0.07028252164521814,0.039476840030091276,0.7247552869294729,0.9765625
SC4001,1646,49380.0,49410.0,Sleep stage R,REM,4.749510738403531e-11,2.1001202732910225e-11,4.6090288698162e-12,2.1778611525006373e-12,0.6308858722288194,0.27896267286806653,0.06122254183257625,0.02892891307053803,0.769417172216855,1.171875
SC4001,1647,49410.0,49440.0,Sleep stage R,REM,3.100402768333867e-11,1.0783675532040501e-11,4.132038995735325e-12,2.442204284973822e-12,0.6410831227780789,0.22297852574880794,0.08543988187219756,0.05049846960091559,0.7845819240532604,0.5859375
SC4001,1648,49440.0,49470.0,Sleep stage R,REM,4.51259869120823e-11,1.182646523252787e-11,3.949965598353565e-12,2.086671518885441e-12,0.7164095788794635,0.18775418681423686,0.06270872693417326,0.033127507372126476,0.732756341397339,0.5859375
SC4001,1649,49470.0,49500.0,Sleep stage R,REM,1.0153438319199247e-10,1.4724181800841426e-11,4.438567242452466e-12,2.2254993826947243e-12,0.82600235494096,0.11978414069917763,0.03610862527127343,0.018104879088589078,0.607048579682305,0.5859375
SC4001,1650,49500.0,49530.0,Sleep stage R,REM,3.860136598867544e-11,1.3825269347933708e-11,3.5239084880366177e-12,2.371762436068769e-12,0.6618628182520455,0.23704942815758137,0.0604212815639339,0.04066647202643923,0.7253473097337058,0.5859375
SC4001,1651,49530.0,49560.0,Sleep stage R,REM,5.559301775994209e-11,1.624856384979032e-11,3.694607281768695e-12,2.4700963141800196e-12,0.7126735699996299,0.2082981365789606,0.04736294353752433,0.03166534988388506,0.7486126563448637,0.68359375
SC4001,1652,49560.0,49590.0,Sleep stage R,REM,3.2600971027715443e-11,1.445894687766393e-11,4.447314765657284e-12,1.9771352065319685e-12,0.6095420460487168,0.27033967963802036,0.08315167481903606,0.036966599494226794,0.7793025952368889,2.63671875
SC4001,1653,49590.0,49620.0,Sleep stage R,REM,3.943255913963778e-11,1.19127025349898e-11,3.1198970535084623e-12,2.235202499011241e-12,0.6954551661790483,0.21009923529880756,0.055024288840239396,0.03942130968190481,0.7562379381761684,0.5859375
SC4001,1654,49620.0,49650.0,Sleep stage R,REM,4.7601875288735515e-11,1.520897226215518e-11,3.910834841952506e-12,2.539715918454003e-12,0.6872785772355854,0.21958800476129647,0.056464855421704804,0.03666856258141341,0.7225891704197331,0.5859375
SC4001,1655,49650.0,49680.0,Sleep stage R,REM,6.486285295801399e-11,1.3462432870136649e-11,4.160427208780876e-12,2.4965700521446735e-12,0.7632514754872666,0.15841458220210067,0.048956406647960096,0.02937753566267259,0.6929834596875976,0.5859375
SC4001,1656,49680.0,49710.0,Sleep stage R,REM,2.6883067577032547e-11,9.993396214095597e-12,4.101811076540587e-12,2.4002045612604905e-12,0.6197328244545187,0.23037682154047506,0.09455866435477399,0.05533168965023213,0.7838903796811746,0.5859375
SC4001,1657,49710.0,49740.0,Sleep stage R,REM,2.6960126320938153e-11,9.473035054650799e-12,3.5676349099533732e-12,1.8475682559032425e-12,0.6442336902852565,0.2263657172377416,0.08525147754388532,0.04414911493311662,0.7707267484193855,0.5859375
SC4001,1658,49740.0,49770.0,Sleep stage R,REM,4.011111936493008e-11,1.1856045981414161e-11,5.161411743128741e-12,8.428807424593446e-12,0.6118474625283986,0.1808498931019777,0.07873120292072168,0.128571441448902,0.7944236480419558,1.07421875
SC4001,1659,49770.0,49800.0,Sleep stage R,REM,3.108186917478386e-11,1.3483685243078924e-11,3.995734825187666e-12,2.0621698703509806e-12,0.6139815358163786,0.26635250690542833,0.07893049774091561,0.04073545953727739,0.7616642490274198,1.07421875
SC4001,1660,49800.0,49830.0,Sleep stage R,REM,3.0884217831253616e-11,1.2237649892697192e-11,3.5773571881839225e-12,2.5102686049958623e-12,0.6276069031375489,0.24868473577028538,0.07269648461101491,0.05101187648115091,0.7731415886358374,1.26953125
SC4001,1661,49830.0,49860.0,Sleep stage R,REM,2.4430648507962262e-11,9.333281082941089e-12,2.5908545511468647e-12,1.970999730531501e-12,0.6374468057635726,0.2435248581991332,0.06760082350201747,0.05142751253527668,0.7810128383872191,2.1484375
SC4001,1662,49860.0,49890.0,Sleep stage R,REM,4.862810288028759e-11,1.0112309348153759e-11,4.755957022762101e-12,3.412164045523438e-12,0.7267847684634039,0.15113631774451775,0.07108147180076894,0.05099744199130963,0.7345022867464681,1.26953125
SC4001,1663,49890.0,49920.0,Sleep stage R,REM,2.685969167460016e-11,7.247263115664985e-12,3.57610047592367e-12,2.383774998779332e-12,0.6703722629659713,0.18087937248186875,0.08925339120350585,0.059494973348654216,0.7771118337686912,1.85546875
SC4001,1664,49920.0,49950.0,Sleep stage R,REM,1.7875608375232457e-11,8.286561375096127e-12,2.7953935747553047e-12,1.8271979530821385e-12,0.580664186858927,0.26917737968536204,0.09080445839734112,0.05935397505836992,0.7910497311299651,0.5859375
SC4001,1665,49950.0,49980.0,Sleep stage R,REM,3.228668896710511e-11,2.014326918206558e-11,5.720556361285937e-12,2.3379843852745528e-12,0.5337657497958452,0.3330099035320438,0.09457262894136145,0.03865171773074948,0.800227322485631,2.83203125
SC4001,1666,49980.0,50010.0,Sleep stage R,REM,2.5682798009377567e-11,1.0387515331330636e-11,3.2731021046587053e-12,2.12053192922449e-12,0.6194006995367661,0.25051920979660464,0.078938507110503,0.05114158355612631,0.7835474427119491,0.5859375
SC4001,1667,50010.0,50040.0,Sleep stage R,REM,9.96215396451102e-11,1.2448865468111193e-11,3.4464078854424165e-12,2.40896263998119e-12,0.844781720583092,0.1055652625619163,0.02922522974114751,0.02042778711384416,0.5716394806861643,0.5859375
SC4001,1668,50040.0,50070.0,Sleep stage R,REM,2.6311841586775008e-11,7.824198276070093e-12,3.441170520900193e-12,2.3947385159002995e-12,0.6582576609620426,0.19574222652274692,0.08608963574780071,0.05991047676740955,0.7810563359529352,0.5859375
SC4001,1669,50070.0,50100.0,Sleep stage R,REM,3.2179107318319773e-11,9.016156234866565e-12,5.132002604256117e-12,2.554477842070961e-12,0.658305221651668,0.18444833381878345,0.10498812407976284,0.0522583204497857,0.7763130525939299,1.07421875
SC4001,1670,50100.0,50130.0,Sleep stage R,REM,3.19162178561093e-11,1.683919479900917e-11,5.5247151379903266e-12,3.0803315514060953e-12,0.5564149628652041,0.2935679907629509,0.09631574086267544,0.05370130550916958,0.8116631114428232,1.07421875
SC4001,1671,50130.0,50160.0,Sleep stage R,REM,4.937198875081567e-11,8.746846810119435e-12,4.611992571854251e-12,2.6506726318505672e-12,0.7551369756491941,0.1337816768936874,0.0705397171664273,0.040541630290691064,0.6960797381546204,0.5859375
SC4001,1672,50160.0,50190.0,Sleep stage R,REM,2.8976125603926328e-11,8.49802891096224e-12,3.378854203461813e-12,2.621599127246296e-12,0.6665068885,0.19547108834526178,0.07772017669399264,0.06030184646074558,0.7835945633477801,0.9765625
SC4001,1673,50190.0,50220.0,Sleep stage W,W,2.28343609953554e-11,2.4229347875931818e-11,7.550364830387089e-12,9.882727776551044e-12,0.3540386572978269,0.3756674334325221,0.11706572507996624,0.15322818418968473,0.8480523447102396,0.5859375
SC4001,1674,50220.0,50250.0,Sleep stage 1,N1,2.7611418091287475e-11,9.723504277957968e-12,3.1297545624294637e-12,3.0864302836606076e-12,0.6340003700655572,0.2232665229354734,0.0718639493355382,0.07086915766343117,0.7970949065425699,1.171875
SC4001,1675,50250.0,50280.0,Sleep stage 1,N1,2.977042885922241e-11,9.182939592120314e-12,2.4165436715990524e-12,2.7304547874615105e-12,0.6750607975599304,0.20822819027281284,0.05479645274853687,0.06191455941871984,0.785452026599386,1.171875
SC4001,1676,50280.0,50310.0,Sleep stage 1,N1,4.149144964278618e-11,1.4217227474648351e-11,4.537472947012851e-12,2.499792408656464e-12,0.66126107932113,0.22658401347214746,0.07231500186578353,0.03983990534093905,0.7559045531693027,0.5859375
SC4001,1677,50310.0,50340.0,Sleep stage 1,N1,2.861822150829422e-11,1.2645509109203313e-11,3.2854003424037192e-12,2.367181278739631e-12,0.6099844626049675,0.26953331380526346,0.0700268240541255,0.0504553995356436,0.7977468877907721,0.5859375
SC4001,1678,50340.0,50370.0,Sleep stage 1,N1,3.5963935357178296e-11,1.1303691590089222e-11,4.530908990366288e-12,2.0051730927707005e-12,0.6684285527017302,0.21009130771452017,0.08421183357091364,0.037268306012835956,0.7775545668563691,1.953125
SC4001,1679,50370.0,50400.0,Sleep stage R,REM,2.7063522789634686e-11,2.1433686490479422e-11,5.201101830778858e-12,3.3944751690714967e-12,0.4740270102938044,0.37541847030158226,0.09109910672907687,0.05945541267553652,0.8041562715104815,0.5859375
SC4001,1680,50400.0,50430.0,Sleep stage R,REM,1.1003022037979128e-10,1.2720889916422177e-11,5.761291028864668e-12,3.79755932892324e-12,0.8316095011737403,0.09614461264702574,0.043543894959887385,0.02870199121934659,0.6070406840155486,0.5859375
SC4001,1681,50430.0,50460.0,Sleep stage R,REM,2.620750193651585e-11,1.0572204884316199e-11,2.8452351643990804e-12,2.4259958006421934e-12,0.6232322824752804,0.2514142476001533,0.06766163406122452,0.0576918358633416,0.8027110553328755,0.5859375
SC4001,1682,50460.0,50490.0,Sleep stage R,REM,2.814568497156668e-11,2.0718914508402094e-11,2.841067974267608e-12,2.6891672420304783e-12,0.517433045411908,0.38089856553648177,0.052230473539109624,0.04943791551250062,0.7928459827246896,0.9765625
SC4001,1683,50490.0,50520.0,Sleep stage R,REM,3.196901134302387e-11,9.935685052049906e-12,2.66983720810379e-12,2.2503050613277e-12,0.6827361770977635,0.21218834566068617,0.05701754206208537,0.04805793517946499,0.7609829686237417,0.5859375
SC4001,1684,50520.0,50550.0,Sleep stage R,REM,3.0548460114951904e-11,1.1998312711400871e-11,2.6606310854766895e-12,2.6806427843973996e-12,0.6379140980364697,0.2505492192552975,0.05555939882773131,0.05597728388050142,0.7799308631777427,0.9765625
SC4001,1685,50550.0,50580.0,Sleep stage R,REM,7.632404144678156e-11,2.4499441834281796e-11,4.4647853007133824e-12,2.4335458716637378e-12,0.708529111155757,0.22743250249345684,0.04144736443000737,0.022591021920778775,0.7487001405666557,0.5859375
SC4001,1686,50580.0,50610.0,Sleep stage R,REM,1.9835140040813164e-11,9.328454475538891e-12,5.34181541696732e-12,3.3040431383173343e-12,0.5246079598991283,0.246722809183843,0.14128253605907243,0.08738669485795626,0.8319294672607109,1.26953125
SC4001,1687,50610.0,50640.0,Sleep stage R,REM,2.7295890622627307e-11,1.052517598076673e-11,3.956219862149711e-12,2.9074139543328454e-12,0.6108554016507535,0.2355431698515972,0.08853634073800146,0.0650650877596479,0.8010239849801488,1.07421875
SC4001,1688,50640.0,50670.0,Sleep stage W,W,5.444399012741532e-10,1.754330265793942e-11,7.914954685050537e-12,2.0461603793899283e-11,0.9222171562822109,0.029716291276851558,0.013407002287428407,0.03465955015350917,0.528631766711925,1.171875
SC4001,1689,50670.0,50700.0,Sleep stage W,W,9.663792019775203e-11,1.7847923971983824e-11,1.1098847357419811e-11,3.929253141948726e-12,0.746158419038603,0.1378069675630956,0.08569615716497782,0.030338456233323666,0.6418197226100865,0.5859375
SC4001,1690,50700.0,50730.0,Sleep stage W,W,1.974658043883968e-11,3.081928508073058e-11,1.405987067293869e-11,3.1997761162907443e-12,0.2911379474575344,0.45439074518766415,0.20729472132736929,0.047176586027432105,0.8151800076912522,7.51953125
SC4001,1691,50730.0,50760.0,Sleep stage W,W,1.1098396905964984e-10,1.6448618690317495e-11,1.645612370175561e-11,7.440294343436762e-12,0.7333952171064861,0.10869442116458819,0.10874401516937715,0.049166346559548615,0.6861422038283591,1.07421875
SC4001,1692,50760.0,50790.0,Sleep stage W,W,1.4443748532949058e-10,2.025627940223334e-11,7.617337696245794e-12,5.3077083012336955e-12,0.8131879992693968,0.11404354819780854,0.04288587264475688,0.029882579888037854,0.6655789944527805,0.5859375
SC4001,1693,50790.0,50820.0,Sleep stage W,W,2.41393289247487e-10,1.4003078976634475e-11,6.247400416140534e-12,9.042546754405924e-12,0.8917823898689857,0.05173175805440185,0.023079853176292475,0.0334059989003199,0.6147947151445324,0.5859375
SC4001,1694,50820.0,50850.0,Sleep stage W,W,3.403069750157336e-10,2.6386777523982027e-11,4.550841655090995e-12,4.635444104687404e-12,0.9053605947134217,0.07019999690155812,0.012107165029777323,0.012332243355242958,0.6220901900302234,0.5859375
SC4001,1695,50850.0,50880.0,Sleep stage W,W,2.947369077474178e-10,2.4208461078207833e-11,4.783841835545345e-12,4.031633238631965e-12,0.8992438030136368,0.07386013774607073,0.014595525745618879,0.012300533494673457,0.6500127582029227,1.171875
SC4001,1696,50880.0,50910.0,Sleep stage W,W,7.721058294459695e-11,2.5719585794216744e-11,7.261548193098017e-12,2.3702716754158003e-12,0.6859383340671605,0.2284926387000812,0.06451154855152681,0.021057478681231305,0.744136719582067,0.5859375
SC4001,1697,50910.0,50940.0,Sleep stage W,W,2.121653339978159e-11,1.5618706543399236e-11,1.306414386621421e-11,2.964868496357854e-12,0.40133989367844947,0.2954493038710688,0.247126239309215,0.056084563141266745,0.8262707093671352,0.5859375
SC4001,1698,50940.0,50970.0,Sleep stage W,W,3.27269170963186e-11,2.9868503472973335e-11,1.1535474477554231e-11,2.792584402597489e-12,0.42544769595124304,0.3882885132959148,0.14996038348909682,0.036303407263745216,0.787041789412967,1.07421875
SC4001,1699,50970.0,51000.0,Sleep stage W,W,2.2616493876453613e-11,1.0128723409086508e-11,8.509664985696627e-12,2.5205362192875346e-12,0.5166482618858167,0.23137924795119874,0.19439368666546608,0.057578803497518476,0.801987995841411,1.171875
SC4001,1700,51000.0,51030.0,Sleep stage W,W,1.409691160272215e-11,1.902168339848645e-11,1.5182811221486954e-11,2.6938859379528584e-12,0.2764355493505796,0.3730086169241507,0.29772966441014115,0.052826169315128506,0.795780401439038,9.08203125
SC4001,1701,51030.0,51060.0,Sleep stage W,W,2.2040578239877582e-11,2.7590257486166366e-11,8.871968659794015e-12,2.6720889426969104e-12,0.36028797175845356,0.45100622142477786,0.14502630371822336,0.04367950309854519,0.8066023214796394,1.171875
SC4001,1702,51060.0,51090.0,Sleep stage W,W,2.1776759026998023e-11,1.886900419271824e-11,1.1306823955974995e-11,3.5742838809213246e-12,0.3921841553937996,0.339817530389571,0.2036279686000511,0.06437034561657819,0.7847063006341266,8.0078125
SC4001,1703,51090.0,51120.0,Sleep stage W,W,1.7171344261232405e-10,1.469880484755866e-11,1.0495821403659955e-11,2.11312211679438e-11,0.7875344053245054,0.06741356039746801,0.04813729398102645,0.09691474029700013,0.6943133003376509,0.5859375
SC4001,1704,51120.0,51150.0,Sleep stage W,W,2.3663218047022654e-11,2.095624362586444e-11,1.1010139765855577e-11,5.869664986681566e-12,0.3847723627031771,0.3407559934276058,0.1790287983224448,0.09544284554677232,0.8331052933402129,0.5859375
SC4001,1705,51150.0,51180.0,Sleep stage 1,N1,2.2610123501366806e-11,1.0572327909337914e-11,5.5840947668968145e-12,5.14438903912803e-12,0.5149087212506603,0.24076754132328246,0.12716865945431602,0.11715507797174123,0.8334590602965756,0.9765625
SC4001,1706,51180.0,51210.0,Sleep stage 1,N1,1.9208220466746862e-11,1.1618004637316645e-11,8.04196060541927e-12,6.065522923906585e-12,0.4274790808714509,0.2585587744850318,0.1789738895365393,0.13498825510697804,0.8449334591498353,8.0078125
SC4001,1707,51210.0,51240.0,Sleep stage 1,N1,2.3010611967920673e-11,6.75725851491242e-12,3.5888086267601058e-12,3.3504709581048397e-12,0.6268700219298639,0.18408562098801418,0.09776865324988072,0.09127570383224122,0.8101400160661869,0.9765625
SC4001,1708,51240.0,51270.0,Sleep stage W,W,5.159870863437959e-10,2.106508667716855e-11,5.915496063992605e-12,1.372810654592641e-11,0.9268744418961077,0.03783949438685113,0.01062608398148663,0.024659979735554553,0.5524978622330659,0.5859375
SC4001,1709,51270.0,51300.0,Sleep stage W,W,1.4952414743005962e-10,1.5798111859391227e-11,1.0619559717618411e-11,7.568611385020077e-12,0.8147991757775597,0.08608835925912713,0.05786897068972377,0.041243494273589476,0.6703903533015473,0.5859375
SC4001,1710,51300.0,51330.0,Sleep stage W,W,2.8820208109205326e-10,2.325372895019787e-11,1.0143037531760909e-11,1.9390401916435542e-11,0.8451940391749122,0.0681949034608767,0.029745915881271952,0.05686514148293916,0.6785463580801159,0.78125
SC4001,1711,51330.0,51360.0,Sleep stage W,W,1.600770297765163e-10,1.836674776123797e-11,6.704721760607577e-12,8.19773017740955e-12,0.8279294104185045,0.0949940829517937,0.03467728219363988,0.04239922443606185,0.6716688119687492,0.68359375
SC4001,1712,51360.0,51390.0,Sleep stage W,W,3.8508590996899674e-10,2.3594180946420545e-11,3.058134367078584e-12,6.647625191263634e-12,0.9204085404249318,0.05639335297717085,0.00730936374548925,0.01588874285240811,0.5996621972563738,1.07421875
SC4001,1713,51390.0,51420.0,Sleep stage W,W,1.182013120725179e-10,1.1468533261617114e-11,6.000808583648113e-12,5.474800830349887e-12,0.8374432763948526,0.08125329492247653,0.04251506783804166,0.03878836084462937,0.6592317104439034,0.5859375
SC4001,1714,51420.0,51450.0,Sleep stage W,W,7.283207268018735e-10,3.3023101245248543e-11,7.1032856393115235e-12,1.0358266492368438e-11,0.9351768045498889,0.04240225104462804,0.009120745464907697,0.013300198940575289,0.5810617370011213,1.3671875
SC4001,1715,51450.0,51480.0,Sleep stage W,W,3.5060406425798257e-10,2.5577329352528037e-11,6.8557708945168945e-12,6.480864822421921e-12,0.9000971402102835,0.06566404486254572,0.017600651005434134,0.016638163921736636,0.6109035661592923,0.5859375
SC4001,1716,51480.0,51510.0,Sleep stage W,W,6.15421929498096e-10,2.697773127525171e-11,8.525807237114176e-12,4.679329992760535e-12,0.9387087028229331,0.04114938047649722,0.013004491826602326,0.007137424873967343,0.5799884781681744,1.07421875
SC4001,1717,51510.0,51540.0,Sleep stage W,W,1.6763896662927987e-11,8.927302522473564e-12,1.0473492933688836e-11,3.5820962062359386e-12,0.42176732685207097,0.22460437430576397,0.2635053893653896,0.09012290947677541,0.8264473374195458,0.5859375
SC4001,1718,51540.0,51570.0,Sleep stage 1,N1,1.925156280227555e-11,8.396590417846856e-12,5.8306218778169e-12,2.8796695057514677e-12,0.5294935746597178,0.23093920846642907,0.16036499749565827,0.07920221937819504,0.8077312703055368,1.26953125
SC4001,1719,51570.0,51600.0,Sleep stage W,W,1.8519643016257634e-10,1.7122271657752352e-11,7.768651961044682e-12,3.711244987827928e-12,0.8662191016625819,0.08008598632695481,0.03633630905799834,0.017358602952464955,0.6063678095361063,1.26953125
SC4001,1720,51600.0,51630.0,Sleep stage W,W,5.263747887842361e-10,3.4360981713772395e-11,6.235767126479514e-12,5.50256111801822e-12,0.919473544638034,0.060021897565758084,0.01089266246311749,0.009611895333090384,0.5827829236368114,1.171875
SC4001,1721,51630.0,51660.0,Sleep stage W,W,8.271083015109302e-10,5.262506732682878e-11,7.295282106135482e-12,4.951993941790925e-12,0.9272715795497233,0.058997992421206756,0.00817874485053477,0.005551683178535297,0.5770627582017582,1.26953125
SC4001,1722,51660.0,51690.0,Sleep stage W,W,5.92235275660724e-10,1.869964487437261e-11,9.517841394308244e-12,5.873923526452269e-12,0.9455692842301291,0.029856056445627114,0.0151962891176845,0.009378370206559333,0.5209154911867321,0.68359375
SC4001,1723,51690.0,51720.0,Sleep stage W,W,4.947855355255927e-10,2.8513215091575257e-11,5.621001847644896e-12,9.627626607568331e-12,0.9187409590180051,0.052944673392873495,0.010437339528653482,0.017877028060467766,0.5259797929284523,0.5859375
SC4001,1724,51720.0,51750.0,Sleep stage W,W,5.447575694648354e-10,2.8175465374563827e-11,4.46848039313436e-12,8.651892003422666e-12,0.9295357090987881,0.04807661729576781,0.007624698257807868,0.014762975347636279,0.587747336313492,0.9765625
SC4001,1725,51750.0,51780.0,Sleep stage W,W,1.6608556533619444e-10,1.663279339121989e-11,6.600027000046231e-12,2.7619934773814716e-12,0.8646670004700184,0.08659288085579021,0.03436075578030646,0.014379362893885033,0.6365722401314511,1.07421875
SC4001,1726,51780.0,51810.0,Sleep stage W,W,1.3432531744580555e-10,1.4837521726280683e-11,8.662499018142386e-12,3.2238356239333167e-12,0.8340639958874074,0.09213038089473226,0.053787913424121175,0.02001770979373895,0.655667473127647,1.26953125
SC4001,1727,51810.0,51840.0,Sleep stage W,W,2.562380619865401e-10,2.286724454897862e-11,5.639045839222274e-12,2.6882281305286768e-12,0.8914718767653492,0.07955689820820219,0.019618673113916154,0.009352551912532378,0.6325854957691458,0.5859375
SC4001,1728,51840.0,51870.0,Sleep stage W,W,5.059439935981168e-11,7.300748051497718e-12,1.063997115600363e-11,2.638980756136734e-12,0.7108540865390667,0.10257591063175334,0.14949217843488852,0.03707782439429154,0.7026581336898452,0.5859375
SC4001,1729,51870.0,51900.0,Sleep stage W,W,2.2970160268839248e-11,2.1041156325656484e-11,1.2022791049574e-11,4.281575978326587e-12,0.38083229583607014,0.3488504989412657,0.19933109147601066,0.07098611374665344,0.8228999265141694,0.5859375
SC4001,1730,51900.0,51930.0,Sleep stage W,W,5.5057202884606304e-11,1.2602803269436256e-11,7.611388776215294e-12,2.8726685240862963e-12,0.7045602756090821,0.1612765284057627,0.09740200905552175,0.03676118692963362,0.7032273316057829,0.5859375
SC4001,1731,51930.0,51960.0,Sleep stage W,W,3.0056082006198093e-10,1.5118665427296967e-11,5.319000511044512e-12,6.9913219057431235e-12,0.9163724384632704,0.0460949244850525,0.016216968889984057,0.021315668161693,0.5412890913053487,0.5859375
SC4001,1732,51960.0,51990.0,Sleep stage W,W,5.951262772464779e-10,5.1140093911783895e-11,6.563156302981143e-12,7.313557871577354e-12,0.9015110367268889,0.07746819598360392,0.009942020826700376,0.011078746462806805,0.6254130668032295,1.07421875
SC4001,1733,51990.0,52020.0,Sleep stage W,W,2.0091875203408805e-10,2.0143676260147337e-11,2.6760244477777852e-12,3.1963119245061025e-12,0.8853590692873269,0.08876417101517467,0.011792042756032572,0.014084716941465906,0.6411918007515784,1.26953125
SC4001,1734,52020.0,52050.0,Sleep stage W,W,1.3479545753212363e-10,2.068498018331317e-11,4.189351604597187e-12,3.2979936341169765e-12,0.8271294797576445,0.1269268060738891,0.025706624515937675,0.020237089652528607,0.6834499941144555,0.5859375
SC4001,1735,52050.0,52080.0,Sleep stage W,W,2.4044115999220973e-11,1.759653133233248e-11,7.63780059420691e-12,2.724027916610975e-12,0.46236483186113914,0.3383787223068122,0.14687378765115774,0.05238265818089091,0.8111125027503082,1.171875
SC4001,1736,52080.0,52110.0,Sleep stage W,W,2.3868799564163365e-11,1.3935703989797163e-11,9.357043352407827e-12,2.280541495584146e-12,0.48276277025589337,0.2818591293414465,0.1892525913617822,0.046125509040877935,0.8048375758140105,1.07421875
SC4001,1737,52110.0,52140.0,Sleep stage 1,N1,1.958957832037979e-11,9.766741248937774e-12,6.109701250413988e-12,2.2443078089297957e-12,0.5194751420302111,0.2589937983599183,0.1620166535958101,0.05951440601406035,0.8140213265905727,1.07421875
SC4001,1738,52140.0,52170.0,Sleep stage 1,N1,2.3555246618975177e-11,9.151883343458381e-12,5.994335309904283e-12,2.7347045533644423e-12,0.5684706554215391,0.2208670198513762,0.14466431948510064,0.06599800524198408,0.8027252459338646,1.26953125
SC4001,1739,52170.0,52200.0,Sleep stage 1,N1,3.074633373541006e-11,9.044745894549665e-12,2.685204362553822e-12,2.1118022547663666e-12,0.6895638795730044,0.20285117967137326,0.06022246273728853,0.0473624780183338,0.7645128194153143,1.07421875
SC4001,1740,52200.0,52230.0,Sleep stage 1,N1,1.5874675009920855e-11,8.373139683145566e-12,6.181221889262157e-12,2.668396456223115e-12,0.4796346288073195,0.25298456449455103,0.18675834715224912,0.08062245954588027,0.8268552952603518,1.07421875
SC4001,1741,52230.0,52260.0,Sleep stage 1,N1,2.242684148662836e-11,6.628309410235657e-12,4.982058885131493e-12,2.462146664501572e-12,0.6144448469797804,0.18160072000041494,0.13649717064010403,0.06745726237970065,0.8027804156681975,1.26953125
SC4001,1742,52260.0,52290.0,Sleep stage W,W,2.443496500241531e-10,1.3285154830472125e-11,6.6444821425318604e-12,8.534694192842824e-12,0.8956639573907211,0.0486967521698228,0.02435535786527137,0.0312839325741846,0.5859604027186234,0.5859375
SC4001,1743,52290.0,52320.0,Sleep stage W,W,2.154000773191538e-11,1.3117144311208722e-11,6.631333787122459e-12,2.4327964083492156e-12,0.4926664230561046,0.30001737459633143,0.15167290270523048,0.05564329964233344,0.7831859969440406,0.5859375
SC4001,1744,52320.0,52350.0,Sleep stage W,W,2.5663234986783465e-11,2.27380235986996e-11,8.085504404394149e-12,2.2924839472683255e-12,0.43660367092191493,0.3868376133333942,0.13755712816532387,0.03900158757936708,0.7899589603980476,0.5859375
SC4001,1745,52350.0,52380.0,Sleep stage W,W,3.2899553123132404e-11,2.497421323150173e-11,1.0655755788352366e-11,2.695350405557531e-12,0.4619110143118807,0.35063893184898715,0.14960722858562964,0.03784282525350238,0.7838313279593192,0.5859375
SC4001,1746,52380.0,52410.0,Sleep stage W,W,3.960577772369648e-11,1.2285714235348494e-11,6.340722780291391e-12,2.3742150572725347e-12,0.6534913516042903,0.20271305002750575,0.10462128855915834,0.03917430980904569,0.6988737290560868,0.5859375
SC4001,1747,52410.0,52440.0,Sleep stage W,W,2.0481124734356833e-11,1.4372536802116001e-11,8.818755906422796e-12,2.545688905474849e-12,0.44314071589129356,0.31097199642457307,0.19080738271601042,0.05507990496812302,0.8105056030123069,0.5859375
SC4001,1748,52440.0,52470.0,Sleep stage W,W,1.2875961743657464e-10,8.857218204233015e-12,2.420807608745314e-12,1.9878067306791268e-12,0.9065953845208456,0.062363598956847614,0.01704488603332893,0.013996130488977862,0.5861416609941162,1.07421875
SC4001,1749,52470.0,52500.0,Sleep stage W,W,1.2015715828715717e-10,1.049408089919129e-11,8.93247318921728e-12,2.7076102617412833e-12,0.8444447353506676,0.07375067365098673,0.0627759516438376,0.019028639354508197,0.5939674758624872,0.5859375
SC4001,1750,52500.0,52530.0,Sleep stage W,W,1.5592968682270307e-10,1.3125834911376886e-11,6.669720699903559e-12,5.5515940953007996e-12,0.8601743598803009,0.07240767856877553,0.036793011327876414,0.030624950223047218,0.6234159325254924,0.5859375
SC4001,1751,52530.0,52560.0,Sleep stage W,W,1.6571835035359312e-11,1.0259578633043315e-11,6.919023160625402e-12,3.945968053644916e-12,0.43961314313494426,0.2721633180929438,0.18354596896336164,0.1046775698087504,0.8328579172262726,0.9765625
SC4001,1752,52560.0,52590.0,Sleep stage W,W,3.099239111160243e-10,1.6151427893079947e-11,5.520782397390851e-12,7.531961655327937e-12,0.9138845368330206,0.047626335593491796,0.01627934303625457,0.022209784537232973,0.5731439301571465,0.5859375
SC4001,1753,52590.0,52620.0,Sleep stage W,W,8.280790538489463e-11,1.340874274005494e-11,9.242321724893381e-12,4.057236589327465e-12,0.7561246693738372,0.12243615055733947,0.08439227421584336,0.03704690585297996,0.6509101744241258,0.5859375
SC4001,1754,52620.0,52650.0,Sleep stage W,W,3.068037387874321e-11,1.1308217223294956e-11,8.483552963401339e-12,4.31614736684603e-12,0.5599804826303444,0.20639842797929037,0.1548424442818483,0.0787786451085171,0.8091742494449505,0.9765625
SC4001,1755,52650.0,52680.0,Sleep stage W,W,2.7022528792132634e-11,1.0786289560107586e-11,1.0156060249627109e-11,4.555168915230438e-12,0.5145183614568422,0.2053747106111459,0.19337492500022643,0.08673200293178551,0.8100798981187425,0.9765625
SC4001,1756,52680.0,52710.0,Sleep stage W,W,1.3104224040197172e-10,1.1068841484878825e-11,3.5346917515830423e-12,6.287820804366778e-12,0.8624968090997559,0.0728531535469333,0.023264714854842557,0.04138532249846826,0.6663297131127599,1.171875
SC4001,1757,52710.0,52740.0,Sleep stage W,W,2.4019749261618616e-10,1.4249829099062464e-11,4.712860797061281e-12,9.98229230075797e-12,0.8924547966017428,0.05294530010158985,0.01751065416313269,0.03708924913353473,0.6555303509693284,1.171875
SC4001,1758,52740.0,52770.0,Sleep stage W,W,5.40502701019759e-10,2.314090181469967e-11,4.649876244562985e-12,5.346480221961832e-12,0.9422333508258309,0.04034046345533236,0.008105914117679585,0.009320271601157032,0.5915457260656419,1.171875
SC4001,1759,52770.0,52800.0,Sleep stage W,W,6.572904409530695e-10,5.379503214182296e-11,8.034830539429401e-12,1.2996217417687722e-11,0.8977948482962531,0.07347878458544081,0.010974797465140943,0.017751569653165183,0.5982175565802847,0.5859375
SC4001,1760,52800.0,52830.0,Sleep stage W,W,3.1927303306511293e-10,3.289095171334131e-11,8.956167732178032e-12,1.2936076550998631e-11,0.8535428854267477,0.08793050124002098,0.023943372777525326,0.034583240555705955,0.6413698375851229,0.5859375
SC4001,1761,52830.0,52860.0,Sleep stage W,W,2.410745391985738e-10,2.5441517803513904e-11,3.6016145366268905e-12,4.594905254759247e-12,0.8775518835448557,0.09261140534763569,0.013110482886025811,0.01672622822148274,0.634713762478359,1.07421875
SC4001,1762,52860.0,52890.0,Sleep stage W,W,2.426623410708488e-10,3.506884794870012e-11,4.3519926209681155e-12,5.7978812640139415e-12,0.8429256812606742,0.12181714071387142,0.015117328583753881,0.020139849441700417,0.6825289714216166,0.9765625
SC4001,1763,52890.0,52920.0,Sleep stage W,W,3.131713046690553e-10,2.0552174261611082e-11,4.369192324782468e-12,8.247253598249246e-12,0.9042310233258439,0.059341048452016584,0.012615329655188077,0.023812598566951455,0.6274117049179969,1.171875
SC4001,1764,52920.0,52950.0,Sleep stage W,W,1.9139491300918014e-10,2.2312912086213063e-11,5.240135079492907e-12,7.38383147316128e-12,0.8456386600199979,0.09858496645009686,0.023152448188284006,0.03262392534162128,0.671250247249731,0.5859375
SC4001,1765,52950.0,52980.0,Sleep stage W,W,1.0248253043924633e-10,1.4166953214757978e-11,3.917541785842461e-12,5.570623507067978e-12,0.8124658362894989,0.11231343958789151,0.031057672459799575,0.04416305166280993,0.7150948794672368,1.953125
SC4001,1766,52980.0,53010.0,Sleep stage W,W,2.332020914565561e-10,1.833206149690223e-11,2.650765311876894e-12,2.8937329203797598e-12,0.907123521852033,0.07130915543686686,0.010311106346835339,0.011256216364264769,0.6084439958350264,1.26953125
SC4001,1767,53010.0,53040.0,Sleep stage W,W,4.768152802584408e-10,2.370473957329984e-11,4.725979562462632e-12,6.203787966841837e-12,0.932281705929902,0.04634812675475036,0.009240358837272223,0.012129808478075344,0.5777406715858594,1.171875
SC4001,1768,53040.0,53070.0,Sleep stage W,W,4.110720538588852e-10,2.5820944030205508e-11,6.660078022473715e-12,7.454717466559791e-12,0.9114522185523366,0.05725165819597549,0.014767101855576842,0.016529021396110923,0.5928090692330653,0.5859375
SC4001,1769,53070.0,53100.0,Sleep stage W,W,1.221658427816996e-10,1.2856238053590445e-11,3.955655336552495e-12,3.5196388151995397e-12,0.8573199526855051,0.09022087638287735,0.02775949617957664,0.02469967475204084,0.664138857643643,1.85546875
SC4001,1770,53100.0,53130.0,Sleep stage W,W,1.0544553212067299e-10,1.1512064026869276e-11,2.506658205182552e-12,4.28528190586286e-12,0.8520883011661026,0.09302712862546496,0.02025589978733032,0.034628670421102126,0.6849596411434515,0.5859375
SC4001,1771,53130.0,53160.0,Sleep stage W,W,4.8282372082521605e-11,1.0697711413473565e-11,3.588093344819826e-12,2.20710592998546e-12,0.7453826524133128,0.16515113413439086,0.05539293988906019,0.034073273563236126,0.732321403308788,1.26953125
SC4001,1772,53160.0,53190.0,Sleep stage W,W,1.1167353207339942e-10,1.4057620315255315e-11,2.7300099015461237e-12,3.0630095471683177e-12,0.8490723074955739,0.10688240890532039,0.02075671614889015,0.02328856745021559,0.6856931063786496,1.3671875
SC4001,1773,53190.0,53220.0,Sleep stage W,W,1.972900836044255e-10,2.7887071692756043e-11,3.230258818458065e-12,2.661161982365359e-12,0.8538161568137558,0.12068742606059975,0.013979654321702268,0.011516762803942059,0.6668427864148975,1.171875
SC4001,1774,53220.0,53250.0,Sleep stage W,W,1.6055414069153317e-10,1.6905654629105783e-11,3.614677232475401e-12,6.050261886181703e-12,0.8580059775241392,0.09034430792787598,0.01931693981186659,0.032332774736118224,0.6453708515159007,0.5859375
SC4001,1775,53250.0,53280.0,Sleep stage W,W,4.938761720579162e-10,2.1779375576346166e-11,3.8084183436420595e-12,4.3586042723998834e-12,0.9428310273494354,0.04157777234749367,0.007270435754271218,0.00832076454879972,0.547257947354071,1.171875
SC4001,1776,53280.0,53310.0,Sleep stage W,W,2.2596012037267493e-10,2.3263778170245043e-11,3.911954838807184e-12,3.2089038508775304e-12,0.8814696380454582,0.09075191715013589,0.01526052212278137,0.012517922681624428,0.6455913140788547,1.26953125
SC4001,1777,53310.0,53340.0,Sleep stage W,W,3.1958893913857273e-10,2.0545801103835086e-11,3.0050442901878353e-12,4.695605738527591e-12,0.9187936250232227,0.05906759829073312,0.008639271259446971,0.013499505426597223,0.6118541293088494,1.07421875
SC4001,1778,53340.0,53370.0,Sleep stage W,W,2.4556976688168385e-10,1.6081743960783444e-11,4.109507372102731e-12,7.528640301438741e-12,0.8985695551568003,0.05884505124748952,0.015037185799191171,0.02754820779651905,0.6368157032232314,0.5859375
SC4001,1779,53370.0,53400.0,Sleep stage W,W,1.961737114311842e-10,1.966895144783701e-11,5.690097435295816e-12,1.0699343471583756e-11,0.8447312332494756,0.08469523001854297,0.024501769318429917,0.04607176741355143,0.6689417633624563,0.5859375
SC4001,1780,53400.0,53430.0,Sleep stage W,W,4.1287821608429377e-10,3.719445864664791e-11,8.666770841943204e-12,1.0465875052052864e-11,0.8799521189026127,0.07927117833427029,0.01847116914701622,0.022305533616100718,0.5627353970767905,0.5859375
SC4001,1781,53430.0,53460.0,Sleep stage W,W,7.668226783829624e-11,1.3000951729075426e-11,3.1587311249837214e-12,4.8465012348138504e-12,0.7849675813827619,0.1330858609446301,0.03233474441112739,0.04961181326148066,0.6858263606406823,0.5859375
SC4001,1782,53460.0,53490.0,Sleep stage W,W,1.4960245266374947e-10,1.5398174632229134e-11,4.958657245339927e-12,1.0614583850099322e-11,0.8284834012608419,0.08527354909876297,0.027460547251451573,0.05878250238894368,0.6866227086095854,1.07421875
SC4001,1783,53490.0,53520.0,Sleep stage W,W,4.025729572849261e-10,3.138052843937235e-11,8.944127261221705e-12,1.5245351429609816e-11,0.8787059685590826,0.06849505695112672,0.01952256818488934,0.03327640630490133,0.6206046097298078,0.5859375
SC4001,1784,53520.0,53550.0,Sleep stage W,W,4.903985980989292e-10,3.775390131640681e-11,6.545568577493616e-12,1.399761591054728e-11,0.8937533362943063,0.06880663074990603,0.011929323975958712,0.025510708979828982,0.5914322926643881,0.5859375
SC4001,1785,53550.0,53580.0,Sleep stage W,W,1.3320943536970387e-10,1.87811774458582e-11,5.908605128804782e-12,8.53161907540957e-12,0.8003891451550835,0.1128467403166788,0.035501865126729384,0.051262249401508364,0.6014559141461592,0.5859375
SC4001,1786,53580.0,53610.0,Sleep stage W,W,2.7915598681882846e-10,3.118093427820304e-11,8.651720991969547e-12,1.4824086975465895e-11,0.8362652544772101,0.09340846397796075,0.02591788820101794,0.04440839334381111,0.666902397711423,0.5859375
SC4001,1787,53610.0,53640.0,Sleep stage W,W,1.5770700632011694e-10,3.105180421223284e-11,7.48265738799017e-12,1.2307201353510568e-11,0.756212000149605,0.14889476073068553,0.03587966978664584,0.0590135693330638,0.7364078813461433,1.26953125
SC4001,1788,53640.0,53670.0,Sleep stage W,W,4.014532977799841e-10,4.366581496923395e-11,1.030128265627809e-11,1.2381882618891585e-11,0.8581687534216226,0.0933424590270113,0.022020591049240378,0.026468196502125813,0.6495579289269405,0.9765625
SC4001,1789,53670.0,53700.0,Sleep stage W,W,2.47012556096304e-10,3.1468115627670575e-11,6.014211747022014e-12,9.385991156152956e-12,0.8405193308672844,0.10707779357059075,0.020464794637120646,0.03193808092500434,0.5734395559034059,0.5859375
SC4001,1790,53700.0,53730.0,Sleep stage W,W,2.80262224165515e-10,2.8783888285001886e-11,8.466364964214376e-12,9.741580866127209e-12,0.8564056489865933,0.0879557871221226,0.025870924286440198,0.029767639604844007,0.6180421318631758,0.5859375
SC4001,1791,53730.0,53760.0,Sleep stage W,W,4.534790442560175e-10,5.54687792527752e-11,8.702968502192944e-12,1.042487536474388e-11,0.8587387608855,0.10503945301707827,0.01648053307481922,0.01974125302260236,0.6582001633185189,1.171875
SC4001,1792,53760.0,53790.0,Sleep stage W,W,2.1978594098690098e-10,2.8234890594750083e-11,6.641059877611137e-12,1.159525182876397e-11,0.8254649556918946,0.10604369237225204,0.024942278714479814,0.043549073221373434,0.639166559526901,0.5859375
SC4001,1793,53790.0,53820.0,Sleep stage W,W,2.8532693851067775e-10,4.417596946438493e-11,8.318030150382224e-12,1.555125735320294e-11,0.8074402631599191,0.1250125788888057,0.023539005775809075,0.044008152175466254,0.6849454950883971,0.5859375
SC4001,1794,53820.0,53850.0,Sleep stage W,W,5.49678672119406e-10,3.6553860870897746e-11,9.987839300763975e-12,1.872944479562524e-11,0.8938593960780294,0.05944202251180529,0.016241714402129716,0.03045686700803563,0.595909196567573,0.5859375
SC4001,1795,53850.0,53880.0,Sleep stage W,W,3.32442821377167e-10,2.630687256329737e-11,6.756146148516756e-12,9.349043731369485e-12,0.8868573832867291,0.07017881772057945,0.0180233643474541,0.024940434645237326,0.5709474313395986,0.5859375
SC4001,1796,53880.0,53910.0,Sleep stage W,W,2.359482267956764e-10,1.8535906752632714e-11,7.192305457934483e-12,1.2686837576514356e-11,0.8599847243933384,0.0675597222175673,0.02621453405687485,0.04624101933221935,0.6381400137066958,0.5859375
SC4001,1797,53910.0,53940.0,Sleep stage W,W,3.121170556447558e-10,2.4410292302895436e-11,7.579860532190299e-12,1.0974393932707355e-11,0.8790009212646419,0.06874558449957235,0.021346812903541235,0.0309066813322444,0.5833613863820241,0.5859375
SC4001,1798,53940.0,53970.0,Sleep stage W,W,3.81707177771585e-10,4.7485920800978335e-11,8.733256347987094e-12,1.3049091269275956e-11,0.8464034594267362,0.10529602265971343,0.019365259066257582,0.028935258847292717,0.6174574187681389,0.5859375
SC4001,1799,53970.0,54000.0,Sleep stage W,W,8.56415514545324e-11,1.0663791781881286e-11,3.961025728587063e-12,8.532729435324548e-12,0.7871531355840385,0.09801360432826346,0.036406788170362456,0.07842647191733564,0.6950572955119874,0.5859375
SC4001,1800,54000.0,54030.0,Sleep stage W,W,2.1209406648889127e-10,3.4620150456933377e-11,4.7531639744373764e-12,7.514772057368596e-12,0.8189524415113296,0.13367774597164486,0.018353249132375262,0.02901656338465021,0.6760004258345835,0.5859375
SC4001,1801,54030.0,54060.0,Sleep stage W,W,1.7483994361086726e-10,1.957972734842894e-11,4.520675091268928e-12,7.577480223377396e-12,0.8466094514230695,0.09480889713828748,0.021889999390523926,0.03669165204811904,0.6506523738662939,1.07421875
SC4001,1802,54060.0,54090.0,Sleep stage W,W,1.8228146309356544e-10,2.0645906187855027e-11,5.000881919869137e-12,8.113153018420444e-12,0.8437339303173045,0.09556458060631066,0.023147793997780785,0.0375536950786041,0.6111976614865292,0.5859375
SC4001,1803,54090.0,54120.0,Sleep stage W,W,2.9055390536072666e-10,4.916042317915837e-11,1.0570790352743867e-11,1.9297403753132293e-11,0.7861678720105978,0.13301609293434535,0.028601975756509992,0.052214059298546805,0.6498328704499864,0.5859375
SC4001,1804,54120.0,54150.0,Sleep stage W,W,2.741794925144376e-10,3.766541151872057e-11,8.76077894781396e-12,1.37249327327628e-11,0.8200849088532152,0.11265917552393993,0.02620393866446031,0.04105197695838465,0.6671585949655299,0.5859375
SC4001,1805,54150.0,54180.0,Sleep stage W,W,4.762670495254931e-10,5.2143696902467756e-11,1.1657230784813105e-11,1.674807360719385e-11,0.8553400154757425,0.09364618140170511,0.02093551500113306,0.030078288121419314,0.6615404110836465,1.171875
SC4001,1806,54180.0,54210.0,Sleep stage W,W,1.8549414817148913e-10,1.9621518179497136e-11,4.407055786832544e-12,7.43897031939554e-12,0.8549626713852689,0.09043770795329029,0.020312598675462635,0.034287021985978154,0.6120655020545669,0.5859375
SC4001,1807,54210.0,54240.0,Sleep stage W,W,2.436451062520923e-10,1.847329058777828e-11,5.936934569600911e-12,1.1841830594965612e-11,0.870480802689346,0.06600027830037601,0.021211128141080598,0.04230779086919748,0.6292571021838134,1.07421875
SC4001,1808,54240.0,54270.0,Sleep stage W,W,1.1285707808784476e-10,1.6718097843529086e-11,4.973100776247052e-12,7.85372246758806e-12,0.7925245343570448,0.11740072429010934,0.03492297021847449,0.05515177113437133,0.704149065713146,0.5859375
SC4001,1809,54270.0,54300.0,Sleep stage W,W,1.1258221384427593e-10,1.7059045871654445e-11,5.558250099782106e-12,6.809506815180609e-12,0.7927821522551438,0.12012649813633992,0.03914012104054628,0.04795122856797001,0.6868616041338338,0.68359375
SC4001,1810,54300.0,54330.0,Sleep stage W,W,2.490697303001162e-10,2.184952491795626e-11,4.6357475300616455e-12,7.62609274531569e-12,0.8795422232056355,0.07715742775796154,0.016370257774389017,0.026930091262013945,0.6209630445993631,1.07421875
SC4001,1811,54330.0,54360.0,Sleep stage W,W,4.349546440008383e-10,4.871426403213209e-11,1.1019458023295219e-11,1.2738982801007731e-11,0.8571761947406984,0.09600244082593626,0.021716326579777474,0.025105037853588166,0.5950326871362294,0.5859375
SC4001,1812,54360.0,54390.0,Sleep stage W,W,1.9167674453994115e-10,1.8419344364789476e-11,4.209025371984694e-12,6.839179348593427e-12,0.866749674602523,0.08329106784911172,0.019032936834970603,0.030926320713394705,0.6534071601406385,0.5859375
SC4001,1813,54390.0,54420.0,Sleep stage W,W,2.1973459310033311e-10,4.030972402638628e-11,9.137806378683366e-12,1.4074922322815077e-11,0.7757427267443574,0.14230793062366487,0.032259767279451956,0.04968957535252578,0.6889799014781209,0.5859375
SC4001,1814,54420.0,54450.0,Sleep stage W,W,1.345080920062326e-10,1.777054284708623e-11,4.408888120967688e-12,6.673896397027605e-12,0.8233773465232997,0.10878053652738216,0.026988551751906967,0.040853565197411144,0.6643805128082737,0.68359375
SC4001,1815,54450.0,54480.0,Sleep stage W,W,2.1721503938440134e-10,2.5414650128979767e-11,6.819931323999827e-12,1.3707798034029303e-11,0.8254186422558799,0.09657584512712686,0.025915785894420597,0.0520897267225725,0.6315636922333482,0.5859375
SC4001,1816,54480.0,54510.0,Sleep stage W,W,2.1205383345684657e-10,1.97471853659121e-11,5.144570535162108e-12,9.70295817883398e-12,0.8597408562693726,0.08006203792045213,0.02085789917086571,0.039339206639309635,0.6266500550881393,0.5859375
SC4001,1817,54510.0,54540.0,Sleep stage W,W,2.321101986709455e-10,2.8279902822642008e-11,6.7004538122082096e-12,1.1514578339765095e-11,0.8331152970290713,0.10150531848641194,0.024050001249196193,0.0413293832353206,0.6382322260249208,0.5859375
SC4001,1818,54540.0,54570.0,Sleep stage W,W,1.906643448299826e-10,2.2436768974995356e-11,5.463145889072539e-12,9.464440999557328e-12,0.8361418727117598,0.0983944955470437,0.023958150322547025,0.041505481418649494,0.6151468203539976,0.5859375
SC4001,1819,54570.0,54600.0,Sleep stage W,W,6.293290241789355e-11,1.359321762829206e-11,5.768910101906881e-12,1.3348626851388458e-11,0.6579934769561884,0.14212356631622555,0.06031670351059651,0.1395662532169896,0.7575285729757659,0.5859375
SC4001,1820,54600.0,54630.0,Sleep stage W,W,1.1454022710876367e-10,1.306759522045432e-11,4.087445345514037e-12,1.0355587210490302e-11,0.8063325433790077,0.0919923729499058,0.028774521271390515,0.07290056239969593,0.6645296972596686,1.171875
SC4001,1821,54630.0,54660.0,Sleep stage W,W,2.6508256822550403e-10,2.850628024510607e-11,6.169038232787124e-12,1.2083102640021463e-11,0.8500568471888043,0.09141287136474922,0.019782640652135038,0.03874764079431135,0.6303832902003802,0.9765625
SC4001,1822,54660.0,54690.0,Sleep stage W,W,2.0317077169908342e-10,3.648426936125292e-11,7.978644036277996e-12,1.4207703201227546e-11,0.7759306999548092,0.13933728964098083,0.03047128678985758,0.05426072361435249,0.6846421416816643,1.171875
SC4001,1823,54690.0,54720.0,Sleep stage W,W,1.199979642954207e-10,1.6125238320054934e-11,4.786847543495375e-12,1.0046283514627982e-11,0.7949183805356779,0.10682054821840913,0.03171014708031795,0.06655092416559528,0.6744388864978325,0.5859375
SC4001,1824,54720.0,54750.0,Sleep stage W,W,4.187241950414593e-10,3.4539713855980534e-11,1.186792982293796e-11,1.6659779947477423e-11,0.8690981304307945,0.07169015092350961,0.024632910501333673,0.03457880814436208,0.6475617488865201,0.5859375
SC4001,1825,54750.0,54780.0,Sleep stage W,W,4.3984426690172946e-10,5.5473151498226554e-11,1.3487475946049242e-11,2.2199094533055684e-11,0.828325730340053,0.10446842709285348,0.025399952219796015,0.041805890347297654,0.6635869857141097,0.5859375
SC4001,1826,54780.0,54810.0,Sleep stage W,W,3.2699272292123387e-10,3.6654238531530676e-11,1.4035726648515524e-11,1.937182591954331e-11,0.8235461665198065,0.09231538047596244,0.03534962115499189,0.04878883184923912,0.6083734876948723,0.5859375
SC4001,1827,54810.0,54840.0,Sleep stage W,W,3.4729147317548876e-10,3.3692559486500965e-11,7.886578315240406e-12,1.2921190479807796e-11,0.8643567935335867,0.08385576650474184,0.019628519762326928,0.03215892019934461,0.6381277657869784,0.5859375
SC4001,1828,54840.0,54870.0,Sleep stage W,W,5.903940161435123e-10,5.087180574215465e-11,1.4064995658457054e-11,4.935583383711651e-11,0.8378106992466712,0.07219067601527851,0.019959219648745398,0.07003940508930494,0.6608882406068508,0.5859375
SC4001,1829,54870.0,54900.0,Sleep stage W,W,8.246783350553412e-10,4.869788635230685e-11,1.3961743266613366e-11,3.465351503475177e-11,0.8944533145963728,0.05281815225415775,0.015143028513690591,0.03758550463577891,0.5989266363488286,0.5859375
SC4001,1830,54900.0,54930.0,Sleep stage W,W,5.399902416218505e-10,4.770815204924727e-11,9.521930032070748e-12,1.3317771505388255e-11,0.884449710607153,0.07814115519351893,0.015595963801109091,0.02181317039821892,0.6619052660679466,1.26953125
SC4001,1831,54930.0,54960.0,Sleep stage W,W,5.273425629751668e-10,3.784058975596323e-11,1.014431654897306e-11,1.3061624685950824e-11,0.8962480242803259,0.06431218753715781,0.01724083035019395,0.02219895783232242,0.6082012422060571,0.5859375
SC4001,1832,54960.0,54990.0,Sleep stage W,W,5.132337370847197e-10,3.079211157571608e-11,7.138067236276857e-12,1.151699308669994e-11,0.9121221795350613,0.05472393159979026,0.012685817347478697,0.020468071517669797,0.5308051180384448,0.5859375
SC4001,1833,54990.0,55020.0,Sleep stage W,W,2.662887342000135e-10,4.257714555741027e-11,8.032674250962484e-12,9.494897461314423e-12,0.8158519510760874,0.1304473032951237,0.02461040261314239,0.029090343015646693,0.7065606424671926,0.5859375
SC4001,1834,55020.0,55050.0,Sleep stage W,W,4.398669196494662e-10,3.7431440707999064e-11,7.653119029139311e-12,1.1643866180013472e-11,0.8857652887333762,0.0753761408401635,0.015411177526054054,0.023447392900406174,0.634458692558362,0.5859375
SC4001,1835,55050.0,55080.0,Sleep stage W,W,4.675846847672343e-10,4.192884225352267e-11,9.996762096210399e-12,1.2313438713912525e-11,0.879209896621849,0.07883973591124925,0.018797134413283213,0.023153233053618476,0.5932175470193366,0.5859375
SC4001,1836,55080.0,55110.0,Sleep stage W,W,3.2547789468684827e-10,4.0395913581495424e-11,1.072509940379245e-11,1.6746959027661187e-11,0.8274598063471045,0.10269820278123247,0.02726633304622437,0.04257565782543868,0.6736440336685195,0.5859375
SC4001,1837,55110.0,55140.0,Sleep stage W,W,2.5923690271864253e-10,2.8883845085056877e-11,6.3943950501906335e-12,8.382859935179584e-12,0.8558554375783337,0.0953583213461161,0.02111072041185932,0.027675520663690844,0.6315912520423462,1.07421875
SC4001,1838,55140.0,55170.0,Sleep stage W,W,6.48819845657477e-10,5.880446252333046e-11,1.5220732832401136e-11,2.1452638297247594e-11,0.8717209037364818,0.07900664499963106,0.020449792140292796,0.02882265912359431,0.635591897691745,0.5859375
SC4001,1839,55170.0,55200.0,Sleep stage W,W,4.6236706326877527e-10,6.126205481198008e-11,8.202223495971906e-12,1.5804439480355834e-11,0.8442966644295657,0.11186642095176465,0.014977515676823427,0.028859398941846075,0.6685655601761236,0.5859375
SC4001,1840,55200.0,55230.0,Sleep stage W,W,3.378240438823666e-10,4.8371637305496093e-11,1.5317229613054796e-11,2.9604351671192506e-11,0.7836012920132635,0.11220065053327659,0.035529149366979255,0.06866890808648071,0.7178507450507668,1.171875
SC4001,1841,55230.0,55260.0,Sleep stage W,W,7.019702115292202e-10,6.40153039702958e-11,9.447932400662702e-12,8.10242979450517e-12,0.8959005343757253,0.08170053955747549,0.012058072475839104,0.010340853590960132,0.5537541002016692,0.5859375
SC4001,1842,55260.0,55290.0,Sleep stage W,W,3.015617211799752e-10,2.120914664438455e-11,3.5990872033808178e-12,5.480605330041903e-12,0.9087274731579433,0.06391173973465059,0.010845505879214084,0.016515281228192066,0.5254974612458887,1.07421875
SC4001,1843,55290.0,55320.0,Sleep stage W,W,4.708795956596418e-10,2.904494123426277e-11,7.774157169377866e-12,9.69840974752599e-12,0.9100932189056545,0.05613665213882479,0.01502551350233411,0.018744615453186442,0.578180044780784,1.07421875
SC4001,1844,55320.0,55350.0,Sleep stage W,W,4.369736114569679e-10,4.0306657850803124e-11,6.967195517110307e-12,9.075109372267458e-12,0.8857766384765885,0.08170446673031262,0.014123001625151607,0.018395893167947205,0.5984174949228026,0.5859375
SC4001,1845,55350.0,55380.0,Sleep stage W,W,1.4223782965206255e-10,2.7965708847688597e-11,5.092002430202068e-12,7.940649623832905e-12,0.7762540206832714,0.1526210993754517,0.02778928340964058,0.043335596531636315,0.7075787584284571,0.5859375
SC4001,1846,55380.0,55410.0,Sleep stage W,W,5.25568864393021e-10,3.932052125437934e-11,6.5605362529294695e-12,1.2301366002252275e-11,0.9003301153842238,0.06735834604435383,0.01123858120553613,0.021072957365886203,0.6448119715419948,0.5859375
SC4001,1847,55410.0,55440.0,Sleep stage W,W,3.520133552984786e-10,4.137262561358181e-11,8.805161545822344e-12,1.2158145038158677e-11,0.849557042623952,0.09984963619365962,0.021250577258218325,0.029342743924170096,0.6336580362260609,0.5859375
SC4001,1848,55440.0,55470.0,Sleep stage W,W,4.5962669864177763e-10,4.583189758498056e-11,1.0207140874041299e-11,1.5446154651785496e-11,0.865404645949618,0.08629424100022044,0.019218437833051247,0.029082675217110346,0.635004393148424,0.5859375
SC4001,1849,55470.0,55500.0,Sleep stage W,W,3.3925214161075734e-10,2.3827366339277364e-11,7.688045112509025e-12,1.3515004634522778e-11,0.8828195160452559,0.062004808342252936,0.020006229683132228,0.03516944592935905,0.6226028257189923,1.07421875
SC4001,1850,55500.0,55530.0,Sleep stage W,W,2.368209395530668e-10,2.4996470833495938e-11,5.89036192555733e-12,1.024140024647464e-11,0.8520296620172251,0.08993180516925775,0.021192226878515272,0.036846305935001995,0.5765956883262692,0.5859375
SC4001,1851,55530.0,55560.0,Sleep stage W,W,1.7544776169707357e-10,2.093331948244109e-11,6.0956074054168765e-12,9.937478388264937e-12,0.8259701516011053,0.09854954488549988,0.028696802535708707,0.04678350097768621,0.6787826289737571,0.5859375
SC4001,1852,55560.0,55590.0,Sleep stage W,W,2.1580838590250435e-10,2.8568153479295816e-11,9.390832791620951e-12,1.4046408058508446e-11,0.8058150917985325,0.10667170843320868,0.03506478562637214,0.052448414141886605,0.6948558980049696,0.5859375
SC4001,1853,55590.0,55620.0,Sleep stage W,W,2.535595294405087e-10,2.4745295079444345e-11,8.498760238045742e-12,8.518521886498753e-12,0.8585863493982799,0.08379086604997099,0.02877793448858323,0.028844850063165662,0.6518161548467102,1.26953125
SC4001,1854,55620.0,55650.0,Sleep stage W,W,1.1098860200190242e-10,1.4733299194554064e-11,5.290097419195902e-12,7.739037729378178e-12,0.7999118776014644,0.10618514702778108,0.038126543473456155,0.05577643189729845,0.6763383441552228,0.68359375
SC4001,1855,55650.0,55680.0,Sleep stage W,W,1.1366006222347359e-10,1.9486881021122133e-11,4.506064663344204e-12,1.3980094355255107e-11,0.7495728869689003,0.12851337030154572,0.02971689292172408,0.09219684980782991,0.7127664732237803,1.171875
SC4001,1856,55680.0,55710.0,Sleep stage W,W,3.668538506079882e-10,3.133698703755708e-11,7.0387883115562576e-12,1.1261706659112956e-11,0.8808198919856853,0.07524043019265725,0.01690020358248922,0.027039474239168176,0.5872003226020607,0.5859375
SC4001,1857,55710.0,55740.0,Sleep stage W,W,4.013819607143454e-10,3.637378428686057e-11,9.832944739132624e-12,1.5399813713198803e-11,0.8669372084195295,0.07856303993628388,0.021237988990625976,0.03326176265356064,0.6325414137243718,1.171875
SC4001,1858,55740.0,55770.0,Sleep stage W,W,7.650616816064277e-11,1.241689462089351e-11,4.1234262130082235e-12,7.718510078780463e-12,0.7592534001312354,0.12322626641278434,0.04092121521291016,0.07659911824307004,0.7169977542440894,1.07421875
SC4001,1859,55770.0,55800.0,Sleep stage W,W,3.918178209732653e-10,6.675088154475448e-11,1.0579062043155137e-11,1.723724730673833e-11,0.8055713301454909,0.13723877158221703,0.021750386597085506,0.035439511675206425,0.6949680706030795,0.5859375
SC4001,1860,55800.0,55830.0,Sleep stage W,W,3.1803807269085116e-10,3.109964620436924e-11,7.883455570458084e-12,1.601928606307868e-11,0.8525565088571244,0.0833680243700316,0.021132977262798436,0.04294248951004545,0.6851678668645614,1.26953125
SC4001,1861,55830.0,55860.0,Sleep stage W,W,3.553492274908537e-10,4.3877773986647995e-11,1.184841747880916e-11,1.7451545102106417e-11,0.8292342309699141,0.10239209586976311,0.02764917606723569,0.04072449709308701,0.687642404404852,1.171875
SC4001,1862,55860.0,55890.0,Sleep stage W,W,2.684414212828516e-10,2.7162072935784645e-11,9.563821960101184e-12,1.0579634810545785e-11,0.8501789817503663,0.08602481465199187,0.03028951484768507,0.03350668874995683,0.6771986425768355,2.1484375
SC4001,1863,55890.0,55920.0,Sleep stage W,W,5.764984172871901e-10,5.941544464956814e-11,1.0594081483934724e-11,1.751092095736251e-11,0.868195842338244,0.08947854923552336,0.015954488723535786,0.026371119702696826,0.6719966031805384,0.5859375
SC4001,1864,55920.0,55950.0,Sleep stage W,W,3.8078446784989983e-10,5.099266616134634e-11,9.255444694221059e-12,1.3685918020705865e-11,0.8374070344431236,0.11214117421762504,0.020354229618670196,0.030097561720581135,0.668981960971899,0.68359375
SC4001,1865,55950.0,55980.0,Sleep stage W,W,5.192588454058726e-10,5.920057934357818e-11,1.1428205421882116e-11,1.5359982936904155e-11,0.8579279523949366,0.09781216490810231,0.018881867808107158,0.025378014888853953,0.6249294236010147,0.5859375
SC4001,1866,55980.0,56010.0,Sleep stage W,W,3.243536423448858e-10,3.3912185275372494e-11,8.910993052250435e-12,1.719481933824706e-11,0.843854250890647,0.08822759471646642,0.02318327401054115,0.04473488038234532,0.6446583010323225,0.5859375
SC4001,1867,56010.0,56040.0,Sleep stage W,W,3.275569930736625e-10,3.8552040044700446e-11,9.041707007943705e-12,1.2805420595034378e-11,0.8443144515726309,0.09937215579466306,0.023306001871789144,0.03300739076091688,0.6152249509644439,0.5859375
SC4001,1868,56040.0,56070.0,Sleep stage W,W,3.141248902979874e-10,1.858098563054111e-11,6.02249532844247e-12,9.0435430691459e-12,0.9032497374225064,0.05342865500379978,0.01731737118597502,0.026004236387718996,0.5999093944570074,0.5859375
SC4001,1869,56070.0,56100.0,Sleep stage W,W,2.765561940901047e-10,3.072290108104832e-11,9.248787617312767e-12,1.3532098948988409e-11,0.8378967745023115,0.09308278125485328,0.028021535869409652,0.04099890837342559,0.65318482549052,0.5859375
SC4001,1870,56100.0,56130.0,Sleep stage W,W,3.2445973645141085e-10,4.133179821659943e-11,7.417985388159996e-12,1.1854269731821337e-11,0.842612951558109,0.1073375355271808,0.019264302655526734,0.030785210259183442,0.6215651317845169,0.5859375
SC4001,1871,56130.0,56160.0,Sleep stage W,W,2.5812690354188353e-10,2.5807917986439966e-11,6.487685250311419e-12,1.2871295035267388e-11,0.8510787295952303,0.08509213782837348,0.021390761075599528,0.04243837150079668,0.6481561894754534,0.5859375
SC4001,1872,56160.0,56190.0,Sleep stage W,W,1.3170880528227846e-10,2.3425263952483747e-11,5.95627165489736e-12,1.2130483732513336e-11,0.7603520279363641,0.13523353213205536,0.034385424892700425,0.07002901503887997,0.6729837175720226,0.5859375
SC4001,1873,56190.0,56220.0,Sleep stage W,W,2.429635550470558e-10,3.504131871733313e-11,7.866845273252607e-12,1.4771833438870086e-11,0.8081449046409795,0.11655436622101119,0.026166685460075584,0.04913404367793374,0.6908381017188227,0.5859375
SC4001,1874,56220.0,56250.0,Sleep stage W,W,1.0689602624506582e-10,2.2916379895237095e-11,6.1685092561561095e-12,1.3527504868156745e-11,0.7149833170323784,0.1532781889787697,0.04125860767733638,0.09047988631151571,0.7739537919205864,0.68359375
SC4001,1875,56250.0,56280.0,Sleep stage W,W,5.000627892055482e-10,3.743916391346366e-11,1.1346171196109315e-11,1.664786041956749e-11,0.884290609844313,0.06620588814795711,0.020064105674300323,0.02943939633342948,0.59664238464873,0.5859375
SC4001,1876,56280.0,56310.0,Sleep stage W,W,3.5127930106216943e-10,3.846290332824391e-11,1.4341333892642091e-11,2.499105167182583e-11,0.8186905244123353,0.08964153139967675,0.03342387134635527,0.058244072841632806,0.6903113818470593,1.171875
SC4001,1877,56310.0,56340.0,Sleep stage W,W,3.9699808674910734e-10,3.921974022726747e-11,7.509442187602827e-12,1.2723859766630903e-11,0.8697493807917835,0.08592319690204953,0.016451798914806585,0.02787562339136033,0.5898877737523825,0.5859375
SC4001,1878,56340.0,56370.0,Sleep stage W,W,2.773045215057623e-10,2.9075979599671526e-11,8.077391293574182e-12,1.5718800112586384e-11,0.8398670402697325,0.08806187795539354,0.02446384459221191,0.04760723718266215,0.6633922836810198,0.9765625
SC4001,1879,56370.0,56400.0,Sleep stage W,W,4.1253964849288245e-10,2.96283258378099e-11,9.429322358494618e-12,1.2744184442599795e-11,0.888440221811236,0.0638071915642638,0.020306870571872172,0.027445716052628116,0.5820695580321632,1.171875
SC4001,1880,56400.0,56430.0,Sleep stage W,W,2.583004894197396e-10,3.5381463549684616e-11,9.9434843150667e-12,2.0899039002990573e-11,0.7959353093321777,0.10902556243043368,0.030640167511612335,0.06439896072577607,0.7083110046017287,0.5859375
SC4001,1881,56430.0,56460.0,Sleep stage W,W,1.9564795935912898e-10,1.799082716832473e-11,7.073512965573343e-12,1.4741811159861333e-11,0.8309388135829044,0.07640905957614476,0.030042002435036144,0.06261012440591464,0.6961965114736756,0.9765625
SC4001,1882,56460.0,56490.0,Sleep stage W,W,2.1128963165583646e-10,2.0918757493811197e-11,7.721970933429583e-12,1.4513260949068535e-11,0.8303986195399359,0.0822137234525851,0.03034845559148055,0.05703920141599842,0.6670311087007056,0.5859375
SC4001,1883,56490.0,56520.0,Sleep stage W,W,2.609790689347309e-10,2.4998886228505973e-11,9.731250737955916e-12,1.466137609325289e-11,0.8408627752594199,0.08054528257112122,0.03135365045044786,0.04723829171901114,0.6560156042346799,0.5859375
SC4001,1884,56520.0,56550.0,Sleep stage W,W,2.8248806483371797e-10,2.57945734834369e-11,8.328948541654416e-12,1.7609414044606676e-11,0.8452133889556273,0.07717819470862958,0.02492048231302298,0.05268793402272016,0.5937293615251658,0.5859375
SC4001,1885,56550.0,56580.0,Sleep stage W,W,1.2674346562258958e-10,1.8700512332597714e-11,5.588372787446705e-12,1.3320126195948672e-11,0.7711685761204116,0.11378296622560766,0.034002364257248396,0.08104609339673235,0.7230224428359898,0.9765625
SC4001,1886,56580.0,56610.0,Sleep stage W,W,4.2822358854410806e-10,3.4986973199834226e-11,1.146649921422575e-11,2.0171079678240745e-11,0.8653636406380815,0.07070244450113235,0.02317175366058574,0.040762161200200424,0.6526222507809396,0.5859375
SC4001,1887,56610.0,56640.0,Sleep stage W,W,2.0043962561953697e-10,2.5268500056649268e-11,6.990271276725851e-12,1.350423358947119e-11,0.814124630504432,0.1026329410087247,0.02839235007898297,0.054850078407860325,0.6801910830955126,1.171875
SC4001,1888,56640.0,56670.0,Sleep stage W,W,3.2142414698280846e-10,2.938606763311286e-11,9.095654796079492e-12,1.4191496066303283e-11,0.8591991728459514,0.07855192349601595,0.024313602915781555,0.03793530074225108,0.5894559550879116,0.5859375
SC4001,1889,56670.0,56700.0,Sleep stage W,W,2.2327335247134526e-10,4.858879248994981e-11,9.344248743095815e-12,1.3395668102145132e-11,0.7578811604447221,0.16493025266692762,0.03171820552034067,0.04547038136800961,0.7113507981223859,2.24609375
SC4001,1890,56700.0,56730.0,Sleep stage W,W,4.800451507299458e-10,5.7102241664385287e-11,1.3077764078947535e-11,1.937356768084968e-11,0.8427777843829051,0.10024994657279804,0.022959609150052816,0.03401265989424402,0.6283591942647274,0.5859375
SC4001,1891,56730.0,56760.0,Sleep stage W,W,7.470176089792872e-10,4.9865770381256255e-11,1.1460899549255606e-11,2.0071215916225638e-11,0.9017426806293238,0.060194154615285836,0.013834723783941905,0.0242284409714485,0.6007736448039648,0.5859375
SC4001,1892,56760.0,56790.0,Sleep stage W,W,5.571542642503505e-10,5.5748655159343705e-11,1.1754262602129203e-11,1.6614045811731813e-11,0.8688277909197739,0.08693459606561807,0.01832962729674092,0.025907985717867173,0.6314111472871612,0.5859375
SC4001,1893,56790.0,56820.0,Sleep stage W,W,4.725941890069117e-10,5.0122323902139914e-11,1.7058332116593628e-11,3.589487362926258e-11,0.8209467576497872,0.08706784859077563,0.02963215115162146,0.06235324260781589,0.6528134286849124,0.5859375
SC4001,1894,56820.0,56850.0,Sleep stage W,W,4.5310085671548367e-10,6.748233684865551e-11,1.417329090820039e-11,2.8596970994434502e-11,0.8042923182925378,0.11978685174255675,0.025158789336717422,0.05076204062818803,0.7221659838879115,1.171875
SC4001,1895,56850.0,56880.0,Sleep stage W,W,1.8318128276807875e-10,1.1726141202341556e-11,4.672070169438504e-12,8.855615168802537e-12,0.8788408218541272,0.05625799435246242,0.02241498653914329,0.04248619725426723,0.6307375693998691,0.68359375
SC4001,1896,56880.0,56910.0,Sleep stage W,W,1.500883722963469e-10,2.5752508511801023e-11,7.790794266452636e-12,1.157012757929442e-11,0.7688882492671595,0.13192761624984492,0.03991148729433714,0.05927264718865829,0.7227642922814651,0.5859375
SC4001,1897,56910.0,56940.0,Sleep stage W,W,4.3939783498498473e-10,4.538319725667615e-11,1.3281929697972276e-11,1.8252810479299297e-11,0.851025396583203,0.0878981423404063,0.025724431457413384,0.035352029618977404,0.6600402107575191,0.5859375
SC4001,1898,56940.0,56970.0,Sleep stage W,W,4.681442945943448e-10,5.122770106327546e-11,1.7415710795719168e-11,2.491772096012588e-11,0.8334338102269196,0.09120029567662927,0.03100506056335406,0.04436083353309708,0.6988374080037191,1.3671875
SC4001,1899,56970.0,57000.0,Sleep stage W,W,5.473414997656463e-10,5.582020640714702e-11,1.424333565211492e-11,2.059374584727418e-11,0.8579036674390709,0.08749265278514706,0.022325019933162403,0.03227865984261979,0.6757645312631935,0.5859375
SC4001,1900,57000.0,57030.0,Sleep stage W,W,5.211071918910766e-10,3.662725105848174e-11,5.429607112889758e-12,9.788222939450288e-12,0.9095123912517404,0.063927228818866,0.009476543455255247,0.01708383647413832,0.5934937238571664,0.9765625
SC4001,1901,57030.0,57060.0,Sleep stage W,W,6.947786699386567e-11,1.2682427634942864e-11,2.817803166938778e-12,3.6737709441831974e-12,0.7837157634847635,0.1430587737766486,0.031785039695046896,0.041440423043541105,0.6546304894248489,0.5859375
SC4001,1902,57060.0,57090.0,Sleep stage W,W,5.67861211532782e-10,2.910155840699982e-11,8.895819735880825e-12,1.1481273427588794e-11,0.9198518441337166,0.04714025473863255,0.014409922746869466,0.01859797838078136,0.6053472059137045,1.07421875
SC4001,1903,57090.0,57120.0,Sleep stage W,W,3.148959279466294e-10,2.7213623839013066e-11,6.288652414792048e-12,1.0961207932798922e-11,0.8762701554895713,0.07572815103816884,0.017499617938100683,0.030502075534159172,0.6399596267108296,0.5859375
SC4001,1904,57120.0,57150.0,Sleep stage W,W,5.385799020353146e-10,4.255933222822739e-11,9.102001219832458e-12,1.343313842899803e-11,0.8921695624493963,0.07050047851526853,0.015077667055573368,0.022252291979761828,0.5982696236088223,1.171875
SC4001,1905,57150.0,57180.0,Sleep stage W,W,7.356079575516498e-10,5.7527088415444716e-11,1.6761922177406373e-11,2.7829975684380657e-11,0.8780999142626466,0.06867045263282769,0.020008813493326352,0.03322081961119941,0.6116421643017657,0.5859375
SC4001,1906,57180.0,57210.0,Sleep stage W,W,4.736054766453688e-10,3.2271832144551925e-11,1.2825176684470655e-11,2.565106829649718e-11,0.8700328552364027,0.05928469084291995,0.023560380189726123,0.047122073730951314,0.6682097073596004,1.07421875
SC4001,1907,57210.0,57240.0,Sleep stage W,W,4.775045762738452e-10,4.3062835944340755e-11,1.1626354718997053e-11,2.3654688085817047e-11,0.8590553269669282,0.07747225984924055,0.020916410964056695,0.042556002219774555,0.6500107434701546,0.5859375
SC4001,1908,57240.0,57270.0,Sleep stage W,W,4.848063239016933e-10,4.540605063737454e-11,1.5311860282423903e-11,2.7684695365185824e-11,0.8457759437624356,0.07921378793346276,0.026712529194960852,0.04829773910914074,0.673385422728921,0.5859375
SC4001,1909,57270.0,57300.0,Sleep stage W,W,6.778475283856645e-10,5.867015999576797e-11,1.5351481025084762e-11,2.3617460482647307e-11,0.8740931207060849,0.07565592717459659,0.019795932558216836,0.030455019561101655,0.6090483817527387,0.5859375
SC4001,1910,57300.0,57330.0,Sleep stage W,W,3.6938364629807657e-10,5.5172398131628886e-11,1.2935885010701971e-11,1.6940314440888406e-11,0.8128464722115203,0.12140951456349718,0.02846603687321318,0.0372779763517693,0.653693294100303,0.5859375
SC4001,1911,57330.0,57360.0,Sleep stage W,W,6.709533838806659e-10,5.932750723327833e-11,9.901197489654913e-12,1.4405416793700297e-11,0.8891657747863195,0.07862243518336773,0.013121337709457318,0.019090452320855312,0.6385378955067625,1.3671875
SC4001,1912,57360.0,57390.0,Sleep stage W,W,2.0699151172475513e-10,2.4212349308545805e-11,4.7336300271150616e-12,8.502109112130929e-12,0.8468002384991727,0.09905248286879298,0.01936523388098185,0.03478204475105259,0.6276656730321176,0.5859375
SC4001,1913,57390.0,57420.0,Sleep stage W,W,9.678172223987049e-11,1.3448166229215807e-11,5.737331626819016e-12,1.4237169472088186e-11,0.743306140146147,0.10328504494998686,0.044064041510850506,0.10934477339301571,0.7378457392992895,1.171875
SC4001,1914,57420.0,57450.0,Sleep stage W,W,4.5298450653796247e-10,4.8487665140249334e-11,1.3746438417754611e-11,1.9178226638205394e-11,0.8476556659771046,0.09073344340241452,0.025723278045136674,0.03588761257534414,0.6559716638728834,0.5859375
SC4001,1915,57450.0,57480.0,Sleep stage W,W,3.2884653046417106e-10,3.530768215497601e-11,8.404777203837247e-12,1.454311561106946e-11,0.8495085039525648,0.0912102560521748,0.02171204208360751,0.037569197911652814,0.664758935449885,0.5859375
SC4001,1916,57480.0,57510.0,Sleep stage W,W,2.0531847669964288e-10,2.131139621124821e-11,6.215927204806647e-12,1.0391318220391499e-11,0.8441083256707027,0.08761572393651493,0.0255550108771552,0.042720939515627096,0.6646355451538573,1.26953125
SC4001,1917,57510.0,57540.0,Sleep stage W,W,2.0700916577139456e-10,2.2635919111511884e-11,6.5155097630021296e-12,9.476957835596224e-12,0.8427423400051232,0.092151704341771,0.026524892864224065,0.038581062788881966,0.6377334899685879,1.07421875
SC4001,1918,57540.0,57570.0,Sleep stage W,W,2.2834804216076169e-10,2.6636394575360914e-11,8.175550460770428e-12,1.1602408706967375e-11,0.831074577762311,0.09694337715951863,0.029754983151446462,0.04222706192672402,0.6641976826844169,0.5859375
SC4001,1919,57570.0,57600.0,Sleep stage W,W,3.381328324209364e-10,4.02060757711285e-11,1.2048089165726116e-11,1.845373580736992e-11,0.8270527004566829,0.09834165852277323,0.029468906076095418,0.04513673494444864,0.6631372166797255,0.5859375
SC4001,1920,57600.0,57630.0,Sleep stage W,W,2.7742308974311293e-10,2.766094971911087e-11,7.1869138522939685e-12,1.507683150455032e-11,0.8474872982459632,0.08450018910132431,0.02195497933876756,0.046057533313944986,0.6722567877136215,0.5859375
SC4001,1921,57630.0,57660.0,Sleep stage W,W,4.042671022100502e-10,2.6284844509076937e-11,7.977210080027145e-12,1.3709841105175313e-11,0.8939235759928255,0.05812157870259003,0.017639367938177483,0.03031547736640706,0.6386188687975038,0.5859375
SC4001,1922,57660.0,57690.0,Sleep stage W,W,3.092273226965084e-10,2.755877674283747e-11,6.567567796326955e-12,1.643931414259842e-11,0.8594590186610666,0.0765962043986159,0.01825374072381387,0.04569103621650367,0.6251974862047354,0.5859375
SC4001,1923,57690.0,57720.0,Sleep stage W,W,2.5544753842990556e-10,2.5766373176225177e-11,9.085160030890358e-12,1.5191637058315428e-11,0.8361875865909276,0.08434421225531209,0.029739562521199022,0.04972863863256125,0.667513850874784,0.5859375
SC4001,1924,57720.0,57750.0,Sleep stage W,W,1.3842881642381508e-10,2.8084336575208257e-11,5.4970437374457335e-12,1.2372300882406836e-11,0.7507698301709284,0.15231563156964828,0.029813262150338613,0.06710127610908465,0.7555530244537172,1.7578125
SC4001,1925,57750.0,57780.0,Sleep stage W,W,2.437490368169415e-10,1.701619069701569e-11,4.933840175843514e-12,1.510266849176056e-11,0.86804675829831,0.06059859503864795,0.01757054725848769,0.05378409940455444,0.6415716063722329,0.5859375
SC4001,1926,57780.0,57810.0,Sleep stage W,W,1.5295322894004638e-10,2.5625236169115815e-11,6.058922618500249e-12,1.345871547140454e-11,0.7721162934050425,0.12935759843476066,0.030585773877700315,0.06794033428249653,0.7110360353928059,0.5859375
SC4001,1927,57810.0,57840.0,Sleep stage W,W,3.1079730490899787e-10,2.3300373588028747e-11,4.93550337591472e-12,1.2731830410877707e-11,0.8835367192750634,0.06623846253711273,0.01403068299451153,0.03619413519331229,0.6335678555233113,0.5859375
SC4001,1928,57840.0,57870.0,Sleep stage W,W,3.10119449040192e-10,2.3943206948623964e-11,7.451954851803239e-12,1.3712680037295905e-11,0.8730169584486518,0.06740249852270723,0.020977990833379787,0.03860255219526107,0.6347259474090964,0.5859375
SC4001,1929,57870.0,57900.0,Sleep stage W,W,2.1204288178836927e-10,3.755600009365758e-11,7.367111777993712e-12,1.3149376168511523e-11,0.7850085758650945,0.1390368867847022,0.02727394513933183,0.04868059221087154,0.729142691933287,1.26953125
SC4001,1930,57900.0,57930.0,Sleep stage W,W,5.567252740453897e-10,4.467709494380029e-11,1.1491426897707574e-11,3.5491677032322067e-11,0.8586331700783654,0.06890514487107652,0.01772314059716643,0.054738544453391644,0.6688990293934577,1.26953125
SC4001,1931,57930.0,57960.0,Sleep stage W,W,5.689670110125281e-10,4.066770058947563e-11,1.2008606457860905e-11,2.1919229809712356e-11,0.8840896862255474,0.06319152772966719,0.018659579395372997,0.03405920664941252,0.6147762887190308,0.5859375
SC4001,1932,57960.0,57990.0,Sleep stage W,W,2.0453813530368754e-10,2.866415561768657e-11,1.3991791398191636e-11,2.1701493925360604e-11,0.760660097722775,0.10659958046902761,0.052034293734334505,0.08070602807386304,0.6575167956456884,0.5859375
SC4001,1933,57990.0,58020.0,Sleep stage W,W,3.830140772267357e-10,4.6666784006710875e-11,1.2388738123836344e-11,1.9342592584242273e-11,0.8300909336944332,0.10113903538254351,0.026849611562510187,0.04192041936051304,0.633480964714283,1.171875
SC4001,1934,58020.0,58050.0,Sleep stage W,W,1.0349090075852864e-10,1.514436987039998e-11,4.792771770724811e-12,1.1023589237452538e-11,0.7697258820767424,0.11263805195964938,0.03564681002652929,0.08198925593707893,0.7048675335237463,0.5859375
SC4001,1935,58050.0,58080.0,Sleep stage W,W,3.8275199788657164e-10,2.9356666777688675e-11,7.980783563270749e-12,1.3708702651498385e-11,0.882327407599548,0.06767356365674132,0.018397458696167424,0.03160157004754325,0.662335137074175,1.171875
SC4001,1936,58080.0,58110.0,Sleep stage W,W,9.83340186417014e-11,9.813437716491873e-12,4.540763261545336e-12,1.3830326478696293e-11,0.7772300715912024,0.07756521094430495,0.03589009992268247,0.1093146175418102,0.7375393433453956,1.07421875
SC4001,1937,58110.0,58140.0,Sleep stage W,W,2.0662773210053811e-10,1.5673012367948696e-11,5.5756422863152e-12,1.2913056573978795e-11,0.8581262087075915,0.06509011421463488,0.023155675802207235,0.05362800127556647,0.6649224214743162,1.171875
SC4001,1938,58140.0,58170.0,Sleep stage W,W,1.9344154534536816e-10,1.6556813110106255e-11,5.1589916039181245e-12,1.3582149772622094e-11,0.8456849188156433,0.0723828334077215,0.022554004042619955,0.0593782437340152,0.6921973571517321,1.26953125
SC4001,1939,58170.0,58200.0,Sleep stage W,W,1.4214005777027316e-10,2.0329505290723733e-11,3.6254712481230046e-12,9.510166614898174e-12,0.8094296582467121,0.11576824139462719,0.02064558013684171,0.05415652022181901,0.6964594909124207,0.5859375
SC4001,1940,58200.0,58230.0,Sleep stage W,W,5.2879940923268e-10,3.8096642377213336e-11,1.3339050809396335e-11,1.5866134684561576e-11,0.8870966478812288,0.06390968514392839,0.02237715672962517,0.026616510245217658,0.6266346443185677,1.07421875
SC4001,1941,58230.0,58260.0,Sleep stage W,W,3.985458912160719e-10,4.737027562970244e-11,1.3506708772762361e-11,1.8700421703947017e-11,0.8335630023635126,0.09907543910739874,0.02824942613840543,0.0391121323906833,0.6559666842013904,0.5859375
SC4001,1942,58260.0,58290.0,Sleep stage W,W,4.668727130629992e-10,4.275656050246648e-11,7.742368831946374e-12,1.8049340756036568e-11,0.8719731346972559,0.07985596726270382,0.014460338827862964,0.0337105592121774,0.633607373844666,0.5859375
SC4001,1943,58290.0,58320.0,Sleep stage W,W,2.074845385514839e-10,1.9754861112020425e-11,6.918783287764841e-12,9.294743868167682e-12,0.8522573183331255,0.08114447983889767,0.028419388413828087,0.038178813414148714,0.6649249491912228,0.5859375
SC4001,1944,58320.0,58350.0,Sleep stage W,W,1.3792137212023713e-10,2.152120906715591e-11,4.968329533115405e-12,9.90420763069251e-12,0.7912186471534866,0.12346151768543738,0.028502000171353327,0.05681783498972264,0.6867038664520876,1.07421875
SC4001,1945,58350.0,58380.0,Sleep stage W,W,3.133447494771312e-10,4.383215547879225e-11,9.460163344367458e-12,1.744672633689415e-11,0.8158239265812408,0.11412133521591865,0.024630467300250876,0.045424270902589776,0.6692984863447969,0.5859375
SC4001,1946,58380.0,58410.0,Sleep stage W,W,2.0400649610695013e-10,2.969664707487015e-11,7.24936502576975e-12,1.3987450985059357e-11,0.8002138886073541,0.11648486635407913,0.028435577728682594,0.054865667309884215,0.6821018954578751,0.5859375
SC4001,1947,58410.0,58440.0,Sleep stage W,W,4.2665735304110857e-10,5.0301990119591145e-11,1.3651360030462502e-11,2.2287590791913873e-11,0.8318556681633001,0.09807400552837661,0.026616115106268903,0.04345421120205419,0.5525726522536448,0.5859375
SC4001,1948,58440.0,58470.0,Sleep stage W,W,3.141249724702703e-10,4.110486871380028e-11,1.2023393677578367e-11,1.9821217245500893e-11,0.8115363097725559,0.10619370121183208,0.031062224882385296,0.05120776413322672,0.680133594663951,0.5859375
SC4001,1949,58470.0,58500.0,Sleep stage W,W,6.389855308771369e-10,4.712536969000441e-11,1.1713937694986679e-11,1.9893416296278408e-11,0.8903013498943095,0.06565998480699009,0.016321080898512138,0.027717584400188226,0.6097574311759907,0.5859375
SC4001,1950,58500.0,58530.0,Sleep stage W,W,2.7432219795951083e-10,2.2665572754055188e-11,7.956680778077685e-12,1.40246454100754e-11,0.8600275093233722,0.07105883602585775,0.02494498951580034,0.04396866513496974,0.6327216068957545,0.5859375
SC4001,1951,58530.0,58560.0,Sleep stage W,W,2.4670219239759073e-10,1.97980922530759e-11,8.30882788588062e-12,2.1184350064986426e-11,0.8334717605898653,0.06688692405253588,0.028070984449632803,0.07157033090796601,0.5837479548949341,0.5859375
SC4001,1952,58560.0,58590.0,Sleep stage W,W,5.199768977400781e-10,3.3627433558575696e-11,1.2391550706399173e-11,1.941557679101289e-11,0.8882246664755112,0.05744239039620535,0.02116725000887948,0.03316569311940392,0.5850347684495478,0.5859375
SC4001,1953,58590.0,58620.0,Sleep stage W,W,5.121867480706661e-10,4.117115585223991e-11,1.0339088002914201e-11,1.2762279347860748e-11,0.8885046586881926,0.0714207540825437,0.017935504758332867,0.022139082470930896,0.6254892616241422,0.68359375
SC4001,1954,58620.0,58650.0,Sleep stage W,W,2.510332023434805e-10,2.2287136277534336e-11,6.1508358884240425e-12,1.100206526232393e-11,0.8642214427075209,0.07672698626230177,0.02117522389758525,0.037876347132592046,0.6145937126625505,0.5859375
SC4001,1955,58650.0,58680.0,Sleep stage W,W,2.1944052843072738e-10,2.64330481919802e-11,8.81476594187766e-12,1.2913784695354825e-11,0.8200253513589222,0.09877742177402046,0.03293982014319072,0.048257406723866546,0.6520080643930828,0.5859375
SC4001,1956,58680.0,58710.0,Sleep stage W,W,3.256574960305947e-10,3.2496528906614246e-11,6.9504378733253995e-12,1.2810371498302802e-11,0.8617219184480674,0.08598902704109689,0.018391545507963326,0.0338975090028723,0.6618933490046996,1.3671875
SC4001,1957,58710.0,58740.0,Sleep stage W,W,2.837188930968717e-10,2.915732611832442e-11,6.3536701715196295e-12,1.5953738382553275e-11,0.8464580892124476,0.08698911194551395,0.018955789141029637,0.04759700970100896,0.6496289060379429,0.5859375
SC4001,1958,58740.0,58770.0,Sleep stage W,W,1.3395391222616702e-10,1.4031856677152129e-11,3.4628353791338185e-12,5.076778555223308e-12,0.8557967391466669,0.08964588632697218,0.022123155467538014,0.032434219058822884,0.6754991016948731,1.171875
SC4001,1959,58770.0,58800.0,Sleep stage W,W,2.477504606872701e-10,1.7650315056105195e-11,4.752345884292965e-12,6.7724811247442724e-12,0.8946462812568954,0.06373666746835827,0.017161092499424248,0.02445595877532227,0.6335059232278089,0.5859375
SC4001,1960,58800.0,58830.0,Sleep stage W,W,2.586910814526017e-10,3.282366785786716e-11,8.4313351312066e-12,1.1739254884704053e-11,0.8299751345754341,0.1053102719839384,0.027050791511171388,0.03766380192945604,0.6873056100772614,0.5859375
SC4001,1961,58830.0,58860.0,Sleep stage W,W,2.9886890378399565e-10,4.48543579462708e-11,9.627026627022979e-12,1.678351035143068e-11,0.8074618011828556,0.12118417205549314,0.026009585346187334,0.04534444141546394,0.6634741505689381,0.5859375
SC4001,1962,58860.0,58890.0,Sleep stage W,W,4.1102018202052665e-10,4.077263483860783e-11,1.1266012720726155e-11,1.7896632192044e-11,0.8545909438397331,0.08477424227265443,0.02342423283690479,0.03721058105070769,0.6705199486194969,0.5859375
SC4001,1963,58890.0,58920.0,Sleep stage W,W,3.757596985626801e-10,4.6769712227503405e-11,8.394564402309184e-12,1.713779646603581e-11,0.8386336936797402,0.1043822865190717,0.018735283689202454,0.03824873611198561,0.619320792462067,0.5859375
SC4001,1964,58920.0,58950.0,Sleep stage W,W,2.165872725974744e-10,3.391844799398337e-11,8.463989825671563e-12,1.2460007954338669e-11,0.7979497377699135,0.12496217509817374,0.031182988644184055,0.04590509848772857,0.6338271353809686,0.5859375
SC4001,1965,58950.0,58980.0,Sleep stage W,W,1.6393311905018858e-10,1.598974400798549e-11,4.579307436350362e-12,1.1117099425743404e-11,0.8380213212993067,0.08173910481571027,0.023409285998341755,0.05683028788664126,0.6700880631805067,1.07421875
SC4001,1966,58980.0,59010.0,Sleep stage W,W,6.010383832899365e-11,1.195748284492095e-11,3.4878180162699153e-12,6.428327473429224e-12,0.7331751123223128,0.14586304421905688,0.04254605757191576,0.07841578588671468,0.7609341301071426,1.26953125
SC4001,1967,59010.0,59040.0,Sleep stage W,W,2.41975580062626e-10,2.161227065110217e-11,4.76157351808615e-12,8.303644057228045e-12,0.8746535202342816,0.07812048058878582,0.01721135264298367,0.03001464653394894,0.652922428956534,0.5859375
SC4001,1968,59040.0,59070.0,Sleep stage W,W,2.2083953099616305e-10,1.4544116650388632e-11,7.434143871528059e-12,1.6130560718361872e-11,0.8528323470253945,0.05616609074657726,0.028708983113126977,0.06229257911490132,0.6668236371631653,0.5859375
SC4001,1969,59070.0,59100.0,Sleep stage W,W,2.7528390213676407e-10,2.524230036990464e-11,7.173535576126247e-12,1.3708517711538896e-11,0.8564929405948914,0.07853656499121464,0.022319076896134632,0.04265141751775925,0.6546498732591386,0.5859375
SC4001,1970,59100.0,59130.0,Sleep stage W,W,4.074506076924449e-11,1.17839747622455e-11,3.775965685420351e-12,8.478962277119111e-12,0.6289374495124798,0.18189647756472202,0.058285499709636424,0.1308805732131616,0.803870072051714,1.07421875
SC4001,1971,59130.0,59160.0,Sleep stage W,W,2.3769243390127975e-10,2.2190023399178584e-11,5.9379560252539505e-12,1.2360737401429451e-11,0.8544519759155934,0.07976824936260334,0.021345644770440562,0.044434129951362776,0.6546528976429469,1.171875
SC4001,1972,59160.0,59190.0,Sleep stage W,W,3.3676009794503584e-10,3.766765231358574e-11,5.705550991275939e-12,1.270983497808201e-11,0.8572380853552781,0.09588471539878449,0.014523738523370366,0.0323534607225671,0.6443901757748633,0.5859375
SC4001,1973,59190.0,59220.0,Sleep stage W,W,1.0313222731092735e-10,2.214667556086132e-11,6.954737227753623e-12,1.471731848292866e-11,0.7018139133338698,0.15070793531729357,0.047326926580411016,0.10015122476842568,0.7469239021646751,0.5859375
SC4001,1974,59220.0,59250.0,Sleep stage W,W,2.3592853395285006e-10,2.8032102080706698e-11,1.3238677739484481e-11,1.6508200908529643e-11,0.8032771453213815,0.09544223650899188,0.045074358256844284,0.05620625991278211,0.6819194699237895,0.5859375
SC4001,1975,59250.0,59280.0,Sleep stage W,W,5.683401733191428e-10,5.316575227062105e-11,1.0528464601668004e-11,1.5838123019340904e-11,0.8772407560594323,0.08206205879477496,0.016250827727650134,0.02444635741814266,0.6328371207817951,0.5859375
SC4001,1976,59280.0,59310.0,Sleep stage W,W,5.08831108137011e-11,1.544519217732151e-11,3.608731844491461e-12,6.699739835128582e-12,0.6639516215599945,0.20153760702612297,0.04708877506915571,0.08742199634472692,0.7757704051641311,1.07421875
SC4001,1977,59310.0,59340.0,Sleep stage W,W,1.166534930842987e-10,1.5715145322984587e-11,5.721746142913515e-12,1.1224382260531259e-11,0.781258917493198,0.1052484336187938,0.03832002865574857,0.07517262023225958,0.7129644185290314,1.07421875
SC4001,1978,59340.0,59370.0,Sleep stage W,W,1.241564461142127e-10,2.0380842910451553e-11,5.991214375926455e-12,1.0441098027411478e-11,0.7713036810229343,0.1266129923267991,0.03721953911034674,0.06486378753991963,0.6931472159439184,0.5859375
SC4001,1979,59370.0,59400.0,Sleep stage W,W,3.0498133797459713e-10,2.351870213645985e-11,7.159288660208303e-12,1.1155825983224006e-11,0.8793771950089483,0.06781336344171222,0.020642952195316748,0.03216648935402267,0.6494284347892635,0.5859375
SC4001,1980,59400.0,59430.0,Sleep stage W,W,1.9049315117142273e-10,2.7307598721874188e-11,8.108271656506277e-12,1.2397258281598921e-11,0.7993626995738156,0.11459034458174529,0.034024582408162925,0.05202237343627613,0.7046150793897495,0.5859375
SC4001,1981,59430.0,59460.0,Sleep stage W,W,7.019171312332241e-11,1.0656760926418478e-11,4.142126427388042e-12,7.736950314953706e-12,0.7569671853051423,0.11492550849653613,0.044669856930392576,0.08343744926792902,0.7388035771199003,1.07421875
SC4001,1982,59460.0,59490.0,Sleep stage W,W,1.1272954916819452e-10,1.72511009237882e-11,5.8200058475733615e-12,8.664819115354345e-12,0.7803217282561576,0.11941331253873055,0.04028648260327399,0.05997847660183793,0.6581647815698686,0.5859375
SC4001,1983,59490.0,59520.0,Sleep stage W,W,3.0317110411711654e-10,3.0963994439958615e-11,1.1368082268600639e-11,2.6223853292136458e-11,0.81557453801176,0.08329766629280218,0.03058180122836513,0.0705459944670725,0.7044255947124922,0.5859375
SC4001,1984,59520.0,59550.0,Sleep stage W,W,2.4879680546282657e-10,2.8498008403525737e-11,8.35747173475572e-12,1.217694571632903e-11,0.8353673155663154,0.09568573332263527,0.02806128766403063,0.04088566344701876,0.6868976747422468,0.5859375
SC4001,1985,59550.0,59580.0,Sleep stage W,W,4.1335080271370235e-10,3.878454951648003e-11,8.96944167258873e-12,1.3498945831719712e-11,0.8709387813609403,0.08171985652320692,0.018898801087421972,0.02844256102843073,0.627601952543984,1.07421875
SC4001,1986,59580.0,59610.0,Sleep stage W,W,2.223651585027635e-10,2.2944785849101736e-11,4.263577299412845e-12,9.565324945733805e-12,0.8580927229662508,0.08854244028022278,0.0164528682418779,0.03691196851164846,0.5953350825109887,0.5859375
SC4001,1987,59610.0,59640.0,Sleep stage W,W,2.0855218350313278e-10,2.8478891527859557e-11,4.026275339889938e-12,7.722437349666184e-12,0.8383003515438204,0.11447429788729291,0.01618409347793402,0.03104125709095271,0.6887428202006591,0.5859375
SC4001,1988,59640.0,59670.0,Sleep stage W,W,1.4112438654222117e-10,2.2923159223174368e-11,5.4689440193801254e-12,8.966190667858134e-12,0.7906895290026369,0.12843352175707476,0.030641314919244995,0.05023563432104329,0.7364369717020874,1.07421875
SC4001,1989,59670.0,59700.0,Sleep stage W,W,1.7326004946479258e-10,2.178943738639587e-11,5.9721481360684665e-12,1.1198184419781425e-11,0.8164178536618165,0.10267390410225377,0.028141330780297506,0.05276691145563209,0.6743492158368588,0.5859375
SC4001,1990,59700.0,59730.0,Sleep stage W,W,5.7867004565451554e-11,1.0469576216839738e-11,4.277522734564891e-12,8.65199659396608e-12,0.7120681869382012,0.12883079417570695,0.05263600355783839,0.10646501532825357,0.761677858774881,0.5859375
SC4001,1991,59730.0,59760.0,Sleep stage W,W,2.113044635046754e-10,2.631579206284503e-11,7.592494142764664e-12,2.2361340574556512e-11,0.7897045012083743,0.09834955258497181,0.02837529648211528,0.08357064972453838,0.6879334397404515,0.5859375
SC4001,1992,59760.0,59790.0,Sleep stage W,W,2.637300562177633e-10,3.5400687526354144e-11,9.280653161598014e-12,1.4070023425775628e-11,0.8178147316104755,0.10977589806558284,0.02877887709641713,0.043630493227524575,0.6179703360555301,0.5859375
SC4001,1993,59790.0,59820.0,Sleep stage W,W,4.924161889107908e-10,5.8049921552504087e-11,1.1736590050033266e-11,1.775073818305717e-11,0.8490615902160007,0.10009410700794917,0.02023712468437928,0.030607178091670833,0.6578777338804948,1.07421875
SC4001,1994,59820.0,59850.0,Sleep stage W,W,2.1125485961508294e-10,1.8429961729516152e-11,6.3510478300679006e-12,1.1517908886014314e-11,0.8533695638581582,0.07444831532726004,0.02565522481547871,0.04652689599910287,0.6411245505648112,0.5859375
SC4001,1995,59850.0,59880.0,Sleep stage W,W,5.623246915578355e-10,4.996686411387942e-11,1.1802119259739033e-11,1.9578663031406228e-11,0.8736194774775012,0.07762779471309593,0.018335601149322676,0.03041712666008014,0.6305423896532175,1.171875
SC4001,1996,59880.0,59910.0,Sleep stage W,W,2.640282055170259e-10,6.012250290293289e-11,1.059119788736095e-11,2.3495019751465113e-11,0.7370211899197131,0.16782888231088464,0.02956478552862244,0.06558514224077977,0.7189507167402998,0.5859375
SC4001,1997,59910.0,59940.0,Sleep stage W,W,3.926818428774715e-10,3.714060656354836e-11,1.0986407336771231e-11,1.9915404176526518e-11,0.8523142281765085,0.0806135246418703,0.023845949232225414,0.04322629794939581,0.6084282977069922,0.5859375
SC4001,1998,59940.0,59970.0,Sleep stage W,W,3.4069238875174624e-10,2.669312193562963e-11,9.304177773252185e-12,1.767461777689042e-11,0.8639026995170129,0.06768645517211906,0.02359284962176178,0.0448179956891061,0.6701911921705064,1.07421875
SC4001,1999,59970.0,60000.0,Sleep stage W,W,3.4229888267261303e-10,3.5414241815007114e-11,8.368310877252756e-12,1.8336563518485414e-11,0.8463987350160902,0.0875684116750235,0.02069223155338923,0.04534062175549714,0.6430995988651177,0.5859375
SC4001,2000,60000.0,60030.0,Sleep stage W,W,4.3225540342059154e-10,4.073465373284829e-11,9.336182143072643e-12,1.4750901219074492e-11,0.869594210210995,0.08194835451615579,0.018782159512281755,0.029675275760567686,0.6505818509149136,1.07421875
SC4001,2001,60030.0,60060.0,Sleep stage W,W,5.699599225210084e-10,3.4212246271446635e-11,9.920003798066768e-12,1.1197023127361856e-11,0.9115141064714022,0.054714277018921065,0.015864665287679863,0.017906951221996967,0.5873832625485879,1.171875
SC4001,2002,60060.0,60090.0,Sleep stage W,W,3.7635778369820056e-10,3.9488256188818365e-11,8.192924577516405e-12,1.541799320765535e-11,0.8564155763781116,0.08985693706611947,0.018643292441913845,0.035084194113855126,0.6400941400784336,0.5859375
SC4001,2003,60090.0,60120.0,Sleep stage W,W,2.883278510608397e-10,7.56863818174536e-11,1.218336764985111e-11,1.3037037535720346e-11,0.7407558908298688,0.194449245817211,0.0313008310628616,0.03349403229005857,0.725984231857999,0.9765625
SC4001,2004,60120.0,60150.0,Sleep stage W,W,3.8404050034233335e-10,3.4104913142382246e-11,9.542307154634463e-12,1.3076522046869114e-11,0.8713059344419926,0.07737676934619579,0.021649458441726745,0.029667837770084977,0.5561530662327148,0.5859375
SC4001,2005,60150.0,60180.0,Sleep stage W,W,2.938351096930412e-10,2.3658767955217804e-11,7.850567372761473e-12,1.357957589384863e-11,0.8669645453275403,0.06980552128277863,0.023163207351223354,0.04006672603845789,0.5819462954702969,0.5859375
SC4001,2006,60180.0,60210.0,Sleep stage W,W,3.015475948795487e-10,4.9524476180314045e-11,1.3006005221903665e-11,2.0534628098708976e-11,0.7840292102812207,0.1287645353787438,0.033815849226440445,0.053390405113595114,0.6982758973837115,0.87890625
SC4001,2007,60210.0,60240.0,Sleep stage W,W,1.8140939655833855e-10,2.5009669762974058e-11,7.493407781784592e-12,1.2605663435807765e-11,0.8008603572735146,0.11040912676883807,0.03308082903735505,0.05564968692029226,0.6708433895579136,0.5859375
SC4001,2008,60240.0,60270.0,Sleep stage W,W,2.074924333115815e-10,3.4678562719381324e-11,8.13791385699897e-12,1.5247848432922568e-11,0.7813487204150116,0.1305881384403617,0.03064472509927824,0.05741841604534838,0.7082827816045367,0.5859375
SC4001,2009,60270.0,60300.0,Sleep stage W,W,1.3677267957488713e-10,2.9854860211628854e-11,6.73555036076964e-12,1.207363388465301e-11,0.7375706203229201,0.16099756058291242,0.036322634558673204,0.06510918453549423,0.687986187949726,0.5859375
SC4001,2010,60300.0,60330.0,Sleep stage W,W,1.8179222888406158e-10,3.884990448416511e-11,8.985969397645953e-12,1.2421806408539153e-11,0.7510526630814356,0.16050369370794257,0.0371244485416064,0.051319194669015473,0.6948430668563275,0.5859375
SC4001,2011,60330.0,60360.0,Sleep stage W,W,2.276723726523332e-10,3.199698148195922e-11,8.74680587030697e-12,1.1313476815686138e-11,0.8139015058980077,0.11438538242022574,0.03126878499444241,0.04044432668732405,0.6714490301962828,0.5859375
SC4001,2012,60360.0,60390.0,Sleep stage W,W,2.1650120854434078e-10,2.8292554374130487e-11,7.467057668541249e-12,1.30876671023996e-11,0.815912728312789,0.10662414027867627,0.028140569910770956,0.0493225614977636,0.6854564402706581,0.5859375
SC4001,2013,60390.0,60420.0,Sleep stage W,W,3.7892724334715917e-10,3.753258806831688e-11,1.030765046618666e-11,2.034592175702923e-11,0.8474969443174346,0.08394422480486986,0.02305377200124417,0.04550505887645134,0.6305512403405555,0.5859375
SC4001,2014,60420.0,60450.0,Sleep stage W,W,3.267842875865764e-10,3.416248161743789e-11,1.0084866854762512e-11,1.4702797987404516e-11,0.8471742700249902,0.08856477047975408,0.026144585405499788,0.038116374089755885,0.671403864445206,0.5859375
SC4001,2015,60450.0,60480.0,Sleep stage W,W,3.090830654285137e-10,5.905611253259994e-11,9.869904488985464e-12,1.2252292237191854e-11,0.7919898956851062,0.15132451316741372,0.025290497930762507,0.0313950932167176,0.6563275180119399,0.5859375
SC4001,2016,60480.0,60510.0,Sleep stage W,W,2.386225658881556e-10,4.630422781744226e-11,9.22059190535459e-12,1.2390316875598237e-11,0.778444426093476,0.1510555714414081,0.03007979713607706,0.04042020532903897,0.687652612641973,0.5859375
SC4001,2017,60510.0,60540.0,Sleep stage W,W,1.3360519129736857e-10,1.4753853405435823e-11,5.507941353169309e-12,9.2976298479811e-12,0.818836795938734,0.09042311854011612,0.03375695963646617,0.05698312588468357,0.6720940380145343,1.07421875
SC4001,2018,60540.0,60570.0,Sleep stage W,W,2.5590104480710005e-10,3.1631754823031904e-11,1.0472924684452593e-11,2.413162028204352e-11,0.7943849078644781,0.09819338041244598,0.03251074381818883,0.07491096790488697,0.6826567634438034,0.5859375
SC4001,2019,60570.0,60600.0,Sleep stage W,W,1.4371913981948124e-10,2.8696891387352425e-11,7.830773136895264e-12,1.4581367898947087e-11,0.7376712421264524,0.14729333574821954,0.04019322794416678,0.07484219418116124,0.7101970468183137,0.5859375
SC4001,2020,60600.0,60630.0,Sleep stage W,W,1.2947592449603682e-10,1.6006743843286516e-11,6.4785427998331135e-12,1.1607628262955825e-11,0.791568400003973,0.09785937163701493,0.039607438822173685,0.07096478953683845,0.6951299399860851,1.07421875
SC4001,2021,60630.0,60660.0,Sleep stage W,W,3.033295022289849e-10,4.275116015949929e-11,1.171084503687233e-11,2.0890900468143114e-11,0.8010129224547792,0.11289449752184579,0.03092524181943482,0.05516733820394016,0.6908840228993375,1.26953125
SC4001,2022,60660.0,60690.0,Sleep stage W,W,4.043364104444892e-10,4.17269647471579e-11,1.168625230931552e-11,1.500435890466324e-11,0.855278690548293,0.08826359152338464,0.024719521453783453,0.031738196474538884,0.6086322424090016,0.5859375
SC4001,2023,60690.0,60720.0,Sleep stage W,W,2.9115439761988677e-10,3.411830719328908e-11,1.5443606002134127e-11,2.1552178101937796e-11,0.8036978277909083,0.09417961605013528,0.042630276920557326,0.0594922792383991,0.6237322751803381,0.5859375
SC4001,2024,60720.0,60750.0,Sleep stage W,W,3.140165306209174e-10,4.713382374675435e-11,1.1123245304500697e-11,1.7019403590345162e-11,0.8066328651921907,0.12107544536311615,0.028572939177639926,0.04371875026705327,0.6940508022342269,0.5859375
SC4001,2025,60750.0,60780.0,Sleep stage W,W,1.8681795171037735e-10,2.0159948125077968e-11,6.243225502008348e-12,1.3719084004574966e-11,0.8232033990451202,0.08883374252419673,0.027510442156148333,0.06045241627453469,0.6117448468693977,0.5859375
SC4001,2026,60780.0,60810.0,Sleep stage W,W,2.346178508482215e-10,3.0308396015337604e-11,8.623477352842079e-12,1.3548576870887096e-11,0.8172038983152644,0.1055680089382443,0.030036671482149346,0.04719142126434192,0.6666460195397049,0.5859375
SC4001,2027,60810.0,60840.0,Sleep stage W,W,1.7573663334585592e-10,1.8416468250193762e-11,8.03773101808732e-12,1.583689401938441e-11,0.8060288297242498,0.08446846891702746,0.0368656369636775,0.07263706439504522,0.7080389580350294,0.5859375
SC4001,2028,60840.0,60870.0,Sleep stage W,W,2.721176587349934e-10,2.4516010469079427e-11,7.836428355990988e-12,1.720279982423281e-11,0.8459452473233997,0.07621410031256255,0.02436148155381879,0.05347917081021887,0.6739145043375048,1.171875
SC4001,2029,60870.0,60900.0,Sleep stage W,W,2.5637161284650654e-10,2.687073672767431e-11,8.063447176491918e-12,1.8778549417508068e-11,0.8267802487116134,0.08665621808944975,0.026004044628936338,0.06055948857000064,0.7001768234881571,0.5859375
SC4001,2030,60900.0,60930.0,Sleep stage W,W,3.53866649958334e-10,3.475312083052013e-11,9.731950150951454e-12,1.4143239135875886e-11,0.8578690267958892,0.08425101927098427,0.02359289468449726,0.03428705924862935,0.6374739864253293,0.5859375
SC4001,2031,60930.0,60960.0,Sleep stage W,W,3.0229172042819874e-10,3.319760091851733e-11,8.866689530157245e-12,1.1153013608937644e-11,0.8503067421858478,0.09338047315826242,0.024940828275685955,0.031371956380203736,0.6345108102965781,0.5859375
SC4001,2032,60960.0,60990.0,Sleep stage W,W,3.8904162037187803e-10,5.002974312916918e-11,9.644151750261125e-12,1.312537583996746e-11,0.842371535038005,0.10832679412807032,0.020881978915884055,0.02841969191804073,0.6386140841546772,0.9765625
SC4001,2033,60990.0,61020.0,Sleep stage W,W,3.03626861923383e-10,5.630035234783838e-11,1.1211200599176467e-11,1.3430234684839924e-11,0.7895257771909755,0.14639870518033904,0.029152663931764772,0.034922853696920664,0.6557888024158302,0.5859375
SC4001,2034,61020.0,61050.0,Sleep stage W,W,2.086635183438259e-10,4.015955282041921e-11,9.20524543938698e-12,1.3980785512708542e-11,0.7671196173964013,0.147640474189877,0.03384168164876268,0.05139822676495891,0.6871386316042514,0.5859375
SC4001,2035,61050.0,61080.0,Sleep stage W,W,3.439138832615011e-10,3.477054577926616e-11,1.1695124199880924e-11,2.2200273135674776e-11,0.8335693150149562,0.08427592324291493,0.02834633070307599,0.05380843103905286,0.6761911193512289,0.5859375
SC4001,2036,61080.0,61110.0,Sleep stage W,W,4.661611646976242e-10,4.680531181495743e-11,1.2031382362954365e-11,1.7338929637943845e-11,0.8595418466362027,0.08630303679609976,0.02218433751457619,0.03197077905312131,0.6474676013746835,0.5859375
SC4001,2037,61110.0,61140.0,Sleep stage W,W,3.0241903152575506e-10,4.5070210713350225e-11,9.973390531955334e-12,1.146133947689445e-11,0.8197326665519534,0.12216666333370818,0.027033728578776617,0.03106694153556182,0.635288776472417,0.5859375
SC4001,2038,61140.0,61170.0,Sleep stage W,W,5.360297327378812e-10,6.598094270600302e-11,1.3206979893030616e-11,2.3603349390722054e-11,0.8390922163970155,0.10328549346015035,0.02067399129848814,0.03694829884434593,0.6093305615415364,0.5859375
SC4001,2039,61170.0,61200.0,Sleep stage W,W,4.134857296597482e-10,3.437821371889023e-11,1.4279450272518411e-11,2.152948031739319e-11,0.854887160131776,0.07107740700200113,0.029522950409344037,0.04451248245687871,0.605267789040673,0.5859375
SC4001,2040,61200.0,61230.0,Sleep stage W,W,5.475250069267109e-10,6.03079612018686e-11,1.5798485600571774e-11,2.282690174892936e-11,0.8469609871803657,0.09328978532154412,0.0244385202336633,0.03531070726442695,0.5925487985074425,0.5859375
SC4001,2041,61230.0,61260.0,Sleep stage W,W,5.372305591384641e-10,5.7279071000717574e-11,1.3149137521250659e-11,2.5647628621187405e-11,0.8482948574224846,0.09044448522393674,0.02076267916833652,0.04049797818524223,0.6731925213277917,0.5859375
SC4001,2042,61260.0,61290.0,Sleep stage W,W,3.6832656578815703e-10,4.473054264462405e-11,1.1679289106455087e-11,1.771122267765133e-11,0.8324749619121098,0.10109793928306625,0.026396998362721236,0.04003010044210273,0.6469532960812404,0.5859375
SC4001,2043,61290.0,61320.0,Sleep stage W,W,3.112422966178e-10,6.515414379756378e-11,1.0200063631855618e-11,1.240377219114405e-11,0.7800553411944591,0.1632934804251629,0.02556405155409487,0.031087126826283236,0.7280539979161615,2.83203125
SC4001,2044,61320.0,61350.0,Sleep stage W,W,5.293802469565355e-10,6.601048407543328e-11,1.5325828424321908e-11,2.1639572300246682e-11,0.8371552363792869,0.104388145793845,0.024236071502541364,0.03422054632432679,0.6772233705400973,0.5859375
SC4001,2045,61350.0,61380.0,Sleep stage W,W,6.735794452559131e-10,6.719898245185903e-11,1.0611977838993425e-11,1.9552863149188736e-11,0.8737081865897456,0.08716462699716634,0.013764927031457866,0.025362259381630354,0.6339071125647626,0.5859375
SC4001,2046,61380.0,61410.0,Sleep stage W,W,5.612131436154378e-10,5.0964695114559274e-11,1.3430951057764454e-11,1.6949714466058208e-11,0.8734039622853558,0.07931526044269346,0.020902300675891508,0.026378476596059228,0.6039499961895369,0.5859375
SC4001,2047,61410.0,61440.0,Sleep stage W,W,3.2657977166622856e-10,2.6189890541313917e-11,9.109565644649572e-12,1.3507363280916215e-11,0.8699825177038001,0.0697677838258939,0.024267157804311164,0.03598254066599475,0.6722862848992883,1.171875
SC4001,2048,61440.0,61470.0,Sleep stage W,W,2.7697548263432115e-10,4.7897119041773844e-11,1.16424727800998e-11,1.488526325476204e-11,0.7882049415164374,0.13630356576712072,0.033131649377287374,0.042359843339154275,0.5766160976695153,0.5859375
SC4001,2049,61470.0,61500.0,Sleep stage W,W,2.3119793900308062e-10,2.8526177152955884e-11,5.805843874817912e-12,1.3679463866687925e-11,0.8280448982550109,0.10216767312060265,0.020793867892325884,0.04899356073206072,0.6787758353248836,0.5859375
SC4001,2050,61500.0,61530.0,Sleep stage W,W,1.7697869908312126e-10,3.292951883338768e-11,5.770714224133599e-12,8.268443960041442e-12,0.7902691344932473,0.14704132464844322,0.02576817073998294,0.0369213701183266,0.6786617257363258,0.5859375
SC4001,2051,61530.0,61560.0,Sleep stage W,W,7.279405005867266e-11,1.4275674454480355e-11,5.1049044809211514e-12,1.2300073952814074e-11,0.6967624506736232,0.13664240291487284,0.048862589095049445,0.11773255731645448,0.7711657213532096,0.5859375
SC4001,2052,61560.0,61590.0,Sleep stage W,W,2.165536032034008e-10,2.609861609897402e-11,8.033393995937181e-12,1.4596903878386743e-11,0.8163131347971916,0.09838046010996765,0.030282410169481,0.05502399492335965,0.6863763311373486,1.26953125
SC4001,2053,61590.0,61620.0,Sleep stage W,W,2.316883759055397e-10,3.3243950835638e-11,9.14266655830416e-12,1.2255638187890461e-11,0.8091637793065027,0.116103368553162,0.031930452256580755,0.04280239988375451,0.6911192316035873,0.68359375
SC4001,2054,61620.0,61650.0,Sleep stage W,W,3.5993890688392456e-10,3.655836091962349e-11,8.48133122890515e-12,1.470800860333378e-11,0.857637342567498,0.08710871458483521,0.020208724973815297,0.035045217873851495,0.6288473513239613,0.5859375
SC4001,2055,61650.0,61680.0,Sleep stage W,W,2.6823712333526956e-10,3.963319080635177e-11,9.73522184227626e-12,1.3002391611992653e-11,0.8113451038087085,0.11987973517318778,0.02944642590112312,0.039328735116980554,0.667650576416588,1.3671875
SC4001,2056,61680.0,61710.0,Sleep stage W,W,1.4269888224724268e-10,4.1700986111524616e-11,7.955278054190598e-12,1.2969164532451671e-11,0.6949926269821143,0.20309814224878528,0.03874493973733924,0.06316429103176115,0.7390991176380682,0.5859375
SC4001,2057,61710.0,61740.0,Sleep stage W,W,3.3278421040453464e-10,4.2626072710254684e-11,1.15520195763988e-11,1.9275377359493874e-11,0.8191859759612073,0.1049288995174861,0.028436602864996607,0.04744852165630989,0.6589436206305057,0.5859375
SC4001,2058,61740.0,61770.0,Sleep stage W,W,9.842813078067284e-11,2.43291905306377e-11,5.558285841325641e-12,8.445250427862177e-12,0.7197098096780898,0.17789586114811665,0.040642373407566525,0.06175195576622678,0.7191193026255842,0.9765625
SC4001,2059,61770.0,61800.0,Sleep stage W,W,4.12586471976678e-10,4.6938503414738876e-11,1.0079060987194615e-11,1.3307435034011773e-11,0.8543728952426228,0.0971989819944292,0.020871446598092036,0.027556676164855996,0.6029228958318896,0.5859375
SC4001,2060,61800.0,61830.0,Sleep stage W,W,3.623130061074573e-10,5.129689245017532e-11,1.137952652912865e-11,1.6042493538602334e-11,0.8215119831615307,0.11631106567084927,0.02580204753569103,0.036374903631928954,0.6592188626780954,0.5859375
SC4001,2061,61830.0,61860.0,Sleep stage W,W,5.405761266937551e-10,5.886349252825663e-11,1.182623803417367e-11,1.7715860990822402e-11,0.8594464847092187,0.09358537906683691,0.01880219677470718,0.028165939449237214,0.6652793918874108,1.26953125
SC4001,2062,61860.0,61890.0,Sleep stage W,W,4.611296256386641e-10,5.767376838030257e-11,1.3436425023583112e-11,1.8964829641309288e-11,0.8365851535173515,0.10463222419842307,0.024376472614420042,0.034406149669805264,0.6701144111184828,1.07421875
SC4001,2063,61890.0,61920.0,Sleep stage W,W,3.137898016419832e-10,4.2676815344752987e-11,9.571755210536514e-12,1.3595098548793377e-11,0.8265598947988303,0.11241583957516535,0.02521314886099437,0.03581111676501,0.6671444588268524,1.07421875
SC4001,2064,61920.0,61950.0,Sleep stage W,W,1.3904851715575205e-10,2.6065121837038878e-11,5.2319834711249695e-12,1.0271329440584116e-11,0.7698530823910316,0.144311602882218,0.028967289149533122,0.0568680255772172,0.700185437763673,0.68359375
SC4001,2065,61950.0,61980.0,Sleep stage W,W,1.6534640932185455e-10,2.2761830657477654e-11,6.35434781540248e-12,9.96105236033999e-12,0.8088419186568817,0.1113463718785687,0.031084212229965703,0.04872749723458398,0.6685582948284436,0.5859375
SC4001,2066,61980.0,62010.0,Sleep stage W,W,1.6021009226082205e-10,3.0023869554840735e-11,7.316885954246783e-12,1.4764154484504306e-11,0.7545867722943324,0.1414119079482833,0.034462406690786124,0.06953891306659829,0.7231662915133233,0.5859375
SC4001,2067,62010.0,62040.0,Sleep stage W,W,2.4579118132317167e-10,4.3986229433888345e-11,1.0543145353760563e-11,1.3600398395649021e-11,0.782971565914075,0.1401188063506026,0.03358535071459614,0.04332427702072602,0.7108460768734249,0.5859375
SC4001,2068,62040.0,62070.0,Sleep stage W,W,1.5969399716376604e-10,3.414245217834623e-11,8.072252817243253e-12,1.1116591433068921e-11,0.7496480557341902,0.16027417027608967,0.03789340073713348,0.0521843732525866,0.7228146190302042,1.07421875
SC4001,2069,62070.0,62100.0,Sleep stage W,W,4.232794485472714e-10,3.62375920487445e-11,1.0607060980298904e-11,1.388020395348404e-11,0.8745365355457799,0.07487039192570459,0.021915220296828245,0.02867785223168738,0.6658604951813814,0.78125
SC4001,2070,62100.0,62130.0,Sleep stage W,W,2.3260949486020814e-10,2.8009370894114145e-11,8.559358721824376e-12,1.2875917495633413e-11,0.8246980286624582,0.0993049444277139,0.03034650958141488,0.04565051732841302,0.6472621279458833,0.5859375
SC4001,2071,62130.0,62160.0,Sleep stage W,W,8.380710289201177e-11,1.5709257220396847e-11,4.726179542273779e-12,7.92822334085827e-12,0.7471385649337475,0.14004769871291117,0.04213379151625872,0.07067994483708251,0.7441716122155252,1.953125
SC4001,2072,62160.0,62190.0,Sleep stage W,W,4.827102624359471e-10,3.575713981914178e-11,8.540403055439416e-12,9.870902739942952e-12,0.8991048726606757,0.06660189589001227,0.015907509326364536,0.018385722122947368,0.6142162385452812,1.26953125
SC4001,2073,62190.0,62220.0,Sleep stage W,W,2.4393054808533173e-10,3.1766972951585566e-11,7.17695937439761e-12,1.2428488186312839e-11,0.8260348659674508,0.10757417408448214,0.02430371563306819,0.04208724431499901,0.6554088986211067,0.5859375
SC4001,2074,62220.0,62250.0,Sleep stage W,W,1.5371506139128158e-10,2.6197363336453065e-11,6.548381213673349e-12,1.89398408374636e-11,0.7483669783998624,0.12754274997320914,0.03188101554871513,0.09220925607821326,0.7099044150207485,0.5859375
SC4001,2075,62250.0,62280.0,Sleep stage W,W,9.279316171160497e-11,1.702638888022004e-11,5.87528808122106e-12,1.600509978374319e-11,0.7045801448271017,0.1292816768157139,0.04461116800862243,0.12152701034856186,0.7909393857211556,2.1484375
SC4001,2076,62280.0,62310.0,Sleep stage W,W,2.989165969929103e-10,3.3219750243442945e-11,9.720246870234368e-12,1.515165807996535e-11,0.8372820380541591,0.09305037079670674,0.027226952908514557,0.0424406382406195,0.6781695938911217,0.68359375
SC4001,2077,62310.0,62340.0,Sleep stage W,W,3.0887949859609564e-10,3.035125571753101e-11,1.0472063810318719e-11,1.5220141805065445e-11,0.8464238552054455,0.08317168019089645,0.028696642744418906,0.04170782185923914,0.6837943880285873,0.68359375
SC4001,2078,62340.0,62370.0,Sleep stage W,W,2.1821495213306015e-10,3.324070644367465e-11,8.861262505351308e-12,1.4435396902818228e-11,0.7942242443430432,0.12098426207090632,0.0322518207320026,0.052539672854047946,0.6896599866957457,0.5859375
SC4001,2079,62370.0,62400.0,Sleep stage W,W,2.137730103604592e-10,3.818433150035021e-11,1.1167171977358402e-11,1.9361362871574843e-11,0.7567564539876567,0.13517253303104082,0.0395317886594125,0.06853922432189011,0.7444619619501047,0.5859375
SC4001,2080,62400.0,62430.0,Sleep stage W,W,2.0706359987144832e-10,3.6577499301751315e-11,8.573697800740252e-12,2.4767293873123184e-11,0.7475703545966063,0.13205727196978867,0.030953978917988092,0.08941839451561712,0.7358102235250396,0.5859375
SC4001,2081,62430.0,62460.0,Sleep stage W,W,3.051475758641647e-10,3.032877728030409e-11,7.752930919609665e-12,1.379944449747218e-11,0.8546863360088353,0.08494772228133317,0.021715145867521088,0.03865079584231049,0.5869950257985201,0.5859375
SC4001,2082,62460.0,62490.0,Sleep stage W,W,1.227958949338513e-10,2.0665935818632823e-11,5.854404786357835e-12,1.0750191273321164e-11,0.7671558451039296,0.1291084972046272,0.03657484522490116,0.06716081246654204,0.7213018489597508,0.5859375
SC4001,2083,62490.0,62520.0,Sleep stage W,W,1.7472037879905132e-10,4.077959933156162e-11,7.862585468457306e-12,1.1550425199754274e-11,0.7437663608659753,0.17359448509032666,0.03347020319591903,0.04916895084777905,0.729443758234506,0.5859375
SC4001,2084,62520.0,62550.0,Sleep stage W,W,1.174188051005152e-10,2.4458361525745208e-11,1.0732831829811123e-11,3.203636888133522e-11,0.6359118069512533,0.1324605616586657,0.05812641745720822,0.17350121393287274,0.7872840866543722,1.07421875
SC4001,2085,62550.0,62580.0,Sleep stage W,W,2.2208371055213637e-10,5.612019561988335e-11,8.998956500724862e-12,1.4778822724642788e-11,0.7354211241648292,0.18583973245275787,0.02979967639058259,0.04893946699183053,0.6991196336403359,0.5859375
SC4001,2086,62580.0,62610.0,Sleep stage W,W,1.9370470619245854e-10,3.9790175168304284e-11,1.245967095143549e-11,2.318771656385999e-11,0.7197112033028924,0.1478406767337906,0.04629399537823339,0.08615412458508358,0.7333169474154758,0.68359375
SC4001,2087,62610.0,62640.0,Sleep stage W,W,1.629979165873934e-10,2.4594095202854308e-11,8.347107595810876e-12,1.573679333984206e-11,0.7700352604524237,0.11618750043941573,0.03943343145811566,0.07434380765004496,0.7276589866015953,1.171875
SC4001,2088,62640.0,62670.0,Sleep stage W,W,2.570163289223787e-10,2.4961677009335963e-11,6.608782273630492e-12,1.1551823310602456e-11,0.8563254411827729,0.08316716360903684,0.022019100575732954,0.03848829463245738,0.6226283554732001,0.5859375
SC4001,2089,62670.0,62700.0,Sleep stage W,W,1.5147310487893894e-10,2.078867598246597e-11,6.490870730192497e-12,1.361336734868908e-11,0.7874213216730271,0.10806833814510199,0.03374229381025642,0.07076804637161457,0.6927469995420912,0.5859375
SC4001,2090,62700.0,62730.0,Sleep stage W,W,2.1358252029318466e-10,2.3544329026239363e-11,7.67401414454917e-12,1.0947946782170633e-11,0.835126154008785,0.09206036580807264,0.03000605999755527,0.04280742018558698,0.6705442856643744,0.5859375
SC4001,2091,62730.0,62760.0,Sleep stage W,W,2.1204652172311882e-10,2.7445428980917697e-11,6.6775746404885955e-12,1.1026705106038204e-11,0.8244542361746514,0.10671007476601835,0.025962956878452844,0.04287273218087732,0.7109546819572952,2.1484375
SC4001,2092,62760.0,62790.0,Sleep stage W,W,3.1495480605060534e-10,6.618973653731786e-11,1.1180045914524107e-11,1.1215465129236068e-11,0.7804796654412625,0.1640227182943534,0.027704922507465122,0.027792693756919055,0.7197217918381531,1.46484375
SC4001,2093,62790.0,62820.0,Sleep stage W,W,1.853558692440233e-10,1.6700817830598446e-11,6.555317067866191e-12,1.2891870266408763e-11,0.8368064429512231,0.07539740726958434,0.02959459325648209,0.05820155652271047,0.6556583660979795,0.5859375
SC4001,2094,62820.0,62850.0,Sleep stage W,W,3.4220725292929517e-10,2.5982834948582313e-11,5.3516053183832245e-12,1.1148445505973415e-11,0.8895659610192856,0.06754224331363505,0.013911469985784028,0.028980325681295323,0.6365035510311857,0.5859375
SC4001,2095,62850.0,62880.0,Sleep stage W,W,2.6752109748612027e-10,2.6012660501737823e-11,7.378074277630785e-12,1.3047618413771133e-11,0.8520880543883323,0.08285356738094268,0.023500086592928213,0.04155829163779669,0.6735279323074248,0.5859375
SC4001,2096,62880.0,62910.0,Sleep stage W,W,2.439474138012747e-10,2.9014281656286815e-11,6.474021452343294e-12,1.146766146596699e-11,0.8385857021092205,0.09973855174276423,0.022254885757903815,0.03942086039011138,0.6567664743182828,0.5859375
SC4001,2097,62910.0,62940.0,Sleep stage W,W,2.1441348805511735e-10,2.6066834942412214e-11,6.5505820261516875e-12,9.713945362459685e-12,0.8351228378393655,0.10152817048991646,0.02551397629319418,0.037835015377523776,0.6595477768588719,0.68359375
SC4001,2098,62940.0,62970.0,Sleep stage W,W,1.3648705859583896e-10,1.8903005404491446e-11,6.83312872459628e-12,1.0857185232424506e-11,0.7885761529216835,0.1092151844569541,0.03947951122616588,0.06272915139519646,0.7069175553316304,0.5859375
SC4001,2099,62970.0,63000.0,Sleep stage W,W,2.121158442580072e-10,3.794569747831234e-11,9.05695733024368e-12,1.1373033515263814e-11,0.7841866332501168,0.14028423409828292,0.033483330305372275,0.04204580234622809,0.6659994771127569,0.5859375
SC4001,2100,63000.0,63030.0,Sleep stage W,W,3.4230718989780377e-10,3.5981437964426747e-11,9.862166472706892e-12,1.3201255111685207e-11,0.852885117616245,0.08965056491934534,0.024572358572242693,0.03289195889216679,0.6540303872108126,1.07421875
SC4001,2101,63030.0,63060.0,Sleep stage W,W,1.7163215113404626e-10,2.420109465997548e-11,6.9491468024643975e-12,1.122966071580232e-11,0.8019742275151155,0.11308285811669218,0.03247081972679424,0.05247209464139802,0.714926231113134,0.5859375
SC4001,2102,63060.0,63090.0,Sleep stage W,W,1.865062171851622e-10,3.385764340951042e-11,7.152871975942046e-12,1.6911788450322384e-11,0.7630296841226094,0.1385175644318949,0.02926365526439262,0.06918909618110305,0.6664983170403038,0.5859375
SC4001,2103,63090.0,63120.0,Sleep stage W,W,3.372690200061776e-10,3.519831677447228e-11,1.0328700680537209e-11,1.6479173930273397e-11,0.8447031280274239,0.08815552724099086,0.025868624912981798,0.041272719818603414,0.691117105398122,0.9765625
SC4001,2104,63120.0,63150.0,Sleep stage W,W,4.581570899568788e-10,3.2786308248160024e-11,6.859703367670318e-12,1.0637873080201269e-11,0.9011018245916191,0.06448400086271912,0.013491641527029025,0.02092253301863262,0.595387291900352,0.5859375
SC4001,2105,63150.0,63180.0,Sleep stage W,W,2.590565724013723e-10,3.880717959320258e-11,5.626416284776637e-12,1.2400761422415556e-11,0.8200823386918639,0.12284993313939235,0.017811262545868414,0.03925646562287536,0.6859463799534491,1.26953125
SC4001,2106,63180.0,63210.0,Sleep stage W,W,2.346420151325368e-10,2.965978086367621e-11,6.782884949533695e-12,1.1303491676346942e-11,0.8309201230128954,0.1050319515448278,0.024019720396048244,0.04002820504622853,0.6774819264836714,0.78125
SC4001,2107,63210.0,63240.0,Sleep stage W,W,9.972292266484086e-11,1.2203597963583726e-11,4.474099393052219e-12,9.678914864517958e-12,0.790952494828075,0.09679285361116392,0.03548632533501846,0.07676832622574274,0.704496412761739,0.5859375
SC4001,2108,63240.0,63270.0,Sleep stage W,W,1.0011330617984721e-10,2.5449086109977907e-11,5.776522980441247e-12,9.163973464021553e-12,0.7125355719139448,0.18112856140706082,0.041113197262196643,0.06522266941679757,0.7608289566058409,0.5859375
SC4001,2109,63270.0,63300.0,Sleep stage W,W,4.844983563949318e-10,3.2713024259566805e-11,9.717453554412012e-12,1.4128898729436194e-11,0.8954651729377281,0.060461245201895,0.01796010474083606,0.02611347711954091,0.5965736526698732,1.171875
SC4001,2110,63300.0,63330.0,Sleep stage W,W,3.434337880969508e-10,2.591091118301453e-11,7.1800493998840186e-12,1.3195921389542219e-11,0.8812306209875931,0.06648585300441204,0.01842357860722547,0.03385994740076944,0.6120998568408925,0.5859375
SC4001,2111,63330.0,63360.0,Sleep stage W,W,2.2307396361482836e-10,2.5580544369321233e-11,7.975800993210541e-12,1.1392197360528491e-11,0.8322956406265567,0.09544177732996999,0.0297579524279042,0.04250462961556915,0.6675765477227581,1.07421875
SC4001,2112,63360.0,63390.0,Sleep stage W,W,2.5650123183670165e-10,5.877826641832683e-11,7.930456794194553e-12,1.308562389139803e-11,0.7627255542422444,0.17478156151646934,0.023581805086991092,0.03891107915429518,0.6803284460344466,0.5859375
SC4001,2113,63390.0,63420.0,Sleep stage W,W,4.3062452890575955e-10,3.490680334192059e-11,8.21743032156262e-12,1.2322742656186506e-11,0.8859283547305359,0.07181413221441892,0.016905805489979418,0.025351707565065947,0.6127938952892957,1.171875
SC4001,2114,63420.0,63450.0,Sleep stage W,W,2.995136894528051e-10,3.6770042685003844e-11,7.96502328087601e-12,1.465568754505795e-11,0.8345221000316857,0.10245078712697465,0.022192601504464095,0.040834511336875504,0.6902463154252997,0.5859375
SC4001,2115,63450.0,63480.0,Sleep stage W,W,2.545787563903021e-10,2.8410716415439215e-11,8.665861571830425e-12,1.2822126345641075e-11,0.8361169190836382,0.0933097522159979,0.028461422238765265,0.042111906461598854,0.6788305002764389,0.5859375
SC4001,2116,63480.0,63510.0,Sleep stage W,W,1.9003320072200057e-10,1.6955236658994223e-11,6.678177016678443e-12,8.358095970255584e-12,0.8559101390430217,0.0763664397124843,0.030078530473530107,0.03764489077096393,0.6257401074587086,0.5859375
SC4001,2117,63510.0,63540.0,Sleep stage W,W,3.076861560830186e-10,3.4863676512957586e-11,1.1067038882908213e-11,1.81696557979291e-11,0.8275882354766745,0.09377337250039684,0.029767186465765212,0.04887120555716342,0.68738323384401,0.5859375
SC4001,2118,63540.0,63570.0,Sleep stage W,W,1.939936023053707e-10,2.3801317340265923e-11,7.1158726674851425e-12,9.360601728953004e-12,0.8280720874975019,0.10159719857214511,0.030374483818571305,0.039956230111781614,0.6434042936417036,0.5859375
SC4001,2119,63570.0,63600.0,Sleep stage W,W,3.0935311936114227e-10,5.534704940571069e-11,9.35969147609796e-12,1.0173204152706222e-11,0.8051184242764474,0.14404551438789778,0.024359411886687565,0.026476649448967115,0.6813811796696058,0.5859375
SC4001,2120,63600.0,63630.0,Sleep stage W,W,2.364187545619071e-10,5.191934553821413e-11,7.73516921993556e-12,1.1981993889378341e-11,0.7674556574648587,0.1685390634047247,0.025109680449370255,0.03889559868104652,0.7095539573866086,0.5859375
SC4001,2121,63630.0,63660.0,Sleep stage W,W,1.244472030493215e-10,2.3501743969243934e-11,5.440897691229959e-12,8.248483053212777e-12,0.7699114731735176,0.145397099156469,0.03366093776475668,0.05103048990525679,0.7132603592821303,0.5859375
SC4001,2122,63660.0,63690.0,Sleep stage W,W,3.2804158639335427e-10,4.039045629385087e-11,7.806039287303075e-12,1.22670202831432e-11,0.8443687984715358,0.1039637730859567,0.02009250133895594,0.031574927103551594,0.654449799212464,0.5859375
SC4001,2123,63690.0,63720.0,Sleep stage W,W,2.0042915076417348e-10,2.7417306889093582e-11,6.440957673313323e-12,8.736204323683651e-12,0.8247311559782198,0.1128174575316996,0.026503422517459508,0.03594796397262104,0.651244576182828,0.5859375
SC4001,2124,63720.0,63750.0,Sleep stage W,W,2.7006767773800935e-10,2.2448996060425388e-11,5.5905260542812786e-12,1.0356134325827903e-11,0.8755260279385085,0.07277687028900336,0.01812379441844905,0.03357330735403902,0.5939315925656246,1.171875
SC4001,2125,63750.0,63780.0,Sleep stage W,W,2.6312448970474074e-10,2.6641592653388718e-11,8.422090119001759e-12,1.140726605995725e-11,0.8498978245547352,0.08605292370997625,0.027203534260059264,0.0368457174752292,0.6831367818285192,0.5859375
SC4001,2126,63780.0,63810.0,Sleep stage W,W,3.610282204273729e-10,4.392313112157154e-11,9.44537931046407e-12,1.1564103413915957e-11,0.8475620089421496,0.10311542185915519,0.022174290569642593,0.027148278629052707,0.6432242805204184,1.26953125
SC4001,2127,63810.0,63840.0,Sleep stage W,W,3.197069711422811e-10,3.18261221720806e-11,7.014471461875679e-12,1.0756661781786207e-11,0.8657008183253219,0.08617860258114378,0.01899374812807238,0.029126830965461925,0.6809438991040533,1.171875
SC4001,2128,63840.0,63870.0,Sleep stage W,W,1.988049830036576e-10,2.6450320823731102e-11,6.505344225591633e-12,8.086641801123169e-12,0.82888150674785,0.1102798403093091,0.027122859005614633,0.033715793937226415,0.6638901766297102,0.5859375
SC4001,2129,63870.0,63900.0,Sleep stage W,W,2.2852649275914131e-10,2.0872072569631527e-11,3.997997124965315e-12,8.36235885144927e-12,0.8730418494225834,0.0797377696452858,0.015273584965243682,0.031946795966887064,0.6661129813830485,1.07421875
SC4001,2130,63900.0,63930.0,Sleep stage W,W,1.9241239983811533e-10,2.3232958288290818e-11,5.429864709991775e-12,7.190098747975009e-12,0.842933120557231,0.10178049879426516,0.023787514775803355,0.031498865872700496,0.6465289893524143,0.5859375
SC4001,2131,63930.0,63960.0,Sleep stage W,W,3.0195709188693373e-10,4.3776115859841784e-11,7.875031068203192e-12,1.0151934288672756e-11,0.8300993737456045,0.12034334458975536,0.021648964483968525,0.027908317180671723,0.6712187478445003,0.5859375
SC4001,2132,63960.0,63990.0,Sleep stage W,W,2.0871044803059586e-10,2.0925364762807357e-11,5.8056183539645445e-12,1.0094911987348558e-11,0.8500185567889006,0.08522308549380984,0.023644639648230104,0.04111371806905941,0.6738039069158037,0.5859375
SC4001,2133,63990.0,64020.0,Sleep stage W,W,1.7863308730968403e-10,2.203234172715061e-11,6.394813958254402e-12,1.2272162940312088e-11,0.8144400119437705,0.10045183078710077,0.02915581001805011,0.05595234725107856,0.6592531237750984,0.5859375
SC4001,2134,64020.0,64050.0,Sleep stage W,W,1.6816546181107748e-10,3.257724422441246e-11,9.824812828597598e-12,1.1732352195455127e-11,0.7564802489967914,0.14654639280329002,0.04419621469760563,0.05277714350231285,0.7154389569465152,0.5859375
SC4001,2135,64050.0,64080.0,Sleep stage W,W,1.903197766165336e-10,2.8904121293448755e-11,6.761567566970778e-12,1.0184257277538142e-11,0.8058601856190486,0.12238707382273488,0.02863012027159689,0.043122620286619555,0.6769777854384694,0.5859375
SC4001,2136,64080.0,64110.0,Sleep stage W,W,1.4958344294562662e-10,2.441014566156807e-11,5.457393453077439e-12,9.120028414142349e-12,0.7932472895451884,0.12944802915440742,0.028940787024195877,0.0483638942762083,0.6704606240368686,0.68359375
SC4001,2137,64110.0,64140.0,Sleep stage W,W,2.9105295434642374e-10,3.059573963084774e-11,6.0863041364464954e-12,1.0149038902970407e-11,0.8613989489300685,0.09055100649616245,0.01801299697430183,0.030037047599467202,0.6085592711301722,0.5859375
SC4001,2138,64140.0,64170.0,Sleep stage W,W,3.4554851434095813e-10,3.5337282435636226e-11,5.846313220078604e-12,1.0299868241353643e-11,0.8703291756861877,0.08900361777521859,0.014725043675382871,0.02594216286321078,0.6410879842550802,0.9765625
SC4001,2139,64170.0,64200.0,Sleep stage W,W,1.5995932862624452e-10,3.096996789955364e-11,6.587693078032782e-12,9.98382343220531e-12,0.7708853102106386,0.14925227254013287,0.03174779405268504,0.04811462319654352,0.6786283356062061,0.5859375
SC4001,2140,64200.0,64230.0,Sleep stage W,W,3.5951246745414024e-10,3.657988824176734e-11,9.419513558812952e-12,1.3195835863332847e-11,0.8586239590522385,0.08736378097330154,0.022496632958204456,0.03151562701625546,0.6476623429463934,0.5859375
SC4001,2141,64230.0,64260.0,Sleep stage W,W,4.947317510124828e-10,3.8504626357802006e-11,1.103946477508451e-11,1.7038448467952266e-11,0.8813810004229765,0.06859726716690184,0.019667172134566906,0.03035456027555464,0.5984341858398077,0.5859375
SC4001,2142,64260.0,64290.0,Sleep stage W,W,2.757495966023154e-10,2.421528577678475e-11,7.293022924829787e-12,1.0373300333935804e-11,0.8681439093761462,0.0762371119303461,0.02296066254001702,0.032658316153490595,0.6197185297204979,1.171875
SC4001,2143,64290.0,64320.0,Sleep stage W,W,3.7877028780168576e-10,2.6428021295145588e-11,7.321639811940768e-12,1.2887592857488023e-11,0.8903704109923862,0.06212400745275561,0.017210883900980856,0.030294697653877285,0.6115130631354329,1.07421875
SC4001,2144,64320.0,64350.0,Sleep stage W,W,2.464664950715144e-10,3.3404367810682466e-11,7.518569783946748e-12,1.0509044718707159e-11,0.8273506371538378,0.11213339559143784,0.02523869826374982,0.03527726899097465,0.6726179463951616,0.5859375
SC4001,2145,64350.0,64380.0,Sleep stage W,W,5.350919587285202e-10,3.4402915017666246e-11,1.2426213028146173e-11,1.4074062540988425e-11,0.8978126069368745,0.057723481570593815,0.020849520407039218,0.02361439108549239,0.5620107286532446,0.5859375
SC4001,2146,64380.0,64410.0,Sleep stage W,W,3.8650724903446856e-10,3.6959241007311135e-11,9.35584355974915e-12,1.8372642526369152e-11,0.8566302141735445,0.08191412352258656,0.020735699763414685,0.040719962540454235,0.6579500172376339,1.171875
SC4001,2147,64410.0,64440.0,Sleep stage W,W,2.838067260290541e-10,3.0755898353634197e-11,8.700893959582256e-12,1.3285866223452882e-11,0.8432840440200852,0.09138598899332705,0.025853245789796094,0.03947672119679166,0.6779054884609407,0.5859375
SC4001,2148,64440.0,64470.0,Sleep stage W,W,3.647604575298525e-10,4.715771211889885e-11,8.397619663431811e-12,1.6866332385035952e-11,0.8343444057451096,0.10786743047914261,0.019208515734428368,0.03857964804131934,0.6698793527022517,0.5859375
SC4001,2149,64470.0,64500.0,Sleep stage W,W,3.834311191975821e-10,3.590322476980198e-11,1.1355950286760921e-11,1.5004186813946566e-11,0.8603003525614733,0.08055568622649563,0.025479225723295418,0.03366473548873557,0.6415164382075454,0.5859375
SC4001,2150,64500.0,64530.0,Sleep stage W,W,3.0375713254617357e-10,3.658006254624759e-11,1.020899233761772e-11,1.7094687842968376e-11,0.826233297156106,0.09949944363254906,0.027768926211038422,0.04649833300030632,0.649103742861071,0.5859375
SC4001,2151,64530.0,64560.0,Sleep stage W,W,1.7217764983877843e-10,3.270080315915118e-11,7.646190940417957e-12,1.295731923450175e-11,0.7635983269614829,0.1450262482151776,0.03391043271410832,0.057464992109231214,0.7262402996647151,0.5859375
SC4001,2152,64560.0,64590.0,Sleep stage W,W,3.4934397187931895e-10,4.1224508721584906e-11,7.637440729667663e-12,1.4227256381170681e-11,0.847031690848796,0.09995439491630215,0.018518007624996703,0.03449590660990517,0.6577104361986263,1.07421875
SC4001,2153,64590.0,64620.0,Sleep stage W,W,4.4792180505814497e-10,5.238785828750326e-11,9.848769480151561e-12,1.944819916713577e-11,0.8457632098990027,0.09891843327256912,0.01859638623309939,0.03672197059532893,0.6267002979397777,0.5859375
SC4001,2154,64620.0,64650.0,Sleep stage W,W,4.3737735968708674e-10,6.606562787750295e-11,1.1299546290576286e-11,1.8824284559668167e-11,0.8197236870660075,0.12381884629515823,0.02117737816632965,0.03528008847250464,0.6579131089387367,0.5859375
SC4001,2155,64650.0,64680.0,Sleep stage W,W,2.748151021903047e-10,3.220359082085818e-11,8.353914792587585e-12,1.3753078483517516e-11,0.8349852765682959,0.09784587518565838,0.025382141657871417,0.041786706588174134,0.6538175035238973,0.5859375
SC4001,2156,64680.0,64710.0,Sleep stage W,W,2.575489430109026e-10,2.4933457690352503e-11,7.543617978007101e-12,1.1810786094476321e-11,0.8532721621008585,0.08260575680637423,0.024992372893895137,0.03912970819887212,0.6547705454167045,0.5859375
SC4001,2157,64710.0,64740.0,Sleep stage W,W,5.535925013774355e-10,4.1022042078956115e-11,7.936496947978966e-12,1.303116029519743e-11,0.8992990712667043,0.06663942205011338,0.01289266801242737,0.021168838670754916,0.5365571452680253,0.5859375
SC4001,2158,64740.0,64770.0,Sleep stage W,W,9.400126886620121e-11,1.5431186485312063e-11,5.981985714718817e-12,1.1200896951256316e-11,0.742416126972054,0.12187454321830006,0.047245348062748695,0.08846398174689721,0.7263211494389352,0.5859375
SC4001,2159,64770.0,64800.0,Sleep stage W,W,6.246611154009942e-10,5.305551469742638e-11,1.2454398106434259e-11,1.3785807745547103e-11,0.8873571268864068,0.07536756799271208,0.017691991142638395,0.019583313978242835,0.6337989452119315,1.85546875
SC4001,2160,64800.0,64830.0,Sleep stage W,W,5.728577332278559e-10,5.1776666531693825e-11,1.2400705923120945e-11,2.4127322851847284e-11,0.8664402399537562,0.0783115680763319,0.018755914413659897,0.03649227755625204,0.6194786450462407,0.5859375
SC4001,2161,64830.0,64860.0,Sleep stage W,W,3.2320210341047774e-10,2.9875110937805175e-11,6.9603230022155605e-12,1.1862549870688537e-11,0.8690562721440122,0.08033101352847223,0.01871557238456876,0.031897141942946905,0.6021677610977257,0.5859375
SC4001,2162,64860.0,64890.0,Sleep stage W,W,3.7968968560479383e-10,3.4864038798267943e-11,1.207917050277593e-11,9.730248570110016e-12,0.8701231790116166,0.07989684582559078,0.027681463669357156,0.02229851149343539,0.6514547149351317,1.07421875
SC4001,2163,64890.0,64920.0,Sleep stage W,W,1.3784161681009273e-10,1.237247616552372e-11,8.071629420734857e-12,9.950297861449502e-12,0.8193347453111859,0.07354237306947964,0.047978009753001094,0.05914487186633342,0.6520942514288606,0.5859375
SC4001,2164,64920.0,64950.0,Sleep stage W,W,1.6527065119001728e-10,2.543604967100617e-11,7.410032822934109e-12,1.254520428130628e-11,0.7845301946157394,0.12074345236110157,0.03517499598886227,0.05955135703429665,0.6242142599061333,0.5859375
SC4001,2165,64950.0,64980.0,Sleep stage W,W,2.6789926743187777e-10,3.8555394150325863e-11,1.1111351220863106e-11,2.280902756936703e-11,0.7870708355663977,0.11327327088419609,0.032644435998318844,0.06701145755108748,0.7057209074998496,1.26953125
SC4001,2166,64980.0,65010.0,Sleep stage W,W,3.6045630521929747e-10,4.643935840169669e-11,9.34962566860683e-12,2.1013370798816622e-11,0.824354868457974,0.10620569159752316,0.02138236819990312,0.04805707174459971,0.6960336159668983,0.5859375
SC4001,2167,65010.0,65040.0,Sleep stage W,W,3.6277060200610087e-10,3.02721276958235e-11,1.020744493567457e-11,1.2541982026541261e-11,0.8724806281017274,0.07280591326852777,0.024549392700352755,0.03016406592939212,0.595742835550309,0.5859375
SC4001,2168,65040.0,65070.0,Sleep stage W,W,1.9945507338911855e-10,2.9305649589282566e-11,6.871146158387167e-12,1.0821556167353108e-11,0.8093012833681517,0.11890948382282482,0.027880100063156655,0.04390913274586678,0.6640709298814925,0.5859375
SC4001,2169,65070.0,65100.0,Sleep stage W,W,2.1862540295279307e-10,1.6935335507661302e-11,6.277181992575393e-12,1.3089554704259111e-11,0.8575984319379555,0.0664319744163013,0.02462340314123617,0.05134619050450692,0.5969947742611211,0.5859375
SC4001,2170,65100.0,65130.0,Sleep stage W,W,1.0468744211908802e-10,2.4215015420488065e-11,9.428298945619161e-12,1.3889610118343688e-11,0.6877361055879508,0.159078682838523,0.06193848534194745,0.09124672623157888,0.7056548847924174,0.5859375
SC4001,2171,65130.0,65160.0,Sleep stage W,W,5.190767775024392e-10,5.3845106040418e-11,1.1063259630315082e-11,1.5292796095625893e-11,0.8661703418213335,0.08984997196145157,0.01846098263489189,0.02551870358232311,0.5925809787731731,0.5859375
SC4001,2172,65160.0,65190.0,Sleep stage W,W,1.5872455350817397e-10,2.505569784988807e-11,7.826178081769372e-12,1.3473005451989734e-11,0.7739662126136672,0.12217557486007742,0.03816169127780979,0.06569652124844555,0.6334258443707336,0.5859375
SC4001,2173,65190.0,65220.0,Sleep stage W,W,6.056187354110916e-10,6.067878549223699e-11,9.24609488647569e-12,1.8053958759860992e-11,0.8731557860540444,0.08748413737120425,0.013330633245767819,0.026029443328983607,0.6191968280961301,1.171875
SC4001,2174,65220.0,65250.0,Sleep stage W,W,5.056504426853942e-10,6.309647269840606e-11,1.0829980701451395e-11,1.5350362210936516e-11,0.8499365857491993,0.10605745798084293,0.0182038737516707,0.025802082518287042,0.6528723643779605,0.5859375
SC4001,2175,65250.0,65280.0,Sleep stage W,W,3.452789669316376e-10,4.453469141910008e-11,9.878032819074627e-12,1.2691291856600313e-11,0.8372774366141168,0.1079935236227914,0.023953541309055304,0.030775498454036477,0.6498604301055391,0.5859375
SC4001,2176,65280.0,65310.0,Sleep stage W,W,3.8123528360694674e-10,4.970242105234365e-11,1.2441960020960002e-11,1.7371122062540905e-11,0.8274218831009114,0.10787267755679264,0.02700366527622574,0.037701774066070406,0.6388715909132796,0.5859375
SC4001,2177,65310.0,65340.0,Sleep stage W,W,2.837640234870652e-10,5.645826175613688e-11,1.4511708072647561e-11,1.6951618036701423e-11,0.7634517313017788,0.1518978944347273,0.039042964347852906,0.045607409915640995,0.7158311241306913,0.5859375
SC4001,2178,65340.0,65370.0,Sleep stage W,W,2.6770097673610385e-10,4.5275709151826134e-11,1.0747158637648251e-11,1.3375628447845233e-11,0.7941305110174677,0.13430964086792155,0.03188126799146774,0.03967858012314291,0.6858794944898448,0.5859375
SC4001,2179,65370.0,65400.0,Sleep stage W,W,3.8195977773683156e-10,5.4425121005447076e-11,1.3878138178492664e-11,1.93924511722525e-11,0.8132765131473935,0.11588307256119446,0.02954961355789341,0.04129080073351868,0.6685699040659806,0.5859375
SC4001,2180,65400.0,65430.0,Sleep stage W,W,2.762684625149418e-10,4.3966380063017574e-11,8.294584473436726e-12,1.558839368492985e-11,0.8028310243386887,0.12776548441734442,0.02410390852670284,0.04529958271726408,0.6783278258964556,1.07421875
SC4001,2181,65430.0,65460.0,Sleep stage W,W,2.3760812796359524e-10,2.2349352862194176e-11,8.901608409800826e-12,2.1760469166041667e-11,0.8175916626892136,0.07690243900001975,0.030629763732208746,0.07487613457855793,0.6640993158779915,0.5859375
SC4001,2182,65460.0,65490.0,Sleep stage W,W,2.8220343781056116e-10,3.427242146766006e-11,6.796049715290048e-12,1.380457148181343e-11,0.8372089248487912,0.10167550527207113,0.02016174402232595,0.040953825856811676,0.6841942516190797,1.26953125
SC4001,2183,65490.0,65520.0,Sleep stage W,W,2.138340671209493e-10,2.8279447909486343e-11,7.126159826252766e-12,1.463161970845348e-11,0.8103726002987417,0.10717136911800383,0.02700619572127627,0.05544983486197803,0.6884195075850932,0.5859375
SC4001,2184,65520.0,65550.0,Sleep stage W,W,2.504259469369076e-10,3.045275084898927e-11,9.188398813914111e-12,1.6012340703962255e-11,0.8181730505743466,0.09949296534665925,0.03001965403116886,0.05231433004782535,0.6993282362567718,0.5859375
SC4001,2185,65550.0,65580.0,Sleep stage W,W,2.1004705298542682e-10,4.0250708215844546e-11,7.155866006386228e-12,1.465078536366629e-11,0.7719354897648686,0.14792376145423236,0.02629823580869176,0.05384251297220705,0.7076908155478352,0.5859375
SC4001,2186,65580.0,65610.0,Sleep stage W,W,4.5622833526029586e-10,3.9169971221496855e-11,1.1608545312579434e-11,1.6160101249712384e-11,0.8720511351217782,0.07487088202644217,0.022188988132821236,0.030888994718958597,0.625393065977631,0.5859375
SC4001,2187,65610.0,65640.0,Sleep stage W,W,3.5850410998125284e-10,4.777584818674391e-11,9.343802332770637e-12,1.5597942180947993e-11,0.8313684300946806,0.11079184533067728,0.0216682098202912,0.03617151475435092,0.6865494220460153,0.5859375
SC4001,2188,65640.0,65670.0,Sleep stage W,W,3.064108750772802e-10,3.262124485131186e-11,8.391293517754638e-12,1.5017536874301993e-11,0.8454090930017728,0.0900043022800048,0.02315216729878599,0.041434437419436455,0.6817149638234897,0.5859375
SC4001,2189,65670.0,65700.0,Sleep stage W,W,2.6344197302178943e-10,3.383801775925758e-11,9.195178185451536e-12,1.4548714142321202e-11,0.8206304480233597,0.10540654306329995,0.02864328378438616,0.045319725128954096,0.6149475187509194,0.5859375
SC4001,2190,65700.0,65730.0,Sleep stage W,W,2.8537698104743884e-10,5.944051679847015e-11,1.372134976765607e-11,2.4001413350241434e-11,0.7460050880093884,0.15538368863112695,0.0358690343680042,0.06274218899148055,0.6825102046919445,1.07421875
SC4001,2191,65730.0,65760.0,Sleep stage W,W,1.7356040633182307e-10,2.5541397983336355e-11,6.413491296785794e-12,1.0567015000780937e-11,0.8032143206895217,0.11820216986254355,0.029680778952240947,0.04890273049569377,0.687063636401372,1.07421875
SC4001,2192,65760.0,65790.0,Sleep stage W,W,2.3118356972253274e-10,3.096212196028034e-11,7.0297278709551306e-12,1.037606821391523e-11,0.8269802874905604,0.11075641989074617,0.025146451292711657,0.03711684132598174,0.6824561861257331,0.5859375
SC4001,2193,65790.0,65820.0,Sleep stage W,W,2.999388533807723e-10,1.9740099940277173e-11,6.454665789977836e-12,1.1691017990863092e-11,0.887853698160885,0.058432979043868294,0.019106557311363473,0.03460676548388327,0.6635128860864693,0.9765625
SC4001,2194,65820.0,65850.0,Sleep stage W,W,2.700236923738759e-10,2.591424610968303e-11,6.6147070417875095e-12,1.1977452281479518e-11,0.8584987390927389,0.08239035402455731,0.02103044219904845,0.03808046468365541,0.6363340865445233,1.07421875
SC4001,2195,65850.0,65880.0,Sleep stage W,W,4.47285350332507e-10,3.503033399675685e-11,1.1652926624716764e-11,1.8557580942897694e-11,0.8727073023860253,0.06834837819138237,0.022736255842045562,0.03620806358054679,0.6267421484520932,1.07421875
SC4001,2196,65880.0,65910.0,Sleep stage W,W,4.880493853461782e-10,5.8119539937290974e-11,1.262005273692445e-11,1.6098817466557137e-11,0.8489472018322858,0.10109718869238062,0.021952201518271593,0.02800340795706205,0.657936289706155,0.5859375
SC4001,2197,65910.0,65940.0,Sleep stage W,W,3.7946527036071724e-10,6.136664760626801e-11,8.506484690544427e-12,1.509310895776213e-11,0.817053237927241,0.1321328249085316,0.01831590768024954,0.0324980294839778,0.6470415123536474,0.5859375
SC4001,2198,65940.0,65970.0,Sleep stage W,W,2.170642988907626e-10,3.8634011993391715e-11,1.0779625579532998e-11,1.4071063416157356e-11,0.7737126098604106,0.13770860708802435,0.03842332563705366,0.05015545741451156,0.7167110518558698,0.5859375
SC4001,2199,65970.0,66000.0,Sleep stage W,W,4.536518879451971e-10,4.975084126031036e-11,1.1573253062480014e-11,1.842999738779339e-11,0.8504814442424307,0.0932701228666685,0.021696894117963394,0.034551538772937436,0.6102969595235438,0.5859375
SC4001,2200,66000.0,66030.0,Sleep stage W,W,4.2653342828639905e-10,5.355793853697068e-11,1.3711375393172446e-11,1.6655442768455144e-11,0.8355893603683426,0.10492130425638053,0.02686091789002351,0.03262841748525329,0.5806107714115478,0.5859375
SC4001,2201,66030.0,66060.0,Sleep stage W,W,6.180470972755802e-10,5.6398079412386425e-11,1.1815446856988732e-11,1.7339109963725262e-11,0.8784072361618582,0.08015648205428237,0.016792852945051548,0.02464342883880774,0.6442548607632962,0.5859375
SC4001,2202,66060.0,66090.0,Sleep stage W,W,3.4869837064992043e-10,3.166243024005713e-11,1.331233988395225e-11,2.6112022485241998e-11,0.830659111300313,0.07542531992849165,0.031712268677140755,0.06220330009405468,0.6331153957143107,0.5859375
SC4001,2203,66090.0,66120.0,Sleep stage W,W,4.14986331573042e-10,6.097789008673241e-11,1.5207679070696008e-11,2.5741646412356805e-11,0.8028157394342349,0.11796535498785014,0.029420159627764626,0.049798745950150526,0.6884894905767526,0.5859375
SC4001,2204,66120.0,66150.0,Sleep stage W,W,4.435333394193845e-10,3.7462951411256904e-11,1.2767068522405606e-11,2.194079002017932e-11,0.8600538505622721,0.0726442698915423,0.024756575136970247,0.04254530440921524,0.5996678765201143,0.5859375
SC4001,2205,66150.0,66180.0,Sleep stage W,W,5.579961002235055e-10,4.583508473763507e-11,1.2616303255339198e-11,2.083247954924248e-11,0.8755902090878789,0.071922996259134,0.019797112561958357,0.0326896820910287,0.6100701558283761,0.5859375
SC4001,2206,66180.0,66210.0,Sleep stage W,W,4.4541873075738505e-10,4.086233681322214e-11,1.2749170832365707e-11,1.7050640343923814e-11,0.8630793139224856,0.07917816469472878,0.02470382329088059,0.03303869809190512,0.6143744379587781,0.5859375
SC4001,2207,66210.0,66240.0,Sleep stage W,W,2.2509695407897813e-10,2.4696893116864848e-11,6.005948144150777e-12,1.4002313897789003e-11,0.8343039078341491,0.09153706465318591,0.022260567795849208,0.05189845971681579,0.6624512654490727,1.07421875
SC4001,2208,66240.0,66270.0,Sleep stage W,W,5.50996994436563e-10,4.961423224712017e-11,1.266244706018742e-11,1.9339497572441478e-11,0.8709856503462836,0.0784274411231198,0.020016097726577503,0.030570810804019063,0.6524835284611309,1.26953125
SC4001,2209,66270.0,66300.0,Sleep stage W,W,1.125243742180907e-10,2.2488461171963978e-11,1.1138873817464651e-11,2.2417793865943967e-11,0.6675250989442147,0.13340764943800903,0.06607881980057972,0.1329884318171965,0.7750407496997342,0.5859375
SC4001,2210,66300.0,66330.0,Sleep stage W,W,3.544310483650421e-10,3.023749192944091e-11,8.539476724252306e-12,1.3556897375110651e-11,0.8713412485273199,0.07433652918295644,0.02099364134435657,0.03332858094536719,0.6134140630154525,1.171875
SC4001,2211,66330.0,66360.0,Sleep stage W,W,3.557069663524766e-10,4.949863772462059e-11,1.578586242949904e-11,3.5075453263903685e-11,0.7799446768282908,0.10853371638865866,0.03461303976495979,0.07690856701809069,0.7331619610116217,1.26953125
SC4001,2212,66360.0,66390.0,Sleep stage W,W,3.495423049884004e-10,4.801478426541363e-11,1.1357647343770374e-11,1.3390506796223987e-11,0.8277006039028622,0.11369686977966043,0.026894402855375237,0.03170812346210218,0.649116081432455,0.5859375
SC4001,2213,66390.0,66420.0,Sleep stage W,W,3.526259849847323e-10,4.5600819580547224e-11,8.999679320789295e-12,1.092945989883777e-11,0.8432882282934092,0.10905218557410637,0.02152230395036212,0.026137282182122294,0.6739900209984261,0.5859375
SC4001,2214,66420.0,66450.0,Sleep stage W,W,4.745799336858282e-10,8.87157263073137e-11,9.981451068005975e-12,1.29954132774273e-11,0.8094869092172499,0.1513216509803211,0.017025275198197142,0.02216616460423171,0.671128680988799,0.5859375
SC4001,2215,66450.0,66480.0,Sleep stage W,W,4.797922301714663e-10,4.718326072195415e-11,1.1952685157289344e-11,1.319405730757181e-11,0.8689963946083673,0.08545799801424792,0.021648621328989374,0.023896986048395484,0.6333408886817093,0.5859375
SC4001,2216,66480.0,66510.0,Sleep stage W,W,2.6797143320505544e-10,2.510483636836083e-11,9.005016387658422e-12,1.3359374419206902e-11,0.84951455808519,0.07958655785876027,0.028547418005029423,0.04235146605102024,0.6759149415366376,0.5859375
SC4001,2217,66510.0,66540.0,Sleep stage W,W,3.8935672133705656e-10,4.114387912829793e-11,1.0761766973693132e-11,1.6375445673237247e-11,0.8507966566161458,0.08990489410935755,0.023515904204910294,0.0357825450695863,0.6702150219941931,1.26953125
SC4001,2218,66540.0,66570.0,Sleep stage W,W,5.631556706717052e-10,4.1882461510306526e-11,9.64852988045926e-12,1.540695906293757e-11,0.8937650720314455,0.06647021983098379,0.015312851228720654,0.024451856908849892,0.6202125746304135,0.5859375
SC4001,2219,66570.0,66600.0,Sleep stage W,W,5.062278646903917e-10,4.742798760904222e-11,1.0912671594915626e-11,1.3803792125783566e-11,0.8752629589428169,0.08200252034087893,0.01886790099154012,0.023866619724764032,0.6269912061952095,0.5859375
SC4001,2220,66600.0,66630.0,Sleep stage W,W,3.8916161938886827e-10,3.7451144726951886e-11,1.0382132834508619e-11,1.492714651420149e-11,0.861125552552101,0.08287080762833222,0.022973282637237576,0.03303035718232909,0.6475630814848503,1.07421875
SC4001,2221,66630.0,66660.0,Sleep stage W,W,2.4728517347096413e-10,3.0875707858305795e-11,8.904899440575402e-12,1.5491663647159667e-11,0.8173164403455864,0.10204907672260352,0.02943209497863841,0.05120238795317168,0.6412523740840208,0.5859375
SC4001,2222,66660.0,66690.0,Sleep stage W,W,3.3191245986384927e-10,3.171197668556854e-11,9.367976697957847e-12,1.245625124429073e-11,0.861106783964549,0.08227289288287097,0.02430408394412893,0.03231623920845117,0.6293932434398425,0.5859375
SC4001,2223,66690.0,66720.0,Sleep stage W,W,2.5199951743957294e-10,3.584127153162758e-11,1.4967870562924592e-11,1.8859372635075233e-11,0.7834148632681622,0.11142316906634582,0.046532042559489874,0.058629925106001915,0.7025227248605517,0.5859375
SC4001,2224,66720.0,66750.0,Sleep stage W,W,1.9077948439388146e-10,2.2117523284201773e-11,1.1033097001889947e-11,2.5195554212383873e-11,0.7657962059874132,0.08878059121866037,0.04428727675400614,0.10113592603992046,0.7188672230253035,0.5859375
SC4001,2225,66750.0,66780.0,Sleep stage W,W,2.9008179917815067e-10,2.1046957034131487e-11,8.668010990021922e-12,2.5203713013635477e-11,0.8408156388553004,0.06100558764717651,0.02512463456455631,0.0730541389329667,0.6416474044184433,0.5859375
SC4001,2226,66780.0,66810.0,Sleep stage W,W,3.4067509395383126e-10,2.3895281033969192e-11,1.0929250881754504e-11,2.3184708365500715e-11,0.8544983203502963,0.059935339771542286,0.027413294035553582,0.05815304584260767,0.6578797897176132,1.07421875
SC4001,2227,66810.0,66840.0,Sleep stage W,W,3.9697286041756646e-10,4.780737155754709e-11,1.1837963514337657e-11,1.7453951216785897e-11,0.8373680317978143,0.10084408436501403,0.02497080580790407,0.03681707802926753,0.6438131191804226,0.5859375
SC4001,2228,66840.0,66870.0,Sleep stage W,W,4.118460623572144e-10,4.0392438135439084e-11,8.600831708039601e-12,1.3638720254556688e-11,0.867998130210791,0.08513025613392029,0.01812693266534343,0.0287446809899453,0.6672009194033616,1.85546875
SC4001,2229,66870.0,66900.0,Sleep stage W,W,4.0081252121063584e-10,3.385400917163392e-11,9.717956431541501e-12,2.1785900160118054e-11,0.8597983321344077,0.07262153521031617,0.020846361551672264,0.04673377110360387,0.6530407034072281,1.26953125
SC4001,2230,66900.0,66930.0,Sleep stage W,W,2.8823610301792103e-10,3.752161699286642e-11,1.006207679843933e-11,1.3738354186893917e-11,0.8245726846779201,0.10734012891973108,0.02878512994122971,0.039302056461119055,0.6851806491475799,1.07421875
SC4001,2231,66930.0,66960.0,Sleep stage W,W,5.454230422649849e-10,4.039023003496618e-11,1.228989953919888e-11,2.3456640775214346e-11,0.8775069288518865,0.06498204873490683,0.019772673988535244,0.0377383484246714,0.6260522706803215,0.5859375
SC4001,2232,66960.0,66990.0,Sleep stage W,W,5.389872170078246e-10,3.329840523115764e-11,1.0437948985231392e-11,1.4522379212442167e-11,0.9024543684452991,0.055753254093749254,0.017476801605100956,0.024315575855850726,0.562658703786247,0.5859375
SC4001,2233,66990.0,67020.0,Sleep stage W,W,3.9787880879700135e-10,3.1641515517450266e-11,8.377773446514553e-12,1.4077532600391735e-11,0.8803103133655552,0.07000712735806715,0.018535896370820835,0.031146662905556746,0.6072412828556546,1.26953125
SC4001,2234,67020.0,67050.0,Sleep stage W,W,2.984631099551803e-10,3.7707731184431266e-11,7.774368492079385e-12,1.1892322104026996e-11,0.8387623095836054,0.1059689544284411,0.02184808458556148,0.0334206514023919,0.702566646138043,0.9765625
SC4001,2235,67050.0,67080.0,Sleep stage W,W,2.49427548407339e-10,2.2826138712099685e-11,6.846326192260181e-12,1.1407583507793657e-11,0.8585921715579828,0.07857329364878109,0.023566771634251478,0.03926776315898473,0.6306895364894584,0.5859375
SC4001,2236,67080.0,67110.0,Sleep stage W,W,5.383064658877917e-10,5.805678728839673e-11,1.156229501804939e-11,1.4457205992448764e-11,0.8649122461486524,0.09328148458140331,0.0185774669048449,0.023228802365099367,0.6450653933504329,0.9765625
SC4001,2237,67110.0,67140.0,Sleep stage W,W,1.902842663768585e-10,2.0619341884834326e-11,5.9880484919925335e-12,1.1489798513652104e-11,0.8331861540776883,0.09028465932445283,0.026219504052914795,0.05030968254494412,0.6866229103203527,0.5859375
SC4001,2238,67140.0,67170.0,Sleep stage W,W,2.2839553663460585e-10,2.702632288215224e-11,1.4289049688402318e-11,3.751365580976086e-11,0.7434156074840993,0.08796927706884254,0.04651011447508544,0.12210500097197273,0.717441481844417,0.5859375
SC4001,2239,67170.0,67200.0,Sleep stage W,W,2.883571643882166e-10,3.048881218004307e-11,1.2670324811720319e-11,3.411952763931598e-11,0.788645809579561,0.08338573454855285,0.03465285348458468,0.0933156023873015,0.7285216545158741,0.9765625
SC4001,2240,67200.0,67230.0,Sleep stage W,W,2.2096864496503487e-10,1.9133214164943213e-11,8.479986015923047e-12,1.3020630958633696e-11,0.8446733695163384,0.07313850560534331,0.03241554186411635,0.04977258301420177,0.6611867858028331,0.5859375
SC4001,2241,67230.0,67260.0,Sleep stage W,W,3.138420341737481e-10,3.228093290749162e-11,7.16318463214371e-12,1.8254092358262914e-11,0.8447053560992657,0.08688408166429125,0.019279700507389422,0.04913086172905368,0.6677827408435468,0.5859375
SC4001,2242,67260.0,67290.0,Sleep stage W,W,1.2578289266238154e-10,1.5361467736070684e-11,7.323081087581893e-12,2.1855986017609026e-11,0.7384943721831284,0.09018998713927423,0.04299514867046258,0.1283204920071347,0.677679634554437,0.5859375
SC4001,2243,67290.0,67320.0,Sleep stage W,W,1.6047853502143686e-10,2.5611767025900972e-11,1.189661560196296e-11,3.5589252945940075e-11,0.687050115653821,0.10965059903427843,0.05093248841115025,0.15236679690075033,0.7364016543164781,0.5859375
SC4001,2244,67320.0,67350.0,Sleep stage W,W,4.850004497502528e-10,3.9235414303735926e-11,1.5521113208036614e-11,3.468964016881285e-11,0.8442915930454504,0.06830123655216712,0.027019243802763472,0.06038792659961897,0.6162589139301733,0.5859375
SC4001,2245,67350.0,67380.0,Sleep stage W,W,4.437943837375193e-10,3.191407623997811e-11,1.0656435845811504e-11,2.8658200091420382e-11,0.861698023365921,0.06196630110984775,0.02069118051275871,0.055644495011472714,0.656347467179646,0.5859375
SC4001,2246,67380.0,67410.0,Sleep stage W,W,3.858385625652296e-10,4.348232654027835e-11,6.654584869440815e-12,1.265361411453057e-11,0.8600391120610392,0.0969226643895319,0.014833155152243614,0.028205068397185156,0.6371571586457592,1.171875
SC4001,2247,67410.0,67440.0,Sleep stage W,W,4.802897268993012e-10,3.8109887858283894e-11,9.936122230609735e-12,1.7300165533516615e-11,0.8802384972828834,0.06984490515040376,0.018210169427431262,0.031706428139281435,0.5996718681324515,0.5859375
SC4001,2248,67440.0,67470.0,Sleep stage W,W,2.7829160099416663e-10,2.7770924411404625e-11,5.333640040044628e-12,9.870166384083426e-12,0.8662333192812958,0.0864420627372985,0.016601926537611625,0.03072269144379412,0.6571805766512056,1.07421875
SC4001,2249,67470.0,67500.0,Sleep stage W,W,3.210286186972834e-10,3.5085765117020275e-11,9.367627472743909e-12,1.3788912089534864e-11,0.8464361460647233,0.09250844964506602,0.024699039381520644,0.03635636490869007,0.6838777813010372,0.5859375
SC4001,2250,67500.0,67530.0,Sleep stage W,W,2.9858032956876364e-10,3.2334240820076583e-11,7.472297317164753e-12,1.6703209305528105e-11,0.8408579932214383,0.09105926330638181,0.02104338532930071,0.04703935814287933,0.691135915813396,1.171875
SC4001,2251,67530.0,67560.0,Sleep stage W,W,2.725979812843313e-10,2.943575381859128e-11,7.278146097538427e-12,1.207682921395006e-11,0.8481877939422104,0.09158925894016523,0.022645929560356062,0.03757701755726804,0.6447092843096689,0.5859375
SC4001,2252,67560.0,67590.0,Sleep stage W,W,4.075962352732581e-10,4.043254324301173e-11,8.995473347359312e-12,1.3643286470008447e-11,0.8659960632006222,0.08590467782452142,0.019112160101814324,0.028987098873042016,0.5730189677057438,0.5859375
SC4001,2253,67590.0,67620.0,Sleep stage W,W,2.0975124131784259e-10,2.579184623364049e-11,9.624468860859824e-12,1.9656548962804526e-11,0.7920398372372894,0.09739236614092962,0.03634287312035242,0.07422492350142837,0.6718121561640574,0.5859375
SC4001,2254,67620.0,67650.0,Sleep stage W,W,3.2486320610144264e-10,3.1923530572348186e-11,1.1094784772798288e-11,1.736662768506229e-11,0.843257019751253,0.08286485125056088,0.028799060547872617,0.04507906845031348,0.6763306451771819,0.5859375
SC4001,2255,67650.0,67680.0,Sleep stage W,W,1.6059607304089275e-10,2.0168154048016833e-11,8.364902970904015e-12,1.9524964058275695e-11,0.7696761174022411,0.0966583192784251,0.04008980991367386,0.09357575340566,0.723759137680998,0.5859375
SC4001,2256,67680.0,67710.0,Sleep stage W,W,1.1250179843100895e-10,1.3038534626905206e-11,6.153934917600017e-12,1.4456192941920958e-11,0.7697669766129897,0.08921309276110373,0.04210684577366173,0.09891308485224487,0.7109873052396279,1.07421875
SC4001,2257,67710.0,67740.0,Sleep stage W,W,2.3141819164400905e-10,2.5592216170403124e-11,8.36290238819298e-12,1.9128386109790964e-11,0.8134158588281355,0.08995452927739904,0.029394912215251343,0.06723469967921424,0.6740366393269859,0.5859375
SC4001,2258,67740.0,67770.0,Sleep stage W,W,2.6835206187974585e-10,3.3149085009990796e-11,9.709963513858102e-12,1.795965084183256e-11,0.8152366293544052,0.10070482835282894,0.029498256397743738,0.054560285895022057,0.6855224337219659,1.07421875
SC4001,2259,67770.0,67800.0,Sleep stage W,W,2.8122529820339827e-10,4.3504501478862197e-11,1.0524350855883757e-11,2.5823187286373126e-11,0.7788505916704002,0.12048527260385773,0.02914708222701743,0.07151705349872478,0.7142984279723452,1.07421875
SC4001,2260,67800.0,67830.0,Sleep stage W,W,3.1478729774674427e-10,4.9176724070074807e-11,9.316153447958805e-12,1.4632397665726198e-11,0.8114903195033576,0.12677269957652287,0.02401611625418449,0.037720864665935036,0.6746953842474673,0.5859375
SC4001,2261,67830.0,67860.0,Sleep stage W,W,3.442738473086869e-10,3.673632120282958e-11,7.283405005305258e-12,1.585466310848278e-11,0.8518504254365248,0.09089813556922359,0.018021617677025464,0.039229821317226285,0.6401207089665908,0.5859375
SC4001,2262,67860.0,67890.0,Sleep stage W,W,2.91479569144873e-10,2.5424604172882793e-11,1.1870420951306019e-11,3.1529954006433254e-11,0.8089810981847575,0.07056420546055028,0.03294552069387059,0.08750917566082154,0.6783547835236509,0.5859375
SC4001,2263,67890.0,67920.0,Sleep stage W,W,5.217113524337686e-10,4.47896066292897e-11,9.464770425660233e-12,1.803541681523773e-11,0.8783002451763009,0.07540323265027912,0.015933926196191238,0.030362595977228683,0.6481114365765344,1.171875
SC4001,2264,67920.0,67950.0,Sleep stage W,W,3.7481774620119326e-10,4.084396382157345e-11,1.3995419836257993e-11,2.6904506111902375e-11,0.820957602808881,0.08945991209864665,0.03065395498352646,0.0589285301089459,0.6910834384832777,0.5859375
SC4001,2265,67950.0,67980.0,Sleep stage W,W,4.272392896727693e-10,3.179984211603651e-11,8.259047612808419e-12,1.505660175279411e-11,0.8857366120643971,0.0659262504663698,0.017122350467931997,0.031214787001301206,0.6410897503960901,1.171875
SC4001,2266,67980.0,68010.0,Sleep stage W,W,3.082167246154403e-10,3.863287022507486e-11,8.168246693979676e-12,1.1499895549704304e-11,0.8409326300752383,0.1054051859329248,0.022286088414060046,0.03137609557777681,0.6800291146271235,1.07421875
SC4001,2267,68010.0,68040.0,Sleep stage W,W,3.6506477617078317e-10,3.625133563746893e-11,8.43611419482235e-12,1.1046697130170605e-11,0.867551593175504,0.08614883176873062,0.020047851196974366,0.026251723858791088,0.6501885519500666,1.171875
SC4001,2268,68040.0,68070.0,Sleep stage W,W,1.0985544721665755e-10,1.5032243163018637e-11,4.757153478848159e-12,8.98347704262936e-12,0.7924459194379762,0.10843558563864518,0.034315884719112746,0.06480261020426598,0.6702192761627012,0.5859375
SC4001,2269,68070.0,68100.0,Sleep stage W,W,3.1963735400603837e-10,4.3240651063595686e-11,1.3458339282286198e-11,3.2940191648946376e-11,0.7809813802894421,0.10565142943719628,0.032883241765557014,0.08048394850780458,0.7240431470924237,0.5859375
SC4001,2270,68100.0,68130.0,Sleep stage W,W,1.6967329769854204e-10,1.7842718983640105e-11,6.8493217498889635e-12,1.2702488093463332e-11,0.8194092754318782,0.08616847572618841,0.03307767249415903,0.0613445763477743,0.6946806167644083,0.5859375
SC4001,2271,68130.0,68160.0,Sleep stage W,W,3.276668922440065e-10,2.7984339965675938e-11,7.790952872638026e-12,1.1216078406874857e-11,0.8745753775519115,0.07469297408539068,0.020794824595835208,0.02993682376686272,0.6132118255665482,0.5859375
SC4001,2272,68160.0,68190.0,Sleep stage W,W,2.1498865368487279e-10,1.7894859328173067e-11,6.140541866170145e-12,9.743571219376178e-12,0.8642147575893495,0.0719340358261928,0.024683846376925712,0.039167360207531914,0.6071801864114702,0.5859375
SC4001,2273,68190.0,68220.0,Sleep stage W,W,2.6485352819603135e-10,3.522778198634739e-11,9.1967224349043e-12,1.153678941045507e-11,0.8255651235874998,0.10980721452857793,0.028666762890740563,0.03596089899318175,0.6664263653203514,0.5859375
SC4001,2274,68220.0,68250.0,Sleep stage W,W,2.802007942852541e-10,3.7575586299087286e-11,7.709574699976736e-12,1.3359502977591314e-11,0.8269279916647838,0.11089299083962743,0.02275248055418127,0.039426536941407464,0.6767616973166413,0.5859375
SC4001,2275,68250.0,68280.0,Sleep stage W,W,2.8248392122196856e-10,3.237364018186986e-11,8.09175857565905e-12,1.2253274213923234e-11,0.8427259398206445,0.09657932469099394,0.02413990439164052,0.036554831096721085,0.6850317319031196,1.07421875
SC4001,2276,68280.0,68310.0,Sleep stage W,W,2.6062193698995255e-10,3.4829756415631903e-11,1.0781203333355794e-11,1.5867185677723593e-11,0.8091334067180272,0.10813333593183205,0.03347159445743137,0.04926166289270935,0.6924241032105387,1.171875
SC4001,2277,68310.0,68340.0,Sleep stage W,W,2.111642726980121e-10,3.0189886573000496e-11,8.421068466194265e-12,2.061682115057516e-11,0.7809559251708966,0.11165227194062163,0.031143920469677618,0.0762478824188042,0.705300261555256,0.5859375
SC4001,2278,68340.0,68370.0,Sleep stage W,W,2.5870780862998686e-10,3.4549850771339934e-11,1.1411971857322589e-11,2.138223440331915e-11,0.7934559984950368,0.10596427872355496,0.03500048016640964,0.06557924261499855,0.6528532887469789,0.5859375
SC4001,2279,68370.0,68400.0,Sleep stage W,W,3.368651442257634e-10,4.0232330668750006e-11,9.12123779596827e-12,1.263956653971446e-11,0.8445735284119447,0.10086873650059151,0.02286836771590257,0.03168936737156129,0.6410099128292178,0.9765625
SC4001,2280,68400.0,68430.0,Sleep stage W,W,4.2034735238575265e-10,4.2054815114422175e-11,1.2595192807955162e-11,2.079800129077657e-11,0.8478242939388558,0.08482292972406648,0.025404015010016465,0.041948761327061275,0.642619462903392,1.26953125
SC4001,2281,68430.0,68460.0,Sleep stage W,W,1.7667504370275504e-10,2.304663476248634e-11,8.846520903891476e-12,1.9313415274853156e-11,0.7752931011076528,0.10113424375411569,0.03882068730165961,0.08475196783657182,0.7238038234718133,0.5859375
SC4001,2282,68460.0,68490.0,Sleep stage W,W,2.361156020263255e-10,2.5735768399774858e-11,9.7728271977348e-12,2.577430980223825e-11,0.7939367418816603,0.0865363065286136,0.03286104991688334,0.08666590167284267,0.6932623697566089,0.5859375
SC4001,2283,68490.0,68520.0,Sleep stage W,W,1.6671336464826076e-10,1.7211259148036302e-11,7.573964733394692e-12,1.3764692592682068e-11,0.8121928273614102,0.08384967371624201,0.036898780395502144,0.06705871852684571,0.6327366928825457,0.5859375
SC4001,2284,68520.0,68550.0,Sleep stage W,W,1.4471142282047605e-10,1.8269744643700582e-11,6.7110354806635944e-12,1.4223798240777675e-11,0.7868343259291806,0.09933743951545453,0.03648967701233596,0.07733855754302886,0.6996133864335469,0.5859375
SC4001,2285,68550.0,68580.0,Sleep stage W,W,2.8120537868354583e-10,2.953722854499138e-11,8.491217490484466e-12,1.474291254848478e-11,0.841990915248411,0.08844097581962079,0.025424577651596218,0.04414353128037209,0.5963627813888066,0.5859375
SC4001,2286,68580.0,68610.0,Sleep stage W,W,2.979401393193947e-10,2.649619902551342e-11,7.912557899876918e-12,1.834431676405395e-11,0.8495748656301635,0.07555378331443671,0.022562620565107678,0.052308730490292075,0.6151377916116205,0.5859375
SC4001,2287,68610.0,68640.0,Sleep stage W,W,3.0158352089969925e-10,2.831274698390669e-11,9.17845015927052e-12,1.7804188366656427e-11,0.8450584091221689,0.07933432454373382,0.025718668137639605,0.049888598196457724,0.6099948803917028,0.5859375
SC4001,2288,68640.0,68670.0,Sleep stage W,W,2.7205935588526023e-10,2.763106469221867e-11,7.420342357309822e-12,1.4166036502588772e-11,0.8468067297784737,0.08600392166694393,0.02309641521051126,0.04409293334407106,0.672580865505866,0.5859375
SC4001,2289,68670.0,68700.0,Sleep stage W,W,2.0682771852107972e-10,2.8678220156860225e-11,7.34575811733034e-12,1.7204152057405293e-11,0.7953203876535377,0.11027715886177492,0.028246848320230597,0.06615560516445694,0.6801443446080736,0.5859375
SC4001,2290,68700.0,68730.0,Sleep stage W,W,4.642963474955052e-10,4.620993315590183e-11,1.0922854096880333e-11,1.9732639831224806e-11,0.8579622015177769,0.08539023879099254,0.02018408285649424,0.036463476834736254,0.6221592224576695,0.5859375
SC4001,2291,68730.0,68760.0,Sleep stage W,W,5.974399677941541e-10,5.372513617232202e-11,1.498617221856894e-11,2.0860274296855922e-11,0.8696214312191441,0.07820121238811309,0.021813566610425925,0.03036378978231673,0.6387623092230916,0.5859375
SC4001,2292,68760.0,68790.0,Sleep stage W,W,3.14164788731106e-10,3.811749035846381e-11,1.1330175770603017e-11,2.063697630134758e-11,0.8176063859910983,0.09919986151506106,0.029486512800692588,0.053707239693148084,0.683132771841753,0.5859375
SC4001,2293,68790.0,68820.0,Sleep stage W,W,2.222703555426498e-10,3.6647816228919724e-11,8.174650666377233e-12,1.3676081967660962e-11,0.7916487618641378,0.13052662048350314,0.029115227997498872,0.048709389654860276,0.6689418268921402,0.5859375
SC4001,2294,68820.0,68850.0,Sleep stage W,W,2.306151803625464e-10,2.2607520646003443e-11,7.867906829815573e-12,1.6585963323796116e-11,0.8305172431269633,0.08141673801064327,0.028334788192197754,0.059731230670195826,0.6701012451217145,0.5859375
SC4001,2295,68850.0,68880.0,Sleep stage W,W,2.6132528097059867e-10,2.646345068042893e-11,8.539022763713067e-12,1.2518796748178494e-11,0.8461330715418848,0.08568478612043569,0.027648107876097536,0.040534034461581936,0.6659368204292974,0.5859375
SC4001,2296,68880.0,68910.0,Sleep stage W,W,1.6913039685790255e-10,2.3593608620445254e-11,6.865218998278747e-12,1.1632430115564612e-11,0.8007247040292585,0.11170070921941119,0.03250243925762976,0.05507214749370049,0.6487084336142795,0.5859375
SC4001,2297,68910.0,68940.0,Sleep stage W,W,1.7202279355345517e-10,1.796635630978273e-11,6.481456749587833e-12,1.3930582185514654e-11,0.817594209119849,0.0853909448534658,0.0308052287470676,0.06620961727961747,0.7015417688584259,0.5859375
SC4001,2298,68940.0,68970.0,Sleep stage W,W,1.8422890812666496e-10,2.3783340414562066e-11,6.738709579049752e-12,1.3624325885647252e-11,0.8066937231346194,0.10414148150088398,0.029507175473835207,0.05965761989066136,0.7164492312012419,0.5859375
SC4001,2299,68970.0,69000.0,Sleep stage W,W,3.6933496903121053e-10,4.0994635699970664e-11,1.1367281736324586e-11,2.1586482588046887e-11,0.833180296878959,0.0924795256526603,0.02564337516325822,0.04869680230512245,0.6638314783889538,0.5859375
SC4001,2300,69000.0,69030.0,Sleep stage W,W,3.8040862385310773e-10,4.032562767021654e-11,1.435040735671584e-11,3.2165428467837025e-11,0.8141435050602481,0.08630416293575414,0.03071247656296675,0.06883985544103112,0.6155454936196094,0.5859375
SC4001,2301,69030.0,69060.0,Sleep stage W,W,3.042514097930576e-10,3.484357824047095e-11,1.0616920320453683e-11,1.6883382018576746e-11,0.82993813009397,0.09504644264540481,0.028960874837382793,0.04605455242324229,0.6685151490186323,0.5859375
SC4001,2302,69060.0,69090.0,Sleep stage W,W,3.728141114940858e-10,3.5084893647225025e-11,7.770382548511147e-12,1.5445537163615593e-11,0.8647673508886945,0.08138176533589629,0.018023923785873978,0.03582695998953522,0.6448531308090414,1.171875
SC4001,2303,69090.0,69120.0,Sleep stage W,W,3.4317300857316564e-10,3.957973042163859e-11,1.2433321856461786e-11,2.672242980687185e-11,0.8133825608435795,0.09381117303398637,0.02946923831058001,0.06333702781185407,0.6787110169059147,0.5859375
SC4001,2304,69120.0,69150.0,Sleep stage W,W,2.7584900523770673e-10,3.6431852803464666e-11,7.970444659343726e-12,1.5390139228379172e-11,0.8218562155270008,0.10854396463706872,0.023746902687398968,0.0458529171485313,0.6856703787973076,0.5859375
SC4001,2305,69150.0,69180.0,Sleep stage W,W,3.695363039276391e-10,5.228024216893277e-11,1.0655249802431933e-11,1.7291395846045148e-11,0.8216241584685149,0.11623948586385911,0.02369079995428334,0.03844555571334278,0.7004218402958746,1.5625
SC4001,2306,69180.0,69210.0,Sleep stage W,W,1.9432156691324278e-10,2.0663499186075423e-11,6.431408968931284e-12,1.2679466594169214e-11,0.8300937023225584,0.08826936101213369,0.02747338942853519,0.054163547236772754,0.7036121917905883,0.5859375
SC4001,2307,69210.0,69240.0,Sleep stage W,W,4.810801719090785e-10,4.920269830524553e-11,1.1179637212835787e-11,1.5284934320729155e-11,0.864090493884883,0.08837525710181154,0.020080266876014215,0.02745398213729127,0.6634183651536144,1.171875
SC4001,2308,69240.0,69270.0,Sleep stage W,W,2.579602673190302e-10,1.846317035652044e-11,7.227304212689364e-12,1.0088209523606264e-11,0.8781956430332204,0.06285571003701702,0.024604514239434615,0.03434413269032802,0.6185571680487576,0.5859375
SC4001,2309,69270.0,69300.0,Sleep stage W,W,1.972070763230341e-10,2.8305300245383085e-11,9.290198294694878e-12,2.4819585025614744e-11,0.7595926187793691,0.10902497790448488,0.03578353365011918,0.09559886966602671,0.7448941654265433,0.5859375
SC4001,2310,69300.0,69330.0,Sleep stage W,W,3.2514869046078697e-10,2.7291365107329218e-11,1.2840509997587767e-11,2.298419628216495e-11,0.8374406395092526,0.07029060524947306,0.03307153071650364,0.059197224524770775,0.6869864740328994,1.07421875
SC4001,2311,69330.0,69360.0,Sleep stage W,W,3.5555998192896293e-10,3.1755379774377994e-11,9.191830953742701e-12,2.440450668116035e-11,0.8447377026772437,0.07544427922603172,0.021837907970232398,0.05798011012649217,0.6249684458933586,0.5859375
SC4001,2312,69360.0,69390.0,Sleep stage W,W,1.4654131591635974e-10,3.256306421242291e-11,1.0424501004543606e-11,2.5388624073580956e-11,0.6818491391628627,0.15151424813475997,0.04850466226335375,0.1181319504390236,0.7885179413135761,1.07421875
SC4001,2313,69390.0,69420.0,Sleep stage W,W,2.1367986876672408e-10,2.5356634640023376e-11,7.175088082499875e-12,1.329348667075581e-11,0.8234130533467843,0.09771151616689838,0.027649123991615798,0.05122630649470158,0.6621482785493004,0.5859375
SC4001,2314,69420.0,69450.0,Sleep stage W,W,4.1920202352555654e-10,4.0567682048044635e-11,9.773749223826682e-12,1.9478521750292568e-11,0.8572253265281408,0.08295676675808024,0.019986319005180588,0.039831587708598175,0.6666115970161675,1.26953125
SC4001,2315,69450.0,69480.0,Sleep stage W,W,6.731220786553141e-10,5.3051054120112656e-11,9.336377784196284e-12,1.3727486995454081e-11,0.8984100903343769,0.0708067731481891,0.012461180927614241,0.018321955589819843,0.6245092916345129,1.171875
SC4001,2316,69480.0,69510.0,Sleep stage W,W,2.60846054681599e-10,2.3753757401349235e-11,6.649024113596518e-12,1.1522370855761842e-11,0.8615286018149517,0.0784544793166067,0.021960556217777455,0.03805636265066395,0.68126019421598,1.85546875
SC4001,2317,69510.0,69540.0,Sleep stage W,W,4.630427648500631e-10,3.567594590355114e-11,9.635821609851755e-12,1.6084254930834057e-11,0.8829300503096023,0.0680269018384615,0.01837358685761053,0.030669460994325794,0.6529080370510507,0.5859375
SC4001,2318,69540.0,69570.0,Sleep stage W,W,2.9436080849862955e-10,2.7718369592093777e-11,9.805701618988634e-12,1.5963091167740806e-11,0.8462340825392746,0.07968529907526466,0.02818961856886379,0.04589099981659695,0.7010364297939556,1.171875
SC4001,2319,69570.0,69600.0,Sleep stage W,W,5.667052606460657e-10,2.734375962372527e-11,8.161156017817405e-12,1.931471450168284e-11,0.9117981742072975,0.04399463324630602,0.01313085950178654,0.03107633304460995,0.6015237592782794,1.171875
SC4001,2320,69600.0,69630.0,Sleep stage W,W,4.492740824767499e-10,2.0254680093663614e-11,9.13879321899102e-12,1.611932307141464e-11,0.908015353016522,0.040936170620161375,0.018470160809502208,0.03257831555381426,0.6306030551735683,0.5859375
SC4001,2321,69630.0,69660.0,Sleep stage W,W,4.717185352986401e-10,3.137449370192056e-11,7.0174060631001416e-12,1.2066211454365756e-11,0.9033696517148924,0.06008406142084612,0.013438758914044785,0.023107527950216762,0.6073733725022232,1.26953125
SC4001,2322,69660.0,69690.0,Sleep stage W,W,6.347406764301109e-10,5.407674726360182e-11,1.1359756123087763e-11,1.5282685520451964e-11,0.8871785926537022,0.07558320163509269,0.01587755885892078,0.021360646852284348,0.5930097036054683,0.9765625
SC4001,2323,69690.0,69720.0,Sleep stage W,W,5.689957901820347e-10,5.280070368279422e-11,1.4400289449239768e-11,3.655298255761498e-11,0.8457762738048453,0.07848490829926966,0.021405119971437337,0.05433369792444771,0.6677921518684352,0.68359375
SC4001,2324,69720.0,69750.0,Sleep stage W,W,7.79068166702691e-10,4.2344949005185944e-11,1.4864840954093024e-11,2.619734628348616e-11,0.903293304796184,0.049096998906024196,0.01723509172184736,0.03037460457594449,0.5880849967037726,0.5859375
SC4001,2325,69750.0,69780.0,Sleep stage W,W,3.278307031167642e-10,2.450747095015467e-11,9.369720484906582e-12,1.8008543154986444e-11,0.8633566276366736,0.06454150654672862,0.024675572491652746,0.04742629332494493,0.6757454120261693,1.07421875
SC4001,2326,69780.0,69810.0,Sleep stage W,W,4.295832767751726e-10,4.1794299820425686e-11,9.823757644907635e-12,1.3197349457066774e-11,0.8689005269236353,0.08453562114657968,0.019870112864048196,0.02669373906573685,0.6117238110095675,0.5859375
SC4001,2327,69810.0,69840.0,Sleep stage W,W,5.254009532938946e-10,5.6030407076355435e-11,1.0727207077102671e-11,1.3857704420770923e-11,0.8669749933847125,0.09245693503185064,0.017701186544108242,0.022866885039328655,0.645810331669511,1.171875
SC4001,2328,69840.0,69870.0,Sleep stage W,W,7.206879042279803e-10,4.305512418969865e-11,1.3742444072398175e-11,2.4083546991719054e-11,0.8990965053688023,0.05371355821303226,0.01714443015934234,0.030045506258823164,0.6071187568123966,0.5859375
SC4001,2329,69870.0,69900.0,Sleep stage W,W,4.2001300861937424e-10,3.1044446897295515e-11,1.0333449231700775e-11,1.47474323142555e-11,0.8821239037597813,0.06520047742598023,0.021702619653459296,0.03097299916077916,0.6391389687764404,1.171875
SC4001,2330,69900.0,69930.0,Sleep stage W,W,4.228917724483617e-10,3.885476778594288e-11,1.1247633313202779e-11,1.811858723780818e-11,0.8610889518980024,0.07911577724800314,0.022902343843025405,0.036892927010969113,0.6333193444674591,0.5859375
SC4001,2331,69930.0,69960.0,Sleep stage W,W,5.439045141268326e-10,5.51659654925519e-11,1.5050787035646587e-11,1.6398961201489705e-11,0.862628176063214,0.08749277668710305,0.023870426943814874,0.026008620305868126,0.6282539503340124,0.5859375
SC4001,2332,69960.0,69990.0,Sleep stage W,W,4.1870250874809184e-10,4.1677414464004624e-11,1.065722574972345e-11,2.1321906699876837e-11,0.8504007470429978,0.0846484166072523,0.021645231517882557,0.043305604831867385,0.6673954130322983,0.5859375
SC4001,2333,69990.0,70020.0,Sleep stage W,W,4.767294424313401e-10,4.185681315228119e-11,9.877863699090591e-12,1.2394381830522961e-11,0.8814309869403929,0.07738958168565054,0.01826330487319557,0.022916126500761167,0.5153019085289184,0.5859375
SC4001,2334,70020.0,70050.0,Sleep stage W,W,1.5570754835727673e-10,2.0240867074506884e-11,6.473009517474556e-12,1.1130612491837895e-11,0.804473827379179,0.1045758409061791,0.03344325176346694,0.05750707995117482,0.6321147841663972,0.5859375
SC4001,2335,70050.0,70080.0,Sleep stage W,W,3.3527920212247546e-10,3.560545274339382e-11,6.325682129823913e-12,1.3465523543294081e-11,0.8582030168434645,0.09113809257186135,0.016191638052826775,0.034467252531847424,0.6869643776498708,1.171875
SC4001,2336,70080.0,70110.0,Sleep stage W,W,3.325341528486035e-10,4.7753226892341013e-11,9.424453541211321e-12,1.7175366907260746e-11,0.8172637347495822,0.11736232270297677,0.02316232493139129,0.042211617616049774,0.665165349512321,0.5859375
SC4001,2337,70110.0,70140.0,Sleep stage W,W,6.482664212976998e-10,7.64491137639107e-11,1.0864666716122845e-11,1.2909556323683171e-11,0.8660992542397127,0.10213782210972115,0.014515451412029525,0.017247472238536617,0.6391740032028776,1.07421875
SC4001,2338,70140.0,70170.0,Sleep stage W,W,3.0605872311961956e-10,4.6514333025231235e-11,1.0050289379352607e-11,1.2787434279326345e-11,0.8152635448555702,0.1239024970182646,0.02677144589351536,0.03406251223264983,0.6935806232230729,1.26953125
SC4001,2339,70170.0,70200.0,Sleep stage W,W,1.2038742642993672e-10,1.916875776415364e-11,5.838352837274138e-12,1.0003655670228126e-11,0.774702873547016,0.12335251415029608,0.03757027501912706,0.06437433728356097,0.7079555308681663,1.3671875
SC4001,2340,70200.0,70230.0,Sleep stage W,W,2.5510895319553937e-10,1.520037695290644e-11,3.5398564819944395e-12,8.21869574463315e-12,0.9044239671935211,0.0538890738814924,0.012549661635305912,0.029137297289680522,0.5180714620182837,0.5859375
SC4001,2341,70230.0,70260.0,Sleep stage W,W,2.994263077136022e-10,4.4952261126319304e-11,8.921622949795187e-12,1.572693599345195e-11,0.81139375718074,0.1218128905491527,0.024176062620082817,0.04261728965002464,0.6939786121087201,0.5859375
SC4001,2342,70260.0,70290.0,Sleep stage W,W,2.252928805265547e-10,4.454330410667584e-11,9.667457346638475e-12,1.9780871067553447e-11,0.752771595939067,0.14883263972839728,0.03230189644028336,0.06609386789225245,0.6970911517043837,0.5859375
SC4001,2343,70290.0,70320.0,Sleep stage W,W,2.752786427267968e-10,4.758639840275107e-11,1.4212756458947763e-11,2.346849069306442e-11,0.7635043035357071,0.13198415834360108,0.03942006039415568,0.06509147772653606,0.6652013744778361,0.5859375
SC4001,2344,70320.0,70350.0,Sleep stage W,W,1.8050749232828876e-10,2.746969839727231e-11,6.354824360647675e-12,1.2055634400215385e-11,0.7973380735997849,0.1213392093587667,0.028070543490618983,0.05325217355082937,0.6757848671184384,0.5859375
SC4001,2345,70350.0,70380.0,Sleep stage W,W,2.3322235389195527e-10,4.0840242259001386e-11,1.042456332162623e-11,1.7304470219283024e-11,0.7727926521026414,0.1353259608316504,0.03454225464195239,0.057339132423755976,0.7079412133257481,1.07421875
SC4001,2346,70380.0,70410.0,Sleep stage W,W,3.491119466463375e-10,3.902675511516561e-11,8.303916498036233e-12,1.1294797990348513e-11,0.8562175869392843,0.0957154128117776,0.02036584371974108,0.02770115652919704,0.669506804912657,0.5859375
SC4001,2347,70410.0,70440.0,Sleep stage W,W,2.5139992988426754e-10,3.8212477869007994e-11,9.623880372331733e-12,1.6451318174537155e-11,0.7963566667398577,0.12104522669374908,0.030485455178692358,0.05211265138770076,0.6756285174844587,0.5859375
SC4001,2348,70440.0,70470.0,Sleep stage W,W,3.1768987890639987e-10,5.277583080985948e-11,1.1363228019721773e-11,1.4170777854419278e-11,0.8022477451347471,0.13327239574193986,0.028695040860774883,0.03578481826253816,0.647328488098657,0.5859375
SC4001,2349,70470.0,70500.0,Sleep stage W,W,2.5007053978467917e-10,3.640319263607674e-11,8.223380982721083e-12,1.457150775933968e-11,0.8085868486897925,0.11770735905635904,0.0265897683114506,0.04711602394239798,0.6331795048362548,0.5859375
SC4001,2350,70500.0,70530.0,Sleep stage W,W,2.807687581923095e-10,3.0120847070131907e-11,7.462622732032486e-12,1.1807348583210092e-11,0.850403193215408,0.09123117791206856,0.022603078212624826,0.03576255065989859,0.6397413181266947,0.5859375
SC4001,2351,70530.0,70560.0,Sleep stage W,W,2.937265685430201e-10,3.799183122133129e-11,6.913377525350761e-12,1.3130893389642433e-11,0.8350134708033636,0.10800415845137647,0.01965352807902909,0.03732884266623086,0.6502496899047979,0.5859375
SC4001,2352,70560.0,70590.0,Sleep stage W,W,3.4852683821086703e-10,4.752174200294175e-11,1.3007018939896417e-11,1.598533268730052e-11,0.8199841758798888,0.11180509556363885,0.030601803180597978,0.037608925375874444,0.6358328832553254,0.5859375
SC4001,2353,70590.0,70620.0,Sleep stage W,W,1.7882234045855296e-10,2.8435503083536217e-11,7.1697573930642675e-12,1.0389841469348365e-11,0.7954113281691357,0.12648263755431288,0.03189146409807524,0.046214570178476126,0.7136022262647156,0.5859375
SC4001,2354,70620.0,70650.0,Sleep stage W,W,4.912626968095704e-10,7.426764853093998e-11,1.3278495093971363e-11,1.953173775511254e-11,0.8210419194633087,0.12412270074620783,0.022192202197197208,0.03264317759328631,0.6837179246870387,0.9765625
SC4001,2355,70650.0,70680.0,Sleep stage W,W,2.3764785302414496e-10,3.010381318483315e-11,1.0526954480402992e-11,1.9506872988567353e-11,0.7980504694468372,0.1010922755605754,0.035350796811438275,0.06550645818114904,0.6975984152832551,0.5859375
SC4001,2356,70680.0,70710.0,Sleep stage W,W,2.903350049046019e-10,3.9133949000747845e-11,7.822013915691144e-12,1.1767586703132925e-11,0.8317659061539916,0.11211284895766005,0.02240888760441319,0.03371235728393521,0.6259651029451866,0.5859375
SC4001,2357,70710.0,70740.0,Sleep stage W,W,1.6192533988207856e-10,1.694357105446109e-11,6.415773328670627e-12,1.464539199768388e-11,0.8099098590307042,0.08474748457646497,0.032090085937016954,0.0732525704558138,0.6392710887982722,0.5859375
SC4001,2358,70740.0,70770.0,Sleep stage W,W,2.5317201536884676e-10,2.2481284299420264e-11,6.141097787645924e-12,1.0405202920201104e-11,0.8664351869166431,0.07693810761713145,0.02101679050806782,0.03560991495815777,0.6079328070045036,0.5859375
SC4001,2359,70770.0,70800.0,Sleep stage W,W,2.0757875997092918e-10,3.480102379312458e-11,8.61339551329027e-12,1.1708624286283647e-11,0.7901687660878681,0.13247348636757875,0.03278772888669591,0.0445700186578573,0.6869170396535106,0.5859375
SC4001,2360,70800.0,70830.0,Sleep stage W,W,4.562337312602419e-10,4.4376820508554485e-11,8.396732076621301e-12,1.1967087806331558e-11,0.8757316215263197,0.08518042906382857,0.016117361109337227,0.02297058830051449,0.6010612265517712,0.5859375
SC4001,2361,70830.0,70860.0,Sleep stage W,W,5.204874355144903e-10,4.987286640280511e-11,9.947395359604857e-12,1.2939525544230073e-11,0.8773533452703953,0.0840675935500203,0.01676770657652803,0.021811354603056377,0.6210869356574475,1.07421875
SC4001,2362,70860.0,70890.0,Sleep stage W,W,6.007676882017646e-10,3.718901532488713e-11,1.104672344759304e-11,1.4728045522571413e-11,0.9051366600739977,0.05603021231611934,0.016643362421910814,0.022189765187972253,0.6198529381616583,0.5859375
SC4001,2363,70890.0,70920.0,Sleep stage W,W,3.319086372419773e-10,4.453491507922438e-11,8.845731076839589e-12,1.4316457171132171e-11,0.8305902632160074,0.11144713540849446,0.022136146153056466,0.03582645522244176,0.6714080277520448,0.5859375
SC4001,2364,70920.0,70950.0,Sleep stage W,W,2.636334657674092e-10,2.5516390731542526e-11,6.783327201104736e-12,8.897664857184365e-12,0.8648516612251741,0.08370672080044118,0.022252758318950027,0.02918885965543468,0.6172135136911976,0.5859375
SC4001,2365,70950.0,70980.0,Sleep stage W,W,5.340088208710461e-10,4.8236307000653034e-11,1.1582144434059361e-11,1.9804694633611093e-11,0.8702428322542219,0.07860787833665624,0.01887474098167989,0.03227454842744187,0.6404399005463642,1.26953125
SC4001,2366,70980.0,71010.0,Sleep stage W,W,4.250104309144657e-10,4.860375353421892e-11,1.2100775604740828e-11,2.3109448513775455e-11,0.8352791724580448,0.09552166271087952,0.023781830039984544,0.04541733479109104,0.680649277911459,0.5859375
SC4001,2367,71010.0,71040.0,Sleep stage W,W,8.273651425462914e-10,6.405354416066854e-11,1.6832887896308815e-11,2.6627713790125113e-11,0.884996761419469,0.06851530989711586,0.01800541321782454,0.02848251546559053,0.5976555632607445,0.5859375
SC4001,2368,71040.0,71070.0,Sleep stage W,W,5.09779955987073e-10,5.7906450510170076e-11,1.2223543304379428e-11,1.463165888719553e-11,0.8574336068947714,0.09739680060050801,0.020559609497032203,0.024609983007688383,0.6346257892069683,0.5859375
SC4001,2369,71070.0,71100.0,Sleep stage W,W,7.739720641907316e-10,6.046980867474978e-11,1.5197865678313575e-11,3.286313141700205e-11,0.8770193169174775,0.06852080682461237,0.017221321534046347,0.037238554723863865,0.6364116769457354,1.171875
SC4001,2370,71100.0,71130.0,Sleep stage W,W,4.99890221798778e-10,2.770490861064989e-11,1.2531007703299772e-11,1.8783858047792828e-11,0.8944020061061999,0.049569534989481495,0.022420439407744696,0.03360801949657392,0.6211977062928892,1.07421875
SC4001,2371,71130.0,71160.0,Sleep stage W,W,3.1991951977132246e-10,2.9465136065090105e-11,7.418996957553624e-12,9.052273028658636e-12,0.8744412682451033,0.08053753946676667,0.020278466013286662,0.02474272627484345,0.5805402133712368,0.5859375
SC4001,2372,71160.0,71190.0,Sleep stage W,W,3.00368871744944e-10,2.9478342028698176e-11,1.0647366944286426e-11,1.9226357851546444e-11,0.8350052486225569,0.08194780694703666,0.02959896353720326,0.053447980893203254,0.6719668325671077,0.5859375
SC4001,2373,71190.0,71220.0,Sleep stage W,W,3.0613199903779164e-10,3.5423844144916565e-11,9.704516743195046e-12,1.1971663958519923e-11,0.8428001357479423,0.09752401169393611,0.0267171287361021,0.03295872382201958,0.5870656591394846,0.5859375
SC4001,2374,71220.0,71250.0,Sleep stage W,W,4.4469279815319573e-10,4.3743691935040325e-11,1.0701917572459013e-11,1.3359423958938758e-11,0.86769693590282,0.08535390637029282,0.02088187873622414,0.026067278990662867,0.6467891457517005,0.5859375
SC4001,2375,71250.0,71280.0,Sleep stage W,W,6.357212419438534e-10,6.979631781236668e-11,1.5682033949800065e-11,2.416060090884652e-11,0.8529047385906292,0.09364105880168577,0.02103953774711982,0.03241466486056515,0.6496372113851856,1.171875
SC4001,2376,71280.0,71310.0,Sleep stage W,W,3.382508720743247e-10,3.540305375049797e-11,8.118167113449868e-12,1.4423196541763036e-11,0.8537478386435214,0.08935758372332173,0.020490317096157562,0.0364042605369992,0.662425966545968,1.07421875
SC4001,2377,71310.0,71340.0,Sleep stage W,W,1.29376857153655e-10,2.0297264313620942e-11,6.849620372851444e-12,1.1908834035079725e-11,0.7681225349751298,0.12050676187876702,0.04066683856884298,0.07070386457726006,0.7217353078291192,1.171875
SC4001,2378,71340.0,71370.0,Sleep stage W,W,5.835277214430098e-10,4.8246447617262406e-11,9.637218239189029e-12,1.9749024862288793e-11,0.8825811568709778,0.07297237815481779,0.014576217907056611,0.029870247067147877,0.6210455567161249,0.5859375
SC4001,2379,71370.0,71400.0,Sleep stage W,W,4.421932548283051e-10,8.591380541585666e-11,1.1038445580845125e-11,1.624658997849967e-11,0.7961821174076443,0.1546903639158961,0.019875049832812967,0.029252468843646618,0.705713378086368,0.5859375
SC4001,2380,71400.0,71430.0,Sleep stage W,W,4.861665428941564e-10,3.967318265021853e-11,9.963054383580257e-12,1.573105205620242e-11,0.8814809077897531,0.07193245518138607,0.01806426696933152,0.028522370059529335,0.6208714812139012,0.5859375
SC4001,2381,71430.0,71460.0,Sleep stage W,W,2.2062110577458653e-10,2.1676226881116277e-11,7.271894482916985e-12,1.629564462462798e-11,0.8298242047225001,0.08153099255782435,0.027351843944966883,0.06129295877470877,0.6621386201730027,1.07421875
SC4001,2382,71460.0,71490.0,Sleep stage W,W,2.8142221758148613e-10,3.521941111048966e-11,1.0043218473442925e-11,1.517394646785507e-11,0.8232118723363293,0.1030232709130513,0.02937826570644459,0.0443865910441748,0.7052735192891543,0.9765625
SC4001,2383,71490.0,71520.0,Sleep stage W,W,3.501292929004786e-10,3.069260590329739e-11,7.35724250378519e-12,1.4230413188403295e-11,0.8700819575196985,0.07627206054225331,0.01828297171770799,0.035363010220340094,0.6514323429670987,1.07421875
SC4001,2384,71520.0,71550.0,Sleep stage W,W,5.150549038041689e-10,3.6981567640019087e-11,8.99751902217585e-12,1.135467334588612e-11,0.8998342146991103,0.064609189486236,0.015719247411802587,0.01983734840285129,0.6016455820181378,0.5859375
SC4001,2385,71550.0,71580.0,Sleep stage W,W,2.551451515683783e-10,3.4702554466727466e-11,9.310643191457896e-12,1.4865762854292878e-11,0.8125017849033267,0.11050920337541492,0.029649453125626682,0.04733955859563155,0.6974024324311284,0.5859375
SC4001,2386,71580.0,71610.0,Sleep stage W,W,5.789229488965517e-10,3.950628969408198e-11,9.857894794009065e-12,1.3348736942258689e-11,0.9022608860717237,0.06157119874541034,0.01536369029522407,0.02080422488764189,0.5892076299835802,0.5859375
SC4001,2387,71610.0,71640.0,Sleep stage W,W,2.1317189614929455e-10,4.088420296981358e-11,1.1006151787686308e-11,1.7995184097714527e-11,0.7531047405481465,0.14443783456584464,0.038883104368945424,0.06357432051706352,0.7368408670258368,0.5859375
SC4001,2388,71640.0,71670.0,Sleep stage W,W,3.488284069929625e-10,3.951281227123648e-11,1.0127984734264843e-11,1.874740907107185e-11,0.8360846525898642,0.0947057500432061,0.024275123322035255,0.04493447404489452,0.6622383295687837,0.5859375
SC4001,2389,71670.0,71700.0,Sleep stage W,W,2.1372428308944752e-10,2.5301102073698273e-11,8.899873726251995e-12,1.6231385837798432e-11,0.8090816087937824,0.09578067627194313,0.033691651919046765,0.06144606301522777,0.7111688364410077,1.26953125
SC4001,2390,71700.0,71730.0,Sleep stage W,W,2.2957295614812912e-10,2.4427972988150854e-11,9.58241456817799e-12,3.0232437814700105e-11,0.7813499838610948,0.0831404387533147,0.032613682351004605,0.10289589503458586,0.6832437899986148,0.5859375
SC4001,2391,71730.0,71760.0,Sleep stage W,W,1.7036611430233541e-10,2.3800073434223113e-11,5.9905148958692225e-12,1.2640529636064049e-11,0.8006030552473542,0.11184390501937516,0.02815128200685822,0.05940175772641236,0.6889987131837755,0.5859375
SC4001,2392,71760.0,71790.0,Sleep stage W,W,2.568519446519314e-10,3.007607050599738e-11,8.849673579224257e-12,1.844216413046171e-11,0.8174274868626673,0.09571664626381468,0.028163954309254762,0.05869191256426325,0.6341329533980504,0.5859375
SC4001,2393,71790.0,71820.0,Sleep stage W,W,2.523129319287738e-10,2.0348005990128813e-11,5.376048299639089e-12,9.308437322801522e-12,0.8780823053284892,0.07081374653319002,0.018709357655266726,0.032394590483054014,0.6172439640230613,0.5859375
SC4001,2394,71820.0,71850.0,Sleep stage W,W,1.9882254641401837e-10,1.9736480068015616e-11,5.511990631816734e-12,1.11576607067791e-11,0.845230897253215,0.08390337543394849,0.023432477208496755,0.04743325010433979,0.6553864828661266,0.5859375
SC4001,2395,71850.0,71880.0,Sleep stage W,W,2.759009454093138e-10,3.713224564041081e-11,9.513078730127868e-12,1.678692296709791e-11,0.8130679559398727,0.10942709535669061,0.028034624768411672,0.049470323935025,0.6878628749523774,0.5859375
SC4001,2396,71880.0,71910.0,Sleep stage W,W,3.001806939942959e-10,2.8788812548483958e-11,1.4297247215610115e-11,3.679856667674294e-11,0.7898134290458864,0.07574701242282232,0.0376178684212528,0.09682169011003854,0.676169356117179,0.5859375
SC4001,2397,71910.0,71940.0,Sleep stage W,W,3.999838072609075e-10,3.651576074503171e-11,1.5796122526912942e-11,3.289044614924885e-11,0.8243924898517475,0.07526134401683703,0.03255682991054365,0.06778933622087191,0.6986888369612397,0.5859375
SC4001,2398,71940.0,71970.0,Sleep stage W,W,2.920323203588608e-10,4.887094687292106e-11,1.6592899283185726e-11,4.303063696527785e-11,0.7291205427984903,0.12201667016607404,0.04142768758297124,0.10743509945246445,0.7673563630960544,1.26953125
SC4001,2399,71970.0,72000.0,Sleep stage W,W,4.499435606691652e-10,3.821952689637261e-11,1.099628892113653e-11,2.7555283521379127e-11,0.8542453719862014,0.07256210961697598,0.020877127135531783,0.0523153912612909,0.6444741500471431,0.5859375
SC4001,2400,72000.0,72030.0,Sleep stage W,W,6.775534397053819e-10,3.541264440363002e-11,9.237086044296008e-12,1.8929258247018776e-11,0.9142137271847963,0.04778180396189828,0.012463475743779689,0.025540993109525678,0.5882725597762892,1.07421875
SC4001,2401,72030.0,72060.0,Sleep stage W,W,2.441839424957806e-10,1.8902809708986778e-11,7.62161545380272e-12,1.3531578552184903e-11,0.8590767967382243,0.06650300199174305,0.02681401947688074,0.04760618179315183,0.6366203431952869,0.5859375
SC4001,2402,72060.0,72090.0,Sleep stage W,W,2.1999322893350663e-10,2.0948699960800136e-11,7.631975740738873e-12,1.2142932817659852e-11,0.8438013865269205,0.08035039150319653,0.029273045098682313,0.046575176871200746,0.6604676778120311,0.9765625
SC4001,2403,72090.0,72120.0,Sleep stage W,W,9.119082620665954e-11,1.5820721426051148e-11,5.604075236433471e-12,1.1215396012124137e-11,0.736413436879617,0.12776056895098617,0.045255827554861454,0.0905701666145353,0.6776724369941901,0.5859375
SC4001,2404,72120.0,72150.0,Sleep stage W,W,2.3357067746221865e-10,2.4732381427904547e-11,6.603417046938956e-12,1.2044036501348098e-11,0.8433661140604005,0.08930252993629925,0.023843310448495598,0.04348804555480473,0.6627384523679267,1.07421875
SC4001,2405,72150.0,72180.0,Sleep stage W,W,6.172596622995373e-10,3.932656389844279e-11,1.3197731656150604e-11,3.0282018339315497e-11,0.8817164142954615,0.056175510931523766,0.01885212552095766,0.043255949252057065,0.6016055050932847,0.5859375
SC4001,2406,72180.0,72210.0,Sleep stage W,W,4.4984922630383844e-10,4.688065400486197e-11,1.542625605292582e-11,3.382399683574634e-11,0.8239296614501856,0.08586512796778734,0.028254244275494923,0.06195096630653211,0.6962480350178325,1.07421875
SC4001,2407,72210.0,72240.0,Sleep stage W,W,5.998034297860205e-10,4.6903532112752405e-11,1.3284381874321585e-11,3.527327845916852e-11,0.8626980441781311,0.06746141053770403,0.01910694352845088,0.050733601755713925,0.6876864943301881,1.46484375
SC4001,2408,72240.0,72270.0,Sleep stage W,W,3.7211445361124426e-10,3.4255818227087324e-11,1.3071057507554672e-11,3.295086064384993e-11,0.822548359244855,0.07572150665966297,0.028893198858829166,0.07283693523665277,0.715738300976503,1.07421875
SC4001,2409,72270.0,72300.0,Sleep stage W,W,9.277957375976607e-10,5.882992056972982e-11,1.3548411545405362e-11,3.525485440101266e-11,0.8960496621163372,0.05681695691481723,0.013084830092998441,0.03404855087584712,0.63532515981336,0.5859375
SC4001,2410,72300.0,72330.0,Sleep stage W,W,4.915967385036302e-10,4.332155395645745e-11,9.427125480659595e-12,1.730539666187598e-11,0.8752711217047597,0.0771325400589121,0.016784673387021495,0.030811664849306447,0.6046463018873582,0.5859375
SC4001,2411,72330.0,72360.0,Sleep stage W,W,3.6232202952124864e-10,2.8240734751207803e-11,1.0170655076220313e-11,1.9518335595156893e-11,0.8621547090735474,0.06719956411599556,0.02420133873701399,0.04644438807344304,0.648754145469004,1.07421875
SC4001,2412,72360.0,72390.0,Sleep stage W,W,4.229990087426828e-10,3.907438429033312e-11,1.1034254423163826e-11,1.993859664637204e-11,0.8579296846944453,0.07925095213220161,0.02237975556075576,0.04043960761259726,0.6354004521482183,0.5859375
SC4001,2413,72390.0,72420.0,Sleep stage W,W,2.3348540683670005e-10,2.7401668742261317e-11,1.2370816841817106e-11,2.2895748460638376e-11,0.7883928292821164,0.09252517936537288,0.04177161828907083,0.07731037306344002,0.7161759068099579,0.5859375
SC4001,2414,72420.0,72450.0,Sleep stage W,W,2.3563747182621573e-10,2.589896355978068e-11,7.770523599068988e-12,1.8903531488132666e-11,0.8175881156835568,0.08986127991822399,0.026961279536740535,0.06558932486147859,0.6925679065971111,0.5859375
SC4001,2415,72450.0,72480.0,Sleep stage W,W,1.472010412069069e-10,2.2482298170199437e-11,9.213382853816666e-12,2.010064605635946e-11,0.739713507137442,0.11297786681149911,0.04629901859061658,0.10100960746044224,0.7267854484996764,0.5859375
SC4001,2416,72480.0,72510.0,Sleep stage W,W,2.9283816952618527e-10,4.0532958355933494e-11,1.0611631795160129e-11,2.7879794794336552e-11,0.7874903401937928,0.10899983843096901,0.02853643548552056,0.0749733858897176,0.6714918619593794,0.5859375
SC4001,2417,72510.0,72540.0,Sleep stage W,W,6.630000473280595e-10,5.495687791372777e-11,1.4972545579412415e-11,2.8603758986094126e-11,0.870612103815656,0.07216609303790279,0.01966105350806717,0.037560749638374046,0.5951450380895357,0.5859375
SC4001,2418,72540.0,72570.0,Sleep stage W,W,4.953586087030131e-10,4.676018389654417e-11,1.2857567551220458e-11,1.694660546525392e-11,0.8661281999219085,0.08175958425830597,0.022481292628931712,0.02963092319085374,0.6683398811468785,0.68359375
SC4001,2419,72570.0,72600.0,Sleep stage W,W,3.370368835864181e-10,4.042914039953979e-11,1.1378506958432784e-11,1.911280542044153e-11,0.8261571824878505,0.09910139319907807,0.027891413989077275,0.046850010323994114,0.6750626484783003,0.5859375
SC4001,2420,72600.0,72630.0,Sleep stage W,W,2.424363343568288e-10,2.1755896861078962e-11,5.287009088549082e-12,9.751462833379371e-12,0.8682295020953296,0.07791369866007823,0.01893419680965884,0.03492260243493325,0.5964688882656347,0.5859375
SC4001,2421,72630.0,72660.0,Sleep stage W,W,5.418059994754815e-10,2.8912834220809387e-11,8.998188944998478e-12,1.4368576750895194e-11,0.9119998869351641,0.04866779172966054,0.015146283556114847,0.024186037779060525,0.6150244654950708,0.78125
SC4001,2422,72660.0,72690.0,Sleep stage W,W,3.923759418850631e-10,3.0716605561124835e-11,6.594776546091274e-12,1.2927587625547201e-11,0.8864950809064881,0.06939803597861369,0.014899580590238904,0.029207302524659317,0.5726332630105095,0.5859375
SC4001,2423,72690.0,72720.0,Sleep stage W,W,5.65983007634903e-10,3.0024616453832106e-11,7.082009767997179e-12,1.2747029010374226e-11,0.9190472762694845,0.04875418802454641,0.011499818369088283,0.020698717336880855,0.5767828267691891,0.5859375
SC4001,2424,72720.0,72750.0,Sleep stage W,W,1.6566655442038342e-10,1.327681854430781e-11,4.808726661092468e-12,8.549302415983346e-12,0.8614942619315971,0.06904171474227806,0.025006196574937255,0.04445782675118756,0.6587892869875902,0.5859375
SC4001,2425,72750.0,72780.0,Sleep stage W,W,3.117108774884074e-10,2.52768127105138e-11,5.634046318466986e-12,1.056691516113513e-11,0.8825619849533854,0.07156745436294783,0.01595194605401751,0.029918614629649162,0.6074101755994759,0.5859375
SC4001,2426,72780.0,72810.0,Sleep stage W,W,3.1012614460247533e-10,4.525401977630048e-11,6.7628315589436624e-12,1.3027356756430156e-11,0.8266275369986383,0.1206225903814765,0.018026028737022647,0.034723843882862614,0.6873060471507652,0.5859375
SC4001,2427,72810.0,72840.0,Sleep stage W,W,2.111976858062194e-10,3.4867009346367655e-11,7.509990628553239e-12,1.2252406210743101e-11,0.7944927066074512,0.13116424321202091,0.02825141174392617,0.04609163843660151,0.686758030692412,0.5859375
SC4001,2428,72840.0,72870.0,Sleep stage W,W,3.0084165283892116e-10,2.8540197775416267e-11,8.972376536643987e-12,1.4731989274060064e-11,0.8520345423984808,0.08083067661032646,0.02541129083850482,0.04172349015268795,0.652893201108141,0.5859375
SC4001,2429,72870.0,72900.0,Sleep stage W,W,1.7440508478654358e-10,2.2474911176789243e-11,5.440944486038646e-12,1.0305193140373919e-11,0.8202429392948094,0.10570154664126936,0.025589255629962948,0.04846625843395819,0.6865198864594635,0.5859375
SC4001,2430,72900.0,72930.0,Sleep stage W,W,3.2241521069219164e-10,3.133546292923379e-11,7.890110461325525e-12,1.2877931840326092e-11,0.8608787678274881,0.08366861680597512,0.02106733288850132,0.03438528247803538,0.6386096047117883,0.5859375
SC4001,2431,72930.0,72960.0,Sleep stage W,W,4.444348253935084e-10,2.7897721748782956e-11,7.955850226958829e-12,1.2317957171746668e-11,0.9022109059222878,0.056632890525291,0.01615052293503597,0.025005680617385367,0.5919882119013796,0.5859375
SC4001,2432,72960.0,72990.0,Sleep stage W,W,1.449557864810425e-10,2.373263867571645e-11,8.598486901845124e-12,1.1856937151052729e-11,0.7663785372178084,0.1254740176584329,0.04546003974104448,0.06268740538271422,0.7021014222128303,1.07421875
SC4001,2433,72990.0,73020.0,Sleep stage W,W,2.2074239999480716e-10,2.7357076299749056e-11,8.605339972230524e-12,1.3272475834875377e-11,0.8176332100985918,0.10133102709041,0.03187431026232426,0.04916145254867406,0.6959296472266282,0.5859375
SC4001,2434,73020.0,73050.0,Sleep stage W,W,2.4304511944805586e-10,2.8476727850112734e-11,1.0250032870132081e-11,1.7667625823730492e-11,0.8116668461726754,0.09510010295992997,0.03423072996388413,0.05900232090351055,0.627429036554774,0.5859375
SC4001,2435,73050.0,73080.0,Sleep stage W,W,4.1266553072806455e-10,5.626563379096228e-11,1.3620376574733178e-11,1.8713757025419163e-11,0.8232477537871583,0.11224721520136977,0.02717199180920528,0.037333039202266584,0.6883429067871453,0.5859375
SC4001,2436,73080.0,73110.0,Sleep stage W,W,2.671659223691422e-10,4.4754164995307883e-11,9.19324954214924e-12,1.713293695733381e-11,0.7898562172383766,0.13231236661992385,0.02717915983857201,0.05065225630312754,0.6906667974586158,0.5859375
SC4001,2437,73110.0,73140.0,Sleep stage W,W,3.143997968502402e-10,3.5869239908374853e-11,9.858365175007845e-12,1.750653471578282e-11,0.8325517553845488,0.09498415377237601,0.026105612388751816,0.04635847845432344,0.6549777194417157,0.5859375
SC4001,2438,73140.0,73170.0,Sleep stage W,W,3.716692071589237e-10,3.491882618927383e-11,9.64499356201422e-12,1.9860484626686758e-11,0.8522695186384956,0.08007187739668833,0.022116801343874486,0.04554180262094162,0.6522756010643226,0.68359375
SC4001,2439,73170.0,73200.0,Sleep stage W,W,3.7695433712592795e-10,3.9668036816347326e-11,9.836267530128549e-12,1.321375282156163e-11,0.8573527517715743,0.09022180453254755,0.022371810597578725,0.03005363309829932,0.6453402744541219,0.5859375
SC4001,2440,73200.0,73230.0,Sleep stage W,W,3.6766132360967913e-10,3.985247525529584e-11,9.469132996605526e-12,1.2657073518853649e-11,0.8557427590666874,0.09275783157112569,0.022039691085612188,0.02945971827657475,0.6506155692569306,0.5859375
SC4001,2441,73230.0,73260.0,Sleep stage W,W,3.140088304097926e-10,3.0333038681349675e-11,1.0217912688253969e-11,2.4018176223586146e-11,0.8294429820114326,0.0801236259008791,0.026990247245650457,0.06344314484203789,0.6683710139034035,0.5859375
SC4001,2442,73260.0,73290.0,Sleep stage W,W,3.532312069625027e-10,3.189882345979673e-11,1.0701855895816622e-11,1.9647591456201643e-11,0.8501772671293591,0.07677593037970386,0.02575784477525918,0.04728895771567789,0.6296950093091196,0.5859375
SC4001,2443,73290.0,73320.0,Sleep stage W,W,2.257355614367127e-10,2.3911162146678448e-11,7.43744879549447e-12,1.0408760979435933e-11,0.8438935511403862,0.08938988348768123,0.027804281414535895,0.03891228395739644,0.6774417125297152,1.171875
SC4001,2444,73320.0,73350.0,Sleep stage W,W,2.85688206348623e-10,3.731481849326977e-11,8.646833465542591e-12,1.4485372574455239e-11,0.8253658710809086,0.10780416196929246,0.024981084541761348,0.04184888240803776,0.6640115696657803,1.171875
SC4001,2445,73350.0,73380.0,Sleep stage W,W,3.2430091354052687e-10,3.510788769152266e-11,1.1153179634526307e-11,1.6183834244284367e-11,0.8385376153264036,0.09077767960193449,0.028838527008570893,0.041846178063091106,0.6642544890923806,0.5859375
SC4001,2446,73380.0,73410.0,Sleep stage W,W,3.4857909085285405e-10,3.5357628613673757e-11,9.859294970474968e-12,1.3485544626116359e-11,0.8558676009164277,0.08681372339815208,0.024207565383403497,0.03311111030201693,0.657774547939902,0.5859375
SC4001,2447,73410.0,73440.0,Sleep stage W,W,2.387623437035758e-10,2.6998962793755603e-11,8.91819528511694e-12,1.309179807511676e-11,0.8296947743633687,0.0938209015531395,0.030990565388317313,0.04549375869517446,0.6696151966762478,0.9765625
SC4001,2448,73440.0,73470.0,Sleep stage W,W,2.0048800958598005e-10,3.0760846552433085e-11,8.959048164286772e-12,1.3028591241989952e-11,0.7917026696912214,0.12147082704753578,0.03537818727516598,0.051448315986076874,0.6277305380010679,0.5859375
SC4001,2449,73470.0,73500.0,Sleep stage W,W,3.1764441852184856e-10,3.949789238139818e-11,1.58008983257627e-11,3.093873469389538e-11,0.7864783838479351,0.09779563799697306,0.03912256678842484,0.07660341136666693,0.6656604845940387,0.5859375
SC4001,2450,73500.0,73530.0,Sleep stage W,W,3.92148917326354e-10,5.010443741137493e-11,9.233922903816456e-12,1.4924992599371797e-11,0.8407774459359662,0.10742521286049003,0.01979777011236611,0.03199957109117766,0.6564693635908354,0.5859375
SC4001,2451,73530.0,73560.0,Sleep stage W,W,3.296262363880204e-10,5.55531506076031e-11,1.0144468323258192e-11,1.6388998228469432e-11,0.8006216797652397,0.13493178590115096,0.024639668729923382,0.039806865603685924,0.6935183381617983,0.5859375
SC4001,2452,73560.0,73590.0,Sleep stage W,W,2.668270784874027e-10,3.203389176775681e-11,7.47977436684289e-12,1.530053179743603e-11,0.8295797151962705,0.09959508967369847,0.023255020158198973,0.04757017497183187,0.6320144284679406,0.5859375
SC4001,2453,73590.0,73620.0,Sleep stage W,W,3.777021738493449e-10,4.518288224458625e-11,1.0763068425066536e-11,2.1954397681047594e-11,0.8290168632637728,0.09917171227763182,0.02362381220607182,0.04818761225252368,0.6584757483011938,0.5859375
SC4001,2454,73620.0,73650.0,Sleep stage W,W,5.480358235793066e-10,4.895628358825758e-11,1.2234468893000445e-11,1.6389918127659607e-11,0.8759932461346256,0.07825286584200657,0.01955586050984065,0.02619802751352733,0.5852827428015032,0.5859375
SC4001,2455,73650.0,73680.0,Sleep stage W,W,3.2888923584066727e-10,4.2477547939730585e-11,8.961119357243834e-12,1.6074765361025408e-11,0.8296847170234758,0.10715757313292006,0.022606102504766478,0.04055160733883773,0.6885567755047448,0.68359375
SC4001,2456,73680.0,73710.0,Sleep stage W,W,1.8086900124018875e-10,2.3341170439972912e-11,8.0210232314375e-12,1.571966000676576e-11,0.7934561215177833,0.10239562579544607,0.035187511072551296,0.06896074161421933,0.6946866949328989,0.5859375
SC4001,2457,73710.0,73740.0,Sleep stage W,W,3.380538494312002e-10,4.821694016287966e-11,1.088085906097289e-11,1.8088783800765864e-11,0.8141159266015574,0.11611812433031778,0.02620375621088057,0.04356219285724423,0.6398560168968976,0.68359375
SC4001,2458,73740.0,73770.0,Sleep stage W,W,1.9086288711185177e-10,2.5250885542899907e-11,6.469143712014825e-12,1.179414630436223e-11,0.8143411515471767,0.10773616349280404,0.027601436925131808,0.05032124803488745,0.6610257927528232,0.5859375
SC4001,2459,73770.0,73800.0,Sleep stage W,W,4.748256244321316e-10,4.457788901317466e-11,1.0202863139062854e-11,1.775959602594638e-11,0.8674737711000766,0.08144073845253595,0.01863992949800434,0.032445560949383154,0.652430660315388,0.5859375
SC4001,2460,73800.0,73830.0,Sleep stage W,W,2.0125143000871713e-10,2.920959843913322e-11,7.661086488017117e-12,1.7543602181020532e-11,0.787166274298352,0.11424917962613995,0.02996524748961371,0.06861929858589433,0.7259384425488854,0.5859375
SC4001,2461,73830.0,73860.0,Sleep stage W,W,4.727078538565993e-10,4.3742976693218184e-11,2.1864389699023772e-11,5.217755624227975e-11,0.8005311371725259,0.07407876681091954,0.037027361839967465,0.08836273417658705,0.6998657809105351,1.07421875
SC4001,2462,73860.0,73890.0,Sleep stage W,W,1.5215384765869218e-10,2.279106813069283e-11,5.99609072311913e-12,1.0469194923777812e-11,0.7949098141947376,0.11906924479299338,0.031325868099643335,0.05469507291262569,0.7084068712217412,0.68359375
SC4001,2463,73890.0,73920.0,Sleep stage W,W,2.418568137340993e-10,3.948430255057254e-11,9.37021010963862e-12,1.8569341438418182e-11,0.7819978384969899,0.12766495503019035,0.030296785684342888,0.06004042078847691,0.7124654311250643,1.07421875
SC4001,2464,73920.0,73950.0,Sleep stage W,W,2.0126572342436086e-10,2.7289166273393235e-11,8.374437427387433e-12,1.511540609840763e-11,0.7985317560508187,0.10827112284544076,0.03322599651372119,0.05997112459001925,0.6873615618754526,1.171875
SC4001,2465,73950.0,73980.0,Sleep stage W,W,5.052203095318653e-10,4.502079669033031e-11,1.0750730318791947e-11,2.0052236956873485e-11,0.8695042813025529,0.07748258478794388,0.018502435200953005,0.034510698708550384,0.5978403843821043,0.5859375
SC4001,2466,73980.0,74010.0,Sleep stage W,W,3.96997716795836e-10,5.2781830800719105e-11,1.04323565466453e-11,2.0524068871499673e-11,0.8258123774392405,0.10979380317583418,0.021700802794564943,0.042693016590360476,0.6824710168175145,0.5859375
SC4001,2467,74010.0,74040.0,Sleep stage W,W,2.962776792122666e-10,3.6956199124041075e-11,1.3648302406550264e-11,1.932759186414086e-11,0.8090381561996696,0.10091538207993411,0.037269082988664694,0.052777378731731536,0.7081231392458621,1.953125
SC4001,2468,74040.0,74070.0,Sleep stage W,W,4.1086289797909727e-10,2.8293492572296997e-11,6.647992891906751e-12,1.129498076463336e-11,0.8988481064528364,0.06189790401770564,0.014543868166227814,0.024710121363230066,0.5794383011687105,0.5859375
SC4001,2469,74070.0,74100.0,Sleep stage W,W,3.8430311734818696e-10,3.9626695641706875e-11,1.0044438706797677e-11,1.4115692523185109e-11,0.8576472699409884,0.08843469074204922,0.022416121665673656,0.03150191765128872,0.666443393348196,0.5859375
SC4001,2470,74100.0,74130.0,Sleep stage W,W,2.8630353510079673e-10,5.2125909785710975e-11,1.1812055806907e-11,1.7077041114035868e-11,0.7794420986536472,0.14190927996505967,0.03215752667639336,0.04649109470489976,0.6666410245967341,0.5859375
SC4001,2471,74130.0,74160.0,Sleep stage W,W,2.4609411535954605e-10,5.070852574873368e-11,1.0941251151455395e-11,1.8830303066139925e-11,0.753562647881529,0.15527413517205094,0.033503109884531965,0.05766010706188815,0.7168231662450103,0.5859375
SC4001,2472,74160.0,74190.0,Sleep stage W,W,4.516820095683149e-10,4.6818667737422216e-11,9.585436059321265e-12,1.473793733464889e-11,0.8639273747330839,0.08954956772696995,0.018333961581325223,0.028189095958620826,0.6079535918179385,0.5859375
SC4001,2473,74190.0,74220.0,Sleep stage W,W,3.910589740473244e-10,5.356496295526661e-11,1.1240703202456202e-11,1.3867710939472593e-11,0.8325144587007796,0.1140329441324483,0.02393001711521002,0.029522580051562164,0.6755018563660661,0.5859375
SC4001,2474,74220.0,74250.0,Sleep stage W,W,7.152343952157634e-10,6.016645011484201e-11,1.2137712509663524e-11,2.3409213772120276e-11,0.8819734392927412,0.07419275595913459,0.014967317174483852,0.028866487573640236,0.6155073405476581,0.5859375
SC4001,2475,74250.0,74280.0,Sleep stage W,W,1.7360591178606013e-10,2.6372663160701613e-11,7.310790582574895e-12,1.4278449989677065e-11,0.7835339775291607,0.1190274999955418,0.03299572442617472,0.06444279804912265,0.7064847332117546,0.9765625
SC4001,2476,74280.0,74310.0,Sleep stage W,W,3.5081822616654727e-10,3.536253278659574e-11,8.586233943616379e-12,1.2281827331955464e-11,0.8618578625763553,0.08687540911364403,0.021093867656444498,0.030172860653556205,0.6580588195218346,1.07421875
SC4001,2477,74310.0,74340.0,Sleep stage W,W,3.2102593476065887e-10,3.6339986134998525e-11,9.584793545013618e-12,1.2364268975421348e-11,0.8463307509487624,0.09580424640155884,0.025268692153137297,0.03259631049654126,0.6565311645932705,1.171875
SC4001,2478,74340.0,74370.0,Sleep stage W,W,3.6391278925817947e-10,5.0293876570371396e-11,1.0709687647558001e-11,1.3835946245569327e-11,0.8294265112434211,0.11462931727600112,0.02440941655314781,0.03153475492742975,0.6760821645290772,0.5859375
SC4001,2479,74370.0,74400.0,Sleep stage W,W,2.982999538839994e-10,3.00526829350222e-11,8.480145187973517e-12,1.3427031759284065e-11,0.8516533788916147,0.08580111606830153,0.02421101380940074,0.03833449123068293,0.6561960510974882,0.5859375
SC4001,2480,74400.0,74430.0,Sleep stage W,W,3.0903732432122265e-10,3.832096774543018e-11,9.043878196994937e-12,1.4441676211733973e-11,0.8333354517229071,0.10333451157311867,0.024387294768271988,0.03894274193570224,0.6572203016158603,0.5859375
SC4001,2481,74430.0,74460.0,Sleep stage W,W,4.211540083947449e-10,5.843161615106903e-11,1.0529337959771734e-11,1.7672318985102112e-11,0.8293906203368907,0.11507105097145014,0.020735726048240595,0.034802602643418515,0.6647214857813559,0.5859375
SC4001,2482,74460.0,74490.0,Sleep stage W,W,2.359633185775313e-10,3.5186806605689964e-11,9.492368261433791e-12,1.4591288870155565e-11,0.7992422707436689,0.11918286020591619,0.03215203960403145,0.04942282944638339,0.6980928436619088,0.5859375
SC4001,2483,74490.0,74520.0,Sleep stage W,W,2.6652724464290043e-10,3.328180481138492e-11,7.900756499014715e-12,1.2208593444588175e-11,0.8331100841481008,0.10403216843427546,0.024696161627104172,0.03816158579051944,0.6496419752655681,1.07421875
SC4001,2484,74520.0,74550.0,Sleep stage W,W,3.52841097797694e-10,3.3736309423236686e-11,8.524271733856215e-12,1.5950328232314912e-11,0.8583855366921698,0.0820730925366353,0.02073769641021642,0.03880367436097855,0.6459637894013914,1.26953125
SC4001,2485,74550.0,74580.0,Sleep stage W,W,4.1260150063180377e-10,4.2779464556734694e-11,1.1880376528266805e-11,1.691830800282355e-11,0.8521661347616046,0.08835452828615732,0.024537124877400996,0.03494221207483697,0.6286949330115165,0.5859375
SC4001,2486,74580.0,74610.0,Sleep stage W,W,2.3071073125116888e-10,2.3125196759052787e-11,6.718133387092475e-12,9.77299536729613e-12,0.8534503871436825,0.08554525409267212,0.02485187190471411,0.03615248685893123,0.6653608647503445,0.68359375
SC4001,2487,74610.0,74640.0,Sleep stage W,W,2.2372741735698888e-10,2.560658041173702e-11,5.9479702355075944e-12,9.310762129709484e-12,0.8455539093751098,0.09677733926693442,0.022479719047823404,0.035189032310132484,0.6124208954650631,0.5859375
SC4001,2488,74640.0,74670.0,Sleep stage W,W,3.175550551979492e-10,3.6377096381028844e-11,9.691640769256102e-12,1.762001072963541e-11,0.8329448311926742,0.0954168856971526,0.025421110300057965,0.04621717281011515,0.6899238614735971,0.5859375
SC4001,2489,74670.0,74700.0,Sleep stage W,W,4.205392149020264e-10,3.379838246274413e-11,7.584476857248439e-12,2.1149050274265e-11,0.8705534104124688,0.06996564428889626,0.01570053864253851,0.04378040665609622,0.6108920391122574,0.5859375
SC4001,2490,74700.0,74730.0,Sleep stage W,W,3.3837824926348865e-10,2.982148203526065e-11,9.312536266360347e-12,2.201131172705698e-11,0.8469543896833104,0.0746426082988523,0.023309103014293443,0.05509389900354387,0.6585569283093741,0.5859375
SC4001,2491,74730.0,74760.0,Sleep stage W,W,2.5718711965131903e-10,3.281417131542896e-11,7.042981976731276e-12,1.1897319938828707e-11,0.8324781304189594,0.10621480587733487,0.02279713104028151,0.03850993266342424,0.6708999785692564,0.5859375
SC4001,2492,74760.0,74790.0,Sleep stage W,W,1.889035594438311e-10,3.505353911246451e-11,9.46337492436407e-12,1.2269108109588859e-11,0.7688708581826521,0.14267409666123096,0.038517607719104334,0.049937437437012684,0.7179911387873016,1.171875
SC4001,2493,74790.0,74820.0,Sleep stage W,W,1.713710781464624e-10,3.4193940235560876e-11,5.8073980615363965e-12,7.532274628904663e-12,0.7828570384073366,0.1562046937780863,0.02652934495411962,0.034408922860457304,0.7049822761183766,0.5859375
SC4001,2494,74820.0,74850.0,Sleep stage W,W,3.9858556948881203e-10,5.168644744892537e-11,8.028628546818328e-12,1.0432133290501437e-11,0.8503471221501484,0.11026847233512865,0.017128370172445805,0.022256035342277124,0.6448422744354219,1.171875
SC4001,2495,74850.0,74880.0,Sleep stage W,W,2.0973914690959314e-10,2.5058303898900087e-11,8.037100497369821e-12,1.191052244000036e-11,0.8233295499124403,0.09836619617578371,0.031549581623657716,0.04675467228811825,0.6914673182547783,1.07421875
SC4001,2496,74880.0,74910.0,Sleep stage W,W,4.044571311710551e-10,4.37586468044965e-11,8.817740196299192e-12,1.847020143166526e-11,0.8505866820732739,0.09202587698153714,0.018543998359574536,0.03884344258561439,0.609745804778746,1.07421875
SC4001,2497,74910.0,74940.0,Sleep stage W,W,2.761248931970024e-10,2.116451356496388e-11,7.1482691942033325e-12,1.2549334527914484e-11,0.8710921396284365,0.0667677629207666,0.022550669137157742,0.03958942831363933,0.6469127945707502,1.07421875
SC4001,2498,74940.0,74970.0,Sleep stage W,W,3.4796253416919425e-10,4.370220928572527e-11,9.0449074782938e-12,1.1194168730493217e-11,0.8447664662427352,0.10609809183465539,0.02195878514959729,0.027176656773012082,0.6294846483644433,0.5859375
SC4001,2499,74970.0,75000.0,Sleep stage W,W,3.225623656173025e-10,4.53598834404518e-11,9.304750209988668e-12,1.2225052676734288e-11,0.8282466712058537,0.11647103466004742,0.0238919018747787,0.0313903922593202,0.6669974962350128,0.9765625
SC4001,2500,75000.0,75030.0,Sleep stage W,W,2.913244417457097e-10,4.566866741777658e-11,7.02885915277258e-12,1.3857417354242974e-11,0.8140296798596022,0.12760910308430995,0.019640301828516112,0.038720915227571796,0.6555239042078013,0.5859375
SC4001,2501,75030.0,75060.0,Sleep stage W,W,1.7425798657620185e-10,2.520114935105345e-11,6.736926296696028e-12,1.1944594799351196e-11,0.7988331425883026,0.11552706265279736,0.03088340517823033,0.054756389580669654,0.6940322655759121,0.5859375
SC4001,2502,75060.0,75090.0,Sleep stage W,W,2.0492506329393254e-10,1.9690534891244064e-11,6.557904530703539e-12,1.1892719186452216e-11,0.8430832622077554,0.08100893138149,0.026979908929257158,0.048927897481497395,0.6554784550340016,1.171875
SC4001,2503,75090.0,75120.0,Sleep stage W,W,1.6073851913774908e-10,1.912369306650853e-11,8.938429061568728e-12,1.23049875466587e-11,0.7992740933553129,0.09509277875230358,0.04444643899004488,0.061186688902338575,0.7007107598521455,1.07421875
SC4001,2504,75120.0,75150.0,Sleep stage W,W,3.332243915221256e-10,3.86259596624912e-11,1.0632637070040152e-11,1.6138468492601703e-11,0.8359419340876141,0.0968988472865412,0.02667351917481365,0.040485699451031094,0.6289701903542952,0.5859375
SC4001,2505,75150.0,75180.0,Sleep stage W,W,3.1143057274321234e-10,4.02508060430736e-11,9.067304383756729e-12,1.711964971972414e-11,0.8241774862728812,0.10652071777291724,0.023995936135780598,0.04530585981842079,0.687959826777304,0.5859375
SC4001,2506,75180.0,75210.0,Sleep stage W,W,2.7455533595838917e-10,2.4905029334475548e-11,7.134085745206434e-12,1.3141912061784826e-11,0.8586928721418011,0.07789238950809459,0.0223124003664807,0.04110233798362343,0.6820380043470093,1.171875
SC4001,2507,75210.0,75240.0,Sleep stage W,W,2.3371842154741756e-10,2.8083637036603997e-11,8.956378464933356e-12,1.2958668585965939e-11,0.8237727542877157,0.09898464519351619,0.03156798898286439,0.0456746115359036,0.6916062778635629,0.5859375
SC4001,2508,75240.0,75270.0,Sleep stage W,W,2.597748530478018e-10,3.245457806764775e-11,7.96029091029147e-12,1.4288494354429714e-11,0.8260503892382856,0.1032013550611519,0.025312694157067862,0.045435561543494776,0.6185675932278155,0.5859375
SC4001,2509,75270.0,75300.0,Sleep stage W,W,1.5989798913441257e-10,2.464510820742014e-11,7.744321206392205e-12,1.5395800474535716e-11,0.7699128985326873,0.1186668250010089,0.03728910425614831,0.07413117221015553,0.7063799562060809,0.5859375
SC4001,2510,75300.0,75330.0,Sleep stage W,W,2.2460321136638735e-10,2.85281279370306e-11,6.427516535851868e-12,1.2819936234706984e-11,0.8245987496169898,0.10473696472404684,0.023597712901620417,0.04706657275734282,0.6727088935356259,0.5859375
SC4001,2511,75330.0,75360.0,Sleep stage W,W,2.469822141589853e-10,1.8049719317278014e-11,6.486535501570777e-12,9.190027955015824e-12,0.879853003587802,0.06430058054707123,0.023107727669257064,0.03273868819586972,0.5412513769850654,0.5859375
SC4001,2512,75360.0,75390.0,Sleep stage W,W,1.5144750221390332e-10,2.775960710489851e-11,7.702630804507267e-12,1.2017654372206533e-11,0.7613204938313177,0.13954642685235738,0.03872081481809638,0.06041226449822849,0.7186341217163834,1.07421875
SC4001,2513,75390.0,75420.0,Sleep stage W,W,3.2128504745164116e-10,2.0677384015966413e-11,6.350860423414867e-12,1.2526682780710231e-11,0.8903809721855904,0.057303473748376334,0.017600213028482893,0.034715341037550355,0.6011481335842448,0.5859375
SC4001,2514,75420.0,75450.0,Sleep stage W,W,1.1642738012588758e-10,2.3922801584269896e-11,4.7140622216269585e-12,8.690350551260686e-12,0.7572286247272195,0.1555908079670941,0.030659651098405318,0.056520916207281155,0.7464843612143716,0.5859375
SC4001,2515,75450.0,75480.0,Sleep stage W,W,3.037303729578498e-10,2.3099446561219275e-11,7.669439747988184e-12,1.0997630958193285e-11,0.879111741815764,0.06685862366564091,0.022198288797876033,0.0318313457207191,0.6514811501391778,0.68359375
SC4001,2516,75480.0,75510.0,Sleep stage W,W,1.7431596946938164e-10,2.7940627278383e-11,8.419517278407721e-12,1.7683189150450207e-11,0.7633407837759885,0.12235379461099756,0.03686960487830757,0.07743581673470643,0.7321867306195039,0.5859375
SC4001,2517,75510.0,75540.0,Sleep stage W,W,2.7388266844185497e-10,3.558357557520174e-11,8.7994978814614e-12,1.672478703177794e-11,0.8175833188968866,0.106222631692987,0.02626790049724772,0.04992614891287863,0.6780629682609873,1.171875
SC4001,2518,75540.0,75570.0,Sleep stage W,W,2.4692767249200997e-10,3.4572999393599635e-11,6.575482532653124e-12,1.1700698145500598e-11,0.8237049337873337,0.11532911596717049,0.021934590601035486,0.0390313596444603,0.6875973622259882,1.26953125
SC4001,2519,75570.0,75600.0,Sleep stage W,W,2.2547196324021527e-10,2.4225517385738424e-11,6.7975423590891566e-12,1.2951270367679069e-11,0.8367974204976667,0.0899085197435829,0.02522781914906787,0.04806624060968266,0.6396366148069017,0.5859375
SC4001,2520,75600.0,75630.0,Sleep stage W,W,2.015498052235711e-10,2.9084383393709577e-11,8.429946213630025e-12,1.8852062080487785e-11,0.7814546261040332,0.11276679689760193,0.032684826756056544,0.07309375024230837,0.6729456084135618,0.5859375
SC4001,2521,75630.0,75660.0,Sleep stage W,W,2.835621353894252e-10,2.9668152888487406e-11,8.181510183077993e-12,1.6890597376637533e-11,0.8381913308279493,0.08769714094110925,0.024184014904242053,0.04992751332669945,0.614449752032263,0.5859375
SC4001,2522,75660.0,75690.0,Sleep stage W,W,4.775359952011194e-10,4.386610177981826e-11,1.1117931617601936e-11,1.619447451717317e-11,0.870281343922154,0.07994339776101707,0.020261778309980976,0.029513480006848086,0.6632143800860071,0.5859375
SC4001,2523,75690.0,75720.0,Sleep stage W,W,4.944751042689246e-10,4.811831444751625e-11,6.6336282405975e-12,1.3751273652821887e-11,0.8783199746186889,0.08547099006475221,0.01178309714202042,0.02442593817453837,0.6652847547945466,0.5859375
SC4001,2524,75720.0,75750.0,Sleep stage W,W,3.3478086801768e-10,3.694042656793496e-11,8.233422693542841e-12,1.1833403590756329e-11,0.8544946877775237,0.09428674479949414,0.02101498808912737,0.030203579333854758,0.6453320530663225,0.5859375
SC4001,2525,75750.0,75780.0,Sleep stage W,W,2.498891926229176e-10,1.919801082766956e-11,7.167185539055254e-12,1.31337577119648e-11,0.863508735485916,0.06634000406196643,0.02476668661362089,0.04538457383849667,0.6160894588234307,0.5859375
SC4001,2526,75780.0,75810.0,Sleep stage W,W,1.5620741633967542e-10,1.9087185400381837e-11,7.723378440476426e-12,1.1132750522827714e-11,0.8045677488504603,0.09831116952912594,0.039780321261199916,0.05734076035921388,0.6870290853653079,1.26953125
SC4001,2527,75810.0,75840.0,Sleep stage W,W,1.266564374866054e-10,2.2162123465221006e-11,5.052060043367111e-12,8.9021180775988e-12,0.7781182414701786,0.13615377852252064,0.031037507092067908,0.054690472915232775,0.7079106229608801,0.5859375
SC4001,2528,75840.0,75870.0,Sleep stage W,W,4.992680367766107e-10,3.726730845755318e-11,8.737124579546403e-12,1.2864401356251158e-11,0.8945261683394068,0.06677091298310715,0.015654089580628715,0.023048829096857404,0.6105775234551459,1.07421875
SC4001,2529,75870.0,75900.0,Sleep stage W,W,8.162513496065891e-10,7.054891440286327e-11,9.670658146436505e-12,1.2417740258784469e-11,0.8980762808043268,0.07762107430786266,0.010640091076440717,0.013662553811369882,0.5745256041122843,0.5859375
SC4001,2530,75900.0,75930.0,Sleep stage W,W,3.57316832244118e-10,4.3394697225162474e-11,1.2580514338057092e-11,1.8536256551801742e-11,0.8274511697055237,0.10049062831007682,0.029133140017905814,0.04292506196649378,0.6628551280363527,0.5859375
SC4001,2531,75930.0,75960.0,Sleep stage W,W,5.242063500732075e-10,6.111679923489744e-11,1.2992275975855886e-11,1.785045162600785e-11,0.8507552425688807,0.0991888735244382,0.021085679137266243,0.02897020476941484,0.670120539053493,0.5859375
SC4001,2532,75960.0,75990.0,Sleep stage W,W,4.896533184131221e-10,4.3676143238197825e-11,1.0829265978837414e-11,1.5287973047072686e-11,0.8752456986883279,0.0780702490251999,0.0193571004453654,0.027326951841106673,0.6151558869126108,1.171875
SC4001,2533,75990.0,76020.0,Sleep stage W,W,3.969664332681445e-10,4.9114731152290287e-11,1.07880754214863e-11,1.5845118688443106e-11,0.8397596267274076,0.10389938504297722,0.022821552226646283,0.03351943600296905,0.6841565356950522,0.5859375
SC4001,2534,76020.0,76050.0,Sleep stage W,W,1.8832176250357856e-10,1.6573392638409464e-11,6.042878396825084e-12,1.390464848586072e-11,0.8375712333964798,0.07371106094789748,0.026876028796711957,0.06184167685891084,0.6436451971721467,0.5859375
SC4001,2535,76050.0,76080.0,Sleep stage W,W,1.6809842038495728e-10,1.4646443572159696e-11,4.085811916847418e-12,8.038766393066132e-12,0.8626207291885775,0.07516028886709494,0.020966919540153506,0.04125206240417403,0.6262204589977555,0.78125
SC4001,2536,76080.0,76110.0,Sleep stage W,W,3.704976142898881e-10,3.2523173675860034e-11,9.49724057198572e-12,1.3932182427908022e-11,0.8687945386424918,0.07626487885236469,0.02227045579478185,0.03267012671036176,0.6466442730639073,0.5859375
SC4001,2537,76110.0,76140.0,Sleep stage W,W,1.9884635294351538e-10,3.7766036109510204e-11,8.550721898657464e-12,1.244445899952118e-11,0.7718963886860182,0.14660297489186289,0.033192820771055495,0.048307815651063346,0.701189149896619,0.5859375
SC4001,2538,76140.0,76170.0,Sleep stage W,W,3.493842612137832e-11,1.1669448003182673e-11,4.534118873129451e-12,8.369688568957318e-12,0.587085177256341,0.19608667905164023,0.07618872049601966,0.1406394231959992,0.8171803152339429,1.07421875
SC4001,2539,76170.0,76200.0,Sleep stage W,W,4.8751893177492e-11,1.179494129442586e-11,4.8807904279213056e-12,1.0894516478962804e-11,0.638764745023684,0.15454154038845974,0.0639498622515971,0.14274385233625916,0.7930195233937941,0.5859375
SC4001,2540,76200.0,76230.0,Sleep stage W,W,7.760151310425424e-11,1.466486527091374e-11,4.91541201410069e-12,1.0625740045001139e-11,0.719815330076296,0.13602820890007217,0.04559432902600078,0.09856213199763117,0.752925211860615,1.07421875
SC4001,2541,76230.0,76260.0,Sleep stage W,W,1.0106226073793651e-10,1.7054692044308963e-11,5.509486448249292e-12,1.2585553867468488e-11,0.7419483295076141,0.12520697815531764,0.040447880711112466,0.0923968116259557,0.7381359039948577,1.171875
SC4001,2542,76260.0,76290.0,Sleep stage W,W,1.260932964483479e-10,1.4545748318513015e-11,5.463939188208273e-12,1.2331193667055022e-11,0.7958718146603985,0.09180940966667915,0.03448712437060216,0.07783165130232012,0.7279301291520661,1.26953125
SC4001,2543,76290.0,76320.0,Sleep stage W,W,5.326905255311487e-10,5.543126230779305e-11,1.5859350349121006e-11,2.6263366741052156e-11,0.8452124871617273,0.08795199620824545,0.02516380583263434,0.04167171079739292,0.6605287075282632,0.5859375
SC4001,2544,76320.0,76350.0,Sleep stage W,W,2.947435480964623e-10,3.452132392327391e-11,8.390447214977713e-12,1.4661865348401677e-11,0.8365857840434945,0.09798365062471127,0.023815038215935544,0.04161552711585881,0.6777022960797365,1.171875
SC4001,2545,76350.0,76380.0,Sleep stage W,W,3.0405217223885795e-10,4.511143610393698e-11,1.0272584583245825e-11,1.9279918259644273e-11,0.8028498478370273,0.11911675994639366,0.027124762532769995,0.05090862968380899,0.697869730916649,0.5859375
SC4001,2546,76380.0,76410.0,Sleep stage W,W,2.384424578090135e-10,2.679125516897939e-11,8.265443874825032e-12,1.500813592556216e-11,0.8264694299848274,0.09286162200953225,0.02864899460678181,0.05201995339885851,0.6836611424046157,0.5859375
SC4001,2547,76410.0,76440.0,Sleep stage W,W,3.3721419497065834e-10,3.7984507132279536e-11,1.0358413121560555e-11,1.5601037740887626e-11,0.840601624267013,0.09468711243058554,0.02582127035183137,0.038889992950570204,0.6881230883831709,1.26953125
SC4001,2548,76440.0,76470.0,Sleep stage W,W,3.0096029500666613e-10,3.8819515278621035e-11,8.532966629721e-12,1.4825748529234066e-11,0.8287754504661522,0.1069000190247827,0.02349782805138142,0.04082670245768366,0.6649014519999187,0.5859375
SC4001,2549,76470.0,76500.0,Sleep stage W,W,1.174668575294299e-10,1.6079815516911227e-11,5.320292657170254e-12,9.389927620572002e-12,0.7923197019423052,0.10845914248156692,0.035885634305990184,0.06333552127013758,0.7053006322799319,1.3671875
SC4001,2550,76500.0,76530.0,Sleep stage W,W,2.6248364131100847e-10,3.4026020310549226e-11,8.725628894712466e-12,1.457836301974577e-11,0.8207393224424947,0.10639326975049666,0.027283478357592466,0.045583929449416145,0.7030358497398932,0.5859375
SC4001,2551,76530.0,76560.0,Sleep stage W,W,2.447506127148277e-10,1.9756036358195482e-11,6.750924842321283e-12,1.3874096919864007e-11,0.8583775067774954,0.06928741482952788,0.023676516966868174,0.04865856142610874,0.6509272584221583,0.5859375
SC4001,2552,76560.0,76590.0,Sleep stage W,W,1.950897862499791e-10,1.5216651634773784e-11,5.80496739403073e-12,9.294690698991636e-12,0.8655035943181176,0.06750772009411017,0.025753373567159833,0.04123531202061226,0.6682770082335311,0.5859375
SC4001,2553,76590.0,76620.0,Sleep stage W,W,2.2751083953607567e-10,1.8894695058680524e-11,7.306420048094332e-12,1.347236598746255e-11,0.8515126898141181,0.07071782885352759,0.02734599107783644,0.0504234902545178,0.6690369289021554,0.5859375
SC4001,2554,76620.0,76650.0,Sleep stage W,W,2.675596078081025e-10,1.9407035357659647e-11,7.648324130331614e-12,1.4784550039396272e-11,0.8647706050490719,0.06272484044186821,0.024719896773589132,0.04778465773547086,0.6312608722092752,1.171875
SC4001,2555,76650.0,76680.0,Sleep stage W,W,2.7148270140245036e-10,2.358900192843771e-11,6.688728972017791e-12,1.8306992948416176e-11,0.8482047218309636,0.07370010212665425,0.020897874773622132,0.05719730126875996,0.6779773682085662,0.5859375
SC4001,2556,76680.0,76710.0,Sleep stage W,W,3.7502554334167757e-10,2.4184190977678647e-11,6.799501825849388e-12,1.0056610865062019e-11,0.9013610370485966,0.058125873948701764,0.01634236954248636,0.024170719460215255,0.5762366006133158,0.5859375
SC4001,2557,76710.0,76740.0,Sleep stage W,W,3.011587309786034e-10,2.271080654038787e-11,6.4763728657484516e-12,1.0873873221918967e-11,0.8825945781788677,0.06655770747034928,0.018980062636737658,0.031867651714045486,0.6455788092538866,0.5859375
SC4001,2558,76740.0,76770.0,Sleep stage W,W,5.604670234658227e-10,3.51659030417099e-11,9.173962148950187e-12,1.2322184783074234e-11,0.9081844424247759,0.05698306003590694,0.014865548462689152,0.019966949076627966,0.585209210517134,0.5859375
SC4001,2559,76770.0,76800.0,Sleep stage W,W,3.2554413682135933e-10,3.7652305060193726e-11,9.719229732940121e-12,1.3952052243389093e-11,0.8414869391920364,0.09732604385995633,0.02512287568479227,0.03606414126321494,0.6970883636874814,1.85546875
SC4001,2560,76800.0,76830.0,Sleep stage W,W,4.665415067442529e-10,4.503581514338967e-11,9.687887068220977e-12,1.2045488464457689e-11,0.8748024538059376,0.08444573746829483,0.018165559241699603,0.022586249484068024,0.6700491480579678,1.07421875
SC4001,2561,76830.0,76860.0,Sleep stage W,W,5.926554431255435e-10,5.3882251159383725e-11,1.006175829959204e-11,1.6249793060286977e-11,0.880814605889301,0.08008071868721081,0.014953956424443395,0.024150718999044793,0.5977591921085068,0.5859375
SC4001,2562,76860.0,76890.0,Sleep stage W,W,2.2960790585479952e-10,4.06219249556572e-11,8.305212123920626e-12,1.3560495889269771e-11,0.7860712518222521,0.139070679132086,0.028433204277504915,0.046424864768157006,0.6793176109284687,0.5859375
SC4001,2563,76890.0,76920.0,Sleep stage W,W,2.9498731056011144e-10,2.810958301988212e-11,9.385928059327036e-12,1.5970859748124498e-11,0.8465610390039632,0.08066949646781639,0.02693594173536895,0.04583352279285156,0.6391447183445056,0.5859375
SC4001,2564,76920.0,76950.0,Sleep stage W,W,3.345068605518852e-10,2.9062432116301868e-11,8.201524156638812e-12,1.4082757454298365e-11,0.8669269454788175,0.07531984683723124,0.021255535009521192,0.03649767267443006,0.6137190657457994,0.5859375
SC4001,2565,76950.0,76980.0,Sleep stage W,W,5.085966240434459e-10,5.035740974228971e-11,1.1142563431059297e-11,1.713985659522289e-11,0.8660848977305733,0.0857532079546441,0.018974577206043446,0.02918731710873928,0.6786775690724485,0.5859375
SC4001,2566,76980.0,77010.0,Sleep stage W,W,6.077791699431542e-10,7.356181873896822e-11,1.9539273407120334e-11,2.0738328354382077e-11,0.8422443351542728,0.1019400272015513,0.02707700946993107,0.028738628174244947,0.6483720851117635,0.5859375
SC4001,2567,77010.0,77040.0,Sleep stage W,W,1.9522824156904532e-10,3.759753700341673e-11,9.22770463385023e-12,1.7082844129211642e-11,0.7533804448662581,0.14508786703122592,0.035609459811099364,0.06592222829141649,0.6946918579659617,0.5859375
SC4001,2568,77040.0,77070.0,Sleep stage W,W,3.649553011069729e-10,3.661104625171667e-11,1.206733407135697e-11,2.2122794410363834e-11,0.8375212333978774,0.08401721668302858,0.027692839327479003,0.05076871059161492,0.6831392775813105,0.5859375
SC4001,2569,77070.0,77100.0,Sleep stage W,W,5.970169629972814e-10,4.646618227388844e-11,1.1503088076590354e-11,2.0149957711187218e-11,0.8842911562197007,0.0688249021297562,0.017038174266065968,0.029845767384477077,0.6165617689092667,0.5859375
SC4001,2570,77100.0,77130.0,Sleep stage W,W,2.2204224864854664e-10,3.4892531346237405e-11,1.110627902229813e-11,1.4205300858289728e-11,0.7866965892725459,0.12362438035213094,0.039349591708471264,0.05032943866685186,0.6295635664451152,0.5859375
SC4001,2571,77130.0,77160.0,Sleep stage W,W,1.1445052792296058e-10,1.539796434386704e-11,7.034912296924266e-12,9.70829430882009e-12,0.7807435810021492,0.1050398110008402,0.047989840837028,0.06622676715998248,0.6830028075186338,0.5859375
SC4001,2572,77160.0,77190.0,Sleep stage W,W,3.688286557007075e-10,4.421593448420269e-11,1.2948385823804377e-11,2.0785310583835215e-11,0.8255295003561122,0.09896616691340346,0.02898168109860041,0.04652265163188398,0.6690073598520232,1.26953125
SC4001,2573,77190.0,77220.0,Sleep stage W,W,3.7879925575579437e-10,6.957477558031283e-11,1.1216609377938626e-11,1.4864310170534445e-11,0.7983882453951759,0.14664147871277702,0.023641041909302937,0.03132923398274425,0.6716912077159239,0.5859375
SC4001,2574,77220.0,77250.0,Sleep stage W,W,3.6677012982094024e-10,3.885536550902793e-11,8.608884704880111e-12,1.3368083117038635e-11,0.8577362420165978,0.0908679646572248,0.020132916544548022,0.031262876781629326,0.6606555804508392,0.5859375
SC4001,2575,77250.0,77280.0,Sleep stage W,W,3.3771338477808807e-10,3.211785868641341e-11,8.240116824936418e-12,1.926592270007396e-11,0.8499413451392689,0.08083273345195044,0.02073834290842001,0.04848757850036062,0.6109009916006701,0.5859375
SC4001,2576,77280.0,77310.0,Sleep stage W,W,3.7740604910971804e-10,5.6314283459552753e-11,1.3196991294463045e-11,2.0335152756937977e-11,0.8077133198720453,0.12052217222439725,0.02824381240289652,0.043520695500661,0.6604203471273754,0.5859375
SC4001,2577,77310.0,77340.0,Sleep stage W,W,5.081377388011254e-10,8.201017446397673e-11,1.8768280314198396e-11,2.756245727117319e-11,0.7983578681266733,0.12884984335985714,0.0294876824055605,0.04330460610790914,0.6631896033228653,0.5859375
SC4001,2578,77340.0,77370.0,Sleep stage W,W,1.3506108762624964e-10,2.1695628122115837e-11,6.320587352409336e-12,1.2230657505726147e-11,0.7704218745058012,0.12375723296909595,0.036054194747017945,0.0697666977780848,0.7366922109545807,0.9765625
SC4001,2579,77370.0,77400.0,Sleep stage W,W,5.429826425015727e-10,5.87960605010939e-11,1.0525438220149964e-11,1.38235003773002e-11,0.8672075890371799,0.09390427221969644,0.016810371433612813,0.022077767309510873,0.6335137021450468,0.5859375
SC4001,2580,77400.0,77430.0,Sleep stage W,W,3.031988019115106e-10,3.321601674437292e-11,9.461322491732506e-12,1.4609097261408985e-11,0.841085208508554,0.0921425157129023,0.02624607468946399,0.04052620108907969,0.6611841365251989,0.5859375
SC4001,2581,77430.0,77460.0,Sleep stage W,W,2.3732702852340046e-10,3.779290365344299e-11,9.372787163784915e-12,1.6041271999718747e-11,0.7896844794991381,0.12575250967416693,0.03118711172065217,0.053375899106042936,0.7082613773974389,1.171875
SC4001,2582,77460.0,77490.0,Sleep stage W,W,1.920035597137824e-10,2.312580750934808e-11,7.7533582205208e-12,1.2574350559446618e-11,0.8154503698638311,0.09821665970677311,0.032928966723509256,0.0534040037058864,0.7107138555944642,1.07421875
SC4001,2583,77490.0,77520.0,Sleep stage W,W,3.324564029427692e-10,3.617693535870156e-11,9.656197853382356e-12,1.1465900251661911e-11,0.8529872116934812,0.09281957858560567,0.024775017745515004,0.029418191975398064,0.6671773561522182,1.171875
SC4001,2584,77520.0,77550.0,Sleep stage W,W,1.710910852459402e-10,2.0152192552401454e-11,8.149938013072894e-12,1.360025485107367e-11,0.8032691552176875,0.09461413295778837,0.03826379272436654,0.06385291910015768,0.7333408022334245,1.5625
SC4001,2585,77550.0,77580.0,Sleep stage W,W,4.1671341871554106e-10,3.8948194326399657e-11,9.269091538897181e-12,1.4091524506547607e-11,0.8699250126856267,0.08130769714090771,0.019350023811121025,0.029417266362344457,0.6789764746275458,1.07421875
SC4001,2586,77580.0,77610.0,Sleep stage W,W,3.332640634750428e-10,3.7369997681142917e-11,6.405703628167889e-12,1.3184365364871482e-11,0.8540324334827776,0.09576547115846554,0.01641544726031753,0.03378664809843939,0.673592172911203,1.171875
SC4001,2587,77610.0,77640.0,Sleep stage W,W,1.1732163576553605e-10,2.1792443524949695e-11,6.317294973367243e-12,1.143451374510148e-11,0.7479104428289653,0.13892404398147862,0.04027194856415582,0.07289356462539998,0.7483843958071341,1.07421875
SC4001,2588,77640.0,77670.0,Sleep stage W,W,5.34086467025068e-10,7.487427986929706e-11,1.2515563741599062e-11,1.4911846429064354e-11,0.8392463956089822,0.11765504910495392,0.019666556648885242,0.023431998637178608,0.7034261691161168,1.3671875
SC4001,2589,77670.0,77700.0,Sleep stage W,W,3.1394303660909814e-10,5.255228106735077e-11,9.173971937710839e-12,1.7029945906540468e-11,0.7994490648621325,0.13382323242282096,0.02336131855603588,0.043366384159010604,0.7272853859816797,2.05078125
SC4001,2590,77700.0,77730.0,Sleep stage W,W,3.7977983045042303e-10,4.3675002164298234e-11,8.039593339587265e-12,1.1190948059945427e-11,0.8579001086179878,0.09865923910757429,0.01816096444904999,0.025279687825387906,0.7002517119091157,0.5859375
SC4001,2591,77730.0,77760.0,Sleep stage W,W,8.929215567719204e-10,5.6055704713431006e-11,1.1251859426532518e-11,1.4704066774755427e-11,0.91587974237566,0.057496970481066736,0.011541159505741496,0.015082127637531579,0.6305785744300623,1.07421875
SC4001,2592,77760.0,77790.0,Sleep stage W,W,5.036295255905051e-10,4.1321374079884364e-11,1.0116907879275436e-11,1.3641670086646422e-11,0.8855655574507153,0.07265814217063095,0.017789237347201694,0.023987063031452142,0.6498683482316134,1.171875
SC4001,2593,77790.0,77820.0,Sleep stage W,W,5.646956083641309e-10,6.152963483927188e-11,1.1429716868506451e-11,1.429838351348575e-11,0.8661595402803011,0.09437735912341788,0.01753149513069312,0.02193160546558789,0.6750082990898975,0.5859375
SC4001,2594,77820.0,77850.0,Sleep stage W,W,4.935222795762597e-10,3.541507287670611e-11,7.902577821081262e-12,1.2728960510165316e-11,0.8980171327966245,0.064441553134804,0.014379594539648353,0.023161719528923135,0.6030702751769025,1.07421875
SC4001,2595,77850.0,77880.0,Sleep stage W,W,2.6757555758017177e-10,4.55759066778693e-11,7.181695545644818e-12,1.3622527738704787e-11,0.8012307247985021,0.13647291655149343,0.021504935575421845,0.040791423074582646,0.7005928701894855,0.5859375
SC4001,2596,77880.0,77910.0,Sleep stage W,W,2.34537287344675e-10,5.0080426582628074e-11,1.0094204459121996e-11,1.9243966166875964e-11,0.7470389914123654,0.15951421536144456,0.0321516651088866,0.061295128117303616,0.7514391388779238,1.07421875
SC4001,2597,77910.0,77940.0,Sleep stage W,W,3.561927993039978e-10,5.968977656093662e-11,1.160134675211209e-11,2.2312549182540715e-11,0.7918977173807273,0.13270396791269673,0.0257924360893636,0.04960587861721238,0.7210674996163302,1.26953125
SC4001,2598,77940.0,77970.0,Sleep stage W,W,1.814097724181514e-10,2.583805093639722e-11,5.856511825452177e-12,1.0837475029840414e-11,0.8100754934871884,0.11537841420584248,0.02615193571921395,0.04839415658775521,0.7127432018869635,1.26953125
SC4001,2599,77970.0,78000.0,Sleep stage W,W,2.5184016143510255e-10,2.8368921125196373e-11,7.439782595286938e-12,1.2283851451912234e-11,0.8396555210236331,0.09458428358891197,0.02480483849657149,0.040955356890883254,0.6606775840468974,0.5859375
SC4001,2600,78000.0,78030.0,Sleep stage W,W,2.880983553771982e-10,4.767827553250038e-11,1.0144746438610156e-11,1.273295804709848e-11,0.8032758200443253,0.13293656545357607,0.028285581512421516,0.035502032989677156,0.7218218412128655,0.5859375
SC4001,2601,78030.0,78060.0,Sleep stage W,W,1.2313356426141291e-10,2.4177007488095093e-11,6.9773377296022586e-12,1.0913228214245942e-11,0.7453554253964735,0.1463489163916781,0.04223540967710213,0.06606024853474621,0.749873597519536,1.171875
SC4001,2602,78060.0,78090.0,Sleep stage W,W,3.602677985191817e-10,5.94990823869969e-11,1.1662414407536923e-11,1.6029360867556356e-11,0.8051420919952704,0.13297112831558,0.026063669227157187,0.03582311046199234,0.7170616697341335,1.171875
SC4001,2603,78090.0,78120.0,Sleep stage W,W,2.4187996324618224e-10,2.532407781266491e-11,6.156387439174042e-12,7.264519463248161e-12,0.8619332137197064,0.09024171940749912,0.02193813302737332,0.025886933845421255,0.6681433460766762,0.9765625
SC4001,2604,78120.0,78150.0,Sleep stage W,W,4.546723753916394e-10,6.364640552526285e-11,1.1419501083798977e-11,1.5501005588278935e-11,0.8338951094338359,0.1167311435071085,0.020944017321817394,0.02842972973723808,0.6837260303134507,0.5859375
SC4001,2605,78150.0,78180.0,Sleep stage W,W,3.292117897675593e-10,3.7674051367195636e-11,7.232979158538825e-12,1.3337401073158084e-11,0.8496748061149195,0.0972343436229507,0.018667861708427578,0.03442298855370222,0.6836626521753435,1.07421875
SC4001,2606,78180.0,78210.0,Sleep stage W,W,2.898105615806855e-10,4.768075599226148e-11,1.0382795252635065e-11,1.7570593126780635e-11,0.7930353261663162,0.1304732431901117,0.0284113987246774,0.04808003191889456,0.7083046371153136,1.171875
SC4001,2607,78210.0,78240.0,Sleep stage W,W,3.568653350301316e-10,4.2772454643023525e-11,9.552964068493641e-12,1.1122449612420933e-11,0.8490462164461441,0.10176329056927634,0.022728203616402397,0.02646228936817728,0.6455669735451193,1.171875
SC4001,2608,78240.0,78270.0,Sleep stage W,W,4.1855449273992805e-10,4.354288862498081e-11,8.637360310245672e-12,1.2296377594507209e-11,0.8665166198251953,0.0901451001559014,0.01788158146685306,0.02545669855205025,0.6711039501437617,1.171875
SC4001,2609,78270.0,78300.0,Sleep stage W,W,4.4827263199820663e-10,4.701115603988217e-11,1.0359399792231436e-11,1.2772279260294444e-11,0.8646976420552135,0.09068239476671519,0.019982813881632703,0.024637149296438638,0.681967999976206,0.68359375
SC4001,2610,78300.0,78330.0,Sleep stage W,W,2.319168142396875e-10,4.914995340515148e-11,9.927456142137572e-12,1.236164315103427e-11,0.7645041336453812,0.16202077744946008,0.03272544632923218,0.04074964257592653,0.7292119316391544,0.5859375
SC4001,2611,78330.0,78360.0,Sleep stage W,W,3.959494234415769e-10,3.944212254692074e-11,9.087412417766715e-12,1.3630285043779442e-11,0.8643122336053772,0.08609763524935694,0.019836780304472692,0.02975335084079308,0.6841181903870454,1.26953125
SC4001,2612,78360.0,78390.0,Sleep stage W,W,4.805578014043109e-10,4.541345831026818e-11,9.387534494731615e-12,1.419441965438757e-11,0.8744518079071779,0.08263705345472104,0.017082120999223085,0.025829017638878026,0.6350720680680519,1.171875
SC4001,2613,78390.0,78420.0,Sleep stage W,W,4.6454140394764685e-10,5.321980279364072e-11,8.078907315589599e-12,1.3556903517634877e-11,0.8612235307427805,0.09866536347003246,0.014977664044042629,0.02513344174314448,0.6617001818985387,1.171875
SC4001,2614,78420.0,78450.0,Sleep stage W,W,3.837410977103353e-10,5.580325600101192e-11,1.0297628502203296e-11,1.6376714049339552e-11,0.8230924688055677,0.11969330369699661,0.022087549437092284,0.03512667806034337,0.7132374242683271,1.953125
SC4001,2615,78450.0,78480.0,Sleep stage W,W,3.4173187488913256e-10,4.4091188165158946e-11,8.63211662372805e-12,1.6120552293193487e-11,0.832323608724864,0.10738868552574446,0.02102441998284808,0.03926328576654345,0.6640101636947284,0.5859375
SC4001,2616,78480.0,78510.0,Sleep stage W,W,2.5598623956441074e-10,4.4114566477187696e-11,1.3488821778193217e-11,1.270705206451743e-11,0.7845199027313811,0.13519771789534862,0.04133913278852785,0.038943246584742484,0.7155793067704219,1.07421875
SC4001,2617,78510.0,78540.0,Sleep stage W,W,3.730411666372516e-10,5.738803904521086e-11,9.728466731289168e-12,1.576813746031458e-11,0.8182058540188619,0.125871441805548,0.021337828481296818,0.0345848756942933,0.69599226742071,1.07421875
SC4001,2618,78540.0,78570.0,Sleep stage W,W,2.1159509088382451e-10,3.760754623023295e-11,8.480842767424432e-12,1.531632650558847e-11,0.7750741426673992,0.13775667729562938,0.031065380154152722,0.05610379988281878,0.7286377154416581,1.07421875
SC4001,2619,78570.0,78600.0,Sleep stage W,W,1.1351497459142259e-10,2.7776118569097487e-11,6.2401625274728784e-12,1.360771546068169e-11,0.7044538871151669,0.17237368695540378,0.038725346717743414,0.08444707921168586,0.779801480925863,0.5859375
SC4001,2620,78600.0,78630.0,Sleep stage W,W,2.9000781869961177e-10,4.665262025461332e-11,8.400132074505738e-12,1.4019618931248371e-11,0.8076408189823399,0.129922567601997,0.023393471178240057,0.0390431422374231,0.6999654039551654,1.171875
SC4001,2621,78630.0,78660.0,Sleep stage W,W,2.8457289551957763e-10,3.6389331391531427e-11,7.293082878334968e-12,6.7579475267414015e-12,0.8494377141946887,0.10862057126648927,0.02176953514246082,0.02017217939636118,0.6741046608185167,1.3671875
SC4001,2622,78660.0,78690.0,Sleep stage W,W,2.5688425710331343e-10,3.703735085318321e-11,7.68358323054712e-12,9.452249942658134e-12,0.8258418643526364,0.11906916844255694,0.024701493083212532,0.030387474121594225,0.6913322805877747,0.9765625
SC4001,2623,78690.0,78720.0,Sleep stage W,W,1.8664035169018318e-10,2.7505973555632726e-11,7.2505658825040746e-12,9.145368580817437e-12,0.809571103908052,0.11930989828214365,0.031450051247227814,0.03966894656257664,0.7205067678876325,1.26953125
SC4001,2624,78720.0,78750.0,Sleep stage W,W,2.651108323633628e-10,5.190396187227198e-11,1.0406117783995883e-11,1.15023173958283e-11,0.7822149954743427,0.1531437132880823,0.03070346580239814,0.033937825435177024,0.712875473180358,1.953125
SC4001,2625,78750.0,78780.0,Sleep stage W,W,3.387877090719466e-10,3.734785823572077e-11,1.0754734005834742e-11,1.186869076727756e-11,0.8496051896011307,0.09366022830189853,0.026970511560667387,0.029764070536303363,0.6647003050277415,1.3671875
SC4001,2626,78780.0,78810.0,Sleep stage W,W,4.5795830892898547e-10,5.3359142529694856e-11,9.67037296282225e-12,1.3171121855223963e-11,0.857344638933999,0.09989375428723346,0.018103923991591102,0.024657682787176477,0.6768101022911385,0.5859375
SC4001,2627,78810.0,78840.0,Sleep stage W,W,8.3434856999412e-11,2.2962259510347877e-11,8.474334084187538e-12,1.893727279665918e-11,0.62353824836856,0.17160510113617775,0.06333170117354575,0.1415249493217165,0.7909668706311229,0.5859375
SC4001,2628,78840.0,78870.0,Sleep stage W,W,2.393658521929579e-10,4.991765062719646e-11,1.0212644223257424e-11,1.364592102788931e-11,0.7644001767863887,0.15940895752093723,0.03261345333177033,0.04357741236090385,0.7323239617147692,1.85546875
SC4001,2629,78870.0,78900.0,Sleep stage W,W,3.130899225677531e-10,3.598930857874826e-11,1.001998830072978e-11,1.3425364610471496e-11,0.8404543913785207,0.09660921753602617,0.02689752228319439,0.03603886880225859,0.7010996940982585,1.26953125
SC4001,2630,78900.0,78930.0,Sleep stage W,W,7.336231373669582e-10,8.034528948052135e-11,1.904696438542376e-11,2.6904218663595572e-11,0.8531299076378291,0.09343348907951038,0.022149703491139455,0.03128689979152098,0.6529134301263368,0.5859375
SC4001,2631,78930.0,78960.0,Sleep stage W,W,4.925709609260913e-10,9.111233225639861e-11,1.9134681852092718e-11,2.275355146517452e-11,0.7873935114696792,0.14564654623300535,0.030587520437761077,0.036372421859554305,0.6980471177811997,0.5859375
SC4001,2632,78960.0,78990.0,Sleep stage W,W,6.333713221909236e-10,8.318588228840824e-11,1.8506338650040342e-11,2.03876830518895e-11,0.8384013424566917,0.11011416674628413,0.024497066135676593,0.02698742466134765,0.6828538851630604,0.5859375
SC4001,2633,78990.0,79020.0,Sleep stage W,W,4.3717369622767496e-10,6.605619296033578e-11,1.487874444734491e-11,1.7646522617771676e-11,0.8159953126445026,0.1232954871070365,0.027771537564661677,0.03293766268379927,0.686440548149953,0.5859375
SC4001,2634,79020.0,79050.0,Sleep stage W,W,7.691050794128631e-10,5.964265336800619e-11,1.108054681732917e-11,1.4895734669286388e-11,0.8998285605348308,0.06978001363296328,0.012963888497768972,0.017427537334436922,0.5952637046877747,1.171875
SC4001,2635,79050.0,79080.0,Sleep stage W,W,8.43034741132843e-10,1.1385495886279796e-10,2.2167514252425782e-11,4.4831857374564275e-11,0.8233653083110116,0.11119852923360513,0.021650308482436792,0.043785853972946494,0.7048744278226444,1.07421875
SC4001,2636,79080.0,79110.0,Sleep stage W,W,6.844317483968757e-10,1.0232263646688701e-10,1.690334304902219e-11,2.039408118421162e-11,0.8305688317666364,0.12417014966451331,0.020512476111841833,0.024748542457008426,0.6877552151668337,0.5859375
SC4001,2637,79110.0,79140.0,Sleep stage W,W,3.797477954621869e-10,3.094557108594609e-11,8.705948329735962e-12,1.9145946296481677e-11,0.8659261177404722,0.07056414428713478,0.01985188098127635,0.04365785699111659,0.6569164754431621,1.171875
SC4001,2638,79140.0,79170.0,Sleep stage W,W,9.744235615317875e-10,7.629320367969299e-11,1.718184256419753e-11,2.7577665962468625e-11,0.8894976412466834,0.06964386678987944,0.01568435846224866,0.025174133501188505,0.6489856835213244,1.26953125
SC4001,2639,79170.0,79200.0,Sleep stage W,W,6.015092479169074e-10,5.793136086804795e-11,1.219810895086111e-11,2.404429819774469e-11,0.8646312101061162,0.08327263932167131,0.01753400423969248,0.03456214633252015,0.6434280110162549,0.5859375
SC4001,2640,79200.0,79230.0,Sleep stage W,W,6.305747578477677e-10,9.726621763797748e-11,1.803455298083255e-11,1.5453187350956517e-11,0.828255580995182,0.12775850380676962,0.02368826054520561,0.020297654652842678,0.6878326155531305,0.9765625
SC4001,2641,79230.0,79260.0,Sleep stage W,W,5.504364938459522e-10,6.017590706392038e-11,1.169728815077365e-11,1.3506088565222871e-11,0.8657169469768075,0.09464362034018206,0.018397291420560888,0.02124214126244947,0.6340937327799947,0.5859375
SC4001,2642,79260.0,79290.0,Sleep stage W,W,6.518221168152159e-10,3.7763959760495035e-11,9.085310871652391e-12,1.3635089264960059e-11,0.9150866068545729,0.05301644867079683,0.012754777850098983,0.019142166624531214,0.5841622633235786,0.5859375
SC4001,2643,79290.0,79320.0,Sleep stage W,W,1.4729901600489453e-10,3.329725138847317e-11,8.461824666489504e-12,1.5477094303401086e-11,0.7201646749586096,0.16279473463962643,0.04137099741587321,0.07566959298589085,0.7495996310402465,0.5859375
SC4001,2644,79320.0,79350.0,Sleep stage W,W,2.1045763678291474e-10,4.507408235271255e-11,9.008421680708605e-12,1.2727378542120917e-11,0.7590417993058575,0.1625653176290004,0.032489999916154415,0.045902883148987654,0.7332474390370022,0.5859375
SC4001,2645,79350.0,79380.0,Sleep stage W,W,1.425666004161564e-10,3.016415921498032e-11,7.795790828012943e-12,1.2945762642109425e-11,0.7368837335476536,0.15590943598835802,0.04029409016231072,0.0669127403016777,0.7160317360836105,1.07421875
SC4001,2646,79380.0,79410.0,Sleep stage W,W,2.331675058752455e-10,3.976929656560152e-11,9.01340535815979e-12,1.5995880622240153e-11,0.7825828729981005,0.13347816303389176,0.030251799598779473,0.05368716436922844,0.719158488383149,0.5859375
SC4001,2647,79410.0,79440.0,Sleep stage W,W,1.958383077267137e-10,3.582596388251022e-11,9.828132994842876e-12,1.3073070392552752e-11,0.7693042732103176,0.14073378914790377,0.038607485932542054,0.051354451709236505,0.7249232413183617,1.171875
SC4001,2648,79440.0,79470.0,Sleep stage W,W,4.899080886491733e-10,3.8296833070254543e-11,8.649496432017057e-12,1.3583606265769708e-11,0.8900331498134993,0.06957519533793464,0.01571384251873743,0.024677812329828734,0.6239550353401793,0.5859375
SC4001,2649,79470.0,79500.0,Sleep stage W,W,2.4095307310520904e-10,3.444381094388494e-11,1.1090090575314174e-11,1.5729218985154808e-11,0.7972871017510711,0.11397076553873664,0.03669588463430125,0.05204624807589096,0.7255763588404238,1.171875
