subject_id,epoch_index,start_time,end_time,raw_stage,target_stage,delta_absolute,theta_absolute,alpha_absolute,beta_absolute,delta_relative,theta_relative,alpha_relative,beta_relative,spectral_entropy,dominant_frequency
SC4011,0,0.0,30.0,Sleep stage W,W,7.747519653451623e-10,5.6574178029686833e-11,6.807433159115072e-12,3.062069948854343e-12,0.921012809070674,0.06725448267146063,0.008092568224262813,0.0036401400336026177,0.631950712679782,0.5859375
SC4011,1,30.0,60.0,Sleep stage W,W,1.1233391900451757e-09,5.7777671749052815e-11,7.918299803077409e-12,4.2508642954285665e-12,0.9413830093290253,0.04841896284323579,0.006635709822507542,0.003562318005231279,0.5980644537128146,1.26953125
SC4011,2,60.0,90.0,Sleep stage W,W,3.223387865338059e-10,2.672621382847858e-11,4.0524645156134194e-12,3.180470280223383e-12,0.904688898606037,0.07501085802424808,0.011373808590316356,0.008926434779398662,0.5906399728293268,0.5859375
SC4011,3,90.0,120.0,Sleep stage W,W,4.5915378558392346e-10,5.752622701640161e-12,3.658478077518669e-12,1.9105312834828344e-12,0.9759357627667875,0.01222725457244123,0.007776130144735904,0.004060852516035346,0.4684691095670985,0.5859375
SC4011,4,120.0,150.0,Sleep stage W,W,2.20465782041779e-11,5.193684348896229e-12,4.247698910555317e-12,2.083869227214058e-12,0.6566987188515446,0.15470363819965202,0.1265256860631627,0.06207195688564041,0.7358736126475881,0.5859375
SC4011,5,150.0,180.0,Sleep stage W,W,9.56549820823009e-10,7.554116983549744e-11,9.08819042526128e-12,3.8763531138805846e-12,0.9153100380999462,0.07228435940822506,0.008696370793575893,0.003709231698252948,0.6115462736230963,2.734375
SC4011,6,180.0,210.0,Sleep stage W,W,3.2734069917918676e-10,2.3929717091963992e-11,3.4971502506516144e-12,2.585237915137388e-12,0.9160154757843825,0.06696384300010928,0.009786267820569851,0.007234413394938367,0.6247337627267291,0.5859375
SC4011,7,210.0,240.0,Sleep stage W,W,4.3736495491652117e-10,1.9011206551324514e-11,3.3691213797637126e-12,2.324695519418998e-12,0.9465340216695842,0.04114356578306773,0.00729136610794388,0.005031046439404166,0.583684050195087,0.5859375
SC4011,8,240.0,270.0,Sleep stage W,W,1.5742529846221869e-09,8.207069812233984e-11,1.0563965521133282e-11,3.3961178827677783e-12,0.9425063073278368,0.04913578146759449,0.006324653172851665,0.0020332580317169806,0.5956835080767832,1.07421875
SC4011,9,270.0,300.0,Sleep stage W,W,1.1809694170885341e-09,1.1098018480670363e-10,1.1790761294092049e-11,4.963945780667737e-12,0.9023959109739649,0.084801573622119,0.00900949222316831,0.003793023180747804,0.6297918314876281,2.05078125
SC4011,10,300.0,330.0,Sleep stage W,W,1.4057252086663278e-09,8.35072887055229e-11,1.0683076560652963e-11,4.9344766543171835e-12,0.9341297547341417,0.05549209947725953,0.007099097053880593,0.0032790487347180994,0.6071288150269968,1.171875
SC4011,11,330.0,360.0,Sleep stage W,W,4.871264346382671e-10,2.7369999416418758e-11,5.615402235332821e-12,3.769146156063715e-12,0.9298417979667777,0.052244689793135735,0.010718851081620923,0.007194661158465766,0.5799306809281568,0.5859375
SC4011,12,360.0,390.0,Sleep stage W,W,3.947186342836127e-10,2.0790042897564437e-11,3.27452083372779e-12,2.2140440455705783e-12,0.9375800951848328,0.04938284820064922,0.0077780101781697916,0.0052590464363482334,0.5935782836309831,1.171875
SC4011,13,390.0,420.0,Sleep stage W,W,3.095074925327638e-10,2.065346614587715e-11,5.016092386136336e-12,4.301052730257165e-12,0.9117156278203854,0.06083887565940637,0.014775893732353605,0.01266960278785461,0.5580022493821704,0.5859375
SC4011,14,420.0,450.0,Sleep stage W,W,7.156293501525659e-10,3.378272164845631e-11,4.9494071316768056e-12,5.207551381437964e-12,0.9421518276707533,0.04447617043375861,0.00651607284413619,0.006855929051352006,0.573075716433465,0.5859375
SC4011,15,450.0,480.0,Sleep stage W,W,3.925336152533785e-10,3.2315741669436276e-11,4.571336651050601e-12,3.0311268248691387e-12,0.9076932891424757,0.074726802258897,0.010570742069800241,0.007009166528827054,0.6201630639565315,1.07421875
SC4011,16,480.0,510.0,Sleep stage W,W,2.5268423635203617e-10,2.6715391634590617e-11,4.6544974584720595e-12,3.5768235309638435e-12,0.8785015564269655,0.0928807964848523,0.01618218580108157,0.012435461287100626,0.5932177401845217,0.5859375
SC4011,17,510.0,540.0,Sleep stage W,W,2.066676890060046e-10,2.950920623168447e-11,4.431825996264488e-12,3.381406017330011e-12,0.8470329981555326,0.12094426345904222,0.018163956247705813,0.01385878213771956,0.647090872941979,0.5859375
SC4011,18,540.0,570.0,Sleep stage W,W,6.86615308016137e-10,4.628917677516202e-11,9.821957342868712e-12,5.107916000138652e-12,0.9181382221179322,0.06189763317460305,0.013133867461468987,0.006830277245995833,0.5675265639842152,0.5859375
SC4011,19,570.0,600.0,Sleep stage W,W,6.220986202999301e-10,4.6410642736217945e-11,6.011971617176414e-12,4.5237692115631826e-12,0.9161375413399133,0.06834693204730868,0.00885356873691488,0.006661957875863107,0.5995258109082483,0.5859375
SC4011,20,600.0,630.0,Sleep stage W,W,8.733797811481125e-10,5.143636626851552e-11,9.791945313245844e-12,5.871649650522467e-12,0.9286534752333414,0.05469162593372589,0.010411649365739654,0.006243249467193264,0.5969447751738081,0.5859375
SC4011,21,630.0,660.0,Sleep stage W,W,6.903785165788054e-10,5.652297182199993e-11,9.14594749223496e-12,7.520773265867713e-12,0.9041478001543266,0.07402478409134082,0.011977905028693482,0.009849510725639112,0.6165675960034591,0.5859375
SC4011,22,660.0,690.0,Sleep stage W,W,5.274423158610856e-10,3.5000028949288955e-11,7.393503814556183e-12,5.026967554837135e-12,0.917509884125375,0.060884141336328745,0.012861335968274087,0.008744638570022122,0.5685023107169505,0.5859375
SC4011,23,690.0,720.0,Sleep stage W,W,4.642048823116587e-10,3.371841044638376e-11,6.87106533251836e-12,3.830446348550859e-12,0.912666622351544,0.06629328761023931,0.013509103906356784,0.007530986131859811,0.5990620534136981,0.68359375
SC4011,24,720.0,750.0,Sleep stage W,W,8.437729340507669e-10,3.866637120562446e-11,6.2005137801035206e-12,4.229381778989715e-12,0.945012923819215,0.04330575090988611,0.006944481649093061,0.004736843621805849,0.542465014720106,0.5859375
SC4011,25,750.0,780.0,Sleep stage W,W,3.499734358322131e-10,4.7190668715099105e-11,7.0709662839033e-12,3.9208920754170936e-12,0.8574502583275281,0.1156192068812043,0.017324177340319328,0.009606357450948264,0.654851821864593,1.3671875
SC4011,26,780.0,810.0,Sleep stage W,W,3.1825356528460273e-10,3.309361214083221e-11,5.734454052432671e-12,5.029749784512757e-12,0.8788830778395255,0.09139069870011371,0.015836160775840328,0.013890062684520475,0.6390207160830652,0.5859375
SC4011,27,810.0,840.0,Sleep stage W,W,3.39328285414353e-10,3.69303028509454e-11,4.831423160016627e-12,3.971117777678006e-12,0.8812322503616536,0.09590763660664595,0.012547158862845492,0.010312954168854962,0.6307676159826122,0.5859375
SC4011,28,840.0,870.0,Sleep stage W,W,3.4977092595609496e-10,3.906806321660995e-11,5.4548226710011e-12,3.5634205222122003e-12,0.8791367794827538,0.0981961870701352,0.013710502731251541,0.00895653071585951,0.5831542728083514,0.5859375
SC4011,29,870.0,900.0,Sleep stage W,W,6.568612172154076e-10,7.101318321116188e-11,9.131848626673312e-12,6.292759620743813e-12,0.8837106057590736,0.0955378419484863,0.01228556545899898,0.008465986833441129,0.6095381995013819,0.5859375
SC4011,30,900.0,930.0,Sleep stage W,W,1.036347757494071e-10,1.1162016456734043e-11,2.8831316891383675e-12,4.3923124206618e-12,0.8489627033716718,0.09143779776299882,0.02361824257627581,0.03598125628905359,0.6624106157000894,0.5859375
SC4011,31,930.0,960.0,Sleep stage W,W,3.743154061000003e-10,3.1278451498414575e-11,7.59120653754062e-12,1.5086054952405747e-11,0.8740150559224874,0.0730342301974399,0.01772523571913892,0.0352254781609338,0.6492033582971988,0.5859375
SC4011,32,960.0,990.0,Sleep stage W,W,1.0498993467671036e-09,6.615875882824204e-11,1.1845641531306782e-11,1.981890005776751e-11,0.9147674739561031,0.05764350733214331,0.010320996593006485,0.017268022118747076,0.5797185093268145,0.68359375
SC4011,33,990.0,1020.0,Sleep stage W,W,8.731787267517943e-10,3.99096754386444e-11,8.071357856397088e-12,5.337805755554374e-12,0.9424511828000117,0.04307585568676671,0.008711688140709701,0.005761273372511869,0.5649858657516363,0.5859375
SC4011,34,1020.0,1050.0,Sleep stage W,W,8.942100152179968e-10,4.220699391606946e-11,6.613792411103719e-12,6.3802302334808545e-12,0.9418576204478696,0.0444559758664251,0.006966205562951245,0.0067201981227540284,0.5817414435454361,0.5859375
SC4011,35,1050.0,1080.0,Sleep stage W,W,1.0630648404877259e-09,6.321292836062678e-11,8.622406503631841e-12,1.221516852683362e-11,0.9267288125474055,0.05510599147499906,0.007516599398344999,0.01064859657925039,0.6031415653602318,0.5859375
SC4011,36,1080.0,1110.0,Sleep stage W,W,7.493174338156303e-10,7.403732471783008e-11,9.778108153834991e-12,5.387273345587872e-12,0.893618886466156,0.08829522534178684,0.011661148834721531,0.006424739357335657,0.6266839256296165,0.5859375
SC4011,37,1110.0,1140.0,Sleep stage W,W,9.516296595145609e-10,7.494597729556312e-11,9.607957882093191e-12,8.180243150758366e-12,0.9112051040373561,0.07176232513982504,0.009199818620623083,0.007832752202195937,0.6277505586480098,0.5859375
SC4011,38,1140.0,1170.0,Sleep stage W,W,6.783534378089556e-10,5.944871073991032e-11,7.071310149635488e-12,6.961012365295748e-12,0.9022643466308871,0.07907154171289092,0.009405408267101721,0.009258703389120168,0.5966010985947446,1.171875
SC4011,39,1170.0,1200.0,Sleep stage W,W,8.577821578989572e-10,5.311557706600178e-11,8.077614006720888e-12,6.5869028507474116e-12,0.926768735663094,0.05738736315295647,0.008727250912422269,0.007116650271527208,0.5811031353882603,0.5859375
SC4011,40,1200.0,1230.0,Sleep stage W,W,5.813589350367129e-10,4.127169851529551e-11,9.442433512117982e-12,9.637561806913007e-12,0.9059518556822049,0.06431512376209936,0.014714472672410057,0.015018547883285579,0.6230921793677665,1.171875
SC4011,41,1230.0,1260.0,Sleep stage W,W,3.9103050352772467e-10,5.1343082779195984e-11,7.405329429706404e-12,5.230882266730416e-12,0.8593891939110272,0.11283951027977014,0.016275098826886714,0.011496196982316012,0.6525213151425947,0.5859375
SC4011,42,1260.0,1290.0,Sleep stage W,W,3.938795007962871e-10,4.233061219644099e-11,3.927180164240497e-12,3.643943614206597e-12,0.8875532991481146,0.09538621439794609,0.008849360538119034,0.008211125915820336,0.6501030278450408,1.26953125
SC4011,43,1290.0,1320.0,Sleep stage W,W,6.54019058567152e-10,4.3767449828234546e-11,8.354264422926388e-12,5.582838644710246e-12,0.9189228065972782,0.06149500890980127,0.011738074005656936,0.007844110487263632,0.5822909768099164,0.5859375
SC4011,44,1320.0,1350.0,Sleep stage W,W,8.029026180703485e-10,4.8602651412088125e-11,1.0169360037910753e-11,2.085191888776829e-11,0.9097772973726499,0.055072169216616375,0.011523007501875212,0.023627525908858582,0.577406572574033,0.5859375
SC4011,45,1350.0,1380.0,Sleep stage W,W,1.5692819384147674e-09,8.24668079478459e-11,1.1665481668014877e-11,7.655466158330595e-12,0.9390882641650724,0.04934971188491965,0.006980846884232816,0.004581177065775296,0.599222216891781,1.07421875
SC4011,46,1380.0,1410.0,Sleep stage W,W,1.4010058858980192e-09,7.847713099566458e-11,1.4573615044944714e-11,1.358370286211641e-11,0.9292706314355678,0.052052952673249074,0.009666506466126625,0.009009909425056395,0.6004642839980434,1.171875
SC4011,47,1410.0,1440.0,Sleep stage W,W,6.0066691492771e-10,5.158173293864254e-11,7.930376287712692e-12,6.5618409465961275e-12,0.9009001043261751,0.07736398897771922,0.011894240630526527,0.009841666065579246,0.633007025703978,0.5859375
SC4011,48,1440.0,1470.0,Sleep stage W,W,7.745646453230393e-10,5.463631670146977e-11,1.0266651656008572e-11,5.762294298423961e-12,0.9163952174564287,0.06464077546914136,0.012146578769979304,0.006817428304450776,0.6276689791978745,0.5859375
SC4011,49,1470.0,1500.0,Sleep stage W,W,7.593887348145504e-10,4.3946801727959e-11,7.917038590726951e-12,9.336997411130008e-12,0.9254184554892001,0.053555154974361995,0.009647988294780465,0.011378401241657492,0.6050563439422264,0.9765625
SC4011,50,1500.0,1530.0,Sleep stage W,W,9.967801927541388e-10,6.17015569888643e-11,8.19318471138107e-12,7.075190939504591e-12,0.9283167183691693,0.057463608645661426,0.007630438886678151,0.006589234098491179,0.6088937494100599,0.5859375
SC4011,51,1530.0,1560.0,Sleep stage W,W,7.537892345841448e-10,6.257262854155488e-11,1.509431397692836e-11,8.712814766077188e-12,0.8971876394861534,0.07447624126472549,0.017965807025745576,0.0103703122233756,0.6252020530791926,1.171875
SC4011,52,1560.0,1590.0,Sleep stage W,W,8.287912296444188e-10,6.706824605056146e-11,1.3080337884915532e-11,7.959177474344143e-12,0.9039067964198371,0.07314682064754718,0.014265843907054484,0.008680539025561335,0.628241908305089,0.5859375
SC4011,53,1590.0,1620.0,Sleep stage W,W,7.093988230188828e-10,7.832540165071206e-11,1.3237089907988283e-11,8.086994783415279e-12,0.8768312285074539,0.09681177346823078,0.016361309645950794,0.009995688378364625,0.6499917239535239,0.5859375
SC4011,54,1620.0,1650.0,Sleep stage W,W,7.741386323655591e-10,6.721175860393366e-11,8.064034700221499e-12,8.753694397101477e-12,0.902082720464244,0.07832003663652834,0.009396800593796988,0.010200442305430697,0.6027792077758218,0.5859375
SC4011,55,1650.0,1680.0,Sleep stage W,W,8.543890885077892e-10,6.017161286438095e-11,9.244938350661435e-12,7.080156050529302e-12,0.9178237463576079,0.06463909228993188,0.009931334641303587,0.007605826711156606,0.6375091843160294,1.3671875
SC4011,56,1680.0,1710.0,Sleep stage W,W,5.274790729826935e-10,3.893933000012654e-11,8.117727913939813e-12,5.843380195639492e-12,0.9088519889164663,0.06709287501695972,0.013986930549392585,0.01006820551718132,0.6254928695340698,0.5859375
SC4011,57,1710.0,1740.0,Sleep stage W,W,3.7037531767655823e-10,5.4681408130562146e-11,1.2449569134471926e-11,1.1214306437810992e-11,0.8254029713322604,0.12186070343654179,0.02774459005492716,0.02499173517627074,0.7020270955055471,0.9765625
SC4011,58,1740.0,1770.0,Sleep stage W,W,2.51244000013196e-10,4.70165573728541e-11,8.52392974356954e-12,5.569894448485887e-12,0.8043556128261687,0.1505231242005082,0.027289291414783937,0.017831971558539227,0.6896055088860582,0.5859375
SC4011,59,1770.0,1800.0,Sleep stage W,W,3.24375402952845e-10,4.563625350038955e-11,8.590781329606128e-12,5.035516604401135e-12,0.8455247955613444,0.11895656563303587,0.022392939049337767,0.013125699756281976,0.6570604259187699,0.5859375
SC4011,60,1800.0,1830.0,Sleep stage W,W,2.859371845272065e-10,3.2618226883874037e-11,6.561777817819805e-12,4.572684343833978e-12,0.8672913772831565,0.09893608963600148,0.019902879474920185,0.013869653605921803,0.6624647653544433,1.26953125
SC4011,61,1830.0,1860.0,Sleep stage W,W,2.437367499636033e-10,2.1626729298426747e-11,3.696728183465509e-12,2.4626105121609557e-12,0.897665808704201,0.07964976741586187,0.013614797501261964,0.009069626378675089,0.6399330075062856,0.5859375
SC4011,62,1860.0,1890.0,Sleep stage W,W,8.439813901846304e-11,1.2036924141483104e-11,2.895170556375626e-12,3.4637664935561623e-12,0.8210414892517515,0.11709753601286957,0.02816478150927544,0.03369619322610342,0.6992997760577908,0.78125
SC4011,63,1890.0,1920.0,Sleep stage W,W,3.115001145226973e-10,3.74813579974704e-11,5.983079753748654e-12,4.22648739928004e-12,0.8672268517781239,0.10434936804540601,0.016657096344029777,0.011766683832440348,0.6580305912660325,1.07421875
SC4011,64,1920.0,1950.0,Sleep stage W,W,4.792912355504313e-10,3.358389448611608e-11,6.219780079689568e-12,4.108245136537777e-12,0.9160709960146775,0.06418901367269224,0.011887887175842066,0.007852103136788162,0.5927718282710407,0.5859375
SC4011,65,1950.0,1980.0,Sleep stage W,W,1.4589172186868678e-10,1.3873178243001856e-11,3.920351846812496e-12,3.718414958701301e-12,0.871496572060423,0.08287260666675542,0.023418554199003863,0.022212267073817574,0.5972454326801242,0.5859375
SC4011,66,1980.0,2010.0,Sleep stage W,W,1.5618563442530241e-10,2.0812431991997737e-11,4.763077801903334e-12,3.2161327360766717e-12,0.8443503818204743,0.11251345210919783,0.025749529241123215,0.0173866368292047,0.6601652650623461,0.9765625
SC4011,67,2010.0,2040.0,Sleep stage W,W,4.023580999803411e-10,4.542744944409847e-11,7.151271460076954e-12,4.082108396870548e-12,0.8765610181049596,0.09896639669134562,0.015579469612010472,0.008893115591684325,0.6505048696607802,0.5859375
SC4011,68,2040.0,2070.0,Sleep stage W,W,2.0078310887345707e-10,3.6719701802047284e-11,6.526380775968865e-12,3.6145068934308183e-12,0.8107741493741456,0.14827634237195966,0.026353914190375617,0.014595594063519192,0.6994041183653864,0.5859375
SC4011,69,2070.0,2100.0,Sleep stage W,W,1.5673182502417727e-10,1.7417792838159246e-11,4.989687754152988e-12,4.336041898162972e-12,0.8542391506393554,0.09493260579200294,0.027195412472264202,0.023632831096377635,0.6368027359919994,0.5859375
SC4011,70,2100.0,2130.0,Sleep stage W,W,1.4559875583513629e-10,2.011190010205011e-11,4.559181532705727e-12,3.4293027350141343e-12,0.8382238142536513,0.11578583566000883,0.026247576858051423,0.019742773228288386,0.6793482961196555,0.5859375
SC4011,71,2130.0,2160.0,Sleep stage W,W,3.316462571413557e-10,3.8791408260001634e-11,7.198577879795653e-12,3.853320212167131e-12,0.8693455572007092,0.1016840615632749,0.018869658749974427,0.01010072248604149,0.6563709094553462,1.26953125
SC4011,72,2160.0,2190.0,Sleep stage W,W,2.233349997619275e-10,5.0551531014732385e-11,1.5862902337970032e-11,3.861958059542561e-12,0.7606482802618632,0.17217155919112428,0.054026862767596225,0.013153297779416257,0.7211415131160426,1.171875
SC4011,73,2190.0,2220.0,Sleep stage W,W,1.4662136174562635e-10,4.269434231903245e-11,1.0640222495787811e-11,3.750351909148379e-12,0.7197684963230573,0.20958775860904538,0.05223315931018769,0.018410585757709735,0.7363617344200105,1.26953125
SC4011,74,2220.0,2250.0,Sleep stage W,W,6.448223750742367e-10,5.030054281611683e-11,5.649440880056156e-12,2.5379209437925458e-12,0.9168391159251467,0.07151970370254934,0.008032643689428041,0.0036085366828760954,0.6296291432627983,1.07421875
SC4011,75,2250.0,2280.0,Sleep stage W,W,1.0846939695590129e-09,8.483683918818966e-11,8.028856324953308e-12,4.401589915688292e-12,0.9177068748925855,0.07177632839501338,0.0067928253071509355,0.0037239714052501325,0.6091619106341445,1.171875
SC4011,76,2280.0,2310.0,Sleep stage W,W,6.990173592729485e-10,7.48910428721836e-11,6.344727269883014e-12,3.1220656173178732e-12,0.8923149005810649,0.09560047771118481,0.00809921900784865,0.00398540269990169,0.6499188479971161,1.171875
SC4011,77,2310.0,2340.0,Sleep stage W,W,9.243816203043253e-10,1.0370905741349003e-10,8.180515500389671e-12,3.868582588501516e-12,0.8887090387322203,0.09970684693127504,0.00786482325805209,0.0037192910784525474,0.6295110842520899,1.171875
SC4011,78,2340.0,2370.0,Sleep stage W,W,9.828058401606922e-10,9.548533704134041e-11,8.521517063275139e-12,4.134400761259471e-12,0.9008739696371422,0.08752517649722978,0.007811118524558351,0.003789735341069668,0.6273745728259139,1.26953125
SC4011,79,2370.0,2400.0,Sleep stage W,W,1.067529724793877e-09,9.582364598869027e-11,8.350695667224534e-12,3.2880279133544793e-12,0.9085420488488354,0.08155258784156104,0.007107022853418148,0.002798340456185463,0.64021887472183,1.171875
SC4011,80,2400.0,2430.0,Sleep stage W,W,1.1844434090333586e-09,1.1751068556737948e-10,1.1622227013141566e-11,3.6036783616819694e-12,0.8992266881180507,0.08921383984691517,0.008823567783717639,0.0027359042513163197,0.6557488475530581,1.07421875
SC4011,81,2430.0,2460.0,Sleep stage W,W,1.612120212104455e-09,1.217682438956242e-10,1.2960185992903314e-11,4.236498248719134e-12,0.9206406787747251,0.06953873406681789,0.007401231210901844,0.0024193559475551092,0.6162267589730555,1.26953125
SC4011,82,2460.0,2490.0,Sleep stage W,W,9.784038872134262e-10,1.2830305831722788e-10,6.554625546718962e-12,3.3604892484306016e-12,0.8762175869317425,0.1149028510862414,0.005870048407252924,0.0030095135747632384,0.6478231554137646,2.1484375
SC4011,83,2490.0,2520.0,Sleep stage W,W,7.277338380029772e-10,9.080632102744151e-11,7.583786368083623e-12,5.075710404873306e-12,0.8755223043248302,0.10924730345283273,0.009123904605992288,0.006106487616344718,0.6571074012356564,2.1484375
SC4011,84,2520.0,2550.0,Sleep stage W,W,1.2317147381967288e-10,1.4140793862894431e-11,2.5711116674969412e-12,1.7690999529357068e-12,0.8695327778640888,0.09982736576496304,0.018150841271173498,0.012489015099774823,0.6856938188768614,1.171875
SC4011,85,2550.0,2580.0,Sleep stage W,W,7.853801904783071e-10,1.0802588439824327e-10,8.049680003864064e-12,1.4423521978933997e-11,0.8575149698456579,0.11794773299017748,0.008789018604577788,0.015748278559586864,0.6707266566411042,1.953125
SC4011,86,2580.0,2610.0,Sleep stage W,W,1.1193541884895381e-09,1.1100463538333042e-10,1.0905895854488526e-11,3.446525363908743e-12,0.8992882428787441,0.0891810336100814,0.008761787842359274,0.0027689356688153275,0.6482443627212358,1.85546875
SC4011,87,2610.0,2640.0,Sleep stage W,W,1.1963550579789667e-09,9.893751544252584e-11,1.0905410241873478e-11,3.652453507576366e-12,0.9133524133968252,0.0755334446093054,0.008325691187634628,0.002788450806234836,0.6130252606368429,1.171875
SC4011,88,2640.0,2670.0,Sleep stage W,W,1.102447035397258e-09,1.0387026265225122e-10,9.07500104143019e-12,4.2601508430151874e-12,0.9039026121391851,0.0851638207735949,0.0074406451132218955,0.003492921973998314,0.6293621320117202,1.26953125
SC4011,89,2670.0,2700.0,Sleep stage W,W,1.4208825621640964e-09,1.452816334907016e-10,1.2691227530001584e-11,4.6838167495674054e-12,0.8972828246573717,0.09174489007087888,0.008014469872263853,0.0029578153994854815,0.6254094811717333,1.26953125
SC4011,90,2700.0,2730.0,Sleep stage W,W,1.1050339121808769e-09,1.1555453372962357e-10,1.0381081655593786e-11,3.5325798824684673e-12,0.8951251727425017,0.09360416076441436,0.008409124288211334,0.0028615422048727914,0.632130758475795,1.953125
SC4011,91,2730.0,2760.0,Sleep stage W,W,9.47866294873612e-10,1.245798822885245e-10,1.1153537720187293e-11,4.691197796856024e-12,0.8709677567187737,0.11447296015899908,0.01024867302505472,0.00431061009717257,0.6706594520209108,1.26953125
SC4011,92,2760.0,2790.0,Sleep stage W,W,1.1497885992319886e-09,1.3695664720440214e-10,9.707295730044734e-12,3.2306634327229926e-12,0.8846683517018533,0.10537694617763767,0.0074689706600999245,0.002485731460408958,0.6631426367487653,1.171875
SC4011,93,2790.0,2820.0,Sleep stage W,W,1.3069518088213106e-09,1.502215383297132e-10,1.4424559043662954e-11,9.435391489828859e-12,0.8824594361684046,0.10143022345586242,0.00973952379478211,0.006370816580950871,0.6446400873393023,2.05078125
SC4011,94,2820.0,2850.0,Sleep stage W,W,1.1103103981560196e-09,1.1298968364723172e-10,9.241535251250984e-12,4.859714630726549e-12,0.8972920666279527,0.0913120753582429,0.007468502752186996,0.003927355261617552,0.6393607548178697,1.07421875
SC4011,95,2850.0,2880.0,Sleep stage W,W,1.0027973447941161e-09,1.1908562176560787e-10,1.0336049117588885e-11,4.577120043536378e-12,0.8821259267900627,0.10475547727833799,0.009092262713432548,0.004026333218166684,0.6599980129714812,1.953125
SC4011,96,2880.0,2910.0,Sleep stage W,W,1.526161248619596e-09,1.2390725075192066e-10,9.493867798226784e-12,3.4065044748136273e-12,0.9177329020658889,0.07450966332844539,0.005708987077333582,0.002048447528332168,0.6235271509034859,1.171875
SC4011,97,2910.0,2940.0,Sleep stage W,W,1.058822886759906e-09,1.1830391858135109e-10,9.030737249823616e-12,3.5445166444602244e-12,0.8899899588643788,0.09943995445159509,0.007590755332159749,0.0029793313518661985,0.6468113953004848,1.07421875
SC4011,98,2940.0,2970.0,Sleep stage W,W,1.32999755063831e-09,1.4607541816007013e-10,1.2653686108340358e-11,4.51326865379554e-12,0.8906790728358193,0.09782447941236698,0.008473980576522905,0.0030224671752908916,0.6534729025264283,1.26953125
SC4011,99,2970.0,3000.0,Sleep stage W,W,1.2444468002003512e-09,1.5453223673406167e-10,1.0922402715336609e-11,4.107727506416271e-12,0.8800839691182231,0.10928658761445982,0.007724421431654212,0.0029050218356629696,0.6255683353667217,1.26953125
SC4011,100,3000.0,3030.0,Sleep stage W,W,9.958589618168547e-10,1.0263422443476876e-10,9.627669699054027e-12,4.065158220427627e-12,0.895406837640422,0.09228152766447117,0.008656528293272398,0.0036551064018345222,0.6380659299166903,1.07421875
SC4011,101,3030.0,3060.0,Sleep stage W,W,1.4595889876376015e-09,1.5923754132597537e-10,1.3977038755689545e-11,4.687309344767414e-12,0.8913570194996111,0.09724484182255899,0.00853564374095928,0.0028624949368704893,0.642694776878407,1.26953125
SC4011,102,3060.0,3090.0,Sleep stage W,W,1.053315654813328e-09,1.3193893876919663e-10,1.0341430684055443e-11,6.5355449886722966e-12,0.8762066330775098,0.10975415848278218,0.008602578077591117,0.005436630362116863,0.6373944987422483,1.953125
SC4011,103,3090.0,3120.0,Sleep stage W,W,8.373794019640444e-10,9.140204445815734e-11,8.621611475853211e-12,7.436137222582277e-12,0.8862665798460314,0.09673820151638302,0.009124951124357624,0.007870267513227823,0.6430897356698407,1.3671875
SC4011,104,3120.0,3150.0,Sleep stage W,W,1.7229325712960436e-09,1.4003821206251132e-10,1.731787936375285e-11,1.0377857916511947e-11,0.9112831652161999,0.07406817148017997,0.009159668918187366,0.00548899438543264,0.6276893291370877,1.07421875
SC4011,105,3150.0,3180.0,Sleep stage W,W,1.2220655733634394e-09,1.3622756339288037e-10,1.1668832729816312e-11,8.409905317029083e-12,0.8866007756709003,0.09883222799531802,0.008465663688533001,0.006101332645248612,0.6511219404116003,0.5859375
SC4011,106,3180.0,3210.0,Sleep stage W,W,6.675644922010351e-10,6.301753333293948e-11,7.811933982405959e-12,8.32909885323477e-12,0.8939920693738668,0.08439210846191234,0.010461621473779617,0.011154200690441254,0.5812345009589139,0.5859375
SC4011,107,3210.0,3240.0,Sleep stage W,W,4.950780999713125e-10,3.300246436255209e-11,6.546143708692903e-12,4.969824377526208e-12,0.9174968151683507,0.061161372209966675,0.012131552586769841,0.009210260034912768,0.6254687622443741,0.5859375
SC4011,108,3240.0,3270.0,Sleep stage W,W,7.292929361918152e-10,6.23494609728919e-11,6.4857667930914714e-12,4.673946182779616e-12,0.9084342541951081,0.0776647945805398,0.008078910993340255,0.005822040231011805,0.627594898820168,0.5859375
SC4011,109,3270.0,3300.0,Sleep stage W,W,6.034441418193959e-10,6.035176274803565e-11,8.022095103526534e-12,6.4607706576362545e-12,0.8896698057158055,0.08897781471001671,0.01182713576549094,0.009525243808686969,0.6445586914436638,0.5859375
SC4011,110,3300.0,3330.0,Sleep stage W,W,5.992022447069322e-10,4.832829699079431e-11,7.083888093564474e-12,5.993561416715895e-12,0.9070466186932036,0.07315729999332855,0.01072328550039286,0.009072795813075006,0.6145434964586078,0.9765625
SC4011,111,3330.0,3360.0,Sleep stage W,W,5.853981414058596e-10,3.13873021575143e-11,5.634852561980024e-12,3.6336740621348298e-12,0.9350601853551801,0.05013513794683632,0.009000585940366318,0.005804090757617316,0.5927947336712462,0.5859375
SC4011,112,3360.0,3390.0,Sleep stage W,W,1.1385017334961316e-09,4.050966130227051e-11,7.103868090781737e-12,4.169780988921755e-12,0.9564950339850888,0.03403358003246407,0.00596820747040255,0.0035031785120445253,0.5723956941372034,0.5859375
SC4011,113,3390.0,3420.0,Sleep stage W,W,1.2879525914804244e-09,5.489798155475173e-11,7.336237485101616e-12,6.080605712752858e-12,0.949630269123218,0.04047725463111715,0.005409137901047327,0.004483338344617506,0.5769418706047676,0.9765625
SC4011,114,3420.0,3450.0,Sleep stage W,W,4.722846528546223e-10,5.110743431006907e-11,7.879990580211756e-12,4.783295306753176e-12,0.8810370655665664,0.09533984151511185,0.014699956340988697,0.008923136577333103,0.6061044201357069,0.5859375
SC4011,115,3450.0,3480.0,Sleep stage W,W,5.55724320728031e-10,3.189145737294288e-11,7.2710962160326576e-12,7.290283577565172e-12,0.9228585200259728,0.05296025755019819,0.012074679553530443,0.012106542870298553,0.5644515714972739,0.5859375
SC4011,116,3480.0,3510.0,Sleep stage W,W,3.7748375583932647e-10,2.9062421196291277e-11,4.9654254690199196e-12,4.194003265396958e-12,0.9080554859011158,0.0699110639666678,0.01194457183184284,0.010088878300373584,0.6070291330594088,1.07421875
SC4011,117,3510.0,3540.0,Sleep stage W,W,1.247842172055092e-09,8.995544344889073e-11,1.0413320012210595e-11,6.872087851539096e-12,0.9208603093217719,0.0663837136896071,0.007684636168144735,0.005071340820476207,0.6203977479911995,1.26953125
SC4011,118,3540.0,3570.0,Sleep stage W,W,4.282229077482418e-10,3.4396392218350644e-11,6.4125460045566576e-12,3.532991380609465e-12,0.9061675222134431,0.07278660937006477,0.013569663880394496,0.007476204536097649,0.6118705247587185,0.68359375
SC4011,119,3570.0,3600.0,Sleep stage W,W,8.356921304781631e-10,6.111481377075733e-11,6.988440730541689e-12,5.278543604223119e-12,0.9192785143229779,0.06722755086153741,0.007687428393672566,0.005806506421812096,0.603804828049321,0.9765625
SC4011,120,3600.0,3630.0,Sleep stage W,W,5.358143706056738e-10,4.203139089470327e-11,4.998366102273912e-12,4.9128425594135256e-12,0.9116257191436311,0.0715115141605446,0.008504137519450757,0.008358629176373507,0.5918370997739034,0.5859375
SC4011,121,3630.0,3660.0,Sleep stage W,W,4.645302476569315e-10,3.8962839206173835e-11,4.5712677938496675e-12,4.2409942852647485e-12,0.9067448712297624,0.07605393792319794,0.008922935907829527,0.008278254939210226,0.6208018751380188,1.85546875
SC4011,122,3660.0,3690.0,Sleep stage W,W,4.104481487259913e-10,3.4388873306391084e-11,6.438774323391047e-12,3.5291558278979456e-12,0.9024707113572353,0.07561235457371022,0.0141572212274214,0.007759712841633063,0.6210445077594638,0.5859375
SC4011,123,3690.0,3720.0,Sleep stage W,W,5.161736621280891e-10,4.512423397086135e-11,6.8551110303701854e-12,6.604388359252237e-12,0.8980722408788065,0.07851005367665338,0.011926964462184945,0.011490740982355125,0.6324351563814402,0.5859375
SC4011,124,3720.0,3750.0,Sleep stage W,W,6.503320318041754e-10,4.1082331046313936e-11,7.01478542526833e-12,5.177651457821339e-12,0.9242833242237339,0.05838819502862931,0.009969752179661255,0.0073587285679755495,0.6085443908737806,0.5859375
SC4011,125,3750.0,3780.0,Sleep stage W,W,9.795139774381927e-10,6.575843789797466e-11,9.83247680263153e-12,6.434410956653495e-12,0.9227298269427484,0.06194630543233096,0.009262470804387544,0.006061396820532908,0.6012651026564851,1.07421875
SC4011,126,3780.0,3810.0,Sleep stage W,W,6.004201026744873e-10,4.609115331148195e-11,8.252170017458012e-12,5.601972649786901e-12,0.909224050652892,0.06979643907067633,0.012496369486178325,0.008483140790253205,0.6256394566423393,0.5859375
SC4011,127,3810.0,3840.0,Sleep stage W,W,9.105139622821698e-10,6.886378265261776e-11,9.09080950938301e-12,5.7494666970962554e-12,0.915809151434398,0.06926426718112469,0.009143678062632214,0.005782903321845264,0.6273059692850871,0.5859375
SC4011,128,3840.0,3870.0,Sleep stage W,W,4.923199717282959e-10,4.201689377984513e-11,6.323952118264881e-12,5.426592807619098e-12,0.901540600133969,0.0769417001326775,0.011580475941092775,0.00993722379226083,0.640784603709764,0.5859375
SC4011,129,3870.0,3900.0,Sleep stage W,W,7.42715734508368e-10,3.531140923423872e-11,5.844953889951156e-12,5.857652669905596e-12,0.9404682224823248,0.04471328225980418,0.007401207676059514,0.007417287581811547,0.5396964931317171,0.5859375
SC4011,130,3900.0,3930.0,Sleep stage W,W,8.173972984454079e-10,2.530618665611137e-11,5.640838998327809e-12,4.209357836548855e-12,0.9587634371466934,0.029682807302683512,0.006616403304382936,0.004937352246240009,0.5761258538956237,0.5859375
SC4011,131,3930.0,3960.0,Sleep stage W,W,4.064675358717816e-10,3.395312949704129e-11,5.7025050352044826e-12,6.12792554884279e-12,0.8987651760475563,0.07507583685453269,0.01260915691799396,0.013549830179917113,0.6154445542025514,0.5859375
SC4011,132,3960.0,3990.0,Sleep stage W,W,6.200565690323418e-10,4.051507968401488e-11,5.720264224813649e-12,5.788030504572038e-12,0.9225934728141452,0.06028312565956775,0.008511285421621051,0.008612116104665918,0.6382530412050901,0.87890625
SC4011,133,3990.0,4020.0,Sleep stage W,W,3.921565412555505e-10,3.376276154736192e-11,6.198743436043686e-12,4.486419821789692e-12,0.8981963578929327,0.07733031650359809,0.014197618022490041,0.010275707580978994,0.6263544666284044,0.5859375
SC4011,134,4020.0,4050.0,Sleep stage W,W,6.276766071405007e-10,4.230956610219034e-11,4.350579864544974e-12,3.9878748698561936e-12,0.9253336547905764,0.0623736251894118,0.006413713560009351,0.005879006460002612,0.6152006686866467,1.07421875
SC4011,135,4050.0,4080.0,Sleep stage W,W,6.33030527965381e-10,3.8501967647301064e-11,4.80414579876742e-12,5.785494108552418e-12,0.9280310592512924,0.056444389710282414,0.007042940770577805,0.008481610267847361,0.6179903118382128,0.5859375
SC4011,136,4080.0,4110.0,Sleep stage W,W,5.620096983041763e-10,3.611578850388299e-11,5.079084624748165e-12,4.818481047751193e-12,0.9243230104703084,0.059398715816022095,0.008353440883576643,0.00792483283009284,0.6170895314952705,1.07421875
SC4011,137,4110.0,4140.0,Sleep stage W,W,5.302653590686305e-10,4.685796169586545e-11,5.889054787385872e-12,6.175250465350653e-12,0.8999940522395178,0.07952977901558131,0.009995211249079474,0.010480957495821614,0.631997059640501,0.5859375
SC4011,138,4140.0,4170.0,Sleep stage W,W,7.97221097510586e-10,6.560673700601693e-11,5.696987053469441e-12,3.786075757022839e-12,0.9139185351844202,0.07521026873222245,0.006530913543469366,0.004340282539888016,0.5991288352271432,0.5859375
SC4011,139,4170.0,4200.0,Sleep stage W,W,1.60051718673496e-09,1.0878554545672404e-10,1.1701483490872732e-11,6.248202902053295e-12,0.926626108329029,0.06298184578364517,0.0067746227273842614,0.003617423159941707,0.5817925255098866,0.9765625
SC4011,140,4200.0,4230.0,Sleep stage W,W,6.83924648027227e-10,5.337360177640281e-11,6.6378066313885425e-12,5.143311623394743e-12,0.9130202715366932,0.07125226518352157,0.008861286152618912,0.00686617712716614,0.589163538824425,0.5859375
SC4011,141,4230.0,4260.0,Sleep stage W,W,7.379671858723301e-10,6.143882634444874e-11,6.720376523918374e-12,6.430878264241976e-12,0.9082032932798131,0.07561168774098884,0.008270649709022323,0.007914369270175867,0.6417052016822294,0.5859375
SC4011,142,4260.0,4290.0,Sleep stage W,W,1.0461343718723823e-09,5.930592240381167e-11,9.37028226700287e-12,5.14589250114597e-12,0.9340848513202011,0.05295377458234367,0.008366648638583713,0.0045947254588715875,0.5891270548348002,0.5859375
SC4011,143,4290.0,4320.0,Sleep stage W,W,4.806960850233742e-10,3.160325401779043e-11,6.199365096968742e-12,5.9127036150562976e-12,0.916639260543337,0.06026423824987473,0.011821567962317148,0.011274933244471042,0.6482253949808465,1.07421875
SC4011,144,4320.0,4350.0,Sleep stage W,W,8.037462840567597e-10,5.8072138605189285e-11,6.578944637090389e-12,5.049678192261163e-12,0.9202003581163467,0.06648615838241756,0.007532161990873567,0.005781321510362196,0.6279970774677093,0.5859375
SC4011,145,4350.0,4380.0,Sleep stage W,W,6.898894089932891e-10,5.325891663366173e-11,6.335210609358715e-12,6.210127802610532e-12,0.9129220500620184,0.07047686009303204,0.008383305181492743,0.008217784663456825,0.6352002386832633,1.07421875
SC4011,146,4380.0,4410.0,Sleep stage W,W,6.880487168967179e-10,4.794335802926594e-11,4.574827333845343e-12,4.157764950317649e-12,0.9238967731178481,0.06437729289788284,0.006142978116977581,0.005582955867291568,0.6050560277709935,1.171875
SC4011,147,4410.0,4440.0,Sleep stage W,W,7.111015206359977e-10,4.051047146587909e-11,5.1558729196527455e-12,4.211251461545421e-12,0.9344560254457566,0.05323466911037117,0.006775314601905265,0.005533990841966928,0.5975447078489761,1.07421875
SC4011,148,4440.0,4470.0,Sleep stage W,W,5.244723171366659e-10,5.247294023923308e-11,5.845070077585706e-12,4.109351372498649e-12,0.8936319716272546,0.08940700111507711,0.009959232026294531,0.007001795231373911,0.6271775740582983,0.5859375
SC4011,149,4470.0,4500.0,Sleep stage W,W,5.864725750919595e-10,5.451019392123779e-11,6.455023000641084e-12,3.973218213378107e-12,0.9003111183020902,0.08368018511419431,0.009909293670657378,0.006099402913058259,0.6316453921427148,1.171875
SC4011,150,4500.0,4530.0,Sleep stage W,W,6.102218335043901e-10,4.663205441646607e-11,6.434174928746204e-12,4.7257811391126766e-12,0.9134868071906288,0.06980701797739067,0.009631798781785274,0.007074376050195317,0.6198217670051681,0.5859375
SC4011,151,4530.0,4560.0,Sleep stage W,W,8.2359110969593e-10,5.63941731447525e-11,1.0970866139480442e-11,5.481635426135485e-12,0.918737612383648,0.06290918803930358,0.01223829063245737,0.006114908944591081,0.6044534443132604,1.07421875
SC4011,152,4560.0,4590.0,Sleep stage W,W,6.115966090989433e-10,6.456889702042819e-11,7.398720249257188e-12,4.181810149586829e-12,0.8892768211289352,0.09388479699180066,0.010757924955429717,0.00608045692383437,0.6339952208757454,1.07421875
SC4011,153,4590.0,4620.0,Sleep stage W,W,6.396948824252617e-10,5.236775122034085e-11,7.634726909979216e-12,4.467955217412743e-12,0.908444179365806,0.07436854677066047,0.01084223653020772,0.006345037333325717,0.5745038896789024,0.5859375
SC4011,154,4620.0,4650.0,Sleep stage W,W,1.0053040056989205e-09,5.802290261571094e-11,7.631468983100266e-12,4.9961025252503485e-12,0.9343369301871534,0.05392691206161154,0.007092743351331934,0.00464341439990316,0.6050471162301536,0.5859375
SC4011,155,4650.0,4680.0,Sleep stage W,W,4.985758772817653e-10,4.748057655634027e-11,6.323821807863203e-12,4.5304149490843255e-12,0.8952528398207662,0.08525707507178178,0.011355181207073378,0.00813490390037876,0.6134665070046685,0.5859375
SC4011,156,4680.0,4710.0,Sleep stage W,W,6.687639934495254e-10,4.347147627045802e-11,7.534161693440767e-12,4.621064358353017e-12,0.923208977355809,0.06001109142372795,0.010400688105765568,0.0063792431146974665,0.5820965241642493,1.171875
SC4011,157,4710.0,4740.0,Sleep stage W,W,3.023068639067602e-10,3.273754191569138e-11,4.477581902489965e-12,3.4568828807595784e-12,0.8814154159785,0.09545060854004456,0.013054978852144883,0.010078996629310484,0.6414869079558859,1.3671875
SC4011,158,4740.0,4770.0,Sleep stage W,W,5.51029625392886e-10,4.339864446505677e-11,7.518028370089551e-12,3.726761590943708e-12,0.9097806423115106,0.07165358234362908,0.012412684117626999,0.006153091227233328,0.5913853227104308,1.07421875
SC4011,159,4770.0,4800.0,Sleep stage W,W,4.5207887964523576e-10,4.260474357503942e-11,6.753219569341127e-12,4.929207173788859e-12,0.8927906594012519,0.08413823078802074,0.013336635759504768,0.00973447405122261,0.6186422013978741,0.5859375
SC4011,160,4800.0,4830.0,Sleep stage W,W,1.9400950863628073e-10,1.760913275699989e-11,3.1714503765035147e-12,2.367138433638609e-12,0.8934057063379456,0.08108932288602354,0.01460439688576175,0.010900573890269204,0.6168352184251094,0.5859375
SC4011,161,4830.0,4860.0,Sleep stage W,W,1.606265262019744e-10,2.3505158972529356e-11,4.9195585609324775e-12,5.111197745923798e-12,0.8272790812500925,0.1210592470572425,0.025337333643926,0.026324338048738856,0.6765512641385198,0.5859375
SC4011,162,4860.0,4890.0,Sleep stage W,W,5.73884219926891e-11,6.1110158605171665e-12,2.0334063679575134e-12,2.1647374571924817e-12,0.8477174600616034,0.0902693376781424,0.030036617520823764,0.031976584739430575,0.6573144818143676,0.9765625
SC4011,163,4890.0,4920.0,Sleep stage W,W,6.23910036797587e-10,4.697698757810531e-11,6.017699782007599e-12,4.274556807634552e-12,0.9159263269332146,0.06896420500566576,0.008834237843346623,0.006275230217773002,0.5888721605109922,0.5859375
SC4011,164,4920.0,4950.0,Sleep stage W,W,4.3923459260542797e-10,3.364663174378052e-11,6.0479000557598635e-12,4.530333587299465e-12,0.9085241489110608,0.06959556005690685,0.012509632308934142,0.009370658723097976,0.5879334054039814,0.5859375
SC4011,165,4950.0,4980.0,Sleep stage W,W,7.610174438658605e-10,5.5987755025117793e-11,5.802775220230763e-12,4.276750151408975e-12,0.9201202990955257,0.06769288971578251,0.007015938089539967,0.005170873099151823,0.5927292202800841,0.68359375
SC4011,166,4980.0,5010.0,Sleep stage W,W,3.8677357384392535e-10,3.992988009423721e-11,7.508003982438138e-12,4.13852685476421e-12,0.8823396538775513,0.09109132310042059,0.017127875540558442,0.009441147481469682,0.6184179723771872,0.5859375
SC4011,167,5010.0,5040.0,Sleep stage W,W,8.192648527077551e-10,5.044690137863892e-11,7.149023132679952e-12,4.547991423580652e-12,0.9294947836398323,0.057234399263267795,0.008110905390343748,0.005159911706556352,0.5922215748577528,0.9765625
SC4011,168,5040.0,5070.0,Sleep stage W,W,7.046589270565325e-10,4.875907977588949e-11,1.0505333745387491e-11,6.785282847076387e-12,0.914300042375495,0.06326525783403487,0.01363074633666838,0.008803953453801843,0.6127644377752742,0.5859375
SC4011,169,5070.0,5100.0,Sleep stage W,W,5.015335283517161e-10,4.511258897906344e-11,7.224854291822882e-12,7.69795783048584e-12,0.8930934424028042,0.08033312851371348,0.012865480821489117,0.013707948261993194,0.6137513006799785,0.5859375
SC4011,170,5100.0,5130.0,Sleep stage W,W,8.721363650202772e-10,5.351106227594256e-11,7.455120244274629e-12,5.889503227478448e-12,0.9288005838888449,0.05698776920654173,0.007939492393122298,0.006272154511490915,0.5537627479290793,0.5859375
SC4011,171,5130.0,5160.0,Sleep stage W,W,6.662581085180708e-10,5.235517719858366e-11,7.58566667793312e-12,6.706990278539189e-12,0.9090635915545023,0.07143505619237948,0.010350123032521648,0.009151229220596566,0.6221031184078448,0.5859375
SC4011,172,5160.0,5190.0,Sleep stage W,W,7.232877103285789e-10,4.9420944655318135e-11,6.570300837461697e-12,4.4059169781883185e-12,0.9229318255752311,0.06306226695275148,0.008383855635736208,0.005622051836280977,0.5578494024346856,1.07421875
SC4011,173,5190.0,5220.0,Sleep stage W,W,5.687721718889454e-10,4.449024116568783e-11,7.732823128388842e-12,7.417426375503533e-12,0.9050934294882613,0.07079781140079165,0.01230532672098832,0.011803432389958771,0.608001115474815,0.9765625
SC4011,174,5220.0,5250.0,Sleep stage W,W,5.603222477113587e-10,5.0762602431632955e-11,8.958188575659044e-12,5.322470771818196e-12,0.8959916068410846,0.0811726928672369,0.014324724404705237,0.008510975886973369,0.6477471765067083,0.5859375
SC4011,175,5250.0,5280.0,Sleep stage W,W,5.542498790247505e-10,3.910532977703738e-11,4.990937436345627e-12,4.432033031826028e-12,0.9194922744151374,0.06487515826203077,0.008279890692775712,0.0073526766300561494,0.577857150336557,1.171875
SC4011,176,5280.0,5310.0,Sleep stage W,W,4.279909828508791e-10,3.2696380956638926e-11,6.245700593088642e-12,3.841785167246319e-12,0.9091203220472646,0.06945226786573776,0.013266852719132876,0.008160557367864658,0.61286799128525,0.5859375
SC4011,177,5310.0,5340.0,Sleep stage W,W,5.725071997498623e-10,3.0212903516941225e-11,6.619163412142819e-12,5.045734869815296e-12,0.9318378513581347,0.04917584810953972,0.010773640950636843,0.008212659581688753,0.5205132311229574,0.5859375
SC4011,178,5340.0,5370.0,Sleep stage W,W,3.658882844357027e-10,3.5958431088932614e-11,5.246043918831927e-12,5.9911943611930055e-12,0.8857479964199347,0.0870487240129804,0.012699703947620981,0.01450357561946386,0.602648399317199,0.5859375
SC4011,179,5370.0,5400.0,Sleep stage W,W,6.137900393622464e-10,3.400939239765023e-11,7.040186744869199e-12,7.453712182464899e-12,0.9267646387520546,0.05135095103911175,0.010630013045071628,0.011254397163762062,0.5803253346034032,0.5859375
SC4011,180,5400.0,5430.0,Sleep stage W,W,3.176916960771451e-10,2.7174750585824384e-11,5.359039523246595e-12,3.4016863022468513e-12,0.8983803304524337,0.07684576497500616,0.015154490209378446,0.009619414363181696,0.5849714154093156,0.5859375
SC4011,181,5430.0,5460.0,Sleep stage W,W,4.59474327274522e-10,2.2822445037468478e-11,5.1202876469666015e-12,3.6296109484766173e-12,0.9357039859886082,0.046477140340435576,0.010427293270320975,0.007391580400635337,0.5998257587440536,0.5859375
SC4011,182,5460.0,5490.0,Sleep stage W,W,5.677263096536044e-10,2.8968382738158186e-11,6.539804314953921e-12,1.045930556954825e-11,0.9250970232188082,0.04720331642703729,0.010656461399311827,0.017043198954842652,0.5589936669459232,0.5859375
SC4011,183,5490.0,5520.0,Sleep stage W,W,7.77517552849381e-10,3.469712629039707e-11,7.0036634965462165e-12,6.43006060772984e-12,0.9417053915376541,0.04202409421985028,0.0084826222263958,0.007787892016099706,0.5601984076488068,1.07421875
SC4011,184,5520.0,5550.0,Sleep stage W,W,4.993189189673194e-10,3.9018754251778885e-11,4.59532959565753e-12,2.7156858958141016e-12,0.9150923099389588,0.07150893067109654,0.008421773369449154,0.004976986020495305,0.5475614007240952,0.5859375
SC4011,185,5550.0,5580.0,Sleep stage W,W,2.5655094277636597e-10,2.290766659317968e-11,4.0533548767771154e-12,2.260141537745008e-12,0.8977466225140195,0.08016061095371196,0.014183871675144774,0.007908894857123644,0.6305516231324606,1.171875
SC4011,186,5580.0,5610.0,Sleep stage W,W,1.696542218539918e-10,1.4365439085543969e-11,2.631804324426077e-12,1.8136852305065296e-12,0.9001888222245698,0.07622331793360178,0.013964408366857844,0.009623451474970504,0.5974484509427106,0.5859375
SC4011,187,5610.0,5640.0,Sleep stage W,W,1.2854803695470678e-10,1.2239431879931638e-11,2.6253761432705118e-12,1.9423909874355748e-12,0.8843715611686331,0.08420358440235173,0.018061792723424508,0.013363061705590559,0.5953425073819114,0.5859375
SC4011,188,5640.0,5670.0,Sleep stage W,W,4.490461452746061e-10,2.5077553501707093e-11,3.793009912623701e-12,2.744680104148338e-12,0.9342255395261447,0.05217301428075068,0.007891230710558516,0.005710215482546,0.5901143508076508,0.5859375
SC4011,189,5670.0,5700.0,Sleep stage W,W,6.095185977544587e-10,3.2401064660396625e-11,6.556420684329287e-12,3.632991760402374e-12,0.934688108558681,0.04968657224617409,0.010054177954418167,0.00557114124072669,0.5692344054561468,0.5859375
SC4011,190,5700.0,5730.0,Sleep stage W,W,4.419738581184054e-10,2.4802033579656664e-11,3.578788949348795e-12,2.5037559736500145e-12,0.9346853601188769,0.05245128702130467,0.0075684151369319105,0.005294937722886551,0.5943966230193733,0.5859375
SC4011,191,5730.0,5760.0,Sleep stage W,W,5.849487670292265e-10,3.7702920090647455e-11,6.905142325525197e-12,8.123213981256708e-12,0.9173076263856854,0.05912513725229028,0.010828537597663437,0.012738698764360842,0.6285113691710784,1.07421875
SC4011,192,5760.0,5790.0,Sleep stage W,W,5.192411105264184e-10,3.7601573565633555e-11,7.048409499864106e-12,4.367363243884167e-12,0.9137411054428961,0.06616984422019544,0.01240352768194836,0.0076855226549600265,0.6164064155283218,1.171875
SC4011,193,5790.0,5820.0,Sleep stage W,W,4.994112227780565e-10,4.900053790827739e-11,9.951359368803713e-12,5.609535220680222e-12,0.8855238247922024,0.08688459883629121,0.017645109697626876,0.009946466673879443,0.548240948415173,0.5859375
SC4011,194,5820.0,5850.0,Sleep stage W,W,2.586628360756783e-10,2.3698797100722513e-11,3.8340384923457775e-12,2.889190664561657e-12,0.8947643746819437,0.0819786858067938,0.013262674708733864,0.009994264802528768,0.6134086725821569,0.5859375
SC4011,195,5850.0,5880.0,Sleep stage W,W,2.5874198644527455e-10,2.3649760542373007e-11,4.489306059763436e-12,3.2479706939678572e-12,0.8918169685633289,0.08151463179173145,0.015473481425164847,0.011194918219774868,0.6204380647369928,0.5859375
SC4011,196,5880.0,5910.0,Sleep stage W,W,3.679834040314744e-10,3.9779899278804654e-11,6.453048419766466e-12,3.837741065014657e-12,0.8802291626214707,0.0951549092913813,0.01543591733936187,0.00918001074778619,0.6258990715092927,0.5859375
SC4011,197,5910.0,5940.0,Sleep stage W,W,2.3562136499083483e-10,3.1814647743806195e-11,3.330766991635644e-12,2.7363688831490257e-12,0.8614941589842986,0.11632278423689697,0.012178166900711345,0.010004889878093061,0.6533375241556262,0.5859375
SC4011,198,5940.0,5970.0,Sleep stage W,W,2.7193452997166956e-10,2.3772696152731922e-11,3.773026441218325e-12,2.3385664850119536e-12,0.9009859982456926,0.07876479083547112,0.012500964827462858,0.007748246091373269,0.6179813220564411,0.5859375
SC4011,199,5970.0,6000.0,Sleep stage W,W,2.61066118383301e-10,2.4789907401775437e-11,4.839196210765896e-12,3.1696335601862863e-12,0.8883883644042144,0.08435819028059638,0.01646742071830787,0.010786024596881268,0.5945232759497824,0.5859375
SC4011,200,6000.0,6030.0,Sleep stage W,W,6.75689888389412e-10,4.079245504421359e-11,7.37492048495375e-12,8.464077298108507e-12,0.9226685750640728,0.0557029445249274,0.010070607081723122,0.011557873329276712,0.588005944824275,1.07421875
SC4011,201,6030.0,6060.0,Sleep stage W,W,1.0838141119668276e-09,5.1934032909548566e-11,8.45388286343813e-12,8.328100298069272e-12,0.9403781173269276,0.0450608896428272,0.007335064531311109,0.0072259284989342415,0.5934547424348339,1.07421875
SC4011,202,6060.0,6090.0,Sleep stage W,W,8.108853917311562e-10,6.253035107333956e-11,1.03298274301628e-11,9.060157194545803e-12,0.908243940219857,0.07003802636144933,0.011570072987666751,0.010147960431026956,0.6058179858192453,0.5859375
SC4011,203,6090.0,6120.0,Sleep stage W,W,4.8697976240223e-10,3.370689493940842e-11,6.709660278972641e-12,4.195521233041886e-12,0.9160783270344662,0.06340747256785467,0.01262182710224001,0.007892373295439006,0.5917043241878588,0.5859375
SC4011,204,6120.0,6150.0,Sleep stage W,W,5.181422074076821e-10,3.8533105469990056e-11,5.87320712820539e-12,4.356570107340537e-12,0.913984045026307,0.06797099927660645,0.010360124173576282,0.007684831523510357,0.5747443810997389,0.5859375
SC4011,205,6150.0,6180.0,Sleep stage W,W,4.50673941969242e-10,3.402186613601885e-11,5.384638481369035e-12,4.096630680877368e-12,0.9119685284902111,0.06884549628270632,0.010896172099164832,0.008289803127917618,0.6031873965265734,0.9765625
SC4011,206,6180.0,6210.0,Sleep stage W,W,4.6236515530637876e-10,3.715280778726874e-11,7.074667958591152e-12,5.749913784936887e-12,0.9024531731076916,0.07251556241357246,0.013808472534404712,0.01122279194433137,0.5964120523962851,0.5859375
SC4011,207,6210.0,6240.0,Sleep stage W,W,2.8699486683497344e-10,2.6125509888943174e-11,4.336375055259976e-12,4.271276175119771e-12,0.8920418549164854,0.0812037112683713,0.013478387577335932,0.013276046237807213,0.6190554185443381,1.07421875
SC4011,208,6240.0,6270.0,Sleep stage W,W,4.919280441378594e-10,3.754842841158329e-11,5.33240377603614e-12,3.9820041435390746e-12,0.9130222169121267,0.06969017066305457,0.009896982241782338,0.007390630183036389,0.6241783494284157,0.68359375
SC4011,209,6270.0,6300.0,Sleep stage W,W,3.1395021477639365e-10,3.043818149220057e-11,6.0495657651157265e-12,5.081637198965977e-12,0.883074281851121,0.0856160435539864,0.017016124506701202,0.014293550088191373,0.6049530769121705,0.5859375
SC4011,210,6300.0,6330.0,Sleep stage W,W,2.4215961153379685e-10,2.4419860758005548e-11,3.5637567797207213e-12,2.4876965033515125e-12,0.8882323640400464,0.0895711324990493,0.013071726078786247,0.009124777382118001,0.6172235676586761,0.5859375
SC4011,211,6330.0,6360.0,Sleep stage W,W,2.1164642172752126e-10,2.5784475848972865e-11,2.9991400168232963e-12,2.6724605894130087e-12,0.8706057046293085,0.10606421588309513,0.012336936227487726,0.010993143260108444,0.6430630410955571,0.5859375
SC4011,212,6360.0,6390.0,Sleep stage W,W,3.232275463494599e-10,2.1972993848988462e-11,3.122822242862341e-12,2.5400649899837516e-12,0.9212346488086275,0.06262548938159472,0.008900392570764155,0.007239469239013642,0.5479033790857238,0.5859375
SC4011,213,6390.0,6420.0,Sleep stage W,W,3.8160746360918066e-10,3.0094438439660014e-11,4.524148774882766e-12,7.447407646309193e-12,0.9007112812476842,0.0710321542169219,0.010678386111842708,0.01757817842355108,0.5564186871505004,0.5859375
SC4011,214,6420.0,6450.0,Sleep stage W,W,1.5097361860892071e-10,2.2477226418351077e-11,3.4728031475072077e-12,2.539494556218604e-12,0.8412513918538659,0.12524703444006233,0.01935106615575484,0.01415050755031703,0.6914101469044028,1.26953125
SC4011,215,6450.0,6480.0,Sleep stage W,W,3.68801572007773e-10,2.7759091283884804e-11,3.1785475427376255e-12,2.737129676858285e-12,0.9163310607010969,0.0689707406120401,0.007897476752794988,0.006800721934067952,0.5695701060551607,0.5859375
SC4011,216,6480.0,6510.0,Sleep stage W,W,2.4228317552271424e-10,3.027703108928351e-11,4.0688263552506086e-12,2.6785148026434843e-12,0.8674422780809339,0.10840033264774969,0.01456754888200415,0.009589840389312303,0.6437779620914564,1.07421875
SC4011,217,6510.0,6540.0,Sleep stage W,W,2.0863529573334573e-10,2.0544147698531274e-11,4.082196225909474e-12,3.1343918503576027e-12,0.8825668282259553,0.08690563698326512,0.017268463433443203,0.013259071357336298,0.649628969150423,1.07421875
SC4011,218,6540.0,6570.0,Sleep stage W,W,4.688336211368641e-10,3.075151385559364e-11,4.886561055304839e-12,4.001822549025886e-12,0.9220413728342889,0.06047810304941192,0.009610256732327108,0.0078702673839722,0.5754957692366571,0.5859375
SC4011,219,6570.0,6600.0,Sleep stage W,W,5.013839618360629e-10,4.161807536677089e-11,6.868133414805332e-12,3.480646616341822e-12,0.906086963677612,0.07521101274378882,0.01241189712005284,0.006290126458546556,0.6241587902134856,0.5859375
SC4011,220,6600.0,6630.0,Sleep stage W,W,4.134679150956868e-10,2.7718162301426448e-11,5.4028901019922975e-12,3.6703663555397555e-12,0.9182883818443268,0.06156043910102382,0.011999507163435022,0.008151671891214228,0.601590298806551,0.5859375
SC4011,221,6630.0,6660.0,Sleep stage W,W,3.839308323898409e-10,3.909845191689992e-11,5.127344450078712e-12,4.3465391482252425e-12,0.8876948445245427,0.0904003827446737,0.011855044842595027,0.010049727888188595,0.63522721914532,0.5859375
SC4011,222,6660.0,6690.0,Sleep stage W,W,4.1915993514628234e-10,2.271565220502201e-11,4.875224796500722e-12,5.758198239867681e-12,0.9263018537181843,0.05019933677245697,0.01077376291871852,0.012725046590640323,0.5849682170871855,0.5859375
SC4011,223,6690.0,6720.0,Sleep stage W,W,3.1913509075974936e-10,2.6733789591703858e-11,4.226289966598224e-12,4.131409456226981e-12,0.9009349071521111,0.07547087406241301,0.011931035692723331,0.011663183092752704,0.6179587263775654,0.9765625
SC4011,224,6720.0,6750.0,Sleep stage W,W,3.8697190156129027e-10,2.8564407579103066e-11,3.3032915399374765e-12,4.6116217533818874e-12,0.9138523661290576,0.06745619345466537,0.007800878507215965,0.01089056190906095,0.5726502768202566,0.5859375
SC4011,225,6750.0,6780.0,Sleep stage W,W,3.840461175522771e-10,2.620987233341244e-11,4.664894307036776e-12,4.311554538286467e-12,0.9160696598640071,0.06251871256133683,0.011127226512235274,0.010284401062420744,0.601214152568396,1.07421875
SC4011,226,6780.0,6810.0,Sleep stage W,W,3.172564536946339e-10,2.5009407969212457e-11,4.853060828885515e-12,3.479012511344731e-12,0.9049010904497911,0.0713335860604018,0.013842240196962613,0.009923083292844491,0.589334917058348,0.5859375
SC4011,227,6810.0,6840.0,Sleep stage W,W,3.368588331950174e-10,2.5080253046994586e-11,3.931354772898239e-12,3.695292557135795e-12,0.9114990990617573,0.06786411933969318,0.01063776864510581,0.009999012953443654,0.6026330389969562,0.5859375
SC4011,228,6840.0,6870.0,Sleep stage W,W,3.587012342005362e-10,2.2070665175361004e-11,5.627266571666494e-12,4.5761254050976035e-12,0.9174524378753802,0.0564502812927203,0.014392895653834751,0.011704385178064667,0.6129133868158901,0.5859375
SC4011,229,6870.0,6900.0,Sleep stage W,W,5.301069044816617e-10,2.4453619721910938e-11,5.0992719098821905e-12,4.104572884630768e-12,0.9402987021399748,0.043375603473077916,0.009045041138276526,0.007280653248670824,0.5589690986331205,1.07421875
SC4011,230,6900.0,6930.0,Sleep stage W,W,3.154371946090538e-10,3.083852398736816e-11,5.122795384645048e-12,3.5243638403100213e-12,0.8887485544614702,0.08688795767876183,0.014433545158008132,0.009929942701759951,0.6242481984937402,0.9765625
SC4011,231,6930.0,6960.0,Sleep stage W,W,4.370800516313366e-10,2.633663179598061e-11,6.403276547594749e-12,5.1283633537987265e-12,0.9202686485300727,0.05545157336570506,0.013482048957909585,0.010797729146312614,0.5918526289125458,0.5859375
SC4011,232,6960.0,6990.0,Sleep stage W,W,3.963325771698342e-10,2.906452342929109e-11,5.15197403621844e-12,5.246062356797965e-12,0.9094469936156743,0.06669308801813267,0.011822009010420282,0.012037909355772739,0.6132639508919676,1.07421875
SC4011,233,6990.0,7020.0,Sleep stage W,W,5.232409595847745e-10,3.764936997693605e-11,7.504517093737054e-12,7.215555092165765e-12,0.9090192915141218,0.06540773040693605,0.013037493886407464,0.012535484192534717,0.5895640575659695,0.5859375
SC4011,234,7020.0,7050.0,Sleep stage W,W,4.517723179437887e-10,3.1055521085120736e-11,5.688415262267434e-12,7.053316430464677e-12,0.9116223929688098,0.0626663195641696,0.01147854024609308,0.014232747220927496,0.6307984239281467,1.26953125
SC4011,235,7050.0,7080.0,Sleep stage W,W,5.022267898028798e-10,4.050829892558575e-11,5.90368741057382e-12,5.2092165786485514e-12,0.9067953597493295,0.07313974133374532,0.010659400211247309,0.009405498705677964,0.6093748457472243,0.68359375
SC4011,236,7080.0,7110.0,Sleep stage W,W,3.9088069408087634e-10,2.4453728579877036e-11,4.735723404907205e-12,4.2433563128311304e-12,0.9212072957607816,0.057631276032465435,0.011160906684234842,0.010000521522518074,0.614144171092034,0.5859375
SC4011,237,7110.0,7140.0,Sleep stage W,W,5.433091114060488e-10,2.5500767418153625e-11,5.252375120448458e-12,4.892420494820888e-12,0.9384311680911221,0.04404622424517564,0.009072169812833217,0.008450437850869064,0.571359516616285,1.171875
SC4011,238,7140.0,7170.0,Sleep stage W,W,3.5401645491082684e-10,3.3907118478497314e-11,7.166976601601558e-12,7.614927333561227e-12,0.8790952069061924,0.08419830468602259,0.017797067596939192,0.018909420810845755,0.6163867474271496,0.5859375
SC4011,239,7170.0,7200.0,Sleep stage W,W,7.165961994060924e-10,2.32310449514138e-11,4.527181361137885e-12,5.145141991892181e-12,0.9560995499904658,0.03099540807258457,0.006040272144474838,0.00686476979247476,0.5592601483201874,0.5859375
SC4011,240,7200.0,7230.0,Sleep stage W,W,6.543549570239855e-10,4.4998597436296935e-11,6.771258439599252e-12,5.007481727834203e-12,0.9201592473965005,0.06327739265427976,0.009521798532780833,0.007041561416438926,0.6198923960405485,0.5859375
SC4011,241,7230.0,7260.0,Sleep stage W,W,2.2370842973185938e-10,2.0742955179979503e-11,2.5751224687658728e-12,2.3550027835600838e-12,0.8970529915573726,0.08317759871742161,0.010326036068474768,0.009443373656731062,0.5878660775844469,0.5859375
SC4011,242,7260.0,7290.0,Sleep stage W,W,3.51659949633252e-10,1.985184540012939e-11,4.178602895381592e-12,3.960216058658493e-12,0.9262725692441608,0.05228977556924778,0.011006443138585408,0.010431212048006072,0.5870586430062753,0.5859375
SC4011,243,7290.0,7320.0,Sleep stage W,W,3.7649800399610305e-10,2.0778542733606707e-11,3.016107085776796e-12,3.354097011678618e-12,0.9327413220212276,0.051477046925378904,0.007472145086256976,0.008309485967136614,0.569739340059375,0.5859375
SC4011,244,7320.0,7350.0,Sleep stage W,W,7.427172321288571e-10,1.905749579730773e-11,4.530496891457838e-12,3.538203986870057e-12,0.9647640082896329,0.02475502820996023,0.005884958839608917,0.004596004660797863,0.5628072190926632,0.5859375
SC4011,245,7350.0,7380.0,Sleep stage W,W,9.30712501703203e-10,3.4737577227629446e-11,5.889733971957106e-12,4.317886053825783e-12,0.9539334365920779,0.035604267013706135,0.006036680670132247,0.004425615724083767,0.5245408160320945,1.07421875
SC4011,246,7380.0,7410.0,Sleep stage W,W,2.1312278076641059e-10,1.667411380832387e-11,2.252477456294934e-12,2.6557809559268827e-12,0.908044744881485,0.07104281093159695,0.009597051567163997,0.01131539261975419,0.5702073075640967,0.5859375
SC4011,247,7410.0,7440.0,Sleep stage W,W,3.1874388401274413e-10,2.0036379482815662e-11,3.189977997999948e-12,3.1501192571472075e-12,0.9235731074208758,0.058056208098625245,0.009243088385342137,0.00912759609515665,0.6020862955705244,0.9765625
SC4011,248,7440.0,7470.0,Sleep stage W,W,5.427656702291633e-10,1.6730370387627353e-11,3.8864670127803855e-12,4.181972003564783e-12,0.9563066219013527,0.029477479630933886,0.0068476219922933386,0.00736827647541992,0.5618011280904158,1.171875
SC4011,249,7470.0,7500.0,Sleep stage W,W,9.379994102482281e-10,4.223240125164996e-11,6.841898200244318e-12,6.822332298198635e-12,0.9437600821533533,0.04249176922642509,0.00688391734259052,0.006864231277631106,0.5614752962763316,1.26953125
SC4011,250,7500.0,7530.0,Sleep stage W,W,1.4458946960216315e-10,1.46068238963171e-11,2.0254764751734207e-12,2.4393883146366814e-12,0.8834684485580121,0.08925040033376197,0.012376036540114965,0.014905114568110781,0.6031015340820338,0.5859375
SC4011,251,7530.0,7560.0,Sleep stage W,W,1.650670864896564e-10,1.6935325169331643e-11,3.3554565198126453e-12,4.217043134886307e-12,0.8707222139564774,0.08933315622819411,0.017699897610715047,0.022244732204613423,0.6316181496067214,0.5859375
SC4011,252,7560.0,7590.0,Sleep stage W,W,1.5053485654000254e-10,2.4982670284516084e-11,2.7575506297206766e-12,3.624980585512235e-12,0.8275690407262288,0.13734283844514494,0.015159701758413156,0.019928419070212994,0.6797079192947924,0.5859375
SC4011,253,7590.0,7620.0,Sleep stage W,W,4.991528201410596e-10,3.5391334872457624e-11,5.268450787635307e-12,4.857859096999728e-12,0.9164308555529921,0.06497751788152391,0.0096727308109509,0.008918895754533153,0.6006619377728634,0.5859375
SC4011,254,7620.0,7650.0,Sleep stage W,W,7.636835774086475e-10,3.435359283576396e-11,5.516149442395512e-12,5.889179430228758e-12,0.9434685950412741,0.04244105402574969,0.006814751447338995,0.007275599485637154,0.5501789356632177,0.5859375
SC4011,255,7650.0,7680.0,Sleep stage W,W,3.1568783637396814e-10,1.84453003653449e-11,3.8934025959025506e-12,3.56506533577249e-12,0.9241674328560571,0.05399810801296163,0.011397828701476936,0.010436630429504455,0.5753071345853455,0.5859375
SC4011,256,7680.0,7710.0,Sleep stage W,W,5.259430805419758e-10,3.487842724274042e-11,5.0065923067735135e-12,4.082233354896551e-12,0.9228523325089935,0.061199850565653184,0.008784877221820902,0.007162939703532473,0.57699482981067,0.5859375
SC4011,257,7710.0,7740.0,Sleep stage W,W,3.5772625825513384e-10,2.456350155270789e-11,4.441172231562072e-12,4.016731937394012e-12,0.9154917386182383,0.06286282380479297,0.01136583181678543,0.010279605760183178,0.5979208893196732,0.5859375
SC4011,258,7740.0,7770.0,Sleep stage W,W,3.6221923207698496e-10,2.437678747714686e-11,3.071130672331201e-12,2.4925727488924356e-12,0.9236523050577226,0.062160354694759855,0.007831326095985133,0.00635601415153253,0.5260040089438945,0.5859375
SC4011,259,7770.0,7800.0,Sleep stage W,W,2.6766756227722854e-10,1.9914999542372178e-11,2.6511277921610975e-12,2.2954166258613535e-12,0.9150117255675766,0.06807869411187788,0.009062782935546831,0.00784679738499858,0.5628871700207829,0.5859375
SC4011,260,7800.0,7830.0,Sleep stage W,W,5.075027080968273e-10,3.990756342344373e-11,6.927383318956026e-12,3.9010111312867726e-12,0.9091142176877329,0.07148835409683292,0.01240935775545496,0.0069880704599792525,0.6214772853904983,1.07421875
SC4011,261,7830.0,7860.0,Sleep stage W,W,3.113925414348064e-10,8.778857112961496e-12,2.140302740638177e-12,2.401269183786881e-12,0.9589778350460834,0.027035745138838795,0.006591368178258415,0.007395051636819403,0.5728730651280495,0.5859375
SC4011,262,7860.0,7890.0,Sleep stage W,W,2.4387057726028036e-10,2.464150313038658e-11,3.924113816944215e-12,2.7251793026616676e-12,0.8862820175273465,0.08955291513496759,0.014261136172144136,0.009903931165541759,0.6355613521148453,1.07421875
SC4011,263,7890.0,7920.0,Sleep stage W,W,1.347983564554726e-10,1.8693926459907826e-11,3.5010037339096882e-12,2.244218093069372e-12,0.8465239183041172,0.11739650461211334,0.02198604995458944,0.014093527129179998,0.6814809733951258,1.07421875
SC4011,264,7920.0,7950.0,Sleep stage W,W,4.06668982476986e-10,2.5048857766628884e-11,4.390882828446099e-12,3.361966888232079e-12,0.9253608756336612,0.056997789247087434,0.009991298461435103,0.007650036657816336,0.6166217045224776,1.171875
SC4011,265,7950.0,7980.0,Sleep stage W,W,6.097239664343433e-11,1.2011464060193771e-11,3.75548551596781e-12,2.5251206557151015e-12,0.7692273605946094,0.15153655267862598,0.04737918091186397,0.03185690581490073,0.719797745834547,0.5859375
SC4011,266,7980.0,8010.0,Sleep stage W,W,8.105052821336424e-11,1.6020752151220912e-11,3.2724282389360617e-12,2.366556263812375e-12,0.7891180917316657,0.15598004904294838,0.031860771103676105,0.02304108812170968,0.6979969946488392,0.5859375
SC4011,267,8010.0,8040.0,Sleep stage W,W,4.0402024322476057e-10,2.922537249592981e-11,4.3835946578021745e-12,2.35530932789814e-12,0.9182601321845829,0.06642363807579504,0.009963065656781341,0.0053531640828406385,0.6288518833388649,0.9765625
SC4011,268,8040.0,8070.0,Sleep stage W,W,3.047391105903892e-10,1.5142161514808523e-11,3.1449930276031972e-12,2.1329517094705353e-12,0.9371996695951336,0.04656845240882007,0.009672163250192515,0.0065597147458538434,0.6418739336468886,0.5859375
SC4011,269,8070.0,8100.0,Sleep stage W,W,1.8183926355670546e-10,2.0520589082578996e-11,3.677525680062831e-12,4.0365511046676744e-12,0.8655965262099685,0.09768270217462381,0.01750586419812276,0.019214907417284828,0.6518852793958309,0.5859375
SC4011,270,8100.0,8130.0,Sleep stage W,W,3.7376578708364856e-10,2.5319689706013155e-11,4.130927226857247e-12,2.6289527923793535e-12,0.920956174101666,0.06238753081986229,0.010178574566771228,0.006477720511700363,0.6128971499206639,1.07421875
SC4011,271,8130.0,8160.0,Sleep stage W,W,3.410328177362692e-10,1.6155864158002637e-11,2.9039050781930544e-12,2.7714224360453154e-12,0.9398364370502682,0.04452319254350315,0.008002736570448504,0.007637633835780236,0.5613620606196563,0.5859375
SC4011,272,8160.0,8190.0,Sleep stage W,W,2.492498039344242e-10,1.7908605202494336e-11,2.8133777238390873e-12,2.2667121835348166e-12,0.9155567813128149,0.06578277967797883,0.010334239035682308,0.008326199973524058,0.6125978790152888,1.3671875
SC4011,273,8190.0,8220.0,Sleep stage W,W,3.5967234522459294e-10,1.7869682966131865e-11,4.06299486017788e-12,2.5606930989138055e-12,0.9362426945051191,0.04651555881983771,0.01057615161732287,0.006665595057720324,0.5363509637926347,1.171875
SC4011,274,8220.0,8250.0,Sleep stage W,W,9.002395440666242e-11,1.1244137312907401e-11,2.957141815344407e-12,2.0967271191935512e-12,0.8467108192213753,0.10575554893581603,0.027813085811733074,0.019720546031075696,0.628328789103259,0.5859375
SC4011,275,8250.0,8280.0,Sleep stage W,W,2.2766347192102494e-10,1.5822727781128115e-11,3.3562896034352526e-12,2.362292851720447e-12,0.9135598039098384,0.06349287378899547,0.013467998384222897,0.009479323916943401,0.6465330159319098,0.5859375
SC4011,276,8280.0,8310.0,Sleep stage W,W,1.2330552281746473e-10,1.2426851390783926e-11,2.929735690103965e-12,1.9101443423658482e-12,0.8771682824856328,0.08840187886226795,0.02084149326571254,0.013588345386386723,0.6381632555621258,0.5859375
SC4011,277,8310.0,8340.0,Sleep stage W,W,1.0352584868754389e-10,1.5212222710280943e-11,3.655382605479845e-12,2.3441654969131957e-12,0.8299488887341084,0.12195376800704755,0.02930457243072095,0.018792770828122956,0.6934148451534111,0.9765625
SC4011,278,8340.0,8370.0,Sleep stage W,W,4.4278561106813725e-10,2.5529353973028836e-11,3.81040452686934e-12,3.224600667249711e-12,0.9314939282503176,0.05370643856439606,0.00801599824437413,0.006783634940912319,0.6085934649288258,0.5859375
SC4011,279,8370.0,8400.0,Sleep stage W,W,3.1963795480637587e-10,1.596822136890035e-11,2.545904409145552e-12,2.2533195185890357e-12,0.938992021600273,0.046909424363033525,0.007479036491122439,0.006619517545571115,0.6182298966351795,1.07421875
SC4011,280,8400.0,8430.0,Sleep stage W,W,2.2660604617354046e-10,1.478828968514286e-11,2.1772241016538986e-12,2.4068573518890707e-12,0.9212436141741003,0.060120273342403566,0.00885128104101221,0.009784831442483788,0.6124791905819389,0.5859375
SC4011,281,8430.0,8460.0,Sleep stage W,W,3.6163428042643193e-10,3.4601660094570445e-11,4.007049341953348e-12,3.0192273193111493e-12,0.896772038187203,0.08580436901910687,0.009936585108200797,0.007487007685489454,0.6262664732289687,0.5859375
SC4011,282,8460.0,8490.0,Sleep stage W,W,4.1332070815471286e-10,3.4847036996879813e-11,4.988186207322103e-12,3.675782503364911e-12,0.9047548486953687,0.07627981144799656,0.010919089143679466,0.008046250712955193,0.6333905543334103,1.171875
SC4011,283,8490.0,8520.0,Sleep stage W,W,4.138848496638345e-10,2.9914050829425285e-11,4.676237328316897e-12,3.688726815706013e-12,0.9153426048228005,0.06615754413153244,0.010341908529263139,0.00815794251640396,0.6277465583640086,1.953125
SC4011,284,8520.0,8550.0,Sleep stage W,W,3.0404200671927847e-10,2.1953609749305094e-11,4.2880359274450425e-12,3.7043885490161245e-12,0.9103380044955152,0.0657317240676812,0.012838890624082576,0.011091380812720939,0.6013724141363944,0.5859375
SC4011,285,8550.0,8580.0,Sleep stage W,W,1.19111479809061e-09,5.082270468142729e-11,5.162884760207237e-12,2.228078952433777e-12,0.9534040326817589,0.04068001814161062,0.0041325279129630355,0.0017834212636674137,0.5799325838254747,1.171875
SC4011,286,8580.0,8610.0,Sleep stage W,W,2.221983321585423e-10,1.404579469322057e-11,2.3197015537321303e-12,2.084130599302582e-12,0.923333541150509,0.05836656479991401,0.009639398411377693,0.008660495638199168,0.6254420576436314,1.07421875
SC4011,287,8610.0,8640.0,Sleep stage W,W,3.144068697895332e-10,1.682526154925758e-11,4.435281981323542e-12,2.4944711552179165e-12,0.9297525363550193,0.049755050233891526,0.013115854225277362,0.0073765591858117275,0.6341448371681507,1.07421875
SC4011,288,8640.0,8670.0,Sleep stage W,W,1.9793210080437672e-10,1.2456417968181013e-11,1.9581395681387914e-12,2.1583502737257934e-12,0.9227388305890993,0.058070522682161285,0.00912864264003547,0.01006200408870395,0.6198340495339443,0.5859375
SC4011,289,8670.0,8700.0,Sleep stage W,W,7.864934683523238e-11,1.417733233623616e-11,3.6031948401150823e-12,2.1356080591877605e-12,0.7979400616004806,0.14383668641783376,0.03655635588052964,0.021666896101156026,0.7015757739307392,0.5859375
SC4011,290,8700.0,8730.0,Sleep stage W,W,1.8209353094343873e-10,2.1232703696167957e-11,2.542726379457472e-12,2.542783739398284e-12,0.87372010226427,0.10187863318727779,0.012200494662161913,0.012200769886290375,0.6752983747424214,1.07421875
SC4011,291,8730.0,8760.0,Sleep stage W,W,3.0148898719368163e-10,1.5171441655631857e-11,2.6532650248156995e-12,2.213582532020373e-12,0.9376777938206531,0.04718555086588507,0.008252068236550251,0.006884587076911637,0.6169250031874196,1.953125
SC4011,292,8760.0,8790.0,Sleep stage W,W,1.842140305493742e-10,1.802935535689496e-11,3.1228986378796133e-12,2.7468442941743827e-12,0.8851629475643727,0.08663247464268063,0.01500577428877973,0.01319880350416683,0.6352660888775463,0.5859375
SC4011,293,8790.0,8820.0,Sleep stage W,W,1.611102974223621e-10,1.8442622431476017e-11,3.230830362195781e-12,2.4294215308266498e-12,0.8698641457453092,0.09957511259880807,0.01744384771193005,0.01311689394395261,0.6584681904960537,1.26953125
SC4011,294,8820.0,8850.0,Sleep stage W,W,1.8240892403289836e-10,1.4096595369928225e-11,2.565684643707784e-12,2.7130763680908725e-12,0.9039798524349146,0.06985973010862202,0.012714987700904297,0.013445429755559044,0.6261381079452492,0.5859375
SC4011,295,8850.0,8880.0,Sleep stage W,W,4.062763452790286e-10,2.4824499625279542e-11,3.704868551463459e-12,3.4000140306142772e-12,0.9271360910992446,0.0566503312671804,0.008454632879207542,0.007758944754367475,0.612896146153445,1.171875
SC4011,296,8880.0,8910.0,Sleep stage W,W,4.423207195135459e-10,1.3306533832892064e-11,2.662234073923097e-12,3.213012031447409e-12,0.9584362382412934,0.028833069915543488,0.005768623305584275,0.006962068537578791,0.5977806328240389,1.07421875
SC4011,297,8910.0,8940.0,Sleep stage W,W,2.6724937120304225e-10,1.873477741318256e-11,2.631452002562787e-12,5.5898664074275785e-12,0.9083766318293093,0.06367922935814513,0.00894426615916118,0.018999872653384424,0.6589284855464604,1.07421875
SC4011,298,8940.0,8970.0,Sleep stage W,W,3.201230283516634e-10,2.5603713842587677e-11,2.3117992532161888e-12,4.879989274150539e-12,0.9070734475095513,0.07254851081419662,0.006550518184718773,0.013827523491533163,0.6469102002636797,1.26953125
SC4011,299,8970.0,9000.0,Sleep stage W,W,2.7082523578397294e-10,1.8496709303504106e-11,2.6241059160560602e-12,6.682732554324715e-12,0.9068959547615137,0.06193880269388185,0.008787183488451818,0.022378059056152463,0.6578805278416335,1.171875
SC4011,300,9000.0,9030.0,Sleep stage W,W,3.1025245894889714e-10,1.5550719536202864e-11,2.5554350949493958e-12,6.3725114151925875e-12,0.9268706606035134,0.04645734553792663,0.007634291836427581,0.01903770202213245,0.6403777000486278,1.171875
SC4011,301,9030.0,9060.0,Sleep stage W,W,1.9958603464874894e-10,1.1958710151197958e-11,3.1084684501554816e-12,7.901229515965523e-12,0.8967964519968645,0.05373386395960666,0.013967227126635546,0.035502456916893306,0.6518537191600653,1.26953125
SC4011,302,9060.0,9090.0,Sleep stage W,W,2.436695176259485e-10,1.4954343422931354e-11,3.1135518378925526e-12,5.439518399653444e-12,0.9120155563308109,0.055971686443615956,0.011653520470128775,0.0203592367554444,0.6356491245930617,0.5859375
SC4011,303,9090.0,9120.0,Sleep stage W,W,3.1427486419663795e-10,2.0609374149412294e-11,3.1809843368314665e-12,6.441025949804734e-12,0.9122472101564657,0.059822932765977395,0.009233459043069612,0.018696398034487246,0.6526415603746973,0.5859375
SC4011,304,9120.0,9150.0,Sleep stage W,W,3.1254901805116635e-10,3.436014901544755e-11,4.15481574107382e-12,4.319885793299329e-12,0.8794687819724473,0.09668460515867128,0.011691064530952882,0.012155548337928498,0.6447737554821357,1.171875
SC4011,305,9150.0,9180.0,Sleep stage W,W,2.382946308983744e-10,1.9994762656915545e-11,4.228421251060955e-12,4.409014561699448e-12,0.8927339056270114,0.07490727966256962,0.01584112492952375,0.016517689780895375,0.6509919329684424,1.171875
SC4011,306,9180.0,9210.0,Sleep stage W,W,2.0735622793066176e-10,1.9185613157013748e-11,3.3606260525327234e-12,5.052298227757366e-12,0.8825368049288916,0.08165662495487981,0.014303289602445837,0.021503280513782724,0.6671509789203074,1.07421875
SC4011,307,9210.0,9240.0,Sleep stage W,W,3.9413369700471433e-10,1.6233149701664954e-11,3.31965319251853e-12,3.812476001908995e-12,0.9440351228510706,0.03888189106725323,0.007951284635743018,0.009131701445933121,0.5636393470246199,1.171875
SC4011,308,9240.0,9270.0,Sleep stage W,W,6.059384271805083e-10,2.4030316524165295e-11,4.292699748002469e-12,3.8157808592475434e-12,0.9496318064540347,0.03766051444647411,0.006727555199343686,0.005980123900147551,0.6022701747347396,1.171875
SC4011,309,9270.0,9300.0,Sleep stage W,W,4.979712928725596e-10,2.3335940190780457e-11,3.5819030757905073e-12,2.705426156430937e-12,0.9438522086086117,0.04423082013818696,0.006789120532640942,0.005127850720560197,0.5985169972911467,0.5859375
SC4011,310,9300.0,9330.0,Sleep stage W,W,4.488552894805186e-10,1.983805204614954e-11,3.605254121123397e-12,3.729754417250161e-12,0.9429171380637091,0.04167409786295078,0.007573612203203436,0.007835151870136621,0.5706507006736425,0.5859375
SC4011,311,9330.0,9360.0,Sleep stage W,W,7.402539788823648e-10,3.277291745184073e-11,4.859426447075124e-12,3.787061108616606e-12,0.9470118775166502,0.04192661299115817,0.0062166968291702766,0.004844812663021457,0.5908237732540863,1.171875
SC4011,312,9360.0,9390.0,Sleep stage W,W,8.93846767910747e-11,1.2048139521333449e-11,2.905111548553508e-12,2.8175071052712894e-12,0.8341590589337983,0.11243610298563096,0.02711119178853572,0.026293646292035008,0.6614875976865755,0.5859375
SC4011,313,9390.0,9420.0,Sleep stage W,W,1.4181888440185472e-10,1.687366143719799e-11,3.3625056946093414e-12,3.2890054293725245e-12,0.8577198782146774,0.10205181696352338,0.02033641702260327,0.019891887799195807,0.6606334381551712,0.5859375
SC4011,314,9420.0,9450.0,Sleep stage W,W,1.9318709239982624e-10,1.93695523300192e-11,3.432662784185641e-12,3.7956394544318534e-12,0.878982364645504,0.08812956754858442,0.015618279739049628,0.01726978806686198,0.6098602860727385,0.5859375
SC4011,315,9450.0,9480.0,Sleep stage W,W,2.751696267101835e-10,1.633740656966862e-11,2.1451196372655386e-12,2.5195673754782276e-12,0.9290881196838648,0.05516193967988727,0.007242823977746147,0.008507116658501629,0.6358253806193972,1.07421875
SC4011,316,9480.0,9510.0,Sleep stage W,W,3.4549393534065367e-10,1.3862722754837983e-11,2.995904900468778e-12,3.296158321268177e-12,0.9448793751993212,0.03791267942876518,0.008193396355048644,0.009014549016865027,0.5710570648441031,1.07421875
SC4011,317,9510.0,9540.0,Sleep stage W,W,2.919649326909049e-10,3.135721507308129e-11,4.875543690713283e-12,3.6360294218278895e-12,0.8798531141431002,0.09449677082320712,0.014692731280698965,0.010957383752993646,0.6393733205790323,0.5859375
SC4011,318,9540.0,9570.0,Sleep stage W,W,3.069589686646702e-10,2.3169226478700398e-11,4.160897322577367e-12,4.178163323155009e-12,0.9069089060004509,0.0684533764564127,0.012293352610658437,0.012344364932477836,0.6193576132508941,0.5859375
SC4011,319,9570.0,9600.0,Sleep stage W,W,1.8694995659115764e-10,1.5800862413542194e-11,2.9250047608164537e-12,2.918184580262037e-12,0.8962383822705868,0.07574935895258175,0.01402247736650127,0.013989781410330224,0.6181184523672599,0.5859375
SC4011,320,9600.0,9630.0,Sleep stage W,W,1.974129483170584e-10,1.9207630150193584e-11,3.1807442391571288e-12,2.6380826169515184e-12,0.88749090130896,0.08634994380726478,0.014299373955497114,0.011859780928278118,0.6367970039375077,1.953125
SC4011,321,9630.0,9660.0,Sleep stage W,W,4.4988474171992684e-10,3.18222999412551e-11,3.543378207852115e-12,2.5504340192663717e-12,0.9222713288299084,0.06523625304793329,0.0072639852505537,0.0052284328716045774,0.6008697048359385,0.5859375
SC4011,322,9660.0,9690.0,Sleep stage W,W,1.7852658367595424e-10,2.4243561687610908e-11,3.168590536769949e-12,2.1779891388622215e-12,0.8578194935670355,0.11649021328316983,0.015225064377565845,0.01046522877222872,0.6550161554607606,0.5859375
SC4011,323,9690.0,9720.0,Sleep stage W,W,2.623815675456476e-10,1.535972997379633e-11,2.419886138437687e-12,2.634869645897408e-12,0.9278119849282258,0.05431380598970712,0.008557001097318178,0.009317207984748768,0.5507941090654475,0.5859375
SC4011,324,9720.0,9750.0,Sleep stage W,W,1.2682616452465148e-10,1.8647147758224228e-11,2.186737343923102e-12,1.5500665778110187e-12,0.8499836857625421,0.12497240959623437,0.014655422832889283,0.010388481808334184,0.6696363924404725,1.07421875
SC4011,325,9750.0,9780.0,Sleep stage W,W,4.094731139350841e-10,2.763830842094905e-11,3.9727549618078886e-12,2.6611722461288894e-12,0.9227659835476312,0.06228416466360001,0.008952781061731847,0.00599707072703701,0.5675082435545381,0.5859375
SC4011,326,9780.0,9810.0,Sleep stage W,W,4.2238783933353243e-10,2.4083299822074123e-11,3.751875269812196e-12,2.9161114743685686e-12,0.9321372072976642,0.05314769448401195,0.00827974247944754,0.006435355738876261,0.5948657938491769,0.5859375
SC4011,327,9810.0,9840.0,Sleep stage W,W,2.3847279608662007e-10,2.2689017279591147e-11,3.648526984854078e-12,2.954912320433433e-12,0.8906039663749225,0.08473473332787737,0.013625841846366019,0.011035458450834153,0.6429990778779073,0.5859375
SC4011,328,9840.0,9870.0,Sleep stage W,W,7.478497092140277e-10,3.437795330711207e-11,5.5426476512766154e-12,4.078612229403254e-12,0.9444348385872214,0.043414788269001595,0.006999627699769765,0.00515074544400729,0.5473905913889537,0.9765625
SC4011,329,9870.0,9900.0,Sleep stage W,W,1.6326979456963593e-10,1.5693517150900198e-11,2.5724312711426497e-12,1.75001351692345e-12,0.8907936856619467,0.08562322271978426,0.014035085541532065,0.009548006076736879,0.638441796638717,0.5859375
SC4011,330,9900.0,9930.0,Sleep stage W,W,2.4585074977167247e-10,2.3898379134876504e-11,2.9517102864805875e-12,2.4864102363054953e-12,0.8933944079222468,0.08684406412155855,0.010726188413895072,0.009035339542299459,0.5711591547233934,0.5859375
SC4011,331,9930.0,9960.0,Sleep stage W,W,7.093261899005672e-10,3.5639721391850675e-11,7.10065906993913e-12,4.979311408090449e-12,0.9369659184219036,0.04707735984046658,0.00937943028411084,0.006577291453518907,0.6094351159583574,0.5859375
SC4011,332,9960.0,9990.0,Sleep stage W,W,6.366974230415941e-10,3.7068108483839545e-11,5.967757567994774e-12,3.3786094702253297e-12,0.9320543594400081,0.0542635965817326,0.008736134710203246,0.004945909268056036,0.6137806619962224,1.7578125
SC4011,333,9990.0,10020.0,Sleep stage W,W,3.55015013612943e-10,2.6655375880371096e-11,4.501202203851582e-12,2.1761713033945452e-12,0.9141677832001079,0.06863790246767211,0.011590647951910796,0.005603666380309254,0.5666913053586426,0.5859375
SC4011,334,10020.0,10050.0,Sleep stage W,W,2.7982011140318426e-10,2.9995355858613987e-11,3.9755686242499e-12,2.7517597773009e-12,0.8839882481507485,0.09475924351952328,0.012559340091499078,0.008693168238229196,0.6223542279094765,0.5859375
SC4011,335,10050.0,10080.0,Sleep stage W,W,2.680177111806559e-10,3.4404137736136916e-11,3.945719080335766e-12,2.7528299149637773e-12,0.8670334050775735,0.11129688615993812,0.012764343948139746,0.008905364814348572,0.6401369119552783,0.5859375
SC4011,336,10080.0,10110.0,Sleep stage W,W,1.5819638015524292e-10,1.5414484962566826e-11,3.4964156304644315e-12,2.230156875635003e-12,0.8821157603857291,0.08595240997528211,0.01949629523422103,0.012435534404767695,0.6219630068204983,0.5859375
SC4011,337,10110.0,10140.0,Sleep stage W,W,2.0638164477561266e-10,2.553503292299142e-11,3.725473471969077e-12,2.453149291354243e-12,0.8668026810071964,0.10724711018424571,0.01564698448369752,0.010303224324860262,0.6216482587979129,0.9765625
SC4011,338,10140.0,10170.0,Sleep stage W,W,1.7496998783412142e-10,2.0541414803174803e-11,3.381065288060885e-12,2.6267542870539925e-12,0.8682545809436208,0.10193278128834354,0.016777879801943046,0.01303475796609251,0.6412934827559733,0.5859375
SC4011,339,10170.0,10200.0,Sleep stage W,W,1.578595372525585e-10,2.2175196701178232e-11,2.952870677378851e-12,2.2689183352560022e-12,0.8521132466747945,0.11969995089027745,0.01593936143298375,0.012247441001944446,0.6488950599518268,1.171875
SC4011,340,10200.0,10230.0,Sleep stage W,W,1.94948005254589e-10,2.2571338618636363e-11,2.5536294962081706e-12,2.21336733086991e-12,0.8770129763278022,0.1015417256297726,0.011488018058883295,0.009957279983541916,0.6216039989002126,1.26953125
SC4011,341,10230.0,10260.0,Sleep stage W,W,2.4511080798173683e-10,2.1567957008337644e-11,3.2632357490027442e-12,2.2021113391555803e-12,0.9006654823797006,0.07925197000821955,0.0119908372225399,0.008091710389540022,0.6182532811346663,1.26953125
SC4011,342,10260.0,10290.0,Sleep stage W,W,1.255115136926767e-10,1.1615386077456125e-11,1.7741295118913744e-12,1.9218009729370878e-12,0.8912724837686952,0.0824822655277297,0.012598308872782156,0.013646941830792961,0.6412381072102968,0.5859375
SC4011,343,10290.0,10320.0,Sleep stage W,W,1.9781036375722183e-10,2.0288171862974724e-11,2.9896146199628934e-12,2.6692087015131825e-12,0.8840395895483621,0.09067041173051783,0.013360966692238279,0.011929032028881657,0.6419127198045272,0.5859375
SC4011,344,10320.0,10350.0,Sleep stage W,W,1.441614222187868e-10,2.322517157823805e-11,2.953607983911622e-12,2.7444872766465553e-12,0.8328952896048835,0.13418385938522467,0.017064524886594653,0.01585632612329737,0.6845735444881891,0.5859375
SC4011,345,10350.0,10380.0,Sleep stage W,W,2.712386968913926e-10,1.6600374845030377e-11,2.3650593964799128e-12,2.3390322746759577e-12,0.9271749636257802,0.05674504456596136,0.008084480146216405,0.00799551166204201,0.5806484557727103,1.07421875
SC4011,346,10380.0,10410.0,Sleep stage W,W,1.5618963992761656e-10,1.9379183214065252e-11,3.1925288243984414e-12,2.735371296396625e-12,0.8605645166482607,0.10677428697177893,0.017590008056407008,0.015071188323553293,0.6524201935433115,0.5859375
SC4011,347,10410.0,10440.0,Sleep stage W,W,1.7752339020370822e-10,2.0552693508490957e-11,3.6538375589746006e-12,2.4528300601943683e-12,0.869433823602492,0.10065832385193006,0.017894937428112077,0.012012915117465876,0.6470160570578462,0.5859375
SC4011,348,10440.0,10470.0,Sleep stage W,W,1.7530231991777657e-10,1.59715496952558e-11,3.042119479785002e-12,2.625998118108609e-12,0.8901216160169378,0.08109773807730587,0.015446779647485098,0.01333386625827102,0.617931898388771,0.5859375
SC4011,349,10470.0,10500.0,Sleep stage W,W,2.2869443160320284e-10,2.7712780555715894e-11,3.6011456553927517e-12,2.5231926188101588e-12,0.8711121814726853,0.10555980989711775,0.013717001440214031,0.009611007189983162,0.6348828738894893,0.5859375
SC4011,350,10500.0,10530.0,Sleep stage W,W,1.8547499608672376e-10,2.3951251512366793e-11,3.4870823265589837e-12,2.6102533914681733e-12,0.8605786579458408,0.11113053682447982,0.016179585885170395,0.012111219344509,0.6445419029376402,0.5859375
SC4011,351,10530.0,10560.0,Sleep stage W,W,2.3157970548662035e-10,1.8054640411670393e-11,2.8035670623908274e-12,2.7283843722360247e-12,0.9075638432942276,0.07075636790745272,0.010987215363841682,0.010692573434477824,0.6172511031596193,0.5859375
SC4011,352,10560.0,10590.0,Sleep stage W,W,2.1593722931945827e-10,2.490811191802007e-11,3.7055971159479685e-12,2.5970597691113078e-12,0.8737162791518754,0.10078217144073513,0.014993433667671096,0.010508115739718306,0.6340756164705181,1.171875
SC4011,353,10590.0,10620.0,Sleep stage W,W,2.362823283950771e-10,2.2630595383983578e-11,4.686220130575678e-12,6.909741727335631e-12,0.8734734455716641,0.08365934202381162,0.017323719771869802,0.025543492632654718,0.582124332920651,0.5859375
SC4011,354,10620.0,10650.0,Sleep stage W,W,3.6851190361581143e-10,2.9286367593009464e-11,3.350818147605622e-12,2.2396396779462576e-12,0.9135404067881393,0.07260085739905234,0.008306672711522634,0.005552063101285653,0.5706974276677772,0.5859375
SC4011,355,10650.0,10680.0,Sleep stage W,W,3.6400189403218855e-10,3.24716609392247e-11,3.718330365408353e-12,2.5845236404310685e-12,0.9037319115994851,0.08061957010262381,0.009231748142474627,0.006416770155416508,0.5940215186178764,1.171875
SC4011,356,10680.0,10710.0,Sleep stage W,W,6.149113034602803e-10,3.283212163224982e-11,4.262790787437497e-12,2.5667620931063275e-12,0.9394083229105964,0.050158076695919415,0.006512323195249357,0.003921277198234589,0.5278517299182722,0.5859375
SC4011,357,10710.0,10740.0,Sleep stage W,W,1.4843332951152454e-10,1.8949520865515546e-11,2.725224805484689e-12,2.112533708281912e-12,0.8618790194014234,0.11003050672948289,0.01582403420262303,0.012266439666470608,0.6552769976251881,0.5859375
SC4011,358,10740.0,10770.0,Sleep stage W,W,2.3568733887353854e-10,2.3916419453646696e-11,3.656482673210983e-12,2.2917655921470566e-12,0.8875374051877215,0.0900630342076213,0.013769365632478178,0.00863019497217917,0.6635851892775145,1.953125
SC4011,359,10770.0,10800.0,Sleep stage W,W,3.0284045114252037e-10,2.3297215905665523e-11,4.03930942283462e-12,2.6229257285613586e-12,0.9099775845514082,0.07000367413477802,0.012137351592165507,0.007881389721648344,0.6229114628376307,1.171875
SC4011,360,10800.0,10830.0,Sleep stage W,W,2.93746365821311e-10,2.590084226007522e-11,3.5212121215264757e-12,2.395581637713958e-12,0.902269182589507,0.0795568371000503,0.010815729323938627,0.007358250986503927,0.6048271515574692,0.5859375
SC4011,361,10830.0,10860.0,Sleep stage W,W,6.684203529033587e-10,3.812260692941329e-11,4.684504970262432e-12,2.884731801539159e-12,0.9360158754906186,0.05338461814638769,0.006559900520584988,0.004039605842408719,0.5436864632993331,0.5859375
SC4011,362,10860.0,10890.0,Sleep stage W,W,1.5504516561841862e-10,1.9742053824943887e-11,2.9536968496429823e-12,2.122166806759442e-12,0.8620177245178183,0.10976156688025598,0.016421918265487816,0.011798790336437947,0.6442815205651604,0.5859375
SC4011,363,10890.0,10920.0,Sleep stage W,W,1.6685679873603723e-10,1.69436211433231e-11,3.4727546064821996e-12,2.5399201181972412e-12,0.8790584184094854,0.08926476426017076,0.01829565348864129,0.013381163841702542,0.6056482887678127,0.5859375
SC4011,364,10920.0,10950.0,Sleep stage W,W,2.2184039175807867e-10,2.1242788446511012e-11,3.3148612880509962e-12,2.4060473779538284e-12,0.8916267926507433,0.08537957934268355,0.013323178502002387,0.009670449504570794,0.627119841300637,0.5859375
SC4011,365,10950.0,10980.0,Sleep stage W,W,4.794040421419135e-10,3.15034585562865e-11,4.021961171658864e-12,2.9322451974665172e-12,0.9257375774254495,0.06083372863132135,0.007766477259798596,0.005662216683430712,0.5742215410517169,0.5859375
SC4011,366,10980.0,11010.0,Sleep stage W,W,4.742626032767413e-10,3.464965482404964e-11,5.361065157772686e-12,3.3011952412054555e-12,0.9163175278632903,0.06694621467162722,0.010358054668750229,0.006378202796332076,0.6241790997881412,0.5859375
SC4011,367,11010.0,11040.0,Sleep stage W,W,2.7120887077265077e-10,1.9264237890183444e-11,3.1191902325783354e-12,2.3897086964394374e-12,0.9163018826017209,0.06508584101756652,0.010538445420910793,0.008073830959801975,0.5461942699257817,0.5859375
SC4011,368,11040.0,11070.0,Sleep stage W,W,2.3855953091361796e-10,2.6860795339863745e-11,3.4317667123228858e-12,2.4659306033471925e-12,0.8792616420221544,0.09900114628034522,0.012648502547595109,0.009088709149905378,0.6242642285617196,0.5859375
SC4011,369,11070.0,11100.0,Sleep stage W,W,2.0357057407705884e-10,3.035463265385764e-11,2.948454037399504e-12,2.5552205409487236e-12,0.8502339941776343,0.1267793279067669,0.01231452956417173,0.010672148351427182,0.6443088349956553,0.5859375
SC4011,370,11100.0,11130.0,Sleep stage W,W,4.664588251602118e-10,3.227281308416956e-11,4.637007182945907e-12,2.6465006921956152e-12,0.9218277925815928,0.06377835393201174,0.009163771516536044,0.005230081969859656,0.5620230125288888,0.5859375
SC4011,371,11130.0,11160.0,Sleep stage W,W,7.05128399020178e-10,2.792035686803395e-11,5.1750230905147785e-12,3.6584570321164865e-12,0.9504586641832895,0.03763448632786224,0.006975531747924398,0.0049313177409237964,0.5498354436649855,0.5859375
SC4011,372,11160.0,11190.0,Sleep stage W,W,4.1423678439866767e-10,3.156570872264426e-11,4.462443956158653e-12,3.32384599665013e-12,0.9132430074466313,0.06959102583779309,0.009838082692246487,0.007327884023329082,0.5791945828418714,0.5859375
SC4011,373,11190.0,11220.0,Sleep stage W,W,5.46929486541207e-10,2.691913644820166e-11,5.310638494076046e-12,3.0608619011477315e-12,0.9393860922596257,0.04623532469422747,0.009121358539109914,0.0052572245070368895,0.5733490312043948,0.5859375
SC4011,374,11220.0,11250.0,Sleep stage W,W,2.5848631421351236e-10,2.0994853566980395e-11,3.929080208689013e-12,2.9263185581289203e-12,0.9027359562572784,0.0733222927834174,0.013721894678232866,0.010219856281071289,0.5872138402743386,0.5859375
SC4011,375,11250.0,11280.0,Sleep stage W,W,1.3614501197916663e-10,1.3218666014674663e-11,2.5072552019881702e-12,2.2455416561384026e-12,0.8833903845123423,0.08577062268892063,0.016268573521399588,0.014570419277337434,0.626367199717898,0.5859375
SC4011,376,11280.0,11310.0,Sleep stage W,W,4.140850865144665e-10,3.476776000638155e-11,5.023074788074121e-12,2.6957712480789282e-12,0.9069442833729112,0.07614961806253666,0.011001721898137631,0.0059043766664144915,0.5888776372853314,0.5859375
SC4011,377,11310.0,11340.0,Sleep stage W,W,3.5370751014375736e-10,2.309670450919955e-11,4.871613386767891e-12,3.4805409150351678e-12,0.9183478157291056,0.05996708446462808,0.012648404075436968,0.009036695730829231,0.614421697683267,0.5859375
SC4011,378,11340.0,11370.0,Sleep stage W,W,2.7085473352826025e-10,2.8302676916643694e-11,4.410177972736592e-12,2.640539671725039e-12,0.8845445586905272,0.09242954161028567,0.01440255031848632,0.008623349380700989,0.619176346806543,0.5859375
SC4011,379,11370.0,11400.0,Sleep stage W,W,3.8661536265603064e-10,4.701746896203077e-11,6.894088933363426e-12,5.728585907453736e-12,0.8663542680378251,0.10535997490568405,0.015448748157909175,0.012837008898581765,0.6536873682486726,0.5859375
SC4011,380,11400.0,11430.0,Sleep stage W,W,1.6248807236288915e-10,2.3888601500924276e-11,3.1636667536240496e-12,2.6175598413206833e-12,0.8455966263940479,0.124317560942811,0.016463891133651574,0.013621921529489633,0.6750994983630815,1.171875
SC4011,381,11430.0,11460.0,Sleep stage W,W,3.6924272215818456e-10,3.3893036916217836e-11,4.424681901470269e-12,2.8389952362695434e-12,0.8997154712642367,0.08258548605485405,0.010781403459782235,0.006917639221127049,0.6032958958633274,1.07421875
SC4011,382,11460.0,11490.0,Sleep stage W,W,2.3250610983802198e-10,3.1098133084747144e-11,3.4629968924238527e-12,5.085064522820946e-12,0.8543235024357858,0.11426738847716378,0.012724481245335335,0.018684627841714988,0.662731717592619,0.5859375
SC4011,383,11490.0,11520.0,Sleep stage W,W,1.4355907694127234e-10,2.065627093776721e-11,2.8760187378928532e-12,2.2733651587183876e-12,0.8476326531277956,0.12196323709902937,0.016981213902919144,0.013422895870255937,0.6605601712019682,1.171875
SC4011,384,11520.0,11550.0,Sleep stage W,W,4.2876185894113575e-10,3.841930928493805e-11,2.8622157711718456e-12,2.586412071688537e-12,0.9071833018301702,0.0812883775091795,0.006055935946015524,0.00547238471463467,0.6183862356996246,1.07421875
SC4011,385,11550.0,11580.0,Sleep stage W,W,7.793999590285816e-10,5.5931472513022506e-11,6.732973132955916e-12,3.443832008895758e-12,0.9218123788903738,0.06615130413444135,0.0079632259519627,0.004073091023222133,0.6179796945746493,0.5859375
SC4011,386,11580.0,11610.0,Sleep stage W,W,4.6507234996591065e-10,3.0485657069500145e-11,4.868591037878896e-12,3.0762938441435324e-12,0.9236736420615743,0.06054713400633126,0.009669440068831366,0.006109783863263289,0.5939754119684328,0.5859375
SC4011,387,11610.0,11640.0,Sleep stage W,W,2.487933350518897e-10,2.0237523968823894e-11,3.2040115849932787e-12,2.1809573300816073e-12,0.9066289540343341,0.0737476555964525,0.011675753578408738,0.00794763679080471,0.634281142633283,0.5859375
SC4011,388,11640.0,11670.0,Sleep stage W,W,3.477272804837085e-10,2.9044939845218696e-11,3.6797758068560335e-12,3.1392008063059656e-12,0.9065048501001052,0.07571847340804229,0.009592962080961335,0.008183714410891161,0.581189916252846,0.5859375
SC4011,389,11670.0,11700.0,Sleep stage W,W,6.608622628859299e-10,3.207604280178187e-11,5.128466274135234e-12,5.603968917554341e-12,0.9391640500215027,0.04558388027004696,0.007288161886233914,0.007963907822216496,0.5578575687970442,0.5859375
SC4011,390,11700.0,11730.0,Sleep stage W,W,2.2618716525218191e-10,2.2946812538875696e-11,4.242385233053675e-12,2.6668936298293844e-12,0.883394345971348,0.08962084312921323,0.016569017628093752,0.010415793271345033,0.6396266659934671,0.5859375
SC4011,391,11730.0,11760.0,Sleep stage W,W,2.851634217044188e-10,2.417571086855041e-11,3.1573834318982368e-12,3.0665891629371804e-12,0.9036652797315439,0.07661133533242002,0.010005553184740206,0.009717831751295775,0.638167303826966,1.3671875
SC4011,392,11760.0,11790.0,Sleep stage W,W,2.762837770844333e-10,2.361555671853449e-11,3.160491870562575e-12,2.6151637431593053e-12,0.9038481611192897,0.07725707871487734,0.010339386537948839,0.008555373627884125,0.6345998045768866,0.5859375
SC4011,393,11790.0,11820.0,Sleep stage W,W,3.6231101780650174e-10,1.5013237144405698e-11,2.725311038229214e-12,2.500033715340493e-12,0.9470955350270661,0.03924520416699835,0.0071240723825996425,0.00653518842333593,0.6006908065449783,1.26953125
SC4011,394,11820.0,11850.0,Sleep stage W,W,2.804951237585919e-10,1.866362679079033e-11,2.6230139975826406e-12,3.3138876219999217e-12,0.9193678171567359,0.06117303428648744,0.008597349647349256,0.010861798909427461,0.6516011348954313,0.5859375
SC4011,395,11850.0,11880.0,Sleep stage W,W,1.86490700034114e-10,1.09340866035379e-11,2.7589495449994256e-12,2.5809262038541182e-12,0.9197396520633837,0.053925010772812025,0.013606658638280755,0.012728678525523418,0.6085940453743509,0.5859375
SC4011,396,11880.0,11910.0,Sleep stage W,W,7.816540613903395e-10,2.8031631908201878e-11,3.8588055451400575e-12,3.4935204277674156e-12,0.9566923973591082,0.034308846402518245,0.004722920420008052,0.004275835818365688,0.5531492413643541,1.171875
SC4011,397,11910.0,11940.0,Sleep stage W,W,5.416067413118804e-10,2.9600915150817784e-11,6.757518787198801e-12,3.364253135820958e-12,0.9316692306733159,0.05091934745676985,0.01162425030840709,0.005787171561507017,0.5684872716738925,0.5859375
SC4011,398,11940.0,11970.0,Sleep stage W,W,1.40250180040112e-10,1.2175038114887876e-11,2.5847867329082526e-12,1.9694819734684025e-12,0.8934299814851755,0.0775581469803074,0.016465761129610477,0.012546110404906519,0.5988233639676822,0.5859375
SC4011,399,11970.0,12000.0,Sleep stage W,W,6.053716371303599e-10,3.692809357236292e-11,5.754423550633427e-12,3.477959893888753e-12,0.9291508798805689,0.056678853997390595,0.008832141080513091,0.005338125041527486,0.6079412708987084,0.5859375
SC4011,400,12000.0,12030.0,Sleep stage W,W,4.588398556629912e-10,2.151562079196214e-11,3.4190224017059626e-12,2.693320865239131e-12,0.9432070058103711,0.04422825091341517,0.007028260170756069,0.0055364831054576956,0.571843327688926,0.5859375
SC4011,401,12030.0,12060.0,Sleep stage W,W,1.023415764853252e-09,3.351746142979059e-11,4.0247887373842916e-12,2.581928779537161e-12,0.9622729929603295,0.0315150000949045,0.003784332465223605,0.0024276744795424287,0.5805039310515767,0.5859375
SC4011,402,12060.0,12090.0,Sleep stage W,W,4.451912348055171e-10,2.100884966391188e-11,3.312285710835533e-12,2.59358965519157e-12,0.9429900757039382,0.04450028479037658,0.007015979446626706,0.0054936600590586035,0.5624718117973455,0.5859375
SC4011,403,12090.0,12120.0,Sleep stage W,W,6.234793202354198e-10,2.5518338561606076e-11,3.3504170643868443e-12,2.3403178992415496e-12,0.9523298811729902,0.038977838624912685,0.005117575164486135,0.003574705037610824,0.5995851665347295,1.26953125
SC4011,404,12120.0,12150.0,Sleep stage W,W,4.700481825376344e-10,1.4888056172157574e-11,2.4641183448065102e-12,1.4875774449073674e-12,0.9614640684860459,0.030452901619261834,0.005040251908301085,0.0030427779863912165,0.5538526336912102,0.5859375
SC4011,405,12150.0,12180.0,Sleep stage W,W,3.38777300235637e-10,1.61392965555341e-11,2.1185323281595444e-12,1.873425896562479e-12,0.9439097940160143,0.04496771205361606,0.005902707802731902,0.005219786127637778,0.5895610219066604,0.5859375
SC4011,406,12180.0,12210.0,Sleep stage W,W,3.384586549028319e-10,9.875242113654016e-12,1.6854202978263443e-12,2.167233293719127e-12,0.961020954146321,0.028039804747242433,0.00478558961129139,0.006153651495145154,0.5786538987350013,1.171875
SC4011,407,12210.0,12240.0,Sleep stage W,W,7.661022078756576e-10,2.6868057275854785e-11,4.0507580024608596e-12,4.2553396362272995e-12,0.9561023430267434,0.03353157352888206,0.005055381876429414,0.005310701567945143,0.5634799392498232,1.26953125
SC4011,408,12240.0,12270.0,Sleep stage W,W,3.9117031711708333e-10,1.4741485301023562e-11,2.14367733142822e-12,2.132760367100992e-12,0.9536361086457644,0.035938342105643624,0.0052260818857670565,0.0051994673628248,0.5764034328714752,1.07421875
SC4011,409,12270.0,12300.0,Sleep stage W,W,4.1571167566341573e-10,1.9403111291173894e-11,2.6169749240242103e-12,2.6708485475653393e-12,0.9439355394854042,0.04405766639847442,0.00594223299787382,0.006064561118247573,0.617850703527852,1.26953125
SC4011,410,12300.0,12330.0,Sleep stage W,W,9.530158255048738e-10,4.494903450132428e-11,4.913557293357723e-12,2.843319767432907e-12,0.9475939421217816,0.044693311126405864,0.004885603156681541,0.002827143595130946,0.5669975634300957,1.171875
SC4011,411,12330.0,12360.0,Sleep stage W,W,4.0795299183246795e-10,1.8686975765696608e-11,2.958818647413411e-12,3.0056152423958053e-12,0.9430162763700148,0.04319645316002661,0.006839548181286049,0.006947722288672461,0.5937701719214873,0.5859375
SC4011,412,12360.0,12390.0,Sleep stage W,W,2.3977400936544557e-10,2.277671856120791e-11,2.9133353774069748e-12,2.42163854053197e-12,0.8950608700442878,0.0850240173490905,0.010875292549570554,0.009039820057051147,0.6261730138863117,0.9765625
SC4011,413,12390.0,12420.0,Sleep stage W,W,2.962709949804248e-10,2.3933536396398182e-11,3.4086385050152314e-12,2.1554348890919485e-12,0.9094522634823969,0.07346790343172407,0.010463373250507288,0.006616459835371735,0.5843322147709965,0.5859375
SC4011,414,12420.0,12450.0,Sleep stage W,W,4.038420255889181e-10,1.713173114823741e-11,2.6791211585017254e-12,2.127863454956961e-12,0.9484741472991368,0.04023604048857175,0.006292255375391842,0.004997556836899644,0.6034746803854615,0.5859375
SC4011,415,12450.0,12480.0,Sleep stage W,W,3.9052379353269415e-10,1.5377756913202136e-11,2.3461852138957083e-12,1.7695791911815115e-12,0.9524568338647733,0.037505140286066684,0.005722161306159624,0.004315864543000311,0.5962616915724288,1.171875
SC4011,416,12480.0,12510.0,Sleep stage W,W,6.363465941101864e-10,1.754486727745869e-11,3.4923504913395616e-12,1.880594596358467e-12,0.9652372976000884,0.02661279314510494,0.005297344217338962,0.0028525650374677134,0.5630705649869922,1.171875
SC4011,417,12510.0,12540.0,Sleep stage W,W,4.130080697992088e-10,1.8194585661595586e-11,2.1238881694638974e-12,1.8730181638669315e-12,0.949008468888524,0.041807454002452026,0.0048802626563042625,0.0043038144527198195,0.6200532496009378,1.3671875
SC4011,418,12540.0,12570.0,Sleep stage W,W,7.836404116467407e-10,2.9356720500014424e-11,4.9517682537142455e-12,2.203808977076194e-12,0.955481098442611,0.03579421266838793,0.006037617381612246,0.0026870715073888784,0.5741664965696318,1.26953125
SC4011,419,12570.0,12600.0,Sleep stage W,W,6.054084663406314e-10,1.930274865132943e-11,2.6176271401065535e-12,2.2206767399989057e-12,0.9616534493193047,0.03066120785210548,0.0041579368447400775,0.0035274059838495075,0.5321539092857257,1.07421875
SC4011,420,12600.0,12630.0,Sleep stage W,W,7.775210762471852e-10,2.961368419634601e-11,3.636719145760771e-12,2.0779685091388528e-12,0.9565376196860411,0.03643194230570478,0.004474037786786303,0.0025564002214678557,0.5833627988071949,0.5859375
SC4011,421,12630.0,12660.0,Sleep stage W,W,4.292061977322481e-10,2.0872864117303003e-11,2.098309926344769e-12,1.680285690027848e-12,0.9456846010458103,0.04598989082578202,0.004623277566936971,0.00370223056147071,0.5965957513191237,1.171875
SC4011,422,12660.0,12690.0,Sleep stage W,W,5.673143748058511e-10,1.1484636691374677e-11,1.795337331796666e-12,1.962158429967614e-12,0.9738357871498933,0.01971420205296736,0.0030818252125342817,0.003368185584605078,0.567458232353674,1.26953125
SC4011,423,12690.0,12720.0,Sleep stage W,W,3.0889823496574757e-10,1.0996155204245506e-11,2.062478201350913e-12,1.7506958310871208e-12,0.9542509015099119,0.033969410728286346,0.006371424178587122,0.005408263583214632,0.5517656814203538,0.5859375
SC4011,424,12720.0,12750.0,Sleep stage W,W,3.402638231567462e-10,9.721468694325532e-12,1.6204882340832672e-12,1.907352973777782e-12,0.962521024926172,0.027499597002821688,0.004583954830931619,0.00539542324007469,0.5910277200376591,0.5859375
SC4011,425,12750.0,12780.0,Sleep stage W,W,2.434900518884142e-10,9.664667263257417e-12,1.8214657004631834e-12,1.726259147664741e-12,0.9485303220899772,0.03764929975993904,0.007095630536593589,0.00672474761349015,0.6158412122911582,1.26953125
SC4011,426,12780.0,12810.0,Sleep stage W,W,6.16516904007574e-10,2.986380593514764e-11,3.822321099843894e-12,3.3622043497067706e-12,0.9433134913265975,0.045693687971673204,0.005848415571782551,0.005144405129946612,0.47505742214773033,0.5859375
SC4011,427,12810.0,12840.0,Sleep stage W,W,2.2251397596564366e-10,2.1900335597138123e-11,3.471306914510322e-12,2.029995907992504e-12,0.8903564369635705,0.0876309215452832,0.013889916094473197,0.008122725396673065,0.6387627983792769,1.171875
SC4011,428,12840.0,12870.0,Sleep stage W,W,4.1001253085556864e-10,1.665960800825621e-11,3.51457714093754e-12,2.079671000854121e-12,0.9485181896649328,0.03854014216478911,0.008130581619550896,0.004811086550727108,0.5965021898367117,1.171875
SC4011,429,12870.0,12900.0,Sleep stage W,W,4.2084244630660715e-10,3.593077458078775e-11,4.329206187854072e-12,2.9405985998852507e-12,0.906903935673476,0.07742983428856023,0.009329320662788817,0.006336909375174826,0.600764360413428,1.171875
SC4011,430,12900.0,12930.0,Sleep stage W,W,3.0490727876796883e-10,2.67266843258219e-11,3.125452603749866e-12,2.3185022587857458e-12,0.9045602293279689,0.07928933609138038,0.009272196240854961,0.006878238339795797,0.6156727855691374,0.5859375
SC4011,431,12930.0,12960.0,Sleep stage W,W,5.280537404346555e-10,3.675515345405505e-11,5.1450706195279765e-12,3.0148496695630315e-12,0.9216099155281282,0.06414861078747879,0.00897966956004586,0.005261804124347114,0.6164477480502324,1.26953125
SC4011,432,12960.0,12990.0,Sleep stage W,W,4.438055259994101e-10,2.8434538651173527e-11,4.397360117376244e-12,3.004806346245511e-12,0.9252845083479266,0.05928280874084065,0.00916800029714066,0.006264682614092108,0.5777646000032359,1.26953125
SC4011,433,12990.0,13020.0,Sleep stage W,W,5.066230449325174e-10,3.457166503421049e-11,4.85435543352992e-12,2.8885756444037125e-12,0.9229154771904202,0.06297922104306515,0.008843181940104868,0.0052621198264097505,0.5963673862231512,0.5859375
SC4011,434,13020.0,13050.0,Sleep stage W,W,4.773661819346157e-10,3.4986839959468064e-11,5.252368044849102e-12,3.279019475251432e-12,0.9164531963463611,0.0671681458057388,0.010083557791173302,0.006295100056726982,0.5993673229851736,0.5859375
SC4011,435,13050.0,13080.0,Sleep stage W,W,4.475828395375749e-10,4.5181350272694665e-11,5.301949478263421e-12,3.418222317732441e-12,0.8925160459719166,0.09009523273662572,0.010572512094457262,0.006816209197000279,0.6078938979896187,0.5859375
SC4011,436,13080.0,13110.0,Sleep stage W,W,2.7480432385609276e-10,2.3705410934656695e-11,4.22436679030964e-12,2.888698352598862e-12,0.899161724569453,0.07756427511233609,0.013822158527526843,0.009451841790684192,0.6120485457009395,0.5859375
SC4011,437,13110.0,13140.0,Sleep stage W,W,4.986059352961814e-10,4.246561580556754e-11,4.679582984970996e-12,2.6155553670628655e-12,0.9092564243696731,0.07744018121864167,0.008533674774505791,0.004769719637179583,0.6091843960521747,1.07421875
SC4011,438,13140.0,13170.0,Sleep stage W,W,3.340948201528404e-10,2.0187023949055918e-11,4.251500052089771e-12,2.8090000174447183e-12,0.9245936036611767,0.05586675426968127,0.011765850641829959,0.007773791427312076,0.616625340845514,1.26953125
SC4011,439,13170.0,13200.0,Sleep stage W,W,4.3501607434619174e-10,2.460342271593046e-11,3.368228703946448e-12,2.314842723630545e-12,0.9349101075418242,0.052876180752213335,0.0072387924160384545,0.004974919289923908,0.6053808222829623,1.07421875
SC4011,440,13200.0,13230.0,Sleep stage W,W,4.727680569797626e-10,2.8257188241342277e-11,4.0347510745226834e-12,2.588177473504562e-12,0.9312907667324095,0.05566293685554172,0.007947927881953937,0.005098368530094645,0.5915967477419289,0.9765625
SC4011,441,13230.0,13260.0,Sleep stage W,W,2.57048837671736e-10,2.400415897675475e-11,3.57739102892395e-12,2.3398941843255967e-12,0.8957333003407643,0.0836468460114617,0.012466067934684279,0.00815378571308975,0.6418976817185703,0.68359375
SC4011,442,13260.0,13290.0,Sleep stage W,W,2.6330668031639756e-10,2.6169186534201977e-11,2.5285092313116454e-12,1.7063762115085165e-12,0.8964829454161481,0.08909849683697901,0.008608841220717865,0.0058097165261550635,0.6363101648591867,0.9765625
SC4011,443,13290.0,13320.0,Sleep stage W,W,2.337342536221639e-10,2.205205777697843e-11,2.7651879772065147e-12,2.0889734290191843e-12,0.8967688368057244,0.08460718912770579,0.010609204117241627,0.008014769949328303,0.625131720372574,1.171875
SC4011,444,13320.0,13350.0,Sleep stage W,W,1.5232680206879362e-10,1.6436167878738106e-11,2.557878615381949e-12,2.4013392079561865e-12,0.8768413754361902,0.09461179420798292,0.01472396041175611,0.013822869944070833,0.6196557044293148,0.5859375
SC4011,445,13350.0,13380.0,Sleep stage W,W,2.1558196009031614e-10,2.3743975324972603e-11,2.850600370667177e-12,2.2645493723771336e-12,0.8819383204369109,0.09713577940301157,0.01166170723232039,0.009264192927757238,0.6534034892718674,1.07421875
SC4011,446,13380.0,13410.0,Sleep stage W,W,2.2841602439515907e-10,1.9104398001032673e-11,2.3121344193614728e-12,1.9136665256451705e-12,0.9073265186011579,0.07588752572919424,0.009184385722552727,0.0076015699470952025,0.5926225479533653,0.5859375
SC4011,447,13410.0,13440.0,Sleep stage W,W,1.661890347607155e-10,2.1766604370464525e-11,3.5224419449486346e-12,2.261271607939044e-12,0.8577969961101362,0.1123499385587372,0.018181344657905968,0.011671720673220776,0.677423473269745,0.5859375
SC4011,448,13440.0,13470.0,Sleep stage W,W,3.6078344432074044e-10,2.0938908060777943e-11,3.2995337236432008e-12,3.592650318221847e-12,0.9283838109639783,0.05388091823195635,0.008490505151995812,0.009244765652069603,0.5653485928317652,0.5859375
SC4011,449,13470.0,13500.0,Sleep stage W,W,2.370991521279763e-10,2.3038196511992443e-11,3.90589619073259e-12,3.0478289779684157e-12,0.8877090078188905,0.08625595825226198,0.014623836487813787,0.011411197441033626,0.6209540408566192,0.5859375
SC4011,450,13500.0,13530.0,Sleep stage W,W,2.8507906692103576e-10,2.7421732098716845e-11,3.8067269492376514e-12,3.4415992896698246e-12,0.8915710611887426,0.0857601473546929,0.01190535531929356,0.01076343613727091,0.627651262788213,1.07421875
SC4011,451,13530.0,13560.0,Sleep stage W,W,2.988860470025954e-10,2.836158746723979e-11,3.3653049368361777e-12,3.208573568259893e-12,0.8953468706645057,0.08496033468451039,0.010081150573087538,0.009611644077896334,0.6272881288236549,1.171875
SC4011,452,13560.0,13590.0,Sleep stage W,W,2.453865968413392e-10,2.1314831265352544e-11,3.7793913512553206e-12,2.9112743261289748e-12,0.8975628864935082,0.07796432943736446,0.013824069668379908,0.010648714400747402,0.6214452116794419,1.07421875
SC4011,453,13590.0,13620.0,Sleep stage W,W,1.7909180002239566e-10,1.8095379066030593e-11,3.184417525381164e-12,2.5056602839712703e-12,0.8827593726419146,0.08919372897055727,0.01569627652736678,0.012350621860161325,0.6446876419249099,0.5859375
SC4011,454,13620.0,13650.0,Sleep stage W,W,4.274583753968139e-10,2.767157166544862e-11,5.388903255900058e-12,5.333350877052365e-12,0.9175836763250321,0.059399894632789066,0.011567838988576213,0.011448590053602492,0.5914547935065966,0.9765625
SC4011,455,13650.0,13680.0,Sleep stage W,W,2.898528675397182e-10,2.3096469621082476e-11,5.1613328081427055e-12,3.1310551321247956e-12,0.9022889770889055,0.07189747724650628,0.01606681948466956,0.009746726179918602,0.5954032198124601,0.5859375
SC4011,456,13680.0,13710.0,Sleep stage W,W,3.519610131914348e-10,2.7127920477994953e-11,4.76084689852304e-12,3.4533983441137836e-12,0.9087480618674295,0.07004311339296826,0.012292300083609549,0.008916524655992674,0.5860258864511244,1.171875
SC4011,457,13710.0,13740.0,Sleep stage W,W,3.5471995426347936e-10,2.2363578784621545e-11,4.060366120140034e-12,3.754766215336873e-12,0.9215931001215001,0.05810251059804199,0.010549182123283285,0.009755207157174713,0.5790170458309218,0.5859375
SC4011,458,13740.0,13770.0,Sleep stage W,W,6.539860948175488e-10,3.3931955142177235e-11,4.4011434116790324e-12,5.212539229280648e-12,0.9375718182443387,0.04864575123437743,0.006309595973891763,0.007472834547392064,0.5628959803042027,1.171875
SC4011,459,13770.0,13800.0,Sleep stage W,W,2.2373394584889468e-10,2.1896588996221338e-11,3.7835573905938e-12,3.457090579154004e-12,0.8847743873318235,0.08659187161018907,0.01496239052816026,0.01367135052982714,0.6105948723811974,1.171875
SC4011,460,13800.0,13830.0,Sleep stage W,W,1.9073374498906458e-10,1.8468893336710708e-11,3.693398836197538e-12,2.8640113109986926e-12,0.8840086306013136,0.08559922686068698,0.0171180849389743,0.0132740575990252,0.6207439399464882,0.5859375
SC4011,461,13830.0,13860.0,Sleep stage W,W,1.3930405059333688e-10,2.2318789148293262e-11,6.124805098249474e-12,7.530671016773526e-12,0.7947591800645958,0.12733342991808588,0.03494331325763358,0.04296407675968482,0.7324041005805813,0.68359375
SC4011,462,13860.0,13890.0,Sleep stage W,W,2.5233087852329555e-10,2.2285662347139306e-11,3.8362714095498036e-12,2.8594189076022363e-12,0.8969779858417681,0.07922038175538339,0.013637058699348446,0.010164573703499921,0.6143420963098537,1.07421875
SC4011,463,13890.0,13920.0,Sleep stage W,W,1.7325408686904796e-10,2.2373080895488693e-11,3.720592603492185e-12,1.7667690915357805e-12,0.8614697671750357,0.11124547269463665,0.01849986976818716,0.008784890362140647,0.6461827757829172,0.5859375
SC4011,464,13920.0,13950.0,Sleep stage W,W,4.5160336970958675e-10,2.1446307608241622e-11,3.6218894759550007e-12,2.619387868902771e-12,0.9422321980338952,0.04474590517431116,0.007556765761423566,0.005465131030370134,0.5931964692039371,1.171875
SC4011,465,13950.0,13980.0,Sleep stage W,W,3.1313916290789047e-10,1.6909969327581237e-11,3.5547262858112607e-12,2.2926473483051433e-12,0.9322489440526267,0.0503427961651573,0.010582802213463286,0.006825457568752632,0.6101073198056964,0.5859375
SC4011,466,13980.0,14010.0,Sleep stage W,W,5.320006345898947e-10,2.2290172743190548e-11,3.87146086794177e-12,2.7203005222411454e-12,0.9485062725355913,0.03974124707410584,0.006902444618227913,0.004850035772074965,0.583458167210255,0.5859375
SC4011,467,14010.0,14040.0,Sleep stage W,W,3.383741464523335e-10,1.616333997156594e-11,3.165094093954306e-12,2.8411423979799934e-12,0.9385107129748157,0.044830457290582625,0.008778669250866903,0.007880160483734832,0.5900104575923933,1.171875
SC4011,468,14040.0,14070.0,Sleep stage W,W,4.2363552858853627e-10,1.7942002786955133e-11,3.5106569520251875e-12,2.7745958028100993e-12,0.9459047360033819,0.04006138358157052,0.00783868871543387,0.006195191699613738,0.5978241080456702,0.5859375
SC4011,469,14070.0,14100.0,Sleep stage W,W,3.736196748383167e-10,1.7044616205574392e-11,3.2203823582374957e-12,2.552873851935448e-12,0.9424427061114772,0.04299445479782229,0.008123303104217968,0.006439535986482617,0.611293356741214,0.5859375
SC4011,470,14100.0,14130.0,Sleep stage W,W,6.250162226765833e-10,2.2024352410823242e-11,3.2981287057477362e-12,2.685641624371732e-12,0.9571101400162424,0.033726694211900284,0.00505054479039216,0.004112620981465256,0.5867318475649087,1.171875
SC4011,471,14130.0,14160.0,Sleep stage W,W,3.1811404745309326e-10,1.284320101014744e-11,2.2295777939579168e-12,2.669781602427965e-12,0.9471722157869559,0.03824013197773777,0.006638481249979703,0.007949170985326623,0.5624976909665056,0.5859375
SC4011,472,14160.0,14190.0,Sleep stage W,W,4.548640050208223e-10,2.634691623608773e-11,4.722847603113601e-12,3.2071676706060293e-12,0.929924222345964,0.053863650061597136,0.009655392240550816,0.006556735351888093,0.5567079375760581,0.5859375
SC4011,473,14190.0,14220.0,Sleep stage W,W,2.1507075536857906e-10,2.7438214043611557e-11,3.2372386712369107e-12,3.1468661095932616e-12,0.8641090398593737,0.11024097047526826,0.013006543800919014,0.012643445864439015,0.6442946156566849,0.5859375
SC4011,474,14220.0,14250.0,Sleep stage W,W,2.709425894288711e-10,2.5503890228493544e-11,2.7230605369055296e-12,2.5808672744660857e-12,0.8979029778342319,0.08451982034568074,0.009024214945551187,0.008552986874536315,0.5505926009957294,0.5859375
SC4011,475,14250.0,14280.0,Sleep stage W,W,1.762771901915083e-10,2.006304701280714e-11,2.356848076571229e-12,2.5599831407512006e-12,0.8758807408552917,0.09968865774579717,0.01171063503535479,0.01271996636355639,0.6260106862517784,0.5859375
SC4011,476,14280.0,14310.0,Sleep stage W,W,5.158093811713402e-10,3.582190291852283e-11,4.6479753898380974e-12,4.190762299294908e-12,0.9203157370203355,0.06391403915738439,0.008292995538075153,0.007477228284205013,0.5902289359026797,0.5859375
SC4011,477,14310.0,14340.0,Sleep stage W,W,4.164754581669948e-10,2.0987822149914543e-11,3.9258103273407285e-12,2.0812270899200784e-12,0.9391281479556499,0.04732632897991449,0.008852475961410299,0.004693047103025349,0.5790470161490041,1.07421875
SC4011,478,14340.0,14370.0,Sleep stage W,W,4.5503078923823405e-10,2.549762639639189e-11,4.418014799600945e-12,3.574208628801351e-12,0.9314463972514508,0.05219354999063247,0.009043660484999362,0.007316392272917279,0.5664618746911414,0.5859375
SC4011,479,14370.0,14400.0,Sleep stage W,W,6.925492612647103e-10,3.381862294296558e-11,5.8321055924416636e-12,2.9717901302666907e-12,0.9420237285635338,0.04600098081317535,0.007932983489918402,0.004042307133372419,0.5663757060821927,1.171875
SC4011,480,14400.0,14430.0,Sleep stage W,W,2.1460541899596837e-10,1.9154597493919664e-11,2.89799840590376e-12,3.0601396914168918e-12,0.8952405768579185,0.07990465939846574,0.012089190369807714,0.012765573373808127,0.6445949895948988,1.07421875
SC4011,481,14430.0,14460.0,Sleep stage W,W,1.1395242896862316e-10,1.5843286437431533e-11,3.093284497443321e-12,2.1338557286554346e-12,0.8439491850110691,0.11733781190788796,0.022909339925904413,0.015803663155138398,0.6093761163738954,0.5859375
SC4011,482,14460.0,14490.0,Sleep stage W,W,7.57217403789501e-11,1.4750606902587284e-11,2.6798958618831555e-12,2.1533621944618203e-12,0.7945150771614898,0.15477166164878414,0.02811897424482275,0.02259428694490329,0.7208409383680636,0.5859375
SC4011,483,14490.0,14520.0,Sleep stage W,W,1.3317324368643917e-10,1.3694260666440592e-11,2.126461645468863e-12,2.063704099596925e-12,0.881605307430532,0.090655844602669,0.014077151091302207,0.013661696875496772,0.6498015662370376,0.5859375
SC4011,484,14520.0,14550.0,Sleep stage W,W,4.071145398878782e-10,2.5122755159259946e-11,3.3905302493026704e-12,2.1898195228267358e-12,0.9298723902640705,0.05738177859330154,0.007744160815405901,0.005001670327221964,0.6208012260500636,0.5859375
SC4011,485,14550.0,14580.0,Sleep stage W,W,4.1692945758181513e-10,1.8456024097411234e-11,3.137879452631327e-12,2.382606399593471e-12,0.9456199014863055,0.04185932025538917,0.007116890411349427,0.0054038878469557395,0.5754854249578442,0.5859375
SC4011,486,14580.0,14610.0,Sleep stage W,W,2.636954629410963e-10,2.2062141496365673e-11,3.846955709823867e-12,2.767167371779283e-12,0.9019184761081288,0.07545921653771065,0.013157755513733839,0.009464551840426636,0.6135056745141787,0.5859375
SC4011,487,14610.0,14640.0,Sleep stage W,W,2.527527666634439e-10,1.2996044548255473e-11,2.6588890995499706e-12,2.762940587726463e-12,0.932080131630498,0.04792570650410907,0.009805224823510797,0.010188937041882022,0.5564418582772089,1.07421875
SC4011,488,14640.0,14670.0,Sleep stage W,W,6.41388019791598e-10,2.675877650215555e-11,4.658184469253174e-12,2.8401286896119302e-12,0.9492972136085253,0.03960478086466794,0.006894424904558331,0.004203580622248405,0.552193913709972,0.5859375
SC4011,489,14670.0,14700.0,Sleep stage W,W,4.896458050446912e-10,2.539366492273918e-11,3.72709021040241e-12,2.582371863555773e-12,0.939190194803774,0.04870761856806344,0.007148936118097824,0.004953250510064851,0.5945028154844377,0.5859375
SC4011,490,14700.0,14730.0,Sleep stage W,W,5.454763425163386e-10,2.3947203233015386e-11,4.1830673041870165e-12,2.7656607772496354e-12,0.9463958751709102,0.041548152678915505,0.0072575789886365465,0.00479839316153776,0.5632603350690037,0.5859375
SC4011,491,14730.0,14760.0,Sleep stage W,W,5.530101499405599e-10,2.97717131785388e-11,4.713661145234373e-12,3.2604333715790928e-12,0.9361059212226933,0.050395959268323375,0.007979032770312647,0.005519086738670734,0.5257455586879874,0.5859375
SC4011,492,14760.0,14790.0,Sleep stage W,W,3.34149927448406e-10,1.897315702375595e-11,2.7510942966280736e-12,2.5352301962801256e-12,0.9323134914713457,0.052937106418445144,0.0076758428428875015,0.007073559267321589,0.5731677265918,0.5859375
SC4011,493,14790.0,14820.0,Sleep stage W,W,2.3636109786793586e-10,1.1950603111460963e-11,2.7952456668719356e-12,2.3842951187981825e-12,0.9324231331313328,0.04714404737713447,0.011026991100002345,0.009405828391530476,0.5494629930217337,1.07421875
SC4011,494,14820.0,14850.0,Sleep stage W,W,3.383982975119742e-10,1.6353406927333472e-11,2.6992509680982425e-12,2.1237681239804075e-12,0.9411070227310799,0.04547985677838121,0.007506787300255358,0.005906333190283408,0.5342127245140363,0.5859375
SC4011,495,14850.0,14880.0,Sleep stage W,W,1.2254118558944575e-10,1.3577193348133333e-11,2.3523791059835402e-12,2.1872358282738697e-12,0.8711995828769018,0.09652628318092238,0.01672410533685672,0.015550028605319198,0.6514647966921485,0.78125
SC4011,496,14880.0,14910.0,Sleep stage W,W,3.7907033314542794e-10,2.15333659520388e-11,2.43235505418567e-12,2.619768709381148e-12,0.934462940706479,0.053082846932079014,0.00599610536101913,0.0064581070004228885,0.5748037015888051,1.171875
SC4011,497,14910.0,14940.0,Sleep stage W,W,2.576907776160935e-10,1.6835118325845355e-11,2.5510141779101337e-12,2.3210404983059384e-12,0.9223073291910863,0.06025498142917097,0.009130396884680555,0.00830729249506213,0.6241302221675673,1.07421875
SC4011,498,14940.0,14970.0,Sleep stage W,W,1.9081238930068864e-10,1.3549673195443845e-11,2.024455800703309e-12,1.8028792359492547e-12,0.9165326936048224,0.0650833969261575,0.009724106148991107,0.008659803320029026,0.6005890938137214,0.5859375
SC4011,499,14970.0,15000.0,Sleep stage W,W,3.151738502432301e-10,1.8550911652869927e-11,2.562613954605719e-12,2.227132420259714e-12,0.9310497557491619,0.05480093526160115,0.007570174666057335,0.006579134323179424,0.6082878381654785,1.26953125
SC4011,500,15000.0,15030.0,Sleep stage W,W,3.204650289139403e-10,2.391745008795994e-11,3.586304480984429e-12,2.9627190822269207e-12,0.9131839876771436,0.06815418368865964,0.010219385990629408,0.008442442643567515,0.5781487961751579,0.5859375
SC4011,501,15030.0,15060.0,Sleep stage W,W,2.1750459325774703e-10,1.3457777868203072e-11,2.206528935674485e-12,2.182677267512132e-12,0.9241688359435516,0.057181591986454,0.009375458455452276,0.009274113614542216,0.6233399298238842,0.5859375
SC4011,502,15060.0,15090.0,Sleep stage W,W,1.2210737705909982e-10,1.0821753925642866e-11,2.2190817901312632e-12,2.080221853292189e-12,0.8898110467408719,0.07885941390328809,0.016170714153696225,0.015158825202143808,0.6299735715450384,0.5859375
SC4011,503,15090.0,15120.0,Sleep stage W,W,1.7840897910762338e-10,1.3381885591112303e-11,3.160057325049505e-12,2.4652432814267616e-12,0.9037202137514786,0.06778515614677989,0.016007084932300006,0.012487545169441488,0.6516988740563118,1.7578125
SC4011,504,15120.0,15150.0,Sleep stage W,W,1.4073273079687938e-10,1.1991514396257894e-11,2.3932917796905745e-12,3.0967271593078105e-12,0.889507223440636,0.07579287785482448,0.015126902702601907,0.019572996001937727,0.6573444983265135,0.5859375
SC4011,505,15150.0,15180.0,Sleep stage W,W,1.8516532164445316e-10,1.2205881179080574e-11,1.562838227085591e-12,2.4935232851185106e-12,0.919265058161658,0.060596876198810164,0.00775881013226504,0.012379255507266752,0.6345132735369443,1.171875
SC4011,506,15180.0,15210.0,Sleep stage W,W,4.8435181108545735e-11,8.305989297675635e-12,1.942357296357486e-12,2.7451504462337353e-12,0.7884783226363791,0.1352135443571512,0.03161971500757471,0.044688417998895176,0.7171969919899811,0.9765625
SC4011,507,15210.0,15240.0,Sleep stage W,W,1.104874686292204e-10,1.1065731224828446e-11,2.082474587471649e-12,2.4233547290107254e-12,0.8764740562911538,0.08778213903153934,0.016519836787371258,0.019223967889935422,0.6693686931686594,0.5859375
SC4011,508,15240.0,15270.0,Sleep stage W,W,2.6295152624019797e-10,1.2440336302719115e-11,2.189639319684322e-12,2.3533382564702556e-12,0.9393311891022577,0.04444011434027846,0.007821960706116281,0.008406735851347592,0.6022716521759017,1.07421875
SC4011,509,15270.0,15300.0,Sleep stage W,W,3.840430885048867e-10,1.3610035762691064e-11,1.8736199974912184e-12,2.4013664608706314e-12,0.9555019374266955,0.033861865839912,0.004661579888272042,0.0059746168451204375,0.5893815157963717,0.5859375
SC4011,510,15300.0,15330.0,Sleep stage W,W,3.863050268213061e-11,7.1431476177649575e-12,1.6089697953702033e-12,2.6138720746476057e-12,0.772664261141454,0.14287297583776334,0.032181653662863186,0.05228110935791947,0.7176819533496405,0.9765625
SC4011,511,15330.0,15360.0,Sleep stage W,W,7.188926816356271e-11,1.1582966993321562e-11,1.5721437028292367e-12,2.470865992200933e-12,0.8214485177434786,0.13235370606482602,0.017964226752601554,0.028233549439093883,0.6824634425690898,0.9765625
SC4011,512,15360.0,15390.0,Sleep stage W,W,3.050432595469281e-10,2.5089657545118612e-11,3.1135708228696716e-12,2.741348709530673e-12,0.9078997103335396,0.07467430308544998,0.009266915297144785,0.00815907128386566,0.5799502180302165,1.26953125
SC4011,513,15390.0,15420.0,Sleep stage W,W,7.668248994004472e-11,1.0180963872500467e-11,1.6986190096690528e-12,2.351388638402839e-12,0.8434668387724177,0.1119852187886474,0.01868391085741334,0.02586403158152151,0.6577271887614624,0.5859375
SC4011,514,15420.0,15450.0,Sleep stage W,W,2.6738926975460493e-10,2.6637166417719133e-11,3.7461097395903625e-12,2.8246835907047777e-12,0.8895267271659105,0.08861414478700988,0.01246222310760759,0.009396904939472057,0.6471627649452557,0.5859375
SC4011,515,15450.0,15480.0,Sleep stage W,W,1.461925580636217e-10,1.693025899121144e-11,2.1766413913108282e-12,1.9271036534309196e-12,0.8742185226326156,0.10124144620715418,0.013016122343140375,0.011523908817089881,0.628742877935558,0.5859375
SC4011,516,15480.0,15510.0,Sleep stage W,W,1.714551745875911e-10,1.8221958071302638e-11,2.60288393614973e-12,1.867548297445959e-12,0.8831178216555825,0.09385622776877565,0.013406729760381469,0.00961922081526043,0.6525832763689553,1.3671875
SC4011,517,15510.0,15540.0,Sleep stage W,W,4.726493911438536e-10,1.991205936545215e-11,3.4993416955938622e-12,2.6616393271949617e-12,0.9477203375269413,0.03992613547435902,0.0070166117951497575,0.005336915203549804,0.6149195327992903,1.26953125
SC4011,518,15540.0,15570.0,Sleep stage W,W,6.645321034870845e-10,3.278749073864854e-11,4.1374518833578e-12,3.568721856673953e-12,0.9425642773376666,0.04650537927606734,0.005868511579790527,0.005061831806475541,0.5576811233452309,1.171875
SC4011,519,15570.0,15600.0,Sleep stage W,W,2.091049305368856e-10,1.6308487430540754e-11,2.6187829110137046e-12,2.9716043854048893e-12,0.9052012381270206,0.07059834971945045,0.011336535811704993,0.012863876341823982,0.6111010058646409,0.5859375
SC4011,520,15600.0,15630.0,Sleep stage W,W,4.4211188247446276e-10,2.1738948417993393e-11,2.954230390130763e-12,4.1213356179579745e-12,0.9388131253297158,0.04616209361180586,0.006273231676063103,0.00875154938241519,0.5433037738160919,1.171875
SC4011,521,15630.0,15660.0,Sleep stage W,W,1.8598209975400782e-10,1.2925035703908462e-11,2.7178630304430193e-12,2.6334262211804275e-12,0.9105235194997647,0.0632778585377233,0.013306002111334621,0.012892619851177357,0.6007434732679513,0.5859375
SC4011,522,15660.0,15690.0,Sleep stage W,W,1.737482582393346e-10,1.424281926661055e-11,2.5855420719171886e-12,2.419210911520232e-12,0.9002694918266286,0.07379858533987398,0.013396880468147881,0.012535042365349556,0.5870380185102367,0.5859375
SC4011,523,15690.0,15720.0,Sleep stage W,W,2.783893934161562e-10,1.9021508003385864e-11,3.317296721290586e-12,3.777943679553369e-12,0.9142324412634184,0.06246674661362255,0.01089402237163185,0.012406789751327257,0.5965061362094061,0.5859375
SC4011,524,15720.0,15750.0,Sleep stage W,W,4.718182449532083e-10,1.3037229934832306e-11,2.844571269830954e-12,2.3553206963442625e-12,0.9627855888650378,0.026603585669352923,0.005804591607864528,0.004806233857744762,0.5317859968826186,0.5859375
SC4011,525,15750.0,15780.0,Sleep stage W,W,3.934102497662873e-10,1.2768635970338164e-11,2.6880493294723152e-12,2.475981546840908e-12,0.9564045808924785,0.0310413415538478,0.006534813706301618,0.006019263847372221,0.5427822246119458,1.07421875
SC4011,526,15780.0,15810.0,Sleep stage W,W,2.918795868448015e-10,1.2341366755514059e-11,2.0794989194335458e-12,2.1521494802101744e-12,0.9462704640917246,0.040010577558738464,0.006741713008580229,0.006977245340956658,0.5794937740299824,1.171875
SC4011,527,15810.0,15840.0,Sleep stage W,W,3.7578775431830663e-10,1.5382365787223166e-11,3.0283696038945955e-12,1.873078284859681e-12,0.948787503787017,0.03883733908273152,0.007646016146097867,0.0047291409841534295,0.5777117595305166,0.5859375
SC4011,528,15840.0,15870.0,Sleep stage W,W,2.9022113699762013e-10,1.2118426443680137e-11,1.8088364114230112e-12,2.0634051163335217e-12,0.9477790610552961,0.03957530783277517,0.005907141338348457,0.006738489773580192,0.5972038274568299,1.171875
SC4011,529,15870.0,15900.0,Sleep stage W,W,2.706121011679741e-10,1.8988728510145002e-11,2.9908744523040885e-12,2.177560072112477e-12,0.9180472119441759,0.06441895684584625,0.010146493598630625,0.007387337611347014,0.6242088714861631,1.171875
SC4011,530,15900.0,15930.0,Sleep stage W,W,2.9824588924753393e-10,1.77259415079517e-11,2.479485605972963e-12,1.5560024353006128e-12,0.931997087969584,0.05539230032176131,0.007748215307374629,0.004862396401279966,0.6258785229247454,0.5859375
SC4011,531,15930.0,15960.0,Sleep stage W,W,4.880301458306296e-10,1.9525297315994347e-11,2.544804282150199e-12,2.1394537756094733e-12,0.9527378387172408,0.03811750098652302,0.004967995015159559,0.004176665281076743,0.590118452370909,0.5859375
SC4011,532,15960.0,15990.0,Sleep stage W,W,2.347384675932587e-10,1.487550565569379e-11,3.161236737354879e-12,2.5322490028550507e-12,0.9194344282875931,0.05826506485392283,0.012382077475805636,0.009918429382678328,0.5926890385288733,0.5859375
SC4011,533,15990.0,16020.0,Sleep stage W,W,2.1949187603476147e-10,1.155228367452467e-11,1.726202904001266e-12,1.899026635954253e-12,0.9353238474645698,0.04922791042957471,0.007355892941656191,0.008092349164199266,0.5993519113723825,0.5859375
SC4011,534,16020.0,16050.0,Sleep stage W,W,6.325954866390716e-10,3.0398104849518176e-11,4.47587038662273e-12,2.4284707053318677e-12,0.9443162247153407,0.045377218485240345,0.0066814214060655856,0.0036251353933532,0.6129207117154919,1.07421875
SC4011,535,16050.0,16080.0,Sleep stage W,W,4.1731799700400434e-10,2.090393929123094e-11,2.1642545967769303e-12,2.2623041923684274e-12,0.9427751401808163,0.047224693008944024,0.004889330068465195,0.005110836741774468,0.5679842630181451,0.5859375
SC4011,536,16080.0,16110.0,Sleep stage W,W,4.2558855037953174e-10,1.4513691697057286e-11,2.0646425360298915e-12,1.6675835806785273e-12,0.9588902640030668,0.032700686262916216,0.004651830094301519,0.0037572196397154677,0.5864815180693026,1.3671875
SC4011,537,16110.0,16140.0,Sleep stage W,W,6.929657992590154e-10,2.0973696537117314e-11,2.6387725715404834e-12,1.7584092908499304e-12,0.9646810761741889,0.029197585462965345,0.003673448194434089,0.0024478901684118494,0.5784685784453928,1.171875
SC4011,538,16140.0,16170.0,Sleep stage W,W,5.431643512233896e-10,2.938610552351868e-11,4.888257417551828e-12,2.0508040924625845e-12,0.9373152302343666,0.05071033141705602,0.008435454419012577,0.003538983929564951,0.6134427642097756,2.05078125
SC4011,539,16170.0,16200.0,Sleep stage W,W,8.459004689205788e-10,3.55329317296243e-11,4.502899902490164e-12,2.4824568039427347e-12,0.9521416133056845,0.03999570184149139,0.005068443079576465,0.0027942417732477113,0.5950142027328321,1.07421875
SC4011,540,16200.0,16230.0,Sleep stage W,W,5.354072241370454e-10,2.6623265592433225e-11,3.6069228360635118e-12,2.3146275639314546e-12,0.942697950367413,0.046875904497788286,0.006350752495300936,0.0040753926394978685,0.5998613194934048,0.5859375
SC4011,541,16230.0,16260.0,Sleep stage W,W,2.4390923019282425e-10,1.1480523666163186e-11,1.6769472832570757e-12,1.9277866169640323e-12,0.9417545226660989,0.04432728960948705,0.006474837737921902,0.007443349986492096,0.5913817344398506,1.07421875
SC4011,542,16260.0,16290.0,Sleep stage W,W,1.5131574035298312e-10,9.15780735431581e-12,1.6472877794062508e-12,1.7226045864265744e-12,0.9235385944377335,0.055893646704611485,0.010054035600515843,0.010513723257139177,0.6091969142200725,1.171875
SC4011,543,16290.0,16320.0,Sleep stage W,W,5.264032934757893e-10,1.4760008394732104e-11,2.3206841302250416e-12,1.8778649970020877e-12,0.9652367368797904,0.027064614746573165,0.004255310718891157,0.003443337654745198,0.5803641535481706,1.171875
SC4011,544,16320.0,16350.0,Sleep stage W,W,2.499013051625882e-10,9.32523711980142e-12,1.6591889802299019e-12,1.8032456454446428e-12,0.9513201052591126,0.0354991565674454,0.0063161728358726845,0.006864565337569312,0.5752264571405075,0.5859375
SC4011,545,16350.0,16380.0,Sleep stage W,W,1.984349582536877e-10,1.3935003524280966e-11,2.510653542073209e-12,1.9073431615689606e-12,0.9153412377861386,0.06427941672536674,0.011581148508699004,0.008798196979795591,0.6075719789720407,0.5859375
SC4011,546,16380.0,16410.0,Sleep stage W,W,3.499017869688331e-10,1.3394880478857641e-11,1.6733726570392857e-12,1.6191191013769208e-12,0.9544793624737502,0.03653921602009691,0.004564708516376141,0.004416712989776671,0.6160374311222795,1.171875
SC4011,547,16410.0,16440.0,Sleep stage W,W,1.6393478388283578e-10,1.0806702463852098e-11,1.211984644788402e-12,1.9042369687738643e-12,0.9217187478851013,0.060760383048832016,0.006814349845660169,0.0107065192204065,0.6314654114763393,0.5859375
SC4011,548,16440.0,16470.0,Sleep stage W,W,9.662902056382251e-11,1.654649340869406e-11,2.0841287579178867e-12,1.7527507241813953e-12,0.8258015899939762,0.14140804166279827,0.017811179622833986,0.014979188720391511,0.6895662673471923,0.5859375
SC4011,549,16470.0,16500.0,Sleep stage W,W,1.4166169379986242e-10,9.712482421310096e-12,1.953227634580899e-12,2.0028978762828875e-12,0.9120029525484737,0.06252793120858872,0.012574672248757067,0.012894443994180415,0.6272671962059067,1.171875
SC4011,550,16500.0,16530.0,Sleep stage W,W,1.6177956171779084e-10,1.0129371772852288e-11,1.4697765911285242e-12,1.6297747363333e-12,0.9244098186778568,0.05787931815637539,0.00839831618824731,0.009312546977520583,0.6277022490490018,1.26953125
SC4011,551,16530.0,16560.0,Sleep stage W,W,4.051973440064733e-10,1.4570803477916497e-11,1.6925984186191433e-12,2.055738273878033e-12,0.9567451543095961,0.034404336129289406,0.003996534920969471,0.004853974640145124,0.6127677902483707,1.171875
SC4011,552,16560.0,16590.0,Sleep stage W,W,2.710909187912187e-10,1.2804249849201681e-11,2.17848309253398e-12,2.2837293099850204e-12,0.940121309920104,0.0444040995340258,0.007554802601739478,0.007919787944130863,0.6287559011078956,0.5859375
SC4011,553,16590.0,16620.0,Sleep stage W,W,2.6591159434635184e-10,1.3413757752941409e-11,2.2412574949213237e-12,1.974952369063525e-12,0.9378222808153623,0.04730790667887569,0.007904511350655508,0.00696530115510651,0.6377682873063596,1.07421875
SC4011,554,16620.0,16650.0,Sleep stage W,W,3.499093189992713e-10,9.102337137331349e-12,1.1373824843153893e-12,1.6919439134270487e-12,0.9670251184608663,0.025155627960045616,0.0031433213461591007,0.0046759322329290144,0.5817700491620923,1.07421875
SC4011,555,16650.0,16680.0,Sleep stage W,W,5.147086293888469e-10,1.4142082351090603e-11,2.149687033638341e-12,2.238579754696281e-12,0.965249447460558,0.026521096394945553,0.004031376400073811,0.004198079744422871,0.5909464900585023,1.171875
SC4011,556,16680.0,16710.0,Sleep stage W,W,3.954874888901276e-10,1.0395217301571757e-11,1.5443044433699444e-12,1.7966450340417208e-12,0.9664335954466665,0.025402288351524565,0.0037737418694549613,0.004390374332353962,0.5864168365695781,1.171875
SC4011,557,16710.0,16740.0,Sleep stage W,W,4.526387308115565e-10,1.404595200976636e-11,2.478844117857979e-12,2.294316998782224e-12,0.9600831476909674,0.029792593739546732,0.005257827714038751,0.004866430855447008,0.5893393405314968,1.171875
SC4011,558,16740.0,16770.0,Sleep stage W,W,4.042606640992197e-10,1.1577709478547457e-11,1.8741526785418428e-12,2.0023293325141927e-12,0.963179307847175,0.027584702624606754,0.004465299842467026,0.004770689685751294,0.588925316073861,1.171875
SC4011,559,16770.0,16800.0,Sleep stage W,W,4.936915286232042e-10,1.115767630353592e-11,2.105703118882317e-12,2.0103900919047516e-12,0.9699905483336196,0.021922273177298255,0.004137223356067267,0.003949955133014836,0.5832947164544249,1.26953125
SC4011,560,16800.0,16830.0,Sleep stage W,W,3.766873874538677e-10,1.0484183432398043e-11,1.6689422488843864e-12,1.818130384467261e-12,0.964236664675133,0.026837198168563153,0.004272124210149668,0.004654012946154003,0.5802856572441712,1.171875
SC4011,561,16830.0,16860.0,Sleep stage W,W,4.87923607866617e-10,1.424201095856838e-11,2.7377684709200838e-12,2.5378978592453827e-12,0.9615370726432744,0.02806632289331416,0.005395241875287954,0.005001362588123703,0.5919136133820385,1.26953125
SC4011,562,16860.0,16890.0,Sleep stage W,W,4.370377371722057e-10,8.686920535234355e-12,1.844741396170106e-12,2.3412426692385252e-12,0.9713878637101847,0.01930810193998526,0.0041002395251221475,0.005203794824707822,0.5860273966620474,1.07421875
SC4011,563,16890.0,16920.0,Sleep stage W,W,8.459573640375023e-11,9.892779504126665e-12,1.6014025927875274e-12,1.9412776085370296e-12,0.8629471001202021,0.10091460572516776,0.016335642696878365,0.01980265145775179,0.6693459918051975,1.171875
SC4011,564,16920.0,16950.0,Sleep stage W,W,3.4922821070717804e-10,1.4063026745578515e-11,2.2173612907613127e-12,2.2185425456377744e-12,0.9496938667156165,0.03824310247069935,0.0060299092500700965,0.006033121563614102,0.5991698370421645,1.07421875
SC4011,565,16950.0,16980.0,Sleep stage W,W,3.5550809050868926e-10,1.2787206396272908e-11,2.1646247618933988e-12,2.6992127898777858e-12,0.9526983468494171,0.03426743503114097,0.005800808722114721,0.00723340939732711,0.5893198233339597,0.5859375
SC4011,566,16980.0,17010.0,Sleep stage W,W,3.0729586126791007e-10,1.0560053020602208e-11,1.6032036718001723e-12,2.7686398478571193e-12,0.9536604275130487,0.03277201533608684,0.0049753741971372955,0.008592182953727288,0.5833004541339791,0.9765625
SC4011,567,17010.0,17040.0,Sleep stage W,W,2.409136454326264e-10,1.155010950412902e-11,1.709309989480946e-12,3.2452424921794648e-12,0.9358838842842585,0.04486902901336814,0.006640203669362876,0.012606883033010332,0.5893289351320776,1.171875
SC4011,568,17040.0,17070.0,Sleep stage W,W,5.842231992175746e-10,1.3210113078579578e-11,2.0332257423302244e-12,2.884224926617371e-12,0.9699053029196919,0.021930931096612438,0.003375484630120777,0.004788281353574834,0.5745173042720059,0.5859375
SC4011,569,17070.0,17100.0,Sleep stage W,W,3.842081238386092e-10,1.9316879626729245e-11,2.4001938906199374e-12,3.1162710787720177e-12,0.9392889315326625,0.04722474643133055,0.0058678497801328165,0.0076184722558741555,0.6194782487633013,0.5859375
SC4011,570,17100.0,17130.0,Sleep stage W,W,4.2822949312297117e-10,1.6600723280535965e-11,2.8315906407390365e-12,3.0925225631755514e-12,0.9500285743143759,0.03682876056896477,0.006281893383487123,0.006860771733172127,0.6110624730846917,0.5859375
SC4011,571,17130.0,17160.0,Sleep stage W,W,5.495122617857854e-10,2.1443558665869392e-11,3.8530483022524114e-12,4.800901006555839e-12,0.9480728076976409,0.036996544545360985,0.00664765934474288,0.008282988412255233,0.6164017408309395,1.171875
SC4011,572,17160.0,17190.0,Sleep stage W,W,1.5013525939308783e-10,9.673628073804451e-12,2.0243572102578874e-12,2.908699132315839e-12,0.911335971407065,0.05871988547732923,0.012288049803510748,0.017656093312094976,0.6080123708346492,0.5859375
SC4011,573,17190.0,17220.0,Sleep stage W,W,2.5780516331950554e-10,1.9553062215353286e-11,2.3862042009748474e-12,2.331630940439996e-12,0.913956195720477,0.06931840358403714,0.008459435356740144,0.008265965338745662,0.5976417433232215,0.5859375
SC4011,574,17220.0,17250.0,Sleep stage W,W,1.0722759188653493e-10,1.4619625470785355e-11,1.6282898476155015e-12,1.5847681034498293e-12,0.8574072911811751,0.116900633992168,0.013020040485280462,0.012672034341376235,0.646186516291585,0.5859375
SC4011,575,17250.0,17280.0,Sleep stage W,W,6.422216546254359e-10,1.823964274803375e-11,2.2892530130451374e-12,1.4096214229322149e-12,0.9669680325391365,0.0274627168599126,0.0034468387449495285,0.002122411856001276,0.5717758431924969,1.171875
SC4011,576,17280.0,17310.0,Sleep stage W,W,4.1056889469758675e-10,1.0947194528913343e-11,1.874121161299101e-12,1.7352753659355747e-12,0.9657593074422729,0.025750501665418375,0.00440839522470957,0.00408179566759914,0.5908676361081201,1.26953125
SC4011,577,17310.0,17340.0,Sleep stage W,W,3.859748219271423e-10,1.0354842756649013e-11,1.9372491122337467e-12,2.106292943979113e-12,0.964037591500942,0.0258629762989442,0.004838608277530831,0.0052608239225830754,0.5794590796849175,0.5859375
SC4011,578,17340.0,17370.0,Sleep stage W,W,4.976104166345899e-10,1.1197135495904684e-11,1.7383225213584852e-12,1.8172971757530715e-12,0.9712064488546416,0.0218539038548855,0.0033927546258991762,0.003546892664573741,0.5632603211293802,1.26953125
SC4011,579,17370.0,17400.0,Sleep stage W,W,5.617004621394099e-10,1.2005781859596575e-11,1.9563666521115903e-12,1.6692360847334145e-12,0.9729247837533663,0.02079528771446696,0.0033886345663635166,0.0028912939658032504,0.5864054149588523,0.5859375
SC4011,580,17400.0,17430.0,Sleep stage W,W,7.312367768754684e-10,3.385781205178077e-11,3.969058154435319e-12,2.5258216327710225e-12,0.9477018628750613,0.043880604161421796,0.0051440024979192145,0.003273530465597582,0.6163555703099703,1.26953125
SC4011,581,17430.0,17460.0,Sleep stage W,W,4.956412396518926e-10,1.5155674028864386e-11,1.7680504647660314e-12,1.6022912828377942e-12,0.9639688922604887,0.029476155606676973,0.003438667955027671,0.00311628417780689,0.5956707382089471,1.171875
SC4011,582,17460.0,17490.0,Sleep stage W,W,5.286955799664671e-10,1.3854925516201986e-11,2.0083899834927074e-12,1.5030370320725093e-12,0.9681971009179927,0.025372443475075578,0.0036779527448550014,0.0027525028620766735,0.5958187831168655,1.171875
SC4011,583,17490.0,17520.0,Sleep stage W,W,5.622877961630705e-10,1.2921968838205088e-11,1.8300912922997574e-12,1.543734370733481e-12,0.9718350213103554,0.02233379765120637,0.003163054261871673,0.002668126776566582,0.5957636100922575,1.26953125
SC4011,584,17520.0,17550.0,Sleep stage W,W,3.921572183285727e-10,1.1984999396673203e-11,1.896596895888501e-12,2.4549403988471464e-12,0.9600078667283181,0.029339492340799567,0.004642903037270982,0.006009737893611281,0.5927711918648272,0.9765625
SC4011,585,17550.0,17580.0,Sleep stage W,W,5.314114710574464e-10,1.1235093298871061e-11,2.12547457149472e-12,2.1800470637213173e-12,0.9715868805840379,0.02054127516216288,0.0038860343089131607,0.003985809944886221,0.5861979153387924,1.171875
SC4011,586,17580.0,17610.0,Sleep stage W,W,1.1387994387890426e-09,4.30159132513693e-11,4.214022993357551e-12,3.4613660471865184e-12,0.957384029533641,0.03616330229882946,0.003542711891584826,0.0029099562759445975,0.5955466096639418,0.5859375
SC4011,587,17610.0,17640.0,Sleep stage W,W,9.61364229130886e-10,5.347800808840644e-11,6.956752474283863e-12,3.3910044103316245e-12,0.937742501058245,0.0521639973038853,0.006785817764798398,0.0033076838730713653,0.538758786769054,0.5859375
SC4011,588,17640.0,17670.0,Sleep stage W,W,5.447242835197756e-10,1.6720127178598214e-11,2.7266160440887913e-12,1.922349079456878e-12,0.9622516474934585,0.02953598804141103,0.004816548224274796,0.0033958162408556543,0.6035374093392887,0.5859375
SC4011,589,17670.0,17700.0,Sleep stage W,W,4.575080296785526e-10,1.3153977890455283e-11,1.9072038901751413e-12,1.6863696867346704e-12,0.9646866539200257,0.02773605290774238,0.004021468520342701,0.003555824651889152,0.5923587204726821,1.171875
SC4011,590,17700.0,17730.0,Sleep stage W,W,3.2853012155997115e-10,8.744599687777041e-12,1.1682810210691547e-12,1.9770790407367405e-12,0.9650726840089935,0.025687672872110375,0.003431880447754203,0.005807762671141964,0.5619824389440986,0.9765625
SC4011,591,17730.0,17760.0,Sleep stage W,W,3.639960412774372e-10,1.0529946254214756e-11,1.7233634857452852e-12,2.0970023208911667e-12,0.9620709650450358,0.027831499263320986,0.00455498902140702,0.0055425466702362725,0.5935394665195708,0.9765625
SC4011,592,17760.0,17790.0,Sleep stage W,W,4.676901743751454e-10,1.2038128597778996e-11,1.576460026076024e-12,2.0929948412456123e-12,0.9675058826601103,0.02490315356770309,0.0032612067402203694,0.004329757031966434,0.5837262570811053,0.5859375
SC4011,593,17790.0,17820.0,Sleep stage W,W,3.959233048940428e-10,1.0268356926505974e-11,1.7625495671579669e-12,1.7598672817531981e-12,0.9663404933015666,0.025062250630616116,0.004301901396412393,0.004295354671404848,0.5825582968871819,1.171875
SC4011,594,17820.0,17850.0,Sleep stage W,W,7.31559280928888e-10,2.007804889564328e-11,2.2826543198446056e-12,2.0914691134625705e-12,0.9676563467080029,0.02655786338834161,0.003019338278551323,0.002766451625104247,0.5853485656463626,0.5859375
SC4011,595,17850.0,17880.0,Sleep stage W,W,3.934421949274414e-10,1.2226322413745697e-11,2.390731885863686e-12,2.0909389053973415e-12,0.9592637192705339,0.02980937902141715,0.005828918174460659,0.005097983533588245,0.5863957240137332,0.5859375
SC4011,596,17880.0,17910.0,Sleep stage W,W,5.790176695783504e-10,1.581751717527055e-11,1.5869941913696396e-12,1.7463186207701877e-12,0.9679842218349631,0.02644324665500314,0.002653088874659423,0.002919442635374354,0.570562565598128,0.5859375
SC4011,597,17910.0,17940.0,Sleep stage W,W,5.432016383375813e-10,1.5385310156477797e-11,1.636187068467458e-12,1.5342250569334392e-12,0.9669684394318983,0.0273878212107664,0.002912622393880527,0.002731116963454865,0.5834790774156778,0.5859375
SC4011,598,17940.0,17970.0,Sleep stage W,W,6.091844574266674e-10,1.2500260187097723e-11,1.7406818781722507e-12,2.061367477735953e-12,0.9739366036119572,0.019984851554347587,0.002782923588624294,0.0032956212450708784,0.5771123041624976,1.26953125
SC4011,599,17970.0,18000.0,Sleep stage W,W,6.292359676394226e-10,1.6683523082752857e-11,2.20768203974309e-12,2.0120304826199314e-12,0.9678480616138857,0.025661462959768084,0.0033957066866996933,0.003094768739646579,0.5814884180468687,0.5859375
SC4011,600,18000.0,18030.0,Sleep stage W,W,4.6253207607288675e-10,9.978774809459525e-12,1.9960710386067893e-12,1.8624627148730088e-12,0.9709525653637091,0.02094755694068812,0.00419017489995236,0.003909702795650524,0.5825850314095424,0.5859375
SC4011,601,18030.0,18060.0,Sleep stage W,W,3.549756058782015e-10,8.89656238215814e-12,1.6101085887749655e-12,1.973310978177674e-12,0.9660367610058612,0.02421125892998837,0.004381777395998247,0.005370202668152219,0.5782453518964467,1.07421875
SC4011,602,18060.0,18090.0,Sleep stage W,W,5.197930897312106e-10,1.178252845652993e-11,2.0979514605380104e-12,3.924093627165823e-12,0.9668812296620579,0.02191700087523077,0.0039024564350888945,0.007299313027622422,0.5827434126318632,1.26953125
SC4011,603,18090.0,18120.0,Sleep stage W,W,7.457998542560892e-10,1.2712523149656713e-11,1.9613339308969103e-12,1.8493138206961083e-12,0.9783252369980042,0.0166760319839912,0.0025728383718858585,0.0024258926461186462,0.5680156471293115,1.07421875
SC4011,604,18120.0,18150.0,Sleep stage W,W,7.195997946151205e-10,9.450742826764094e-12,1.4794298938852422e-12,1.6715135851837253e-12,0.9827893187405428,0.012907298159076475,0.002020522946804798,0.0022828601535759213,0.5567752528316801,0.9765625
SC4011,605,18150.0,18180.0,Sleep stage W,W,7.448329915998011e-10,1.270186667659763e-11,1.9547661129274172e-12,2.172010379154249e-12,0.9779053553435253,0.01667652156388128,0.0025664494884550682,0.002851673604138493,0.5661171642455384,0.5859375
SC4011,606,18180.0,18210.0,Sleep stage W,W,8.488750392722756e-10,1.1449895941141092e-11,1.89337271903385e-12,1.9525816353749713e-12,0.9822999704338577,0.013249573758342195,0.002190970260501058,0.0022594855472989413,0.548525263876917,1.07421875
SC4011,607,18210.0,18240.0,Sleep stage W,W,7.117480127043071e-10,1.0510645827116298e-11,2.190483465883904e-12,2.1958091818326666e-12,0.979499013306761,0.01446462376166033,0.0030145168728267727,0.0030218460587519216,0.5641289073985345,0.5859375
SC4011,608,18240.0,18270.0,Sleep stage W,W,1.013956232738936e-09,1.7162389699433574e-11,3.0904984969583e-12,2.6731843204367816e-12,0.9778894167634835,0.016551916849617928,0.0029805682682529488,0.0025780981186455825,0.5717648658610174,1.07421875
SC4011,609,18270.0,18300.0,Sleep stage W,W,8.814373716723169e-10,1.4414272700885348e-11,2.595787756643984e-12,2.665051971674775e-12,0.9781657531369996,0.015996085899594982,0.0028806478685423887,0.002957513094862999,0.5741343207397386,0.5859375
SC4011,610,18300.0,18330.0,Sleep stage W,W,7.410911831212893e-10,1.3355037259748055e-11,2.632049512860549e-12,2.8265286938419244e-12,0.9752421415137592,0.017574618931960936,0.0034636569182773073,0.003719582636002487,0.580022934746199,0.5859375
SC4011,611,18330.0,18360.0,Sleep stage W,W,9.24574431857507e-10,1.4417991814233206e-11,2.109982693781761e-12,3.515495396991111e-12,0.9787813994763299,0.015263305710522137,0.002233689081950336,0.0037216057311974843,0.5622049065844342,1.171875
SC4011,612,18360.0,18390.0,Sleep stage W,W,7.85799934290967e-10,1.4289740683697442e-11,1.9597482963345226e-12,3.3543442682885563e-12,0.9756596206295194,0.017742331560424925,0.0024332494772430105,0.004164798332812531,0.5696432870516829,1.171875
SC4011,613,18390.0,18420.0,Sleep stage W,W,8.999476539227304e-10,1.4553888484457822e-11,1.9711829364840237e-12,3.3708057692278657e-12,0.9783703678753949,0.015822134952505854,0.0021429546110947034,0.003664542561004474,0.5641388073331798,1.07421875
SC4011,614,18420.0,18450.0,Sleep stage W,W,7.162879402425197e-10,1.2820018455426053e-11,1.829364688867692e-12,2.9831658464229173e-12,0.9759748511597786,0.01746785740894054,0.002492592475213386,0.004064698956067545,0.5768200633594935,1.07421875
SC4011,615,18450.0,18480.0,Sleep stage W,W,9.306406529848363e-10,1.854252348293692e-11,3.9917194447443694e-12,3.4706344929511755e-12,0.9728166007218886,0.019382856965921094,0.004172621224762846,0.0036279210874274057,0.5744899796037444,1.171875
SC4011,616,18480.0,18510.0,Sleep stage W,W,8.355500679535241e-10,3.5492854638737287e-11,3.765766870322298e-12,2.1224798520105307e-12,0.9528114602273592,0.040473934421191064,0.004294255925770782,0.00242034942567893,0.5953664414861496,0.5859375
SC4011,617,18510.0,18540.0,Sleep stage W,W,5.291774009138494e-10,2.0828659864870976e-11,2.1837229704703295e-12,1.6876087102272094e-12,0.955405308319425,0.03760518148679822,0.003942610765848019,0.0030468994279286435,0.5860749785978571,1.171875
SC4011,618,18540.0,18570.0,Sleep stage W,W,8.040199910553892e-10,2.2662506790354756e-11,2.5478202107384503e-12,1.7271009257624025e-12,0.9675826615040652,0.027272765454229596,0.0030661260764228036,0.002078446965282231,0.5961199833533439,0.9765625
SC4011,619,18570.0,18600.0,Sleep stage W,W,7.220514206876742e-10,3.0678112788561967e-11,3.264639143566328e-12,1.7811228120318832e-12,0.9528569023567836,0.040484445683966766,0.004308188935752919,0.0023504630234967906,0.6090993544725264,1.26953125
SC4011,620,18600.0,18630.0,Sleep stage W,W,6.196819847215577e-10,2.583461100915365e-11,2.2413685440231687e-12,1.3466221093446622e-12,0.9546720169912466,0.039800382790497114,0.003453016033223554,0.0020745841850327916,0.6017042971012128,1.171875
SC4011,621,18630.0,18660.0,Sleep stage W,W,5.967064814318087e-10,1.6240997794438003e-11,1.976238335426408e-12,1.7001994751342657e-12,0.9676992165650788,0.026338579068558167,0.0032049329920954763,0.0027572713742674655,0.5870972432057435,1.171875
SC4011,622,18660.0,18690.0,Sleep stage W,W,6.623730332436207e-10,2.86400886977943e-11,2.734006200274951e-12,1.872103866171289e-12,0.9522063260553083,0.04117207716515612,0.003930320029225491,0.0026912767503100496,0.6114909589399848,1.171875
SC4011,623,18690.0,18720.0,Sleep stage W,W,6.597361218378027e-10,2.5079916466785276e-11,2.6750276155319134e-12,1.977161862438355e-12,0.9568767569748952,0.036375739238117405,0.0038798417501198514,0.0028676620368674978,0.5993014314612015,1.07421875
SC4011,624,18720.0,18750.0,Sleep stage W,W,6.906029866308775e-10,2.3576068435033787e-11,2.8593983322679037e-12,2.0074293112031844e-12,0.9604435589404514,0.03278798891970369,0.003976656289990315,0.00279179584985473,0.5902555463707021,1.171875
SC4011,625,18750.0,18780.0,Sleep stage W,W,8.20360436745542e-10,1.9409648018847563e-11,2.997057808269271e-12,1.7738335283834514e-12,0.9713684237476155,0.02298248228103187,0.0035487417343628073,0.0021003522369898923,0.5735279475880847,1.07421875
SC4011,626,18780.0,18810.0,Sleep stage W,W,5.655929430840191e-10,1.758259845142767e-11,2.344427765618029e-12,1.8464589198098023e-12,0.962930320681066,0.029934632976360488,0.003991422820536867,0.0031436235220366655,0.599595156207074,0.5859375
SC4011,627,18810.0,18840.0,Sleep stage W,W,6.228498035299245e-10,2.7241006841741263e-11,2.405415925355921e-12,2.199338404176233e-12,0.9513579090980894,0.041608662576130356,0.0036740983978618357,0.0033593299279184945,0.6017290306704903,1.171875
SC4011,628,18840.0,18870.0,Sleep stage W,W,6.019881970565424e-10,1.6597714116160894e-11,1.8142937166645257e-12,1.8804071900494386e-12,0.9673902502681778,0.026672394726709958,0.0029155555893053925,0.003021799415806732,0.5946205555733164,1.26953125
SC4011,629,18870.0,18900.0,Sleep stage W,W,5.738201205420939e-10,1.917558316111152e-11,1.8055415730609928e-12,2.037432727839647e-12,0.9614325305809792,0.032128586614454634,0.00302517520998961,0.0034137075945765536,0.5950389669369976,1.07421875
SC4011,630,18900.0,18930.0,Sleep stage W,W,8.372875584998653e-10,3.454505842795293e-11,4.573975422717357e-12,3.466893702731374e-12,0.9515999422321227,0.039261392661014444,0.005198446703098463,0.003940218403764345,0.5972228625393264,0.9765625
SC4011,631,18930.0,18960.0,Sleep stage W,W,3.782885060445073e-10,3.207030979153436e-11,5.936075578865746e-12,3.3541784546557833e-12,0.9014401155758268,0.07642173447805464,0.014145332386202638,0.007992817559915814,0.613243218564896,0.5859375
SC4011,632,18960.0,18990.0,Sleep stage W,W,1.1052551429079793e-09,4.330066513489263e-11,5.802275877106337e-12,3.695938277161763e-12,0.9544072398375794,0.03739088531702486,0.005010367190036487,0.0031915076553592674,0.5781861055997721,0.5859375
SC4011,633,18990.0,19020.0,Sleep stage W,W,4.655440287675431e-10,3.235425180962288e-11,5.3988072287694856e-12,2.798846759705092e-12,0.9198730852621819,0.06392908853810707,0.010667556998660817,0.005530269201050225,0.5456276114287475,0.5859375
SC4011,634,19020.0,19050.0,Sleep stage W,W,8.579392391772115e-10,2.493818818052358e-11,3.430305256949401e-12,2.5063407284734283e-12,0.9652628878278054,0.02805782325961812,0.003859418251611112,0.0028198706609652967,0.5281621340774867,1.171875
SC4011,635,19050.0,19080.0,Sleep stage W,W,5.338160959940835e-11,8.362611437944538e-12,1.4983815785105232e-12,2.516347130635945e-12,0.8117771011428006,0.12717069646310336,0.022785971860663553,0.03826623053343246,0.6521832959296439,0.5859375
SC4011,636,19080.0,19110.0,Sleep stage W,W,7.217505937494085e-10,3.328120674426441e-11,5.364545466562127e-12,3.420491068752049e-12,0.9449262686546641,0.043572235031788614,0.007023340160225534,0.004478156153321664,0.5678331636979888,0.5859375
SC4011,637,19110.0,19140.0,Sleep stage W,W,2.917527700702851e-10,3.2491687538468516e-11,4.582038718725566e-12,2.524161793755902e-12,0.8804955201372744,0.0980583159927825,0.01382836764141595,0.0076177962285270545,0.643535815873181,1.171875
SC4011,638,19140.0,19170.0,Sleep stage W,W,8.519030798246004e-10,3.9633706917183986e-11,6.201708783750348e-12,4.8794826411617275e-12,0.9438135517252794,0.043909724685169516,0.006870801306602172,0.00540592228294901,0.5778945724425635,1.171875
SC4011,639,19170.0,19200.0,Sleep stage W,W,2.282431545499249e-10,1.6910499727883015e-11,2.1526145205282134e-12,2.136382745259698e-12,0.915012541510104,0.06779313651148997,0.008629697075489893,0.008564624902916075,0.6013847292937348,0.5859375
SC4011,640,19200.0,19230.0,Sleep stage W,W,6.525413458351425e-10,3.5021169091945366e-11,4.8425126032219566e-12,3.0398812836352358e-12,0.9383077474073784,0.050357934392923576,0.006963186503846405,0.004371131695851563,0.5852668984784265,0.5859375
SC4011,641,19230.0,19260.0,Sleep stage W,W,4.024158084376924e-10,2.6589795764852595e-11,3.933446627048236e-12,2.8669194732488725e-12,0.9233829636570907,0.06101292221025635,0.0090256832055671,0.006578430927085847,0.5584923171514935,0.5859375
SC4011,642,19260.0,19290.0,Sleep stage W,W,1.2788541961184832e-09,5.6141236015257226e-11,7.67583163055788e-12,3.6228368643896696e-12,0.9499070043620396,0.04170057344011281,0.0057014523252931475,0.0026909698725545105,0.5775080829598631,1.07421875
SC4011,643,19290.0,19320.0,Sleep stage W,W,5.389036303165649e-10,2.2135051372025915e-11,3.0002540691197344e-12,2.4767795644296682e-12,0.9512598075238315,0.03907226361662212,0.005295976771648227,0.0043719520878980145,0.5223754084348188,0.5859375
SC4011,644,19320.0,19350.0,Sleep stage W,W,9.436470244274413e-11,8.106005134098733e-12,1.486281000644372e-12,2.7120051959989253e-12,0.8846497853268358,0.07599214024004017,0.013933580397322587,0.025424494035801302,0.6198067269651302,0.5859375
SC4011,645,19350.0,19380.0,Sleep stage W,W,8.839853633914198e-10,5.7695939476215084e-11,6.6476626315020725e-12,2.956299186964627e-12,0.9292537120115185,0.060650513172043286,0.006988085360173871,0.003107689456264337,0.6128248683438613,0.5859375
SC4011,646,19380.0,19410.0,Sleep stage W,W,4.645712854496057e-10,2.705526179225306e-11,4.384816696589248e-12,6.981187766352774e-12,0.9236146417576695,0.05378859329140008,0.008717458502571693,0.01387930644835857,0.5683073205694106,0.5859375
SC4011,647,19410.0,19440.0,Sleep stage W,W,5.557430826439496e-10,2.7094983258580202e-11,4.987158696762584e-12,5.157022056345407e-12,0.9372002041853471,0.0456927393887309,0.00841030018164907,0.008696756244272928,0.5761282381410027,0.5859375
SC4011,648,19440.0,19470.0,Sleep stage W,W,4.823286801248215e-10,2.430803542143503e-11,3.668116294055173e-12,4.196032615682422e-12,0.9374691345461785,0.047245859240950074,0.00712946575499663,0.008155540457874807,0.5866968935843803,1.26953125
SC4011,649,19470.0,19500.0,Sleep stage W,W,3.3782768893651587e-10,1.8134971182369767e-11,3.551655690200162e-12,2.0005642465742357e-12,0.9344779636304397,0.05016383054434065,0.009824369303009981,0.005533836522209603,0.5666846297176232,0.5859375
SC4011,650,19500.0,19530.0,Sleep stage W,W,1.866844662196764e-10,1.4496061042377784e-11,2.4633612014498953e-12,2.2454997617313476e-12,0.9067221376919652,0.0704070334432177,0.011964488421108274,0.010906340443708801,0.4760676193041576,0.5859375
SC4011,651,19530.0,19560.0,Sleep stage W,W,5.849155538583851e-10,2.98672509552702e-11,3.772838486228368e-12,3.5574106986916053e-12,0.9402078128708172,0.04800936222652965,0.006064554443888921,0.005718270458764159,0.5666181699479977,0.5859375
SC4011,652,19560.0,19590.0,Sleep stage W,W,2.723857761973454e-10,2.7495674234812458e-11,3.791085772072912e-12,2.2854802936816167e-12,0.890271741577995,0.08986747446442563,0.012390869229271458,0.007469914728307865,0.6297834493190797,0.5859375
SC4011,653,19590.0,19620.0,Sleep stage W,W,4.4430904050784e-10,2.4700521214420902e-11,4.142658925930153e-12,2.443260702692835e-12,0.9342162781820851,0.051935988004472654,0.008710467379049363,0.00513726643439291,0.5749864428099001,0.5859375
SC4011,654,19620.0,19650.0,Sleep stage W,W,2.5233462801386154e-10,1.987676987785883e-11,2.636733726473842e-12,2.359069932230739e-12,0.9102744322750251,0.07170365620621576,0.009511779317876815,0.008510132200882292,0.5939580109489982,0.5859375
SC4011,655,19650.0,19680.0,Sleep stage W,W,2.805013736003995e-10,2.6192927692656593e-11,4.480283123467793e-12,3.0751523079830175e-12,0.8926065508411435,0.08335067505758686,0.01425707836756446,0.009785695733705291,0.6425709546258053,0.5859375
SC4011,656,19680.0,19710.0,Sleep stage W,W,2.181221845412952e-10,3.044647445937809e-11,3.5433827988833936e-12,2.2906252109785123e-12,0.8573895356696964,0.11967828331814326,0.013928245487837816,0.009003935524322368,0.648664584276007,0.5859375
SC4011,657,19710.0,19740.0,Sleep stage W,W,5.707374420345312e-10,3.321700901809689e-11,4.251547823519239e-12,2.9078437777245076e-12,0.9339298215795624,0.054354862710761155,0.00695704716007762,0.004758268549598997,0.5981677845758735,0.5859375
SC4011,658,19740.0,19770.0,Sleep stage W,W,3.382253592589224e-10,2.5229923320551587e-11,3.4582677391428977e-12,2.1856619435781907e-12,0.9163535115286537,0.06835539736299719,0.009369480140440575,0.005921610967908469,0.5774196318291525,0.5859375
SC4011,659,19770.0,19800.0,Sleep stage W,W,7.614251039612342e-10,3.636241728732048e-11,3.918962553005095e-12,3.4267514248698076e-12,0.9457131697551855,0.04516322975674229,0.00486747085021643,0.004256129637855645,0.5966056921947197,0.5859375
SC4011,660,19800.0,19830.0,Sleep stage W,W,6.143088610905048e-10,2.3365305204173772e-11,3.307688535575236e-12,2.5531938549399094e-12,0.9545849326242588,0.036307743069956204,0.005139873177588654,0.003967451128196264,0.5398569344420309,1.07421875
SC4011,661,19830.0,19860.0,Sleep stage W,W,2.9448146996869766e-10,2.5886591208377366e-11,3.1030253934030675e-12,3.150724305566024e-12,0.9015976893241096,0.07925554983283575,0.009500361856057106,0.009646398986997692,0.6295927391794298,0.9765625
SC4011,662,19860.0,19890.0,Sleep stage W,W,1.8360749432913257e-10,1.5399758236475847e-11,2.3466580022220253e-12,1.8318388750757643e-12,0.9036435617780617,0.07579152710610285,0.01154932375255687,0.009015587363278637,0.624909107756338,0.5859375
SC4011,663,19890.0,19920.0,Sleep stage W,W,2.4779903413870636e-10,1.7651439275605005e-11,2.5810163437847448e-12,2.2976875795921124e-12,0.9166566353626053,0.06529609363459603,0.00954767949654434,0.008499591506254244,0.5745225558272028,0.5859375
SC4011,664,19920.0,19950.0,Sleep stage W,W,4.2137767724268737e-10,3.378005190651753e-11,3.5118374195927266e-12,2.5737926576028836e-12,0.9135690927874256,0.073236939309378,0.0076138492822591455,0.005580118620937244,0.6022058543574098,0.9765625
SC4011,665,19950.0,19980.0,Sleep stage W,W,3.812762692574199e-10,3.2953124100145394e-11,6.167683240776433e-12,3.897140175969688e-12,0.8986129298581191,0.0776657394735919,0.014536335865395777,0.009184994802893191,0.6435100354909629,0.5859375
SC4011,666,19980.0,20010.0,Sleep stage W,W,4.690957675461282e-10,3.022870307901608e-11,4.547607729283646e-12,3.407522682917816e-12,0.9247282299285549,0.05958982584200278,0.00896469662881014,0.00671724760063229,0.5823501245847782,1.26953125
SC4011,667,20010.0,20040.0,Sleep stage W,W,3.226222457544733e-10,2.8240471279963648e-11,3.46831859086719e-12,2.280188396688686e-12,0.9046889834700679,0.0791912014474957,0.009725769569869997,0.006394045512566545,0.5988084973307799,0.5859375
SC4011,668,20040.0,20070.0,Sleep stage W,W,4.263629562009147e-10,2.5104661214602657e-11,3.5895166741260477e-12,2.9332808502936345e-12,0.9309429680025725,0.05481481794306765,0.007837536675514909,0.006404677378844966,0.6019660209997209,1.171875
SC4011,669,20070.0,20100.0,Sleep stage W,W,3.912040062014953e-10,2.7928408199428728e-11,3.4231995614172734e-12,2.272347292814406e-12,0.9208527730747328,0.06574051321131064,0.008057848996811364,0.005348864717145143,0.6068415493947129,0.5859375
SC4011,670,20100.0,20130.0,Sleep stage W,W,3.1198795301107825e-10,3.905027270837942e-11,3.5578682705437453e-12,2.072501501990599e-12,0.8747278480762207,0.10948615381882193,0.009975277654137134,0.0058107204508200975,0.6502482267592486,0.5859375
SC4011,671,20130.0,20160.0,Sleep stage W,W,1.7360447865630494e-10,1.5065475575968486e-11,4.111817706758526e-12,5.10437563771612e-12,0.8772947514629555,0.07613203733791168,0.020778704103902982,0.025794507095229804,0.597552006146112,0.5859375
SC4011,672,20160.0,20190.0,Sleep stage W,W,2.803392976961236e-10,2.398674203837002e-11,2.9976970014859778e-12,1.7132140988076307e-12,0.9071384406908495,0.07761771520711598,0.009700124834225932,0.005543719267808606,0.5541810259226626,0.5859375
SC4011,673,20190.0,20220.0,Sleep stage W,W,1.5829832028311112e-10,1.7165796089632396e-11,2.777917971465887e-12,3.1298961783057143e-12,0.8727829043174921,0.09464417145574504,0.015316140504558628,0.017256783722204336,0.627843194672852,0.5859375
SC4011,674,20220.0,20250.0,Sleep stage W,W,1.009070836816346e-10,1.6315626518060326e-11,3.1519109301528265e-12,6.496653276542485e-12,0.7953501228214361,0.12859984732082538,0.024843377233342203,0.05120665262439629,0.6808808867827659,0.5859375
SC4011,675,20250.0,20280.0,Sleep stage W,W,6.053021141629376e-11,1.0528499324122719e-11,2.6331854107416836e-12,8.37306889120661e-12,0.7375889502304178,0.1282946909035731,0.03208659638595279,0.10202976248005641,0.7466480629452553,1.171875
SC4011,676,20280.0,20310.0,Sleep stage W,W,2.2009277683354878e-10,1.6815752809387247e-11,2.9132254421489322e-12,4.374573605131738e-12,0.9012943724995748,0.06886161188245964,0.011929849468968062,0.017914166148997462,0.619989631254665,0.5859375
SC4011,677,20310.0,20340.0,Sleep stage W,W,3.7547387992179557e-10,2.6985720717265043e-11,3.4949882852519344e-12,2.3558228071377047e-12,0.9195794893634708,0.06609118930578192,0.00855963547544955,0.005769685855297641,0.5270269853151115,0.5859375
SC4011,678,20340.0,20370.0,Sleep stage W,W,7.72810204501485e-10,3.4902414757084863e-11,3.818750525044536e-12,4.13786809551689e-12,0.9474553760430067,0.04278991181258306,0.004681739052675187,0.005072973091735076,0.50296922579953,0.5859375
SC4011,679,20370.0,20400.0,Sleep stage W,W,8.45689811367732e-10,3.409051566676991e-11,3.476527683974722e-12,3.0893142690605184e-12,0.9541303848966297,0.03846185255780043,0.00392231365759263,0.0034854488879772633,0.5654145162623043,1.171875
SC4011,680,20400.0,20430.0,Sleep stage W,W,4.3449961201670787e-10,2.515508452884603e-11,3.88260434489383e-12,1.9308002003185044e-12,0.9334680743933095,0.05404255301254423,0.008341289845201922,0.004148082748944376,0.5829980272526308,0.5859375
SC4011,681,20430.0,20460.0,Sleep stage W,W,5.903574391915621e-10,3.897996395730976e-11,4.117805885722119e-12,2.673114796450546e-12,0.9280477178506532,0.0612768878495384,0.006473231471478712,0.004202162828329782,0.6167224107854196,1.07421875
SC4011,682,20460.0,20490.0,Sleep stage W,W,1.4274611050897384e-10,9.084936354876647e-12,1.7778840169047527e-12,2.2856133964021427e-12,0.9156581532140884,0.05827616609036028,0.01140440177139194,0.014661278924159535,0.5821872695085281,0.5859375
SC4011,683,20490.0,20520.0,Sleep stage W,W,2.362729312144911e-10,2.364132377526955e-11,4.148129941726688e-12,2.4907081692773357e-12,0.8864010110179933,0.08869273847192782,0.015562115199910947,0.009344135310167933,0.6576958408207364,0.5859375
SC4011,684,20520.0,20550.0,Sleep stage W,W,2.3183680318161802e-10,1.0910312668768817e-11,2.7583222433795945e-12,2.713041653291513e-12,0.9340029937249904,0.04395447381632001,0.01111247738762403,0.010930055071065554,0.5881300307488128,0.5859375
SC4011,685,20550.0,20580.0,Sleep stage W,W,5.10459446229057e-10,3.251832187132374e-11,4.884585018315318e-12,3.044551167245292e-12,0.9265802302671985,0.0590268911468307,0.008866443641047626,0.0055264349449232085,0.5976379467065837,0.5859375
SC4011,686,20580.0,20610.0,Sleep stage W,W,5.758063695262516e-10,4.1036661338953625e-11,3.286757071546727e-12,2.8921823814467945e-12,0.9242151913714496,0.06586711752395312,0.005275507491121168,0.0046421836134761954,0.6139224046017383,1.07421875
SC4011,687,20610.0,20640.0,Sleep stage W,W,3.7946981692124907e-10,2.01662732673692e-11,2.4680103945104073e-12,2.6845412150578413e-12,0.9374517408283394,0.049819266612286514,0.0060970346982731575,0.006631957861100904,0.5835570605829923,0.5859375
SC4011,688,20640.0,20670.0,Sleep stage W,W,3.9309573952113166e-10,3.2172700632169357e-11,4.576400833742994e-12,2.656894506520163e-12,0.9088882361883173,0.07438744863174798,0.01058123114470391,0.00614308403523088,0.5821592156426609,0.5859375
SC4011,689,20670.0,20700.0,Sleep stage W,W,8.815143280843798e-10,6.02764164529924e-11,5.860162520486942e-12,2.5737305224737214e-12,0.9276904567840737,0.06343385981496043,0.0061671338425925825,0.0027085495583733864,0.5712109089000437,0.5859375
SC4011,690,20700.0,20730.0,Sleep stage W,W,5.054525320387672e-10,5.1718791109906806e-11,6.9239138404454e-12,3.4059300857239506e-12,0.890663423027123,0.0911342462544857,0.012200704143278455,0.0060016265751128735,0.6162174071817679,0.5859375
SC4011,691,20730.0,20760.0,Sleep stage W,W,2.638458624884992e-10,2.2827511201125164e-11,3.3294064427427814e-12,2.553860251572918e-12,0.9018624979499288,0.07802766387789803,0.011380382405175957,0.008729455766997223,0.6471054233030098,0.5859375
SC4011,692,20760.0,20790.0,Sleep stage W,W,7.741230509028205e-10,4.253861097769661e-11,4.740147367670103e-12,2.4521118974048695e-12,0.9396363008461264,0.05163368151303506,0.005753626032487402,0.002976391608351076,0.5845860707005024,1.26953125
SC4011,693,20790.0,20820.0,Sleep stage W,W,1.4557832660319323e-09,8.62081243871012e-11,5.640544298254298e-12,2.184002490475696e-12,0.9393265555487538,0.05562475021544729,0.0036394930280666893,0.0014092012077321382,0.6101147413248718,0.5859375
SC4011,694,20820.0,20850.0,Sleep stage W,W,9.076772636917223e-10,3.4352245462146273e-11,3.912252573682115e-12,2.453033541312001e-12,0.9570668968447923,0.036221461392992656,0.004125130792786587,0.002586510969428702,0.5708201974944288,0.5859375
SC4011,695,20850.0,20880.0,Sleep stage W,W,6.209814670602309e-10,3.222303850355829e-11,3.575715887553506e-12,2.355452380273078e-12,0.9421147901924486,0.04888680704572221,0.005424855654932987,0.0035735471068962456,0.5974481789542312,0.5859375
SC4011,696,20880.0,20910.0,Sleep stage W,W,3.4710317539778035e-10,1.479681555434967e-11,2.538010950608452e-12,2.138678625102402e-12,0.9468774033797779,0.04036485772374677,0.006923547201512985,0.005834191694962366,0.5963437174994911,1.07421875
SC4011,697,20910.0,20940.0,Sleep stage W,W,5.312561189652146e-10,2.3237287721968085e-11,3.921870427126245e-12,2.367659576307492e-12,0.9473471537852947,0.0414372232134946,0.006993562340306974,0.004222060660903682,0.5826943964825884,0.5859375
SC4011,698,20940.0,20970.0,Sleep stage W,W,4.328773584942755e-10,3.318406267994505e-11,3.847158844766483e-12,2.6114225656952857e-12,0.916103775769149,0.07022784749519254,0.008141790450610644,0.005526586285047862,0.631357457621118,1.07421875
SC4011,699,20970.0,21000.0,Sleep stage W,W,8.287629840851586e-10,6.296008817736908e-11,6.984132152027254e-12,2.5626825424702654e-12,0.919550287964604,0.06985708619417257,0.007749212808615977,0.0028434130326074683,0.591739084491793,0.5859375
SC4011,700,21000.0,21030.0,Sleep stage W,W,8.178252947790402e-10,5.823013972896846e-11,4.535603137526066e-12,2.403546180669617e-12,0.92619514293647,0.06594620261049033,0.0051366149018404255,0.002722039551199213,0.6033741373175285,0.5859375
SC4011,701,21030.0,21060.0,Sleep stage W,W,4.0692446217425354e-10,3.6793040197185046e-11,5.282857707931331e-12,2.3676840195250254e-12,0.9015358253520849,0.08151449948265206,0.011704102177809145,0.0052455729874538145,0.6230539963870563,0.5859375
SC4011,702,21060.0,21090.0,Sleep stage W,W,6.469592873562478e-10,4.7918100870835046e-11,5.4892762183786535e-12,2.5905696024052576e-12,0.9203394687765517,0.06816645245245764,0.007808833813074993,0.003685244957915686,0.595416826715637,0.5859375
SC4011,703,21090.0,21120.0,Sleep stage W,W,1.0307970380153673e-09,4.209872994016678e-11,4.189374791307218e-12,2.7370180359995336e-12,0.9545988917916524,0.03898672528599189,0.0038796895854313995,0.002534693336924362,0.57153422997747,0.5859375
SC4011,704,21120.0,21150.0,Sleep stage W,W,9.096561326468832e-10,5.2696816694251105e-11,4.687490667511945e-12,2.644542126570984e-12,0.9380944836784496,0.05434426402914305,0.004834034510042872,0.0027272177823645175,0.5653726339654737,0.5859375
SC4011,705,21150.0,21180.0,Sleep stage W,W,1.4459293954415272e-09,9.569726751830861e-11,7.200139859107404e-12,2.5417705517217743e-12,0.9320347338865775,0.06168570716266784,0.004641153612815315,0.0016384053379393001,0.6193101982750314,0.5859375
SC4011,706,21180.0,21210.0,Sleep stage W,W,6.140847406812357e-10,3.389905044676157e-11,3.148686648975797e-12,2.431198384460799e-12,0.9395943548881583,0.051868014828884576,0.00481771977823023,0.0037199105047268253,0.5996010848559757,1.171875
SC4011,707,21210.0,21240.0,Sleep stage W,W,1.4670309165800511e-09,9.626332524945624e-11,8.049383746751798e-12,3.130851877364555e-12,0.931759096503527,0.061139971862320446,0.005112425677277385,0.001988505956875236,0.6196038845990112,0.5859375
SC4011,708,21240.0,21270.0,Sleep stage W,W,6.725313706095942e-10,2.9685104338223044e-11,4.217995957673611e-12,3.3635720709758806e-12,0.9474967947071276,0.041821902204381325,0.0059425297088533365,0.00473877337963779,0.5816264570307927,0.5859375
SC4011,709,21270.0,21300.0,Sleep stage W,W,8.359279556348114e-10,2.949439850147181e-11,4.337038060010818e-12,3.694985892780038e-12,0.9570367687247019,0.03376753181545562,0.004965385907732585,0.004230313552110019,0.5583063268826638,1.171875
SC4011,710,21300.0,21330.0,Sleep stage W,W,2.723607298035463e-10,8.094080248154403e-12,4.215394167323734e-12,4.523058739310084e-12,0.9417948641590127,0.027988481354493232,0.014576391317701847,0.015640263168792225,0.540417831219454,0.5859375
SC4011,711,21330.0,21360.0,Sleep stage W,W,4.884140825673481e-10,1.1009269927387919e-11,3.3219586408685296e-12,2.291081124107865e-12,0.9670869071078418,0.02179896359176916,0.006577661910669259,0.004536467389719685,0.47030438309297606,0.5859375
SC4011,712,21360.0,21390.0,Sleep stage W,W,1.801487366152134e-10,4.452048885861113e-12,3.417331473953096e-12,1.7648976077742137e-12,0.9492352991190104,0.02345862666186439,0.018006519084257266,0.00929955513486795,0.5736439373503878,1.171875
SC4011,713,21390.0,21420.0,Sleep stage W,W,2.2579925455086e-11,4.277686713893003e-12,3.5977966195811955e-12,1.6196852303796348e-12,0.7039706708810554,0.13336474435171092,0.11216792123685605,0.0504966635303777,0.6538483815043626,0.5859375
SC4011,714,21420.0,21450.0,Sleep stage W,W,2.620950350716106e-11,3.5408702747187515e-12,2.0102572766113256e-12,1.626048373412684e-12,0.7850287585687736,0.10605637742264205,0.06021135706866235,0.04870350693992216,0.648551540954748,0.5859375
SC4011,715,21450.0,21480.0,Sleep stage W,W,2.485678836392509e-11,3.691106879692936e-12,2.1370693643450093e-12,1.6620821091058357e-12,0.7684407352962047,0.11410954798990088,0.0660669081489075,0.05138280856498683,0.6173609273364647,0.5859375
SC4011,716,21480.0,21510.0,Sleep stage W,W,1.7398692006437194e-11,4.000355555455558e-12,1.625815117534876e-12,1.575953085025255e-12,0.7072404497893746,0.1626106871315991,0.06608785387857376,0.06406100920045259,0.7127671160102546,0.9765625
SC4011,717,21510.0,21540.0,Sleep stage W,W,2.5109082436819423e-11,5.7758343556558775e-12,1.8780829010675873e-12,1.3726648035097628e-12,0.7355674133423533,0.16920234132704742,0.05501820247939644,0.040212042851202785,0.6636995527859038,0.5859375
SC4011,718,21540.0,21570.0,Sleep stage 1,N1,2.6789578804861775e-11,4.786496303773316e-12,1.7010823579859512e-12,1.5027564294335864e-12,0.7702600669146781,0.13762243109855107,0.04890990711103858,0.043207594875732475,0.6613290655380176,0.9765625
SC4011,719,21570.0,21600.0,Sleep stage 1,N1,1.3836548597175923e-11,4.947296898276765e-12,1.5587889345590173e-12,2.0400061693077685e-12,0.6181821369904233,0.2210327631507063,0.06964276299939387,0.0911423368594764,0.7430607687553342,0.9765625
SC4011,720,21600.0,21630.0,Sleep stage 1,N1,1.7228550723385522e-11,5.0829668927593685e-12,1.3807569252985818e-12,1.7805493627906023e-12,0.6763502463706744,0.199544695628131,0.05420509836245809,0.06989995963873642,0.7365224105487082,1.171875
SC4011,721,21630.0,21660.0,Sleep stage 1,N1,2.0080293696859206e-11,3.931701093848056e-12,1.2102806612171937e-12,1.6639073706161908e-12,0.7468629455284531,0.1462350055342116,0.04501496806763239,0.06188708086970293,0.6834684779218348,0.5859375
SC4011,722,21660.0,21690.0,Sleep stage 1,N1,2.282313804909665e-11,4.187822186934936e-12,1.532611727925084e-12,2.1071289200485133e-12,0.7446204292511536,0.13663055219465853,0.05000250185877038,0.0687465166954176,0.7389216332431869,0.9765625
SC4011,723,21690.0,21720.0,Sleep stage 1,N1,2.8453878888429468e-11,7.577036274484355e-12,2.3917472864307304e-12,3.175444251125714e-12,0.6840186043396969,0.18214858500756467,0.057496541937657256,0.07633626871508109,0.7469698747290329,0.9765625
SC4011,724,21720.0,21750.0,Sleep stage 1,N1,2.3511648143551172e-11,4.608999661322498e-12,1.550454950915092e-12,1.98923305707205e-12,0.7426215654352111,0.14557646161953428,0.04897152576269511,0.06283044718255955,0.7352966503920321,0.9765625
SC4011,725,21750.0,21780.0,Sleep stage 1,N1,2.6343552511056663e-11,6.811888237412554e-12,1.4838338022840891e-12,2.480391971349406e-12,0.7096925963860837,0.18351156881639685,0.03997433008727457,0.0668215047102449,0.7454986773361877,1.07421875
SC4011,726,21780.0,21810.0,Sleep stage 1,N1,1.2166170379010615e-10,1.732871327905143e-11,1.80328394424516e-12,1.5980753184852078e-12,0.8544152402912374,0.12169743032534074,0.012664242210463411,0.011223087172958645,0.6730118989583098,2.734375
SC4011,727,21810.0,21840.0,Sleep stage 1,N1,3.295954671158935e-11,7.78916538508078e-12,1.6134292471951397e-12,2.4557267769429134e-12,0.7354108549461946,0.1737959816402869,0.03599968750959066,0.05479347590392771,0.7264481423471227,1.07421875
SC4011,728,21840.0,21870.0,Sleep stage 1,N1,3.8241464488452304e-11,6.942323359460696e-12,1.7902645416195595e-12,3.0702839363074168e-12,0.7641516961971707,0.1387234574210166,0.03577356945975066,0.061351276922062034,0.7464648278818784,0.9765625
SC4011,729,21870.0,21900.0,Sleep stage 1,N1,7.53286030878543e-11,2.2692103489083356e-11,4.431922698537527e-12,2.2859649525342775e-12,0.7192057869696874,0.21665465014437799,0.04231413197020294,0.021825430915731723,0.7365805994747323,0.9765625
SC4011,730,21900.0,21930.0,Sleep stage 2,N2,1.521496978296469e-10,3.8634729733693755e-11,4.457817162016071e-12,2.489737135298708e-12,0.7694743986173617,0.1953893819813135,0.022544745266132815,0.012591474135192057,0.7082555479939845,1.953125
SC4011,731,21930.0,21960.0,Sleep stage 2,N2,9.03756761016505e-11,1.563557025765499e-11,2.3851871501564452e-12,2.581152625418133e-12,0.8143597211765772,0.14088944265422942,0.02149251243631785,0.023258323732875657,0.702539109747915,1.07421875
SC4011,732,21960.0,21990.0,Sleep stage 1,N1,3.7683900349538176e-10,4.445698950635498e-11,5.761229306050263e-12,3.767997191479186e-12,0.8746911425783503,0.10319031359869289,0.013372544236723996,0.00874599958623268,0.6009322342664494,3.3203125
SC4011,733,21990.0,22020.0,Sleep stage 1,N1,7.298819576000164e-11,1.4711319442448223e-11,2.7297550368412074e-12,4.135483764431545e-12,0.7718329786711908,0.1555687380297008,0.02886651655365961,0.043731766745448826,0.7412058685706724,1.07421875
SC4011,734,22020.0,22050.0,Sleep stage 2,N2,1.704773900343046e-10,7.15827264811423e-11,5.550936802321845e-12,5.700741976204929e-12,0.6729942829407609,0.28258741918460234,0.02191345569155146,0.022504842183085468,0.7171672801649148,1.26953125
SC4011,735,22050.0,22080.0,Sleep stage 2,N2,9.764454308597802e-11,3.520819625367966e-11,8.360113175695078e-12,5.246070107882462e-12,0.6667025903035494,0.24039638980721273,0.05708162415752179,0.03581939573171618,0.7409003036495555,1.07421875
SC4011,736,22080.0,22110.0,Sleep stage 2,N2,7.954530776086586e-11,9.974594461357508e-12,2.304772772358403e-12,2.3387634700854825e-12,0.8447578917874105,0.10592852835445525,0.02447630216077143,0.024837277697362884,0.6721555384821721,1.26953125
SC4011,737,22110.0,22140.0,Sleep stage 2,N2,1.4884887978014897e-10,3.011992338196036e-11,1.046507712535024e-11,5.971537163323715e-12,0.7617438744636622,0.154140677238627,0.05355571642728931,0.030559731870421478,0.7409476895989181,1.171875
SC4011,738,22140.0,22170.0,Sleep stage 2,N2,1.515652548912152e-10,1.8948179067334233e-11,9.44230734727686e-12,5.136130680408995e-12,0.8188649953385672,0.10237175119577023,0.05101416526804081,0.027749088197621955,0.6829872852547302,1.26953125
SC4011,739,22170.0,22200.0,Sleep stage 2,N2,1.1607469328370844e-10,1.4490374758384743e-11,4.1194215378996045e-12,3.80299946841378e-12,0.8381601405390199,0.10463309615874264,0.029745802788436086,0.02746096051380128,0.6862645456684426,0.5859375
SC4011,740,22200.0,22230.0,Sleep stage 1,N1,9.902273777074331e-11,2.8529831624476078e-12,2.4220931919523296e-12,2.7832509392677173e-12,0.9247455440528124,0.026643208682426655,0.022619248234927454,0.025991999029833592,0.5612949145175449,0.9765625
SC4011,741,22230.0,22260.0,Sleep stage 1,N1,2.3872249972431547e-11,3.858281699862783e-12,1.5407909594745916e-12,2.695161030260809e-12,0.7467899886901658,0.12069772017013271,0.048200201678884266,0.08431208946081743,0.6741197546987687,0.9765625
SC4011,742,22260.0,22290.0,Sleep stage 1,N1,2.1191964581634434e-10,3.677557849978472e-12,1.938920079497209e-12,1.9418553567336877e-12,0.9655622248887317,0.01675593089118106,0.008834235158467653,0.008847609061619492,0.5144216420119007,0.5859375
SC4011,743,22290.0,22320.0,Sleep stage 1,N1,2.0497038244565024e-11,3.673591811339789e-12,1.4094318391786177e-12,1.6690970535566851e-12,0.7522081060629556,0.13481486963556802,0.05172386574701807,0.06125315855445814,0.7100496821997533,0.9765625
SC4011,744,22320.0,22350.0,Sleep stage 1,N1,3.0245888965265986e-11,4.574639513987729e-12,1.4416302242459755e-12,2.8941635473052922e-12,0.7724394740531124,0.11683016307522809,0.03681730411278189,0.07391305875887752,0.6774703271060026,0.9765625
SC4011,745,22350.0,22380.0,Sleep stage 1,N1,1.87842996365241e-11,3.1462648540607624e-12,1.3923085780930855e-12,1.7775091392753575e-12,0.7483670758834942,0.12534728865857017,0.05546961662009746,0.07081601883783809,0.6691194719945448,1.171875
SC4011,746,22380.0,22410.0,Sleep stage 1,N1,2.064758465581708e-11,3.0513869900890776e-12,1.2029100342441604e-12,2.3626821197179673e-12,0.7573047860724194,0.11191768966073899,0.044119907550106176,0.08665761671673548,0.6986964420825174,1.171875
SC4011,747,22410.0,22440.0,Sleep stage 1,N1,3.453151821368879e-11,7.057929033227711e-12,1.5871846667953736e-12,2.0614304855058145e-12,0.7633288514648221,0.1560174918842184,0.03508516020842708,0.0455684964425325,0.7225353982768791,1.07421875
SC4011,748,22440.0,22470.0,Sleep stage 1,N1,2.3142022061546384e-11,3.945617726903215e-12,1.4536085456018353e-12,1.802975939799623e-12,0.7626499808561221,0.13002862394156922,0.04790396131017504,0.05941743389213367,0.6965658158648995,1.171875
SC4011,749,22470.0,22500.0,Sleep stage 1,N1,6.525111486936283e-11,1.1238415060942457e-11,2.726219350852432e-12,3.4738542040671604e-12,0.7891090550581974,0.13591085925270588,0.03296931217404565,0.04201077351505107,0.704557271413105,0.5859375
SC4011,750,22500.0,22530.0,Sleep stage 1,N1,1.5756838720525046e-11,3.0416344536807162e-12,1.2773017994597419e-12,1.7547886261591263e-12,0.7217788330783922,0.13932917671924652,0.058509794931267955,0.08038219527109336,0.7022719531844273,0.9765625
SC4011,751,22530.0,22560.0,Sleep stage 1,N1,1.9159335875683988e-11,4.320627977739936e-12,1.308262486480948e-12,1.9962578443503227e-12,0.7153147226537399,0.16131085250765234,0.04884404259873661,0.07453038223987113,0.7156537040993611,1.07421875
SC4011,752,22560.0,22590.0,Sleep stage 1,N1,5.278853353379904e-11,1.0456583582156558e-11,1.6518874197758517e-12,2.3299379109912012e-12,0.7852288325567379,0.1555415611894502,0.024571806476026668,0.03465779977778518,0.7182296495174595,1.171875
SC4011,753,22590.0,22620.0,Sleep stage 1,N1,3.4190444329488034e-11,8.71632110435476e-12,3.2657988466569962e-12,3.311170981130401e-12,0.6909430775327784,0.17614517291934134,0.06599741974590395,0.06691432980197619,0.7610213125515536,1.07421875
SC4011,754,22620.0,22650.0,Sleep stage 1,N1,7.669942379866246e-11,4.825625844881261e-12,1.921753642884999e-12,2.815235983430285e-12,0.8891445698231039,0.05594147652578617,0.022278091952742454,0.03263586169836774,0.6094762796221717,0.5859375
SC4011,755,22650.0,22680.0,Sleep stage 1,N1,5.0957102130151175e-11,3.268817076097528e-12,1.374525111054914e-12,1.5028084756264939e-12,0.8923677660698887,0.05724397326280223,0.024070872390391962,0.026317388276917122,0.5941491599493793,0.68359375
SC4011,756,22680.0,22710.0,Sleep stage 1,N1,2.270934438493712e-11,3.57445064318044e-12,1.433154433003665e-12,1.301468857061244e-12,0.7825838105968653,0.12317868617052594,0.0493877515062795,0.04484975172632909,0.6470885060357888,0.5859375
SC4011,757,22710.0,22740.0,Sleep stage W,W,9.071777903170673e-10,2.091512480611178e-11,2.2713015627187448e-12,1.5526636151679146e-12,0.9734535445092417,0.022443122609126818,0.0024372362071443283,0.0016660966744870098,0.5225549449122989,0.9765625
SC4011,758,22740.0,22770.0,Sleep stage 1,N1,2.2886541078702255e-10,5.062176414380218e-12,1.8727610489874085e-12,1.9995243591944413e-12,0.9624286517712711,0.021287548890706113,0.007875366073311876,0.008408433264710882,0.4815851389746461,1.07421875
SC4011,759,22770.0,22800.0,Sleep stage 1,N1,2.6251005562772425e-11,3.3532318628281727e-12,1.560806443314732e-12,1.197410000419023e-12,0.811156214196942,0.10361488273933363,0.048228927559591,0.03699997550413355,0.6062520034849043,0.5859375
SC4011,760,22800.0,22830.0,Sleep stage 1,N1,1.929143548421403e-11,3.9053380847338225e-12,1.2118438154853922e-12,1.7990028302402816e-12,0.7361002382586742,0.14901536472003823,0.0462401318989996,0.06864426512228791,0.7054644657627024,1.171875
SC4011,761,22830.0,22860.0,Sleep stage 1,N1,1.9923810749059013e-11,3.3459078219362686e-12,1.94972066671634e-12,2.6960812818689016e-12,0.7137180456686824,0.11985833542274019,0.06984360780049814,0.09658001110807926,0.7230917279913464,1.07421875
SC4011,762,22860.0,22890.0,Sleep stage 1,N1,2.2873053648547104e-11,3.854896015378578e-12,1.3373853940519964e-12,2.0354697833418623e-12,0.759881796155468,0.1280662107109821,0.044430220424410714,0.06762177270913905,0.6829493068037781,1.07421875
SC4011,763,22890.0,22920.0,Sleep stage 2,N2,9.610423802937427e-11,1.5573769708517297e-11,1.966269520820001e-12,3.0032483159916025e-12,0.823885783739385,0.13351135938621841,0.016856504337597517,0.02574635253679915,0.6823781897798398,1.07421875
SC4011,764,22920.0,22950.0,Sleep stage 2,N2,6.843843775202554e-11,1.4828614932000843e-11,2.7037405858533167e-12,2.531715254712498e-12,0.7732937618712643,0.16755022178699505,0.030549875149606952,0.02860614119213367,0.7153201199624799,1.171875
SC4011,765,22950.0,22980.0,Sleep stage 2,N2,1.7970722012724184e-11,4.86040988602468e-12,1.7737958267201003e-12,2.8348334811182167e-12,0.6549153936664047,0.17713018161608096,0.0646432676059252,0.10331115711158913,0.7593968736288268,1.171875
SC4011,766,22980.0,23010.0,Sleep stage 2,N2,8.009813949143718e-11,2.333912202146722e-11,2.021907398114806e-12,1.70088956720977e-12,0.7474626332693743,0.21779683916660872,0.01886810652054267,0.015872421043474225,0.7091697675313042,2.44140625
SC4011,767,23010.0,23040.0,Sleep stage 2,N2,1.1764275764497007e-10,2.3398814286614475e-11,5.6022084118277406e-12,6.2968209169787896e-12,0.7692055391143376,0.15299282266307107,0.036629961996093016,0.041171676226498234,0.7217385626411376,1.953125
SC4011,768,23040.0,23070.0,Sleep stage 2,N2,1.776506226440694e-11,3.3627161889265908e-12,1.0156240745253502e-12,1.7753568617604695e-12,0.7427250709381236,0.14058907212328065,0.04246140269992963,0.07422445423866623,0.7003091877088122,0.9765625
SC4011,769,23070.0,23100.0,Sleep stage 1,N1,3.336551897399958e-10,5.942771619654175e-12,1.9181359164212394e-12,2.9576374458693052e-12,0.968593991670577,0.017251740903994277,0.005568308184569022,0.00858595924085972,0.49119951770362497,0.5859375
SC4011,770,23100.0,23130.0,Sleep stage 1,N1,3.9663622027630933e-11,3.4313854204997875e-12,1.1378147980345804e-12,1.5514631276554046e-12,0.8663151931669212,0.07494679435275933,0.02485164481097654,0.033886367669342846,0.5953554019973536,0.5859375
SC4011,771,23130.0,23160.0,Sleep stage 1,N1,1.8220549489809642e-11,3.450178611604814e-12,1.3180981534532344e-12,1.4108174606700806e-12,0.7467547355294675,0.14140282750963815,0.05402120493316324,0.0578212320277311,0.6589527361172639,1.07421875
SC4011,772,23160.0,23190.0,Sleep stage 1,N1,2.2260120322205716e-11,2.9925175378467087e-12,1.781612782199045e-12,2.7127900890780755e-12,0.7483137742424707,0.10059883148964774,0.05989210147961551,0.09119529278826612,0.700427343235264,0.9765625
SC4011,773,23190.0,23220.0,Sleep stage 1,N1,1.8647428966291185e-11,3.6110802925764116e-12,1.1061863948207852e-12,2.287469300119876e-12,0.7269339254550067,0.14077097582519324,0.04312253553696892,0.08917256318283123,0.7130452409920726,0.9765625
SC4011,774,23220.0,23250.0,Sleep stage 1,N1,2.2130857749207297e-11,5.3626230733959225e-12,9.083580589286208e-13,1.652969992696094e-12,0.7363499745355079,0.17842812096517383,0.03022338497409444,0.05499851952522377,0.731459400076239,0.5859375
SC4011,775,23250.0,23280.0,Sleep stage 1,N1,3.090489696090926e-11,3.4660841091103464e-12,2.2865376222006608e-12,3.030500467790001e-12,0.778695878882489,0.08733326032564456,0.05761279274186051,0.07635806805000586,0.678182899901438,0.9765625
SC4011,776,23280.0,23310.0,Sleep stage W,W,1.8440540145308016e-10,8.756345887816695e-12,2.0432118987840845e-12,2.4232898247202277e-12,0.9330923201823638,0.04430715714615911,0.010338663164081682,0.01226185950739537,0.5158907474761909,0.5859375
SC4011,777,23310.0,23340.0,Sleep stage W,W,3.4557117739773766e-11,3.2287722863201055e-12,2.4078540929866854e-12,1.6078633661171329e-12,0.8266935129710201,0.07724038573070287,0.05760194972978796,0.03846415156848911,0.575432450380208,0.5859375
SC4011,778,23340.0,23370.0,Sleep stage 1,N1,1.5426289784061928e-11,3.0947983369862836e-12,1.110903228460274e-12,1.6551557502216773e-12,0.7246762429831414,0.14538342420838127,0.05218657170243145,0.07775376110604591,0.7186223836366428,1.07421875
SC4011,779,23370.0,23400.0,Sleep stage 1,N1,1.571319265709783e-11,2.879565214834676e-12,1.4056589796971743e-12,1.4007354169494893e-12,0.7342904270170479,0.13456445277333734,0.06568760117479669,0.06545751903481797,0.7288510719907635,0.9765625
SC4011,780,23400.0,23430.0,Sleep stage 1,N1,3.156040698419931e-11,4.929746213063016e-12,2.394682467556062e-12,2.45669760411413e-12,0.7634067846224861,0.1192443971778773,0.057924374792253465,0.059424443407383204,0.686761599516463,0.9765625
SC4011,781,23430.0,23460.0,Sleep stage 1,N1,2.5510632998003126e-11,4.908642566759021e-12,1.4435674811410868e-12,2.3368033518241823e-12,0.7459326538445823,0.14352904441389785,0.0422100118917315,0.06832828984978814,0.7488784910916526,0.5859375
SC4011,782,23460.0,23490.0,Sleep stage 1,N1,3.863263708060841e-11,5.539342374122733e-12,1.5510099060548116e-12,2.4603197773499975e-12,0.8017846381171773,0.114963925749518,0.032189775542569035,0.05106166059073582,0.7116573738076698,1.07421875
SC4011,783,23490.0,23520.0,Sleep stage 1,N1,1.0271354145428832e-10,1.73884307951201e-11,2.4606768670160226e-12,2.1500589205368796e-12,0.8236012437789976,0.1394278984782101,0.019730762852866186,0.017240094889926238,0.6898200393525614,2.1484375
SC4011,784,23520.0,23550.0,Sleep stage 2,N2,3.2682893969203847e-10,3.116594829014877e-11,6.286293097906422e-12,4.0399012675910565e-12,0.8873479020229452,0.08461624865863364,0.017067426762099755,0.010968422556321399,0.6614663167539895,2.734375
SC4011,785,23550.0,23580.0,Sleep stage 2,N2,2.2844256255082428e-10,4.397671909175581e-11,5.495030276366038e-12,5.3809726924860474e-12,0.8063761557632565,0.15523279588671687,0.019396829297399082,0.018994219052627687,0.6955370917586061,0.5859375
SC4011,786,23580.0,23610.0,Sleep stage 2,N2,2.0121375653537442e-10,1.8144290437537446e-11,4.0866942057347546e-12,3.84555820110081e-12,0.8852720819342783,0.0798287057874947,0.017980064335728078,0.016919147942498887,0.6674009220255748,1.3671875
SC4011,787,23610.0,23640.0,Sleep stage 2,N2,1.318646550234622e-10,3.454899390791134e-11,1.0840295769765036e-11,1.0653564951304816e-11,0.7017529808540439,0.1838616986187177,0.057689529225390786,0.056695791301847445,0.7414394947115238,1.953125
SC4011,788,23640.0,23670.0,Sleep stage 2,N2,2.382667317671508e-10,3.026019526762018e-11,1.417769819258115e-11,8.187479611414426e-12,0.8190897167842196,0.10402549524124267,0.048738683370040094,0.028146104604497665,0.6828417525685869,1.07421875
SC4011,789,23670.0,23700.0,Sleep stage 2,N2,8.371184099255482e-11,1.4677620675550723e-11,5.964027606827428e-12,3.5589055676068234e-12,0.7757388862947842,0.136014224287836,0.055267308408175266,0.03297958100920469,0.7146624908920639,1.66015625
SC4011,790,23700.0,23730.0,Sleep stage 2,N2,2.0175780998324895e-10,2.5054736532394668e-11,5.42539141958604e-12,4.293160275761907e-12,0.8529864001361716,0.10592576080649331,0.022937328159472956,0.018150510897862158,0.6657364938862874,1.07421875
SC4011,791,23730.0,23760.0,Sleep stage 2,N2,1.4302928624580746e-10,4.549162670737947e-11,9.221806309114814e-12,6.652612261466154e-12,0.6997678722871196,0.2225668579034523,0.045117499702005015,0.032547770107423234,0.7333355994999754,1.171875
SC4011,792,23760.0,23790.0,Sleep stage 2,N2,1.746277857915857e-10,3.572953261991034e-11,6.584468059677308e-12,6.251857280482717e-12,0.782404834009929,0.1600831099816893,0.029501145055025574,0.028010910953356075,0.6888046418156671,1.07421875
SC4011,793,23790.0,23820.0,Sleep stage 2,N2,2.0687643682646285e-10,2.1885266070056504e-11,8.196654468438534e-12,4.183419508654179e-12,0.8579037589778215,0.09075684169619053,0.03399101795925884,0.017348381366729358,0.6421545349836231,0.9765625
SC4011,794,23820.0,23850.0,Sleep stage 2,N2,3.2143753202364137e-10,2.7190750368150776e-11,8.001503854605694e-12,1.1114090274949496e-11,0.8740799032855741,0.0739393695018396,0.02175836054782332,0.03022236666476302,0.6509851502009543,2.05078125
SC4011,795,23850.0,23880.0,Sleep stage 2,N2,3.0626287276751094e-10,2.7254856467075748e-11,6.31740001934997e-12,5.142847593361059e-12,0.887775143116096,0.07900462724071206,0.018312473384775884,0.014907756258416194,0.6405409952057108,0.9765625
SC4011,796,23880.0,23910.0,Sleep stage 3,N3,2.868469554491773e-10,3.171804464729485e-11,7.1413265542637984e-12,5.0008877352310165e-12,0.8673743510003973,0.09590974513872219,0.0215941057334455,0.015121798127435172,0.6270886120721832,0.9765625
SC4011,797,23910.0,23940.0,Sleep stage 2,N2,2.9785278550800647e-10,2.1675436569769866e-11,1.1518137268144102e-11,2.5544016597996498e-12,0.8928420445146986,0.06497418202651584,0.034526711610069157,0.007657061848716378,0.6369279266565865,1.07421875
SC4011,798,23940.0,23970.0,Sleep stage 2,N2,2.6361599519960593e-10,2.729940751487414e-11,3.6661455126238625e-12,3.7552645444410095e-12,0.8836187286128617,0.0915053266851751,0.01228861258711394,0.012587332114849161,0.6240899469687011,1.171875
SC4011,799,23970.0,24000.0,Sleep stage 2,N2,2.1156074255563952e-10,3.187056254428324e-11,8.793600841861933e-12,1.0302731547973105e-11,0.8058608403235005,0.12139888527175212,0.033495905139530324,0.03924436926521709,0.6829486551693248,1.26953125
SC4011,800,24000.0,24030.0,Sleep stage 2,N2,2.721331666677848e-10,4.628765471523374e-11,9.144389219079057e-12,7.53723844226512e-12,0.8120894593395178,0.13812986102380267,0.027288338969639916,0.022492340667039708,0.6800289703432807,1.26953125
SC4011,801,24030.0,24060.0,Sleep stage 3,N3,3.272988850089016e-10,2.5755054476736306e-11,5.615042418939935e-12,3.4455368074232933e-12,0.9038546318801725,0.07112405922950567,0.015506261496810407,0.009515047393511488,0.6340773582823688,1.07421875
SC4011,802,24060.0,24090.0,Sleep stage 3,N3,3.538595503436068e-10,3.0462152400186974e-11,4.516226755116765e-12,4.616819890773724e-12,0.8993653041232915,0.07742225109098058,0.011478389222959455,0.011734055562768533,0.603611565840759,1.171875
SC4011,803,24090.0,24120.0,Sleep stage 3,N3,3.544829208029869e-10,2.7465309133528968e-11,6.169854444733668e-12,5.464424295807403e-12,0.9006572014455243,0.06978284991842677,0.01567613984034074,0.013883808795708151,0.6488779968551792,1.171875
SC4011,804,24120.0,24150.0,Sleep stage 3,N3,3.604565027018005e-10,3.1385121609030327e-11,6.038083404396865e-12,3.3962971015638822e-12,0.898275746306765,0.07821330264529439,0.015047207737112616,0.008463743310827946,0.6475852024136763,1.171875
SC4011,805,24150.0,24180.0,Sleep stage 3,N3,4.082137585777885e-10,2.9080447125836632e-11,6.466320125316363e-12,2.5446689208275036e-12,0.9146515957688163,0.06515820892952241,0.014488561193964706,0.005701634107696706,0.6213848521977232,1.07421875
SC4011,806,24180.0,24210.0,Sleep stage 3,N3,4.780088368044296e-10,3.6012529420014843e-11,5.4806148553547395e-12,2.2668982886835486e-12,0.9161313671734933,0.069020079280317,0.010503912885697861,0.004344640660491794,0.5873226165582974,1.07421875
SC4011,807,24210.0,24240.0,Sleep stage 3,N3,3.621667192731172e-10,2.9411833306180216e-11,5.045970861916901e-12,4.167493086081013e-12,0.903627578241575,0.07338427936020818,0.012589998437689074,0.010398143960527698,0.5866511431588499,1.171875
SC4011,808,24240.0,24270.0,Sleep stage 3,N3,3.353237712801554e-10,2.921656842587321e-11,5.377915445632136e-12,3.824581229538608e-12,0.8972045445123705,0.07817291886786491,0.014389347225231967,0.010233189394532561,0.6044707599958365,1.26953125
SC4011,809,24270.0,24300.0,Sleep stage 3,N3,4.5694306498866264e-10,2.2503216806657103e-11,6.72416399684125e-12,3.188826496759846e-12,0.9337578561684645,0.04598506267471123,0.013740751177329815,0.006516329979494376,0.5800426526981352,0.5859375
SC4011,810,24300.0,24330.0,Sleep stage 3,N3,4.244500127812125e-10,2.886370728980673e-11,5.3486585582933095e-12,4.3195000395693486e-12,0.9167745701009891,0.06234306053790421,0.011552630469406761,0.009329738891699893,0.6122956100014134,1.07421875
SC4011,811,24330.0,24360.0,Sleep stage 3,N3,4.4516520875031423e-10,2.6200662810123775e-11,3.5405370180217586e-12,2.5868374241487274e-12,0.9322963465495435,0.05487127415825406,0.007414842089729617,0.005417537202473009,0.6015700835007832,1.07421875
SC4011,812,24360.0,24390.0,Sleep stage 3,N3,4.2178850966107606e-10,2.6040025472378685e-11,4.643709610373396e-12,4.221274723659155e-12,0.9235701661650221,0.05701860079543456,0.010168109273343846,0.009243123766199344,0.599484784441484,1.07421875
SC4011,813,24390.0,24420.0,Sleep stage 3,N3,4.229536831197151e-10,2.9093118261210942e-11,5.310560286678781e-12,2.038650696021138e-12,0.9206733879634427,0.06332906137239791,0.011559874582618949,0.004437676081540481,0.561778073794865,1.171875
SC4011,814,24420.0,24450.0,Sleep stage 3,N3,4.791234230817501e-10,2.9533444478068626e-11,5.723562284941247e-12,2.7989701337797174e-12,0.9264162940396142,0.0571048353420382,0.01106687985866944,0.005411990759678093,0.6029594981292401,1.171875
SC4011,815,24450.0,24480.0,Sleep stage 3,N3,3.969091223135903e-10,2.749128938049212e-11,4.149822640588929e-12,1.90750892656593e-12,0.9220629168069422,0.06386524533677197,0.009640487842427948,0.004431350013857914,0.5659769189454809,1.171875
SC4011,816,24480.0,24510.0,Sleep stage 3,N3,5.080240865841946e-10,3.0935442345797386e-11,4.1957805565119814e-12,3.817543199130073e-12,0.9287921403956316,0.056557546126657865,0.007670911885134187,0.006979401592576221,0.5844319890422092,1.171875
SC4011,817,24510.0,24540.0,Sleep stage 3,N3,5.912190154622469e-10,3.016744373009331e-11,4.992180691012977e-12,2.4642633796058113e-12,0.9401696550831883,0.04797294137146108,0.007938676997242712,0.003918726548107909,0.5718738909116705,1.171875
SC4011,818,24540.0,24570.0,Sleep stage 3,N3,3.1911554032524237e-10,2.1928985192299816e-11,5.258767149714563e-12,3.0660555808583304e-12,0.9134045156663626,0.06276734150337164,0.015052170936243357,0.00877597189402225,0.6132897987854431,0.5859375
SC4011,819,24570.0,24600.0,Sleep stage 3,N3,4.088866074887335e-10,3.5600945165302696e-11,3.994148755506424e-12,2.5930942665341726e-12,0.90647185657068,0.07892470496371568,0.008854737160651908,0.00574870130495234,0.6117461149682643,1.26953125
SC4011,820,24600.0,24630.0,Sleep stage 3,N3,4.88802210345346e-10,3.027886973273029e-11,4.065080703327176e-12,2.38877416243842e-12,0.9301041240913489,0.057615331958789505,0.00773512935683632,0.004545414593025452,0.600539450564335,0.9765625
SC4011,821,24630.0,24660.0,Sleep stage 3,N3,5.383525731470929e-10,3.06026770538721e-11,3.3114888666559204e-12,3.3717703141971663e-12,0.9352268209526725,0.05316301212498189,0.0057527229549186164,0.005857443967426939,0.5577434532399249,1.3671875
SC4011,822,24660.0,24690.0,Sleep stage 3,N3,5.54308741075484e-10,4.0375784717260074e-11,5.098849338093942e-12,3.108215745947551e-12,0.919416939070841,0.06697022371557969,0.008457323696750658,0.005155513516828574,0.6147945560798072,1.26953125
SC4011,823,24690.0,24720.0,Sleep stage 3,N3,5.245090905300044e-10,2.7051301457411147e-11,3.919028761309294e-12,2.8386843590523115e-12,0.9394448894483796,0.04845141364740303,0.00701934743913198,0.005084349465085564,0.6073175564417874,1.171875
SC4011,824,24720.0,24750.0,Sleep stage 2,N2,3.859149361027718e-10,2.5259944131580226e-11,4.783948422419809e-12,2.9391884512706686e-12,0.9212622651379997,0.060300939846810404,0.011420317659765691,0.007016477355424175,0.5825951492081906,0.5859375
SC4011,825,24750.0,24780.0,Sleep stage 3,N3,4.5121915315459544e-10,2.366796132001167e-11,4.60241468377855e-12,3.353393493313318e-12,0.9345050574140538,0.049017931525289576,0.009531908759276822,0.006945102301379914,0.6032293029393125,1.3671875
SC4011,826,24780.0,24810.0,Sleep stage 3,N3,5.366947795840671e-10,2.657295628149855e-11,4.455147618160018e-12,2.8478730472205966e-12,0.9406279123857588,0.04657258714600333,0.007808229859600913,0.004991270608636836,0.5794429961219243,1.171875
SC4011,827,24810.0,24840.0,Sleep stage 3,N3,4.651067837749905e-10,2.6135695961891857e-11,4.0073828758939996e-12,2.338108317113607e-12,0.9347227243170715,0.05252477448972409,0.008053616867797311,0.004698884325407147,0.6044683738227231,1.07421875
SC4011,828,24840.0,24870.0,Sleep stage 3,N3,7.012267416428767e-10,2.4257623962240104e-11,6.260135506271069e-12,3.3734764456358636e-12,0.9538968751291107,0.03299827334226555,0.008515824258678893,0.004589027269944816,0.5756911249741067,1.171875
SC4011,829,24870.0,24900.0,Sleep stage 3,N3,7.125390661837522e-10,2.5849711371711342e-11,3.828141237447406e-12,3.2705677135743753e-12,0.955802852604359,0.03467490982692231,0.005135084500729716,0.004387153067989054,0.5348901489415487,1.171875
SC4011,830,24900.0,24930.0,Sleep stage 3,N3,5.72415671566614e-10,3.1942940612357296e-11,4.027857274187061e-12,2.025384633708111e-12,0.9377532034054414,0.05233014463675791,0.006598589537898889,0.003318062419901633,0.5664475552356601,1.3671875
SC4011,831,24930.0,24960.0,Sleep stage 3,N3,4.1213269522928497e-10,3.716570506980966e-11,4.907155547225949e-12,3.5056295955738798e-12,0.9004208512653977,0.08119903172986313,0.010721074125571927,0.007659042879167113,0.6254312118723245,1.171875
SC4011,832,24960.0,24990.0,Sleep stage 3,N3,4.510606425654588e-10,2.7119953146519553e-11,4.174297967143447e-12,2.107067460049868e-12,0.9310548169867197,0.05597953053475913,0.008616358562657706,0.004349293915863437,0.5698427608809539,1.26953125
SC4011,833,24990.0,25020.0,Sleep stage 3,N3,6.899646702906327e-10,2.7828058402560256e-11,3.7993001760448445e-12,2.635228129591884e-12,0.9526908351251792,0.038424483659837215,0.005246005503561135,0.003638675711422641,0.563008508304415,1.171875
SC4011,834,25020.0,25050.0,Sleep stage 3,N3,6.095230587774756e-10,3.07346927227539e-11,4.016542135408131e-12,1.715408067681479e-12,0.9435491884318128,0.04757768218551151,0.006217656604768586,0.0026554727779070806,0.5707530323724653,1.07421875
SC4011,835,25050.0,25080.0,Sleep stage 3,N3,5.064510398381455e-10,3.052552098895956e-11,5.442401631293158e-12,2.3756463348436203e-12,0.9296183032353603,0.05603124644822701,0.009989822849657888,0.004360627466754568,0.614069975489286,1.46484375
SC4011,836,25080.0,25110.0,Sleep stage 3,N3,4.1009481934388984e-10,2.5120008347713588e-11,4.340635820890536e-12,2.6847894898187416e-12,0.9273122845779153,0.05680172299372808,0.009815107945110181,0.006070884483246488,0.5886016220751132,1.171875
SC4011,837,25110.0,25140.0,Sleep stage 4,N3,6.943369360399395e-10,2.4236958064109742e-11,3.2524730756921445e-12,2.2304779702460424e-12,0.9589536245543103,0.03347383320309483,0.004492013434412596,0.003080528808182183,0.5849671880495549,1.3671875
SC4011,838,25140.0,25170.0,Sleep stage 3,N3,5.331338753627796e-10,2.5006215715750697e-11,4.1311084117328635e-12,3.1432099716993655e-12,0.9429081863514932,0.044226350261476595,0.007306337338774134,0.005559126048256153,0.5792574141165395,1.26953125
SC4011,839,25170.0,25200.0,Sleep stage 3,N3,5.75240314247746e-10,2.383330820893436e-11,4.60466673993589e-12,2.1861862065956727e-12,0.9494537765478244,0.03933768883391444,0.007600159651003495,0.0036083749672577072,0.5727425846572934,1.26953125
SC4011,840,25200.0,25230.0,Sleep stage 3,N3,5.577802845278117e-10,2.0451806900204304e-11,2.814277337538313e-12,1.3761497031559576e-12,0.9576901078521358,0.03511506896054714,0.004832020137094863,0.0023628030502221885,0.5749992668614188,1.46484375
SC4011,841,25230.0,25260.0,Sleep stage 3,N3,4.812698496318791e-10,2.4605916336846923e-11,3.475232374560628e-12,2.2949479777614097e-12,0.9406306315771952,0.048091686279885394,0.006792260154798503,0.0044854219881210085,0.5933693975981019,1.26953125
SC4011,842,25260.0,25290.0,Sleep stage 4,N3,7.170709655666236e-10,2.7843731714945777e-11,3.87212245432026e-12,1.244732422238076e-12,0.9560543999826888,0.037123413854828785,0.005162612750328545,0.0016595734121538012,0.5519842499753019,1.171875
SC4011,843,25290.0,25320.0,Sleep stage 3,N3,8.384529394101269e-10,2.8523914845936102e-11,4.82976365067339e-12,2.049597539602256e-12,0.9594861541173237,0.032641428122551,0.005526954624001269,0.002345463136124042,0.5248770758765533,1.171875
SC4011,844,25320.0,25350.0,Sleep stage 3,N3,5.328152896734094e-10,2.5071628613833688e-11,4.753114918025693e-12,2.7086991908564444e-12,0.9424542041779612,0.0443471917016109,0.008407403511599824,0.004791200608827984,0.5945253525949962,1.07421875
SC4011,845,25350.0,25380.0,Sleep stage 3,N3,6.128127260554183e-10,3.8784848349320015e-11,3.874561634850332e-12,5.060299328656715e-12,0.927755691079389,0.05871755310198742,0.0058658158591262406,0.007660939959497386,0.6005316967587898,1.26953125
SC4011,846,25380.0,25410.0,Sleep stage 4,N3,5.595727985251315e-10,2.2826278090692073e-11,3.5581263156389075e-12,1.038760751182056e-12,0.9532821912684579,0.03888660144694445,0.006061585659492857,0.001769621625104828,0.5290043519274631,1.171875
SC4011,847,25410.0,25440.0,Sleep stage 4,N3,5.529147251404979e-10,2.375492482885456e-11,4.779355996747506e-12,3.3131235348692986e-12,0.9455378473505976,0.04062322717294774,0.008173162651326556,0.005665762825128037,0.5703770757514735,1.171875
SC4011,848,25440.0,25470.0,Sleep stage 3,N3,5.022167209213716e-10,2.2275061520406444e-11,4.285275963055259e-12,2.3975300989890026e-12,0.9454833340879176,0.04193548035336061,0.008067547009591974,0.0045136385491297846,0.5604120787438918,1.26953125
SC4011,849,25470.0,25500.0,Sleep stage 3,N3,5.402572545092913e-10,2.2872941301607702e-11,4.025382615854759e-12,2.1631724791944735e-12,0.9489539096500653,0.04017598448182207,0.007070525271562247,0.003799580596550263,0.5473463246215339,1.07421875
SC4011,850,25500.0,25530.0,Sleep stage 4,N3,6.898359364169693e-10,3.093889980777199e-11,3.8511388250731116e-12,1.8752426151008674e-12,0.949531700214084,0.0425861637330964,0.005300939257130571,0.002581196795689043,0.5575074174876186,1.171875
SC4011,851,25530.0,25560.0,Sleep stage 3,N3,5.017198260084631e-10,2.7237367554114524e-11,4.85403802638875e-12,2.7543204481294003e-12,0.9350578398178205,0.05076242306407225,0.00904649582508637,0.005133241293020949,0.5732581942723409,1.26953125
SC4011,852,25560.0,25590.0,Sleep stage 3,N3,6.638081826008526e-10,2.6364364626649694e-11,5.167290347667529e-12,1.9197202432087676e-12,0.9520245010019075,0.03781140657166446,0.007410856243886009,0.00275323618254196,0.5817642684430282,1.171875
SC4011,853,25590.0,25620.0,Sleep stage 3,N3,6.11851053815553e-10,3.273731520643691e-11,3.195674907232645e-12,2.539612999127615e-12,0.9408408371694281,0.05034003431624164,0.004913976099726494,0.003905152414603638,0.584703859337967,1.3671875
SC4011,854,25620.0,25650.0,Sleep stage 3,N3,5.417505348090015e-10,2.0840969821667007e-11,4.971374185119943e-12,2.63358719041949e-12,0.950112052786913,0.0365505068238008,0.00871870395819994,0.004618736431086223,0.5769771438220961,0.5859375
SC4011,855,25650.0,25680.0,Sleep stage 4,N3,4.888713846873349e-10,2.706481671447941e-11,4.472738232268132e-12,3.53636036449002e-12,0.9330580590925558,0.05165580589147979,0.008536651120413368,0.006749483895551033,0.5587284352518042,1.171875
SC4011,856,25680.0,25710.0,Sleep stage 3,N3,5.285489445806259e-10,1.8257260487032214e-11,3.509357069036858e-12,1.7796170487121682e-12,0.9573511316662415,0.03306904529391114,0.00635643490713823,0.003223388132709141,0.5950194388903974,1.171875
SC4011,857,25710.0,25740.0,Sleep stage 2,N2,4.1245786998928296e-10,1.8998444986256982e-11,2.2415057267619005e-12,1.7722264335309376e-12,0.9471555453746929,0.04362744375006565,0.005147324693178553,0.004069686182062806,0.5945434060866307,0.9765625
SC4011,858,25740.0,25770.0,Sleep stage 2,N2,1.85586545355433e-10,4.795221340620594e-12,1.4062905330033494e-12,1.9589868407744034e-12,0.9578806543677791,0.024749907094800756,0.007258384455643548,0.010111054081776519,0.4359966561884203,0.5859375
SC4011,859,25770.0,25800.0,Sleep stage 2,N2,5.4099850862487825e-11,3.37594246723441e-12,1.1958708242710411e-12,1.307569317971838e-12,0.9019763629986141,0.056285188586352286,0.01993808114987003,0.02180036726516368,0.5628510235977431,0.5859375
SC4011,860,25800.0,25830.0,Sleep stage W,W,2.608680140914435e-10,6.69341037276351e-12,2.3706700822739485e-12,4.245803703518836e-12,0.9514552987548976,0.024412654759868178,0.008646466755363095,0.015485579729871022,0.5304883330253394,1.07421875
SC4011,861,25830.0,25860.0,Sleep stage W,W,4.0762157004860476e-11,3.9038227099879375e-12,1.3036041252327863e-12,2.120892420509318e-12,0.8476139180651971,0.08117662817132604,0.027107324081568143,0.044102129681908776,0.6175835262273272,0.5859375
SC4011,862,25860.0,25890.0,Sleep stage W,W,3.9438303498762914e-11,3.9025325710257096e-12,1.9259631359004526e-12,5.346105070440102e-12,0.7792143933017376,0.07710548578154368,0.038052808141436856,0.10562731277528196,0.7259295706265334,0.5859375
SC4011,863,25890.0,25920.0,Sleep stage W,W,4.546529927997547e-10,1.1443759606869732e-11,2.302863746019913e-12,2.3847201523366593e-12,0.9657351737064246,0.024307859723387854,0.004891547080971877,0.005065419489215551,0.48541354311157403,0.5859375
SC4011,864,25920.0,25950.0,Sleep stage W,W,1.0890596875471541e-09,2.0014472867918282e-11,3.059227098239859e-12,2.814886262737852e-12,0.9767804598313626,0.01795103265206581,0.002743828722994498,0.0025246787935771574,0.46016301382509495,1.07421875
SC4011,865,25950.0,25980.0,Sleep stage W,W,5.4953670532292366e-11,3.826247335716899e-12,1.325390233343655e-12,2.4143070390860364e-12,0.8789828665587421,0.06120074999057384,0.02119959040640936,0.03861679304427473,0.6088789872992834,0.5859375
SC4011,866,25980.0,26010.0,Sleep stage W,W,4.050572558802745e-11,3.790296213525583e-12,1.479640763852157e-12,2.4895479192617064e-12,0.8392323410854178,0.07853060569848132,0.030656465578290923,0.05158058763780999,0.5427348267284292,0.5859375
SC4011,867,26010.0,26040.0,Sleep stage W,W,6.005151654861834e-11,3.85014693123682e-12,1.0100056679277964e-12,1.9456796284266494e-12,0.8982036776484766,0.057587490406243114,0.015106875854568661,0.0291019560907117,0.4868147765932217,0.5859375
SC4011,868,26040.0,26070.0,Sleep stage W,W,3.736440904729996e-11,3.493548355667861e-12,1.2170729182140488e-12,2.4758624548972696e-12,0.8386904665435156,0.07841702237544527,0.027318709960118596,0.055573801120920356,0.6153953396907115,0.5859375
SC4011,869,26070.0,26100.0,Sleep stage 1,N1,2.2419468260327877e-11,2.7049408890191965e-12,1.4887574813864183e-12,1.5899072557791849e-12,0.7949299551723457,0.09590943525885516,0.05278706453690406,0.05637354503189502,0.6499153844153792,1.07421875
SC4011,870,26100.0,26130.0,Sleep stage 1,N1,8.166500707536734e-11,6.518461729218771e-12,1.3005457693961419e-12,1.9320829276172145e-12,0.8933328954885488,0.0713054036145518,0.01422666034691961,0.02113504054997983,0.623279055966834,0.9765625
SC4011,871,26130.0,26160.0,Sleep stage 1,N1,4.2780699542807676e-11,7.921518021680847e-12,1.7284810885361624e-12,2.528198195768843e-12,0.7784126319076,0.14413531704384533,0.031450432735061463,0.04600161831349318,0.7349117832482351,1.85546875
SC4011,872,26160.0,26190.0,Sleep stage 2,N2,1.6923943330175834e-10,1.270371238570573e-11,2.038861626951188e-12,1.8974536201587565e-12,0.9104794712167116,0.0683438198165272,0.010968730039887667,0.010207978926873603,0.6576741540306568,2.24609375
SC4011,873,26190.0,26220.0,Sleep stage 2,N2,1.702036713669877e-10,1.4034494449551282e-11,2.076741765203827e-12,2.6043412991719087e-12,0.9009334537121498,0.07428832441737014,0.010992748370034552,0.01378547350044545,0.6599358056626531,2.734375
SC4011,874,26220.0,26250.0,Sleep stage 2,N2,6.586154397571467e-10,3.296708774798726e-11,5.039672396377714e-12,3.3564371489961935e-12,0.9409079147505804,0.04709727697819509,0.007199751720442963,0.004795056550781571,0.6299241398696989,3.02734375
SC4011,875,26250.0,26280.0,Sleep stage 2,N2,1.6620809881114105e-10,1.1766706409277361e-11,2.349637313347181e-12,3.3953405965543936e-12,0.9046826421150456,0.06404702971443611,0.012789244975760105,0.018481083194758288,0.6800862336882338,1.171875
SC4011,876,26280.0,26310.0,Sleep stage 2,N2,3.5165078134552376e-10,2.8369648978481946e-11,9.33978407537055e-12,5.38981203577642e-12,0.8908188924549469,0.07186737702003004,0.023659996073248743,0.013653734451774199,0.6615128579904798,2.83203125
SC4011,877,26310.0,26340.0,Sleep stage 2,N2,1.7950375257778327e-10,1.780748649315393e-11,6.808019871686528e-12,5.734467734368746e-12,0.8553755771708359,0.08485666075667682,0.03244173920325682,0.027326022869230512,0.6859074407068667,2.24609375
SC4011,878,26340.0,26370.0,Sleep stage 2,N2,2.8569382916917165e-10,1.6053880896971966e-11,3.903512718187204e-12,2.3089129781642653e-12,0.9276974387019504,0.05212973704282633,0.012675383158025588,0.007497441097197542,0.6254772549694835,2.9296875
SC4011,879,26370.0,26400.0,Sleep stage 2,N2,1.8384929778752438e-10,2.669148100040013e-11,9.885219597168852e-12,8.078602865230714e-12,0.8045759113013207,0.1168093808805186,0.043260483784918244,0.03535422403324256,0.6980561416623947,1.26953125
SC4011,880,26400.0,26430.0,Sleep stage 2,N2,1.3148447401896147e-10,1.7820527997390016e-11,3.75719215226913e-12,5.756477227618153e-12,0.8278905298919115,0.11220675655275664,0.02365711864504434,0.036245594910287615,0.7035204312053069,0.5859375
SC4011,881,26430.0,26460.0,Sleep stage 2,N2,1.60824136236405e-10,3.889977498134409e-11,9.024158909058715e-12,1.0029497554565462e-11,0.7351034109247827,0.17780513511329257,0.04124809963241507,0.045843354329509596,0.7345919901854282,2.9296875
SC4011,882,26460.0,26490.0,Sleep stage 2,N2,8.21727103825142e-11,7.075138031954624e-12,1.1135265972177202e-11,4.833779839810946e-12,0.7809839948863623,0.06724336508856547,0.10583154021074706,0.0459410998143251,0.714917211224917,1.171875
SC4011,883,26490.0,26520.0,Sleep stage 2,N2,1.208724496518016e-10,7.703008322198747e-12,1.3113588497965983e-12,1.5338456783324828e-12,0.91973702879365,0.05861337308411402,0.009978330841052867,0.011671267281182892,0.6467162445367938,1.953125
SC4011,884,26520.0,26550.0,Sleep stage 2,N2,1.4492038132277382e-10,2.3292453368386994e-11,6.232592109988406e-12,1.1202544482487523e-11,0.7806192565463671,0.12546570375821836,0.03357209920956327,0.0603429404858513,0.7195370383796318,1.171875
SC4011,885,26550.0,26580.0,Sleep stage 2,N2,1.1617077375651741e-10,1.0972607963618012e-11,4.244902401199693e-12,2.9728357265605203e-12,0.864615998199697,0.08166505292631993,0.031593234754258986,0.022125714119724055,0.6866015177715719,1.953125
SC4011,886,26580.0,26610.0,Sleep stage 2,N2,1.011069992313773e-10,1.7953821277971995e-11,5.843603401571495e-12,4.225699379072125e-12,0.7829853844739006,0.1390366617838066,0.0452536035178118,0.032724350224480885,0.7143346159006082,1.26953125
SC4011,887,26610.0,26640.0,Sleep stage 2,N2,2.449998287472985e-10,1.1289410401673686e-11,9.096580180986139e-12,2.3870274046835817e-12,0.9149539683913095,0.042160400277109836,0.03397125695123482,0.008914374380345903,0.5476648698952953,1.171875
SC4011,888,26640.0,26670.0,Sleep stage 2,N2,1.1018911718385482e-10,9.44177119193682e-12,5.180541112455974e-12,4.353430402757674e-12,0.8530889692199334,0.07309860592040421,0.040107976092162614,0.03370444876749977,0.6851852667983485,0.5859375
SC4011,889,26670.0,26700.0,Sleep stage 2,N2,1.2248732572709213e-10,7.244466847828378e-12,2.2595651375847733e-12,2.049652469602957e-12,0.9138048539076267,0.05404664466483831,0.016857267298380742,0.015291234129154185,0.6237973470155582,1.953125
SC4011,890,26700.0,26730.0,Sleep stage 2,N2,1.1197751575607922e-10,1.0601252482746753e-11,1.9225812776171696e-12,2.8015869332383972e-12,0.8796145546912821,0.08327578906192051,0.015102411077352482,0.02200724516944484,0.6379749032025075,1.07421875
SC4011,891,26730.0,26760.0,Sleep stage 2,N2,1.0309663139440386e-10,6.302325345885164e-12,1.5117745641030986e-12,1.5807880266329212e-12,0.916483589229734,0.05602489310629293,0.01343900920792482,0.01405250845604804,0.6137572421051993,2.05078125
SC4011,892,26760.0,26790.0,Sleep stage 2,N2,1.139393116949486e-10,3.8260283662986e-11,8.468112498213007e-12,1.283939265164927e-11,0.6566838553666483,0.22051134248114934,0.04880556745764117,0.07399923469456114,0.760593489380249,1.85546875
SC4011,893,26790.0,26820.0,Sleep stage 2,N2,5.654295122397344e-11,8.469818463155142e-12,1.6843660548830004e-12,1.9811579706865565e-12,0.8233016309419324,0.12332598853703222,0.024525449946808636,0.02884693057422675,0.6903140816091126,1.171875
SC4011,894,26820.0,26850.0,Sleep stage 2,N2,3.4825525017701445e-11,2.7991170197343175e-12,1.176510493628349e-12,2.591529171795228e-12,0.8413449814075649,0.06762347604893063,0.028423152239181387,0.06260839030432302,0.6825061772750965,0.9765625
SC4011,895,26850.0,26880.0,Sleep stage W,W,8.309784532922531e-10,2.2306280320317314e-11,2.7700983654072086e-12,2.8289222427173804e-12,0.9675098046839161,0.025971244898626403,0.003225230832222048,0.003293719585235598,0.5289711962454472,1.07421875
SC4011,896,26880.0,26910.0,Sleep stage W,W,9.992881936296385e-11,4.336040754707145e-12,2.4987241983324092e-12,4.638443278056087e-12,0.897010777282231,0.038922458130720455,0.02242979102173589,0.04163697356531266,0.49941119162706143,0.5859375
SC4011,897,26910.0,26940.0,Sleep stage W,W,1.3174205465206134e-10,3.849700857959671e-12,1.4974148637952137e-12,2.245827234231121e-12,0.9455058450042456,0.027629101977587646,0.01074686826354623,0.01611818475462056,0.5510193228210064,0.5859375
SC4011,898,26940.0,26970.0,Sleep stage W,W,1.1993363286985377e-10,4.202562163011948e-12,1.0954135703401306e-12,1.2364087383494622e-12,0.9483317236321182,0.03323023679308567,0.008661585698633354,0.009776453876162716,0.5635752164366331,1.07421875
SC4011,899,26970.0,27000.0,Sleep stage 1,N1,1.1771016349296233e-11,1.7896177466729024e-12,1.3460367825473732e-12,1.3947253088020503e-12,0.7220863914989889,0.1097830962519094,0.08257187096615096,0.08555864128295079,0.701898675730595,0.5859375
SC4011,900,27000.0,27030.0,Sleep stage 1,N1,1.472098184535766e-11,2.713290924983538e-12,1.019777009636559e-12,2.126549183247648e-12,0.7152844225603907,0.13183731580561878,0.04955040479913898,0.10332785683485149,0.7499923196377464,0.9765625
SC4011,901,27030.0,27060.0,Sleep stage 1,N1,2.1720297748595786e-11,3.3033906725868097e-12,1.535683201397981e-12,1.7226024014146428e-12,0.7679908669093494,0.11680198382843152,0.05429901039068435,0.06090813887153488,0.7134393577407898,0.9765625
SC4011,902,27060.0,27090.0,Sleep stage 1,N1,1.227686658775318e-11,2.433295869374199e-12,1.2839769593854673e-12,1.908791225856378e-12,0.6857461961394549,0.13591606413396592,0.07171881436812345,0.10661892535845598,0.7585935292712663,1.171875
SC4011,903,27090.0,27120.0,Sleep stage 1,N1,2.3308188056973524e-11,3.997811028271238e-12,1.3734062403761451e-12,1.868249367180971e-12,0.7630107218170751,0.13087129170715894,0.04495946592913952,0.061158520546626356,0.7213400330300405,0.9765625
SC4011,904,27120.0,27150.0,Sleep stage 1,N1,1.7802825862266995e-11,3.4818056624822326e-12,1.0611521524909749e-12,1.3908513304087475e-12,0.7500147285632597,0.14668488862723159,0.044705247906833744,0.05859513490267496,0.729092710811834,0.9765625
SC4011,905,27150.0,27180.0,Sleep stage 1,N1,3.291218300066357e-11,3.872209602471e-12,1.3637532554965802e-12,2.457824674801529e-12,0.8105257076312343,0.09536059726199228,0.03358504273093885,0.06052865237583458,0.7086033684954083,0.5859375
SC4011,906,27180.0,27210.0,Sleep stage 2,N2,9.241477005883381e-11,1.5418925285972235e-11,2.2204713993992655e-12,2.0677597407529127e-12,0.8242345895763017,0.13751926825874483,0.01980407819426073,0.01844206397069278,0.6886396119671225,1.953125
SC4011,907,27210.0,27240.0,Sleep stage 2,N2,9.843015750591622e-11,1.0956217131113133e-11,2.6875284879228867e-12,4.176543441075811e-12,0.846707779741816,0.09424666704303979,0.02311843581948239,0.03592711739566191,0.6817863984599936,1.07421875
SC4011,908,27240.0,27270.0,Sleep stage 2,N2,6.024075803045644e-11,1.3431384508808687e-11,2.5640060814335667e-12,2.6183159372941223e-12,0.7639486028866876,0.17033131331366397,0.032515674233611604,0.03320440956603674,0.733540990954464,1.7578125
SC4011,909,27270.0,27300.0,Sleep stage 2,N2,1.7521094735561993e-10,2.8543229478535043e-11,7.118849205554252e-12,7.054959687908579e-12,0.8039855311406001,0.13097551185651962,0.03266606251503607,0.03237289448784416,0.7074186450780512,1.5625
SC4011,910,27300.0,27330.0,Sleep stage 2,N2,1.683474746578783e-10,3.912536433007102e-11,7.310642993552297e-12,9.649533126384602e-12,0.7501012031449682,0.17432980754308022,0.03257383050367179,0.042995158808279685,0.7068745189386162,1.953125
SC4011,911,27330.0,27360.0,Sleep stage 2,N2,1.8567288141747445e-11,2.2163968364559243e-12,7.672097616254415e-13,1.7013230057754675e-12,0.7985168702997159,0.09531980393031213,0.032995122014564775,0.07316820375540713,0.6652322244150489,1.07421875
SC4011,912,27360.0,27390.0,Sleep stage 2,N2,2.5341890346040587e-11,3.749295636932511e-12,1.1073603448817103e-12,2.933237120260447e-12,0.7648815641248613,0.11316310945965075,0.03342290180713782,0.08853242460835015,0.7343886822363123,0.9765625
SC4011,913,27390.0,27420.0,Sleep stage W,W,1.0912613614746951e-10,2.789054655063541e-12,1.262148998171126e-12,2.6094705968007155e-12,0.9424746719667916,0.02408784425003595,0.01090062843805847,0.022536855345114053,0.5484356068198659,0.5859375
SC4011,914,27420.0,27450.0,Sleep stage 1,N1,5.3713279227935434e-11,2.0594234327257188e-12,1.1116085177038614e-12,1.4545302961089047e-12,0.9207121339808848,0.03530106839071901,0.019054346805811084,0.024932450822585023,0.5759687786739601,1.26953125
SC4011,915,27450.0,27480.0,Sleep stage 1,N1,2.29059447042934e-11,3.6171297552586022e-12,1.1066619636702327e-12,1.2558249978598423e-12,0.7929894236909495,0.1252227610372373,0.0383119423416343,0.0434758729301789,0.6780481946278623,0.9765625
SC4011,916,27480.0,27510.0,Sleep stage 1,N1,1.5623307687585602e-11,3.139712744696347e-12,1.1442599921126311e-12,2.1362386803674496e-12,0.7087483451864327,0.14243246415306166,0.051909134230089346,0.09691005643041638,0.6967735312857303,1.07421875
SC4011,917,27510.0,27540.0,Sleep stage 2,N2,1.0467516415538817e-10,1.9442633906410984e-11,2.332005539818643e-12,1.6424744143148776e-12,0.817185592892401,0.15178615141806306,0.018205668412959123,0.012822587276577124,0.6868781149177243,1.85546875
SC4011,918,27540.0,27570.0,Sleep stage 2,N2,1.0195190987169521e-10,7.944209377155792e-12,1.889240022822573e-12,2.197042904703427e-12,0.894453072799205,0.06969680604610244,0.01657483950811242,0.019275281646580062,0.6738852232309371,2.9296875
SC4011,919,27570.0,27600.0,Sleep stage 2,N2,4.868609799786016e-11,7.942940307514236e-12,2.4216324782871058e-12,3.0934950122872547e-12,0.7834379522885809,0.12781473861271214,0.038967977882888805,0.04977933121581822,0.732155267717597,1.171875
SC4011,920,27600.0,27630.0,Sleep stage 2,N2,1.2967640664897222e-10,1.1181198613287969e-11,3.9145178621709196e-12,5.798914665577747e-12,0.861230742327904,0.07425862753819644,0.02599781418542276,0.038512815948476734,0.6570931320043542,1.953125
SC4011,921,27630.0,27660.0,Sleep stage 2,N2,2.373719222715162e-10,2.3635169598911707e-11,8.58065295665282e-12,6.584079346453453e-12,0.8595081086996121,0.0855813936473853,0.0310699796488331,0.02384051800416942,0.6856755905365383,1.171875
SC4011,922,27660.0,27690.0,Sleep stage 2,N2,5.6613592881794215e-11,1.0135948489788128e-11,4.920817328183422e-12,3.4330194209947554e-12,0.7538088738267387,0.13495995444426337,0.06552058577539777,0.04571058595360013,0.7489328202925494,1.46484375
SC4011,923,27690.0,27720.0,Sleep stage 2,N2,1.0892375679656502e-10,1.2069993015844773e-11,2.6118709929163823e-12,3.873068017383907e-12,0.8544467926560636,0.09468243772597171,0.02048868730167769,0.030382082316286953,0.698361753132717,1.07421875
SC4011,924,27720.0,27750.0,Sleep stage 2,N2,1.4121871515639007e-10,1.6852868281109728e-11,5.289211412842812e-12,7.273151563211994e-12,0.8276120791001766,0.09876621056553722,0.03099741595393737,0.04262429438034868,0.6778232792453652,2.05078125
SC4011,925,27750.0,27780.0,Sleep stage 2,N2,1.387992543533715e-10,3.841114044324411e-11,1.1128876694524534e-11,1.3503422746885193e-11,0.687660531273383,0.19030235693320327,0.05513638596896986,0.06690072582444388,0.7491508665513971,1.171875
SC4011,926,27780.0,27810.0,Sleep stage 2,N2,1.0830599823541081e-10,1.9172279673544994e-11,7.215363573420088e-12,6.7814857653213386e-12,0.7655479824788333,0.13551696362836854,0.051000933618439506,0.04793412027435883,0.7230398810324171,1.953125
SC4011,927,27810.0,27840.0,Sleep stage 1,N1,6.235930890405367e-11,6.96062579655064e-12,1.3232217207724118e-11,4.3447927928236925e-12,0.7176237221977597,0.08010207747221697,0.15227482684496135,0.0499993734850621,0.7198089244687362,0.9765625
SC4011,928,27840.0,27870.0,Sleep stage 2,N2,9.061393144210424e-11,7.377168386273038e-12,1.6960720842521257e-12,2.4631066327993984e-12,0.8870649471778576,0.07221877895313056,0.016603695148005294,0.02411257872100655,0.663813952563383,1.171875
SC4011,929,27870.0,27900.0,Sleep stage 2,N2,1.0024466051162909e-10,2.126141776107597e-11,3.5552194291892925e-12,5.065564646352209e-12,0.7703610054267929,0.16338992101550864,0.027321180001057627,0.03892789355664093,0.7177674491197505,1.953125
SC4011,930,27900.0,27930.0,Sleep stage 2,N2,8.613602562023501e-11,2.2128271516710667e-11,5.291682855734467e-12,3.5197890654482564e-12,0.7357288900444314,0.18900812435170872,0.04519878791577387,0.030064197688085843,0.7324658076956133,1.07421875
SC4011,931,27930.0,27960.0,Sleep stage 2,N2,1.1786231033880312e-10,1.6733914716742266e-11,8.91756489110681e-12,8.920250181615121e-12,0.7732020370228762,0.10977806992887763,0.05850113848326153,0.05851875456498482,0.7309727105336226,1.171875
SC4011,932,27960.0,27990.0,Sleep stage 2,N2,9.182364593203576e-11,1.2778007978934996e-11,1.0857173095505971e-11,3.2070279372858135e-12,0.773800062162383,0.10768057909320823,0.09149365755339936,0.027025701191009582,0.7261032150910368,1.171875
SC4011,933,27990.0,28020.0,Sleep stage 2,N2,2.283384944225807e-10,1.6002325034868152e-11,1.2826668857788541e-11,7.765926381983444e-12,0.8618712542679351,0.06040130895967355,0.04841468892267704,0.029312747849714365,0.6798835960776385,3.02734375
SC4011,934,28020.0,28050.0,Sleep stage 2,N2,1.0263975468653186e-10,1.4724732009296915e-11,7.541151599078346e-12,5.3486910570898726e-12,0.7879949572283313,0.11304600839412456,0.05789559269618802,0.041063441681356054,0.7159885302475002,1.953125
SC4011,935,28050.0,28080.0,Sleep stage 2,N2,1.2267966164141238e-10,2.062453149420373e-11,6.692791007272748e-12,6.475036195167675e-12,0.7840357744238489,0.1318097091712921,0.04277308488005093,0.04138143152480816,0.6775159108028057,1.26953125
SC4011,936,28080.0,28110.0,Sleep stage 2,N2,1.6746623128206535e-10,8.58699101111739e-12,4.485484527490722e-12,3.064716340135786e-12,0.9121084367549611,0.04676923154965616,0.024430288119204106,0.016692043576178595,0.6533048221613997,0.5859375
SC4011,937,28110.0,28140.0,Sleep stage 2,N2,7.60205724457582e-11,1.0951514367046761e-11,3.4586278164857497e-12,2.4645053892033944e-12,0.8183475148734628,0.11789104288537636,0.03723149388953691,0.026529948351623978,0.681410561860554,1.171875
SC4011,938,28140.0,28170.0,Sleep stage 2,N2,1.6355370465604326e-10,1.5466056844658403e-11,1.1339749687131101e-11,5.649423369848976e-12,0.834419640232841,0.07890485645238296,0.05785322854144706,0.02882227477332906,0.6662833761258973,1.26953125
SC4011,939,28170.0,28200.0,Sleep stage 2,N2,1.7694187481708197e-10,2.9320144624468366e-11,9.043309333157079e-12,4.984540041991328e-12,0.8032229342526584,0.13309801663582357,0.041051862174750924,0.02262718693676703,0.6942653670431841,1.171875
SC4011,940,28200.0,28230.0,Sleep stage 2,N2,1.032466524541944e-10,2.5070870270284925e-11,1.070003027776245e-11,6.5025120503261995e-12,0.7095011427935891,0.17228462797366312,0.07352958696037656,0.044684642272371296,0.762794269020626,1.07421875
SC4011,941,28230.0,28260.0,Sleep stage 2,N2,9.409329320501004e-11,1.549475596774267e-11,6.755173262245349e-12,3.730986788904189e-12,0.7836261742898876,0.12904316478861516,0.05625831979995793,0.031072341121539455,0.7140257175052335,1.171875
SC4011,942,28260.0,28290.0,Sleep stage 2,N2,1.221770589801747e-10,3.388664577030874e-11,8.592768709560337e-12,6.724141695741445e-12,0.7128989405780555,0.197727413567198,0.050138510132837946,0.03923513572190875,0.73851799357751,1.171875
SC4011,943,28290.0,28320.0,Sleep stage 2,N2,8.95304747971348e-11,1.1963848519165822e-11,4.568760239184807e-12,3.408573785258768e-12,0.8178415945458835,0.10928717815906312,0.041734640272814816,0.03113658702223861,0.7102014618228357,1.171875
SC4011,944,28320.0,28350.0,Sleep stage 2,N2,3.721610982000704e-10,4.9023853037267896e-11,1.0497542709938876e-11,1.0302855734583122e-11,0.8420213440738495,0.11091737106796665,0.023750883864125754,0.02331040099405803,0.677581510939948,2.24609375
SC4011,945,28350.0,28380.0,Sleep stage 2,N2,7.119484968573519e-11,8.154810679564896e-12,3.3137976187930262e-12,1.832248004841605e-12,0.8425854172407132,0.09651153965898367,0.03921853282375072,0.0216845102765524,0.680640729023275,1.953125
SC4011,946,28380.0,28410.0,Sleep stage 2,N2,2.2794545031938097e-10,2.345669769708763e-11,4.541982134073349e-12,4.69265763491897e-12,0.8745712846453997,0.08999764728682753,0.017426481398366566,0.018004586669406228,0.6633736029016277,2.83203125
SC4011,947,28410.0,28440.0,Sleep stage 2,N2,7.347148704948106e-11,5.061902381200756e-12,2.256040200806e-12,3.095546042906863e-12,0.8758599076748343,0.060343373059424596,0.02689444900792456,0.03690227025781635,0.6285751039755618,1.07421875
SC4011,948,28440.0,28470.0,Sleep stage 2,N2,1.453471371292507e-10,3.3373322207727135e-11,7.879374385633075e-12,5.864394026013642e-12,0.7551903999484363,0.17340013049757833,0.040939422758208555,0.03047004679577684,0.7107414890239359,0.9765625
SC4011,949,28470.0,28500.0,Sleep stage 2,N2,2.417905028374236e-10,1.4031452862295273e-11,4.693723127699717e-12,2.2703978915856168e-12,0.9201039334209816,0.05339496307218375,0.017861384386504968,0.008639719120329735,0.5898590383995992,1.171875
SC4011,950,28500.0,28530.0,Sleep stage 2,N2,3.967485534063517e-10,5.89886765055312e-11,8.693748608513254e-12,7.737186381251073e-12,0.840269596509105,0.12493149875493738,0.018412398917924008,0.016386505818033564,0.6812698331817932,2.24609375
SC4011,951,28530.0,28560.0,Sleep stage 2,N2,2.8489285771685847e-10,3.189828229696636e-11,8.278487068797405e-12,7.515761993407721e-12,0.8566006417429575,0.0959100530110008,0.024891313150575353,0.022597992095466334,0.6909970771353419,1.953125
SC4011,952,28560.0,28590.0,Sleep stage 2,N2,9.971932377528462e-11,1.1296866301546283e-11,2.1032194051824477e-12,3.5259450795709814e-12,0.8548932287109351,0.09684797430644326,0.01803088869751798,0.03022790828510377,0.6896183631008405,0.5859375
SC4011,953,28590.0,28620.0,Sleep stage 2,N2,1.5047343326601662e-10,1.9647908555827404e-11,4.772493025731473e-12,1.972348920020527e-12,0.8507755980291871,0.11108911911417141,0.026983637708848728,0.011151645147792716,0.6562223802362529,1.953125
SC4011,954,28620.0,28650.0,Sleep stage 2,N2,2.7253092746012104e-10,2.388172501529655e-11,4.372067789537791e-12,7.281602483452958e-12,0.8846501786652339,0.07752137527476602,0.014191969282888387,0.023636476777111722,0.6510720673496618,2.9296875
SC4011,955,28650.0,28680.0,Sleep stage 2,N2,5.4807267829900785e-11,1.781472189369308e-11,5.4378655092230396e-12,3.0847211128405113e-12,0.6754273704804904,0.21954297743581067,0.06701452831621144,0.03801512376748758,0.761447754494821,0.5859375
SC4011,956,28680.0,28710.0,Sleep stage 2,N2,6.392207518232712e-11,1.0528000545185428e-11,2.299529782699505e-12,1.542366251353134e-12,0.816457597683183,0.1344710103514572,0.029371207940740374,0.019700184024619326,0.7069927978341254,1.171875
SC4011,957,28710.0,28740.0,Sleep stage R,REM,3.411691018469062e-11,6.7264814002005746e-12,2.486162711704476e-12,3.1907284584079092e-12,0.7333771027223842,0.14459244445321207,0.05344255375225706,0.06858789907214664,0.7281860547184139,1.07421875
SC4011,958,28740.0,28770.0,Sleep stage R,REM,3.361735548912758e-11,7.456420821969602e-12,1.9142027427922374e-12,2.032297384478256e-12,0.7467158833453502,0.16562361255549748,0.04251868034201794,0.04514182375713422,0.7411480880627876,0.9765625
SC4011,959,28770.0,28800.0,Sleep stage R,REM,4.912995055476933e-11,1.0934551056728192e-11,3.142876531406932e-12,2.9557358019156405e-12,0.7425580149650093,0.1652665723358726,0.04750194396878123,0.04467346873033694,0.7343766714312338,0.9765625
SC4011,960,28800.0,28830.0,Sleep stage R,REM,4.9234841696374475e-11,7.92183791053167e-12,1.2854413421912569e-12,1.2358459984928173e-12,0.8250086960839834,0.13274309289873606,0.02153963025114686,0.020708580766133494,0.6826501541171245,0.5859375
SC4011,961,28830.0,28860.0,Sleep stage R,REM,3.140564091532247e-11,7.688365128227284e-12,1.854862935268301e-12,1.1262546601191254e-12,0.7464182680680003,0.18272947203207532,0.04408455103270981,0.0267677088672145,0.7268944072653509,1.953125
SC4011,962,28860.0,28890.0,Sleep stage R,REM,2.0189361545117158e-11,4.004824505097326e-12,1.5546600844784851e-12,3.304656384591018e-12,0.694902844561225,0.1378430880214584,0.05351024660268049,0.11374382081463616,0.7398544522776938,0.9765625
SC4011,963,28890.0,28920.0,Sleep stage R,REM,3.9594745160142103e-11,1.1582589131278349e-11,2.3975117183007694e-12,2.362413128869671e-12,0.7078420675214286,0.20706393751937638,0.04286072923881849,0.042233265720376556,0.7213236710118913,1.07421875
SC4011,964,28920.0,28950.0,Sleep stage R,REM,4.252406682807626e-11,9.047700875834658e-12,1.2709540355011123e-12,1.5198931100576354e-12,0.7822299745114468,0.16643240765529368,0.023379192465638195,0.02795842536762123,0.7120360190658415,1.07421875
SC4011,965,28950.0,28980.0,Sleep stage R,REM,3.3363723037527626e-11,7.858202680813089e-12,1.654365066845127e-12,1.4048666429526338e-12,0.7534519189493145,0.17746154656336044,0.037360474814370145,0.03172605967295496,0.7152516105687666,0.5859375
SC4011,966,28980.0,29010.0,Sleep stage R,REM,1.6237081122216173e-11,5.25615004805702e-12,1.7219887019968738e-12,3.014395710256709e-12,0.6190361833984609,0.20038990016912325,0.06565055048477343,0.11492336594764242,0.8021842488554066,2.05078125
SC4011,967,29010.0,29040.0,Sleep stage R,REM,2.4007122242073022e-11,9.01749481925783e-12,1.7999550361715894e-12,2.592008223751747e-12,0.6416172198514883,0.24100264486585146,0.04810581353820673,0.06927432174445342,0.7709395692026796,0.5859375
SC4011,968,29040.0,29070.0,Sleep stage R,REM,2.5911126193492827e-11,5.8566536575860574e-12,1.8475086141162767e-12,2.284490844056811e-12,0.7217628267373526,0.16313898776744568,0.051462951852746984,0.06363523364245471,0.752789631821301,0.9765625
SC4011,969,29070.0,29100.0,Sleep stage R,REM,3.132950533639516e-11,6.463929532605352e-12,1.1550141879502503e-12,1.2616719257537376e-12,0.7791447668081093,0.1607537946823306,0.028724464381667852,0.03137697412789228,0.7041383576107955,2.05078125
SC4011,970,29100.0,29130.0,Sleep stage R,REM,4.086270574644823e-11,5.074370643426644e-12,1.0203315702602123e-12,1.2222767456494105e-12,0.8481314478494754,0.10532179017803764,0.0211776307066142,0.02536913126587279,0.644798804343953,0.5859375
SC4011,971,29130.0,29160.0,Sleep stage R,REM,2.9013716668655834e-11,5.757358656066039e-12,1.4359087153967362e-12,1.2950415026802554e-12,0.7736573224703338,0.15352127179091976,0.03828883092615938,0.03453257481258713,0.7152203428351992,1.953125
SC4011,972,29160.0,29190.0,Sleep stage R,REM,2.3932069266104097e-11,8.089570142148114e-12,1.337368093475419e-12,1.3335015735530174e-12,0.6898339123922388,0.23317916050967188,0.03854918912245324,0.03843773797563617,0.7566097608632356,0.9765625
SC4011,973,29190.0,29220.0,Sleep stage R,REM,6.779939535306487e-11,8.598212208320334e-12,1.4971525308625204e-12,1.207821624730853e-12,0.857107238239639,0.1086969858845304,0.018926721459220988,0.015269054416609591,0.6380105913185664,1.07421875
SC4011,974,29220.0,29250.0,Sleep stage R,REM,2.3647602500662358e-11,8.656100735969335e-12,1.4015809091545547e-12,1.304692069196668e-12,0.675453258107102,0.2472466899953179,0.04003375782228416,0.03726629407529589,0.7357037895560504,1.07421875
SC4011,975,29250.0,29280.0,Sleep stage R,REM,3.328684661532938e-11,9.446253505829382e-12,1.6103938353712476e-12,9.551426128239028e-13,0.7348310928600681,0.20853284383883858,0.035550602784824976,0.02108546051626838,0.7097529577177818,0.9765625
SC4011,976,29280.0,29310.0,Sleep stage R,REM,3.0087714669784875e-11,6.475672614012795e-12,1.597797673906917e-12,1.3680302360141866e-12,0.7611513287662194,0.1638199135064484,0.04042067787272458,0.03460807985460758,0.732993032616183,2.05078125
SC4011,977,29310.0,29340.0,Sleep stage R,REM,2.1146772325213244e-11,5.435530707025564e-12,1.3822043976190713e-12,1.656685159683753e-12,0.7139068510252874,0.18350141340847598,0.046662685624179995,0.05592904994205668,0.7322401786271979,0.9765625
SC4011,978,29340.0,29370.0,Sleep stage R,REM,4.687621873942011e-11,1.0955411633096102e-11,1.9067200914562585e-12,1.333295590695225e-12,0.7675610822321592,0.17938621833263624,0.031221036514219324,0.021831662920985272,0.7248786366114067,0.9765625
SC4011,979,29370.0,29400.0,Sleep stage R,REM,2.448631338889056e-11,7.805904037179265e-12,1.78112572196399e-12,1.0431237399333707e-12,0.6972886386039281,0.22228614461934929,0.05072052742795433,0.02970468934876822,0.7413786384292058,1.07421875
SC4011,980,29400.0,29430.0,Sleep stage R,REM,2.021702140777518e-11,5.4364515653865485e-12,1.3756699672851836e-12,1.0479081817730812e-12,0.7200550128918476,0.19362615901939134,0.048996241140027964,0.037322586948733145,0.7532605187168577,1.07421875
SC4011,981,29430.0,29460.0,Sleep stage R,REM,8.788127735290475e-11,5.511655311054624e-12,1.497845803691094e-12,1.150681506164572e-12,0.9150347920248703,0.05738829160403573,0.015595825012442232,0.011981091358651736,0.558488461108731,0.5859375
SC4011,982,29460.0,29490.0,Sleep stage R,REM,2.7365999021745123e-11,4.8593161886647436e-12,1.186543611628712e-12,1.0757125497488878e-12,0.7935032225589496,0.14090050401867105,0.03440496284407441,0.03119131057830514,0.7083971405485969,0.9765625
SC4011,983,29490.0,29520.0,Sleep stage R,REM,3.55877951471734e-11,7.810495886280591e-12,1.6658854592646172e-12,1.3193845231953207e-12,0.7672501715632277,0.1683893111096161,0.035915428284884414,0.028445089042271842,0.700666824044199,0.9765625
SC4011,984,29520.0,29550.0,Sleep stage R,REM,3.347197717354944e-11,5.736963069226547e-12,1.3635967596121696e-12,1.1807619790984809e-12,0.801660658919212,0.1374014319627848,0.03265841964288348,0.028279489475119785,0.6841587655328638,0.9765625
SC4011,985,29550.0,29580.0,Sleep stage R,REM,2.2433152220444338e-11,5.267514010441043e-12,1.638637340176342e-12,1.6939387962082886e-12,0.7228749079762296,0.16973779111126844,0.05280264694173793,0.054584653970764056,0.7603238600313292,2.05078125
SC4011,986,29580.0,29610.0,Sleep stage R,REM,2.7159123158158537e-11,5.117550093379244e-12,1.4380918996466477e-12,1.0768459342270637e-12,0.7806227510270904,0.14709149515427555,0.04133444398755238,0.030951309831081582,0.7057949902080645,0.9765625
SC4011,987,29610.0,29640.0,Sleep stage R,REM,7.351757063451518e-11,4.151128833799474e-12,1.4841772476864298e-12,1.1212396044520136e-12,0.9158315781519676,0.05171192190055669,0.018488864352758688,0.013967635594717,0.5396651098531859,0.68359375
SC4011,988,29640.0,29670.0,Sleep stage R,REM,4.0524515888477954e-11,7.244491386273307e-12,1.213057352011098e-12,1.2072824045610956e-12,0.8074326183838649,0.1443432085647972,0.024169618131393938,0.024054554919943943,0.6804802737428238,1.07421875
SC4011,989,29670.0,29700.0,Sleep stage R,REM,1.851008444678413e-11,6.401500224108093e-12,1.6756902651918293e-12,1.52490418985804e-12,0.6584364863306846,0.22771270044308833,0.05960727048887832,0.054243542737348625,0.7660128264786559,0.9765625
SC4011,990,29700.0,29730.0,Sleep stage R,REM,2.7247314973038882e-11,7.34781738834897e-12,2.0061293411452025e-12,1.197850720413907e-12,0.7208453645196619,0.19439126787242444,0.05307345100323911,0.031689916604674545,0.6970750488415962,0.5859375
SC4011,991,29730.0,29760.0,Sleep stage R,REM,2.5359662176997883e-11,4.761138531217357e-12,1.2020447915116617e-12,1.0395330233421829e-12,0.7836155231581815,0.1471195489485868,0.03714327705099921,0.032121650842232306,0.7024631196519354,1.07421875
SC4011,992,29760.0,29790.0,Sleep stage R,REM,2.2645492326861036e-11,6.008095055458088e-12,1.2321012047351066e-12,1.2116189852941069e-12,0.7282139225132586,0.19320306240275523,0.03962083218518534,0.03896218289880106,0.7312649721509622,1.26953125
SC4011,993,29790.0,29820.0,Sleep stage R,REM,8.958391082978421e-11,8.295528968457662e-12,1.8941420820712894e-12,1.1285449803232051e-12,0.8878297575780082,0.08221361854854904,0.018772072908705223,0.01118455096473759,0.48426417890938234,0.5859375
SC4011,994,29820.0,29850.0,Sleep stage R,REM,6.655394779841797e-11,6.304146419120995e-12,1.3957400568336033e-12,1.1112936806011949e-12,0.8830867750689687,0.08364805567486533,0.0185197065898631,0.014745462666302743,0.5994041002154544,0.9765625
SC4011,995,29850.0,29880.0,Sleep stage R,REM,4.5809497378764763e-11,7.559582666396296e-12,1.7140201870445602e-12,1.0524785607555423e-12,0.8160510386419818,0.13466651326919588,0.030533580020011854,0.018748868068810442,0.6524898719578259,0.5859375
SC4011,996,29880.0,29910.0,Sleep stage R,REM,3.183267335161809e-11,5.971071487802083e-12,1.5903484782787924e-12,1.1543068129532384e-12,0.7850537443906316,0.14725788116331387,0.039220992028156064,0.028467382417898413,0.6948703499281961,0.5859375
SC4011,997,29910.0,29940.0,Sleep stage R,REM,2.782053164722127e-11,9.170874894815305e-12,2.1716160192268126e-12,2.1180382029161945e-12,0.6739296697375983,0.2221569583011554,0.052605625413365546,0.05130774654788085,0.7588494351468669,1.171875
SC4011,998,29940.0,29970.0,Sleep stage R,REM,4.8628063430788e-11,1.0962554354088335e-11,2.1655607238735904e-12,1.364443373593721e-12,0.7703989913380503,0.17367627293854065,0.03430829195425513,0.021616443769154132,0.660245758690947,0.5859375
SC4011,999,29970.0,30000.0,Sleep stage R,REM,3.9619135150795206e-11,6.393152183947926e-12,1.3912367578669747e-12,1.1087282654839828e-12,0.8166830692243647,0.13178427867576123,0.028678049157510453,0.022854602942363602,0.6790661891556603,0.9765625
SC4011,1000,30000.0,30030.0,Sleep stage R,REM,4.242655776427852e-11,5.106759055833309e-12,1.3897298085181037e-12,1.2125484812096968e-12,0.8462362453527926,0.10185894960746271,0.02771942380405403,0.0241853812356906,0.6417731231985332,1.171875
SC4011,1001,30030.0,30060.0,Sleep stage R,REM,3.9404579358982163e-11,5.91615939710592e-12,1.3730728205971369e-12,1.2191921921882568e-12,0.822419307064635,0.12347711334577886,0.028657623454807254,0.02544595613477903,0.6762753081312813,0.9765625
SC4011,1002,30060.0,30090.0,Sleep stage R,REM,4.7670080202814117e-11,6.054384190952166e-12,1.403316936640232e-12,1.1638096047804293e-12,0.8468419423018356,0.10755397192314334,0.024929423974816844,0.020674661800204178,0.5972177366713072,0.5859375
SC4011,1003,30090.0,30120.0,Sleep stage R,REM,4.572267122721518e-11,6.804234488784152e-12,1.461429840425268e-12,1.5837248183932394e-12,0.8227636499138,0.1224398455427334,0.026297924362860343,0.028498580180606282,0.6332205853576948,0.5859375
SC4011,1004,30120.0,30150.0,Sleep stage R,REM,2.474739345881205e-11,5.042684049390981e-12,1.1182945992337318e-12,1.175176275726072e-12,0.7713421583941527,0.1571735142624479,0.034855701927926495,0.036628625415472876,0.7058327035164231,1.171875
SC4011,1005,30150.0,30180.0,Sleep stage R,REM,2.796072665804845e-11,8.138280908757368e-12,2.0253143546070863e-12,1.3806021773079458e-12,0.7077782655189003,0.20600674711892134,0.051267390099166525,0.034947597263011804,0.7321161313324251,0.9765625
SC4011,1006,30180.0,30210.0,Sleep stage R,REM,2.006849767169272e-11,6.626497700725746e-12,1.4202661688539218e-12,1.5270758938492336e-12,0.6770214297579188,0.2235484200673852,0.04791343368121585,0.05151671649348013,0.750395614141285,1.07421875
SC4011,1007,30210.0,30240.0,Sleep stage R,REM,3.240489873776296e-11,9.718194019901613e-12,2.291416637514617e-12,2.0863594737863634e-12,0.6968665215498764,0.2089895147397447,0.0492768563953414,0.044867107315037486,0.737973936688094,1.07421875
SC4011,1008,30240.0,30270.0,Sleep stage R,REM,6.495588979386792e-11,1.723708347661431e-11,2.4343968808183347e-12,1.606293351396962e-12,0.7532544386431639,0.1998881037458777,0.028230238423561614,0.018627219187396744,0.7253992385396653,1.07421875
SC4011,1009,30270.0,30300.0,Sleep stage R,REM,2.971358963191551e-11,6.261613762014504e-12,1.9449358501908344e-12,1.7883548490748915e-12,0.7482930368041102,0.15768952978469827,0.04898034777209317,0.04503708563909846,0.7118508106785518,1.171875
SC4011,1010,30300.0,30330.0,Sleep stage R,REM,1.935382267418995e-11,5.206286688816832e-12,1.7732663665836611e-12,1.5240474390253753e-12,0.6947456179649083,0.18689046209709145,0.06365507519666871,0.05470884474133155,0.7615224281750552,1.171875
SC4011,1011,30330.0,30360.0,Sleep stage R,REM,6.697226868829425e-11,1.470933288588757e-11,2.0919536463192146e-12,1.9941553536976995e-12,0.7808564346643682,0.17150198818892737,0.024390923254380668,0.023250653892323853,0.7246512829710283,0.9765625
SC4011,1012,30360.0,30390.0,Sleep stage 2,N2,6.30210149651697e-11,9.81007988926659e-12,5.458179622454532e-12,2.9863954611112285e-12,0.7753982835606621,0.12070131069666756,0.06715637812174405,0.03674402762092619,0.7413346203994499,1.07421875
SC4011,1013,30390.0,30420.0,Sleep stage 2,N2,1.1142845393243484e-10,1.361877383996213e-11,2.4953198033719442e-12,1.9565613569639535e-12,0.8604573023766159,0.10516500037877696,0.01926901137727608,0.015108685867331115,0.6851446830279232,1.85546875
SC4011,1014,30420.0,30450.0,Sleep stage 2,N2,6.899973374816012e-11,4.764123452034543e-11,2.7011130308583158e-12,3.272583457463992e-12,0.5627363895256894,0.38854434430684603,0.02202928202931699,0.02668998413814736,0.7563239213669664,0.5859375
SC4011,1015,30450.0,30480.0,Sleep stage 2,N2,1.1181904843332609e-10,2.975632413034181e-11,1.1147213666829968e-11,4.1902932668965374e-12,0.7126186759907296,0.18963595739020214,0.07104078200932558,0.026704584609742753,0.7459690107739431,2.05078125
SC4011,1016,30480.0,30510.0,Sleep stage 2,N2,1.7742515262710883e-10,1.4717526603221263e-11,3.780487157075728e-12,3.1383889879930188e-12,0.8913079790445365,0.07393455042319105,0.01899154836777158,0.015765922164500873,0.6751413723820233,1.953125
SC4011,1017,30510.0,30540.0,Sleep stage 2,N2,9.633038113459291e-11,2.3680589758248143e-11,7.000381340401306e-12,8.721241547048362e-12,0.7097070677844862,0.17446502051364116,0.051574799725206524,0.06425311197666618,0.7484217764829181,1.46484375
SC4011,1018,30540.0,30570.0,Sleep stage 2,N2,6.531904474993244e-11,2.5982602548171516e-11,5.534055605105728e-12,3.323805493486488e-12,0.6521502131502777,0.2594122411749833,0.05525242379572494,0.03318512187901399,0.743026555017306,1.07421875
SC4011,1019,30570.0,30600.0,Sleep stage 2,N2,7.551191769429293e-11,1.635601455736126e-11,6.645521387387977e-12,6.154756261228033e-12,0.721440805821004,0.15626535098809438,0.06349130642169147,0.05880253676921004,0.7409627082091311,1.953125
SC4011,1020,30600.0,30630.0,Sleep stage 2,N2,3.1528370410222385e-11,4.556629277659216e-12,1.2845592033048748e-12,2.49614323658066e-12,0.7908645458990258,0.11429948638695733,0.032222164285177796,0.06261380342883899,0.7134195463862113,1.26953125
SC4011,1021,30630.0,30660.0,Sleep stage 2,N2,6.838090958760303e-11,1.1314025050197877e-11,3.3554378537382377e-12,6.385081606834651e-12,0.7645839144774511,0.12650492094279644,0.03751798308137902,0.0713931814983735,0.6982399320862911,0.9765625
SC4011,1022,30660.0,30690.0,Sleep stage 2,N2,2.7153490976244708e-11,5.810055019416264e-12,2.627434998565514e-12,1.8239430879037087e-12,0.7257395716383006,0.15528709898388418,0.07022425043006857,0.048749078947746556,0.7456074776504749,2.05078125
SC4011,1023,30690.0,30720.0,Sleep stage 2,N2,7.857021059673052e-11,1.2217578751316032e-11,5.9480367831046635e-12,9.329078853774637e-12,0.7407748171546193,0.11518964499192658,0.05607921662636675,0.08795632122708735,0.7369823134273485,0.9765625
SC4011,1024,30720.0,30750.0,Sleep stage 2,N2,5.374231265240632e-11,7.169040020554812e-12,1.4759781585588342e-12,1.4141293478858655e-12,0.8423367192739196,0.112364826767223,0.02313392443383699,0.022164529525020585,0.6502229865587305,1.07421875
SC4011,1025,30750.0,30780.0,Sleep stage 2,N2,4.536175645834387e-11,8.821076327636614e-12,3.9528218569400635e-12,2.829590626001861e-12,0.7440592793197116,0.144690245872483,0.06483729934168,0.04641317546612529,0.7125327538753343,1.07421875
SC4011,1026,30780.0,30810.0,Sleep stage 2,N2,4.8316772332888684e-11,1.0269409104506627e-11,5.440917077336647e-12,9.962949011302681e-12,0.6530171820188062,0.13879446557853828,0.07353579649238863,0.13465255591026684,0.7711926875468049,0.5859375
SC4011,1027,30810.0,30840.0,Sleep stage 2,N2,6.093205701742753e-11,1.1537404936197127e-11,5.915434288449817e-12,9.83124668448818e-12,0.6907132299827671,0.13078564255299258,0.06705614292583889,0.11144498453840136,0.745139676742125,2.05078125
SC4011,1028,30840.0,30870.0,Sleep stage 2,N2,7.064394401747845e-11,1.6313433345605247e-11,6.2810239977127056e-12,4.4362205750152525e-12,0.7232579212223946,0.16701813656699757,0.06430558801487223,0.045418354195735526,0.7303390299431787,0.5859375
SC4011,1029,30870.0,30900.0,Sleep stage 2,N2,6.492065610573972e-11,1.8872885352463688e-11,7.52938357896621e-12,4.275755082599772e-12,0.6790957367236121,0.1974178443553726,0.07876032984485909,0.04472608907615623,0.7529340470333146,1.46484375
SC4011,1030,30900.0,30930.0,Sleep stage 2,N2,8.410673025264838e-11,1.032495629440331e-11,6.536581803739783e-12,7.737454932386155e-12,0.7737102308178471,0.09498079753820204,0.060130981206132396,0.07117799043781844,0.7027868146522658,1.07421875
SC4011,1031,30930.0,30960.0,Sleep stage 2,N2,8.731593178176917e-11,1.922833466190263e-11,4.716644157058479e-12,8.68858569632706e-12,0.7279391283605686,0.16030358822252386,0.039321917162349854,0.0724353662545577,0.7206702864994358,0.9765625
SC4011,1032,30960.0,30990.0,Sleep stage 2,N2,9.834002953067152e-11,1.6209632273055056e-11,5.4321346546648144e-12,3.4294466900925317e-12,0.7968482208087991,0.13134647913360872,0.044016529742991625,0.02778877031460048,0.711293477584159,1.3671875
SC4011,1033,30990.0,31020.0,Sleep stage 2,N2,1.0695203416858402e-10,1.2417943318646882e-11,6.600848817984331e-12,3.706271888529534e-12,0.8247565349495387,0.09576049658432197,0.05090219406453942,0.028580774401599875,0.6767398886281968,1.171875
SC4011,1034,31020.0,31050.0,Sleep stage 2,N2,1.4928937404169292e-10,2.21963294750091e-11,7.013217028716277e-12,6.9010479867588345e-12,0.8052286913726362,0.11972132277442545,0.03782749848471035,0.037222487368228016,0.6538613552033798,1.171875
SC4011,1035,31050.0,31080.0,Sleep stage 2,N2,1.885394883001349e-10,1.7089274871037606e-11,5.670800138892103e-12,6.654047501945429e-12,0.8650441146522437,0.07840785388858502,0.026018381240691158,0.030529650218480194,0.6165751137648153,2.05078125
SC4011,1036,31080.0,31110.0,Sleep stage 2,N2,1.4610269830219476e-10,2.126434515933255e-11,5.846915004919355e-12,3.3071212926980527e-12,0.8276784761431636,0.12046348905381055,0.03312304124185743,0.0187349935611683,0.6483218060604659,1.07421875
SC4011,1037,31110.0,31140.0,Sleep stage 2,N2,1.263098350260549e-10,1.8759803863779155e-11,4.225194852093811e-12,3.220156059127212e-12,0.8281798083638668,0.12300301687230861,0.027703472672458464,0.02111370209136607,0.686450033555864,0.9765625
SC4011,1038,31140.0,31170.0,Sleep stage 2,N2,2.0170012597948855e-10,2.196932147333497e-11,4.996051709480344e-12,4.209640423858883e-12,0.8661299198271029,0.09433948815823004,0.02145377870028856,0.01807681331437843,0.6461846458861161,1.171875
SC4011,1039,31170.0,31200.0,Sleep stage 2,N2,1.3439245350705236e-10,1.934131519158053e-11,3.4688725679763652e-12,2.8605049035768592e-12,0.8396214664190123,0.1208355305662679,0.021671900440393122,0.017871102574326794,0.6552780241796853,1.07421875
SC4011,1040,31200.0,31230.0,Sleep stage 2,N2,2.0983211431523143e-10,1.9073647395517628e-11,4.378833478972672e-12,4.3177191425533916e-12,0.88312319223369,0.08027551183211151,0.018429254324724673,0.018172041609473864,0.6349951786383655,0.9765625
SC4011,1041,31230.0,31260.0,Sleep stage 2,N2,1.5560772431593975e-10,2.567989740145031e-11,4.284705078112018e-12,3.751144375244404e-12,0.8219145959752698,0.1356403262767679,0.022631663425649644,0.019813414322312595,0.6596510403587943,0.9765625
SC4011,1042,31260.0,31290.0,Sleep stage 2,N2,2.414843727888188e-10,2.1569894003048493e-11,4.260364390683696e-12,3.92288386256008e-12,0.8903059473489726,0.07952400684492734,0.01570713546013401,0.01446291034596613,0.6131163000633592,1.07421875
SC4011,1043,31290.0,31320.0,Sleep stage 2,N2,3.2820146944809175e-10,2.2281759767291383e-11,4.916130060931806e-12,2.815465046300771e-12,0.9162140904378281,0.06220222686044943,0.013723971558765634,0.007859711142956787,0.584819965153404,1.171875
SC4011,1044,31320.0,31350.0,Sleep stage 2,N2,1.7366190208209537e-10,1.9417750831827512e-11,4.47854280478358e-12,4.048584214595335e-12,0.8613891960357112,0.09631496935892507,0.0222142469924138,0.020081587612950026,0.6300836607776871,0.9765625
SC4011,1045,31350.0,31380.0,Sleep stage 2,N2,2.773122979139521e-10,2.4225913320128826e-11,4.3317920771702764e-12,5.079551017556249e-12,0.8918240725976848,0.07790946467963615,0.013930851538026997,0.01633561118465209,0.6478686317828829,1.07421875
SC4011,1046,31380.0,31410.0,Sleep stage 2,N2,2.7627837134428273e-10,2.0619669822688688e-11,4.996783538137549e-12,5.007989649735111e-12,0.9002145253215141,0.06718631716048072,0.01628132198344789,0.01631783553455728,0.5972893737902261,1.07421875
SC4011,1047,31410.0,31440.0,Sleep stage 2,N2,2.005194398892735e-10,1.921870724288793e-11,3.355058642102007e-12,2.61970601504185e-12,0.8883826729259114,0.085146689617951,0.014864274336391666,0.01160636311974589,0.6529487239727166,1.3671875
SC4011,1048,31440.0,31470.0,Sleep stage 2,N2,2.734010443109957e-10,1.968662047722227e-11,3.5973069663957747e-12,3.689440059551746e-12,0.9102008478676354,0.06554027141766629,0.011976076606090347,0.01228280410860801,0.5935353643413727,0.9765625
SC4011,1049,31470.0,31500.0,Sleep stage 3,N3,4.1497396529706335e-10,1.8565420798437853e-11,4.0120080361559814e-12,1.8100420196920547e-12,0.944493374138815,0.042255462748538815,0.009131452389858684,0.0041197107227875585,0.5536422886863711,1.07421875
SC4011,1050,31500.0,31530.0,Sleep stage 2,N2,2.1522155653321975e-10,2.822710693410102e-11,3.763376438596769e-12,4.212943070607543e-12,0.8560070442694011,0.11226850490325582,0.014968188101451103,0.016756262725891858,0.651165394495548,1.07421875
SC4011,1051,31530.0,31560.0,Sleep stage 3,N3,3.410819487735056e-10,2.4038306622931107e-11,4.7469918053469706e-12,2.8767644828620194e-12,0.9150568166929337,0.06449012155631448,0.012735259740035983,0.007717802010715765,0.6187709071640033,1.07421875
SC4011,1052,31560.0,31590.0,Sleep stage 3,N3,3.296865821674755e-10,1.6829751449169487e-11,3.1189922348946193e-12,1.4692488146026167e-12,0.9389982528167495,0.047933728762071914,0.008883371109192758,0.004184647311985877,0.5907502778493084,1.3671875
SC4011,1053,31590.0,31620.0,Sleep stage 3,N3,2.981428824612346e-10,2.1673382501662958e-11,4.782764769432903e-12,2.616945554597213e-12,0.911150142348033,0.06623571016866796,0.014616538099153057,0.007997609384145983,0.5926906224797375,1.171875
SC4011,1054,31620.0,31650.0,Sleep stage 2,N2,2.2677829453401245e-10,2.313394523364806e-11,3.7713462462850345e-12,3.6969593108533504e-12,0.8811011502358571,0.08988226054325281,0.014652802299124128,0.014363786921766012,0.6507544412128001,1.07421875
SC4011,1055,31650.0,31680.0,Sleep stage 3,N3,2.916980775806315e-10,1.8898832668062488e-11,3.749809264631289e-12,3.165618019398506e-12,0.9186984034929608,0.05952156950787688,0.011809963964769785,0.009970063034392317,0.6053646083857495,1.171875
SC4011,1056,31680.0,31710.0,Sleep stage 3,N3,2.781515873841192e-10,1.8403954620874227e-11,2.6624666777154782e-12,2.2287438262953857e-12,0.9227221227928496,0.06105209118258621,0.008832295108689055,0.007393490915875144,0.5910780239906229,1.171875
SC4011,1057,31710.0,31740.0,Sleep stage 3,N3,5.29469680123583e-10,2.122948106669492e-11,4.785809675644718e-12,2.6152695140205645e-12,0.9486999678823483,0.038038831612475794,0.00857517938423864,0.00468602112093724,0.5670703001596291,1.26953125
SC4011,1058,31740.0,31770.0,Sleep stage 3,N3,3.70922892261763e-10,2.023960620424027e-11,3.024611974677851e-12,2.1983823344387547e-12,0.93576303629305,0.05106041107241718,0.007630481008531245,0.005546071626001601,0.5881790488127766,1.07421875
SC4011,1059,31770.0,31800.0,Sleep stage 3,N3,3.3119499540585673e-10,2.03865621091784e-11,3.4008467810562353e-12,2.718556850349284e-12,0.9258990927627601,0.05699331095963217,0.00950751367890216,0.0076000825987054665,0.5875038514208437,0.9765625
SC4011,1060,31800.0,31830.0,Sleep stage 3,N3,4.570935900688417e-10,2.155506335827625e-11,4.120977206397989e-12,2.6686331188510668e-12,0.9416101370657824,0.044403305152871046,0.008489189077398712,0.005497368703947896,0.579727178100941,0.5859375
SC4011,1061,31830.0,31860.0,Sleep stage 3,N3,3.7370054645329234e-10,2.1344322724728107e-11,3.8305111187039946e-12,2.4284660237438206e-12,0.9312159598761164,0.05318743620434483,0.009545164228615623,0.006051439690923187,0.5906095582707704,1.07421875
SC4011,1062,31860.0,31890.0,Sleep stage 3,N3,3.736128548103126e-10,2.3494685348063887e-11,3.158627691909024e-12,1.7772905981957813e-12,0.9292847500917322,0.05843817342217632,0.007856433491290787,0.0044206429948008405,0.5935655834078818,1.171875
SC4011,1063,31890.0,31920.0,Sleep stage 3,N3,3.4062618393527406e-10,1.8681222864588723e-11,4.079575726096544e-12,2.771496274080491e-12,0.9302698248353031,0.05101950097075478,0.011141557446562398,0.007569116747379795,0.599794877987686,1.07421875
SC4011,1064,31920.0,31950.0,Sleep stage 3,N3,4.0470753252534043e-10,1.8270803723608152e-11,3.482647244098272e-12,1.8900487042691866e-12,0.9448034488193215,0.04265381042712621,0.00813035800622052,0.004412382747331756,0.5664429282084507,1.171875
SC4011,1065,31950.0,31980.0,Sleep stage 3,N3,5.388732935267639e-10,2.1157875396052503e-11,5.056726016894353e-12,2.7120824915145936e-12,0.9490547991295664,0.03726290284788756,0.008905822856442166,0.004776475166103883,0.5516655537140218,1.171875
SC4011,1066,31980.0,32010.0,Sleep stage 3,N3,3.965345237079237e-10,1.8140171199393557e-11,3.177325804975711e-12,1.8646604090185043e-12,0.9447671287415726,0.04322003869593753,0.007570168039276386,0.004442664523213358,0.5702949344314596,1.07421875
SC4011,1067,32010.0,32040.0,Sleep stage 3,N3,3.4398609202225474e-10,2.186123360006512e-11,4.352553244656639e-12,2.1567159768322756e-12,0.9238082439940282,0.058710477812901854,0.011689206811235319,0.005792071381834788,0.6168760881535594,1.07421875
SC4011,1068,32040.0,32070.0,Sleep stage 3,N3,6.225342053991854e-10,2.0445242576213282e-11,2.9293520593076788e-12,3.021556561794233e-12,0.9593235993215709,0.03150606589502787,0.004514123941853325,0.004656210841547996,0.5447630331369866,1.171875
SC4011,1069,32070.0,32100.0,Sleep stage 3,N3,4.716571635767135e-10,2.2721468357824482e-11,4.474465909528544e-12,3.042256198103154e-12,0.9397520016435228,0.045271326332929955,0.008915137136640232,0.006061534886907004,0.5596798922466171,1.26953125
SC4011,1070,32100.0,32130.0,Sleep stage 3,N3,4.826358819305566e-10,1.793357583636293e-11,2.5588833294971467e-12,2.7507578583257104e-12,0.9540538103428047,0.03545031979660289,0.005058290280789152,0.005437579579803519,0.5604615931945311,1.171875
SC4011,1071,32130.0,32160.0,Sleep stage 3,N3,4.494197012247709e-10,2.3252103905971323e-11,4.251131449434925e-12,2.305641199748803e-12,0.9377982074999623,0.048519860843209736,0.008870780346883139,0.004811151309944651,0.5948805078399507,1.171875
SC4011,1072,32160.0,32190.0,Sleep stage 3,N3,5.041012730806147e-10,2.2053815203913058e-11,3.773169094047286e-12,3.609478691202296e-12,0.94482777693289,0.041335061632882905,0.0070719816780753855,0.006765179756151756,0.569822891663297,0.5859375
SC4011,1073,32190.0,32220.0,Sleep stage 3,N3,3.6423876298843215e-10,2.1223868159354593e-11,4.083809907641129e-12,2.401066089720055e-12,0.9293049613747014,0.05414977202928062,0.010419277666508521,0.006125988929509585,0.5868352569529552,1.26953125
SC4011,1074,32220.0,32250.0,Sleep stage 4,N3,4.95258940896561e-10,2.3515106150356696e-11,3.3790862546079842e-12,2.6619360177598694e-12,0.9436827748466512,0.044806461409077104,0.006438622768570361,0.0050721409757013055,0.5514037734585396,1.171875
SC4011,1075,32250.0,32280.0,Sleep stage 3,N3,4.144972882896609e-10,1.8544440488126868e-11,3.5861421620582895e-12,2.1618335383717586e-12,0.9446376796432724,0.04226270648300373,0.00817280379520917,0.004926810078514673,0.5502409916427954,1.07421875
SC4011,1076,32280.0,32310.0,Sleep stage 3,N3,4.977086665161047e-10,1.849249104734166e-11,3.5819748000152514e-12,3.578307828770194e-12,0.9509845936171667,0.03533407245392271,0.006844170252014715,0.006837163676895786,0.5348714379208389,1.26953125
SC4011,1077,32310.0,32340.0,Sleep stage 3,N3,3.7435911130149317e-10,1.917110571665948e-11,3.822963369181579e-12,3.022294244998628e-12,0.9350200874448399,0.047882817333565246,0.00954844542536535,0.007548649796229448,0.5762436399084858,0.9765625
SC4011,1078,32340.0,32370.0,Sleep stage 4,N3,4.4769186130926e-10,2.6380964340710994e-11,4.167191466536112e-12,3.4315442231179987e-12,0.9294546268501701,0.05476961161530951,0.008651520664716675,0.00712424086980387,0.5950400196019068,1.07421875
SC4011,1079,32370.0,32400.0,Sleep stage 2,N2,1.523979509385222e-10,5.911791553605923e-12,2.6144251627521756e-12,2.736461067035703e-12,0.9311827293384607,0.03612225860167594,0.015974673830652802,0.016720338229210655,0.574654343094237,0.5859375
SC4011,1080,32400.0,32430.0,Sleep stage 2,N2,1.676022697309539e-10,1.7572907294986328e-11,3.1452157881732553e-12,1.872111517919598e-12,0.8812243695911288,0.09239537255531378,0.016537012324536304,0.009843245529021032,0.6465304248028999,1.953125
SC4011,1081,32430.0,32460.0,Sleep stage 2,N2,2.294249909362609e-10,1.5878961081759597e-11,2.375326772287751e-12,1.9389858622590566e-12,0.9191033807385347,0.06361297761548348,0.009515837214852302,0.007767804431129451,0.6278239442057758,1.171875
SC4011,1082,32460.0,32490.0,Sleep stage 2,N2,2.1584146739564483e-10,1.6875104136097114e-11,2.8169294816992876e-12,2.0430028473423762e-12,0.9085135267506286,0.07103018969411924,0.011856936338073092,0.008599347217179129,0.6402247565686258,1.171875
SC4011,1083,32490.0,32520.0,Sleep stage 2,N2,1.8511213851066424e-10,1.4073157938775806e-11,3.155881530408529e-12,2.1416975085960547e-12,0.9052696372177383,0.06882316137798582,0.015433475898018993,0.010473725506256793,0.6462532235925523,2.1484375
SC4011,1084,32520.0,32550.0,Sleep stage 2,N2,2.411430852830557e-10,2.3426506396512464e-11,5.381135375821262e-12,2.116183730585371e-12,0.8863374255487991,0.08610568013888777,0.019778720463564225,0.007778173848748906,0.6452544890628646,1.07421875
SC4011,1085,32550.0,32580.0,Sleep stage 2,N2,2.0239714052255294e-10,1.0259976990219591e-11,2.5626708916979e-12,1.7160722606370524e-12,0.9329814808027588,0.04729497907244725,0.011813034893543937,0.007910505231249993,0.5941520810933572,1.26953125
SC4011,1086,32580.0,32610.0,Sleep stage 2,N2,2.379508463596138e-10,1.2380278333204212e-11,3.862802441166968e-12,2.614963135401189e-12,0.9265677917536626,0.048208137655272,0.015041544851173117,0.01018252573989225,0.650036107096556,0.9765625
SC4011,1087,32610.0,32640.0,Sleep stage 2,N2,2.1948580132450888e-10,1.457530680390312e-11,4.1367405993804574e-12,1.8169923420068878e-12,0.9144676235278286,0.06072668981192058,0.01723535336790878,0.007570333292342049,0.6166241419738595,0.9765625
SC4011,1088,32640.0,32670.0,Sleep stage 2,N2,2.4554554156261504e-10,1.175971475022466e-11,3.449510330196517e-12,2.9649290221150984e-12,0.9310853364338315,0.04459171970665453,0.013080215042324372,0.011242728817189717,0.6341954357936541,1.3671875
SC4011,1089,32670.0,32700.0,Sleep stage 2,N2,1.5484361266197912e-10,1.3218524309491714e-11,7.975964609841203e-12,3.928896593697266e-12,0.8604000412975779,0.07344971268919721,0.04431904010581406,0.02183120590741088,0.6686036564441201,1.07421875
SC4011,1090,32700.0,32730.0,Sleep stage 2,N2,1.840506023308383e-10,1.066361575556421e-11,5.001798107785529e-12,3.2191537230437536e-12,0.906942854734861,0.05254690825603774,0.02464727089851177,0.01586296611058942,0.6165319854625712,1.171875
SC4011,1091,32730.0,32760.0,Sleep stage 2,N2,2.216886464969336e-10,1.4430254671719663e-11,7.24528030767322e-12,5.484992185395598e-12,0.8908554657219412,0.05798795495031746,0.029115147143394707,0.022041432184346847,0.6534551448485221,1.171875
SC4011,1092,32760.0,32790.0,Sleep stage 2,N2,2.1339877506288962e-10,1.6280186261251918e-11,7.483952081804117e-12,2.405716998633e-12,0.8907625956808538,0.0679562521760811,0.031239282326594137,0.010041869816470853,0.6623287697749116,2.1484375
SC4011,1093,32790.0,32820.0,Sleep stage 2,N2,1.323686274640507e-10,1.0200172313230593e-11,2.1462264756006493e-12,2.0979653075472633e-12,0.9016138562203938,0.06947731399528177,0.014618777621715094,0.014290052162609377,0.6472677222536283,0.9765625
SC4011,1094,32820.0,32850.0,Sleep stage 2,N2,8.901960276717662e-11,1.1909163069977815e-11,3.787387587542403e-12,5.632124318049643e-12,0.8067149264867266,0.10792341587551998,0.03432212686066466,0.05103953077708872,0.7118729968022639,1.171875
SC4011,1095,32850.0,32880.0,Sleep stage 2,N2,2.378128603613523e-10,2.716619610229792e-11,1.00499000926662e-11,5.627329926013797e-12,0.8473455675696211,0.09679525245199976,0.03580856933093828,0.020050610647440768,0.6571866000403492,0.5859375
SC4011,1096,32880.0,32910.0,Sleep stage 2,N2,1.3516608509753157e-10,1.3977819279330879e-11,3.6216997480098172e-12,5.148464813488398e-12,0.8559470730267331,0.08851535124958947,0.022934623699826847,0.03260295202385053,0.6800083663655563,1.171875
SC4011,1097,32910.0,32940.0,Sleep stage 2,N2,1.0794372157273754e-10,1.261206780290778e-11,5.005968563626829e-12,2.977388917116244e-12,0.8397731291412623,0.09811849628190494,0.03894508938370188,0.023163285193130777,0.6825330511959973,0.5859375
SC4011,1098,32940.0,32970.0,Sleep stage 2,N2,1.9568487336135838e-10,1.4638967507660037e-11,3.989762691132057e-12,2.9525548871469405e-12,0.9006689065606412,0.06737803812741981,0.018363479704548005,0.013589575607390998,0.6418276167634914,1.953125
SC4011,1099,32970.0,33000.0,Sleep stage 2,N2,1.2704721969481956e-10,8.536477517070018e-12,5.12551517991089e-12,4.248854802855758e-12,0.8764411816019514,0.058889289035613676,0.03535860596863587,0.029310923393799152,0.6226944488908844,0.5859375
SC4011,1100,33000.0,33030.0,Sleep stage 2,N2,2.2302371667444584e-10,1.1943088181691537e-11,3.760525326306906e-12,3.3118966512706687e-12,0.9214362464794476,0.04934360573667112,0.015536842418069909,0.013683305365811627,0.6482066332719142,1.171875
SC4011,1101,33030.0,33060.0,Sleep stage 2,N2,1.2104965045007482e-10,1.5860006703690093e-11,5.062930368432824e-12,7.425894343192714e-12,0.8102468575225671,0.10615908880506646,0.03388876717632631,0.049705286496040314,0.6892650601732949,1.07421875
SC4011,1102,33060.0,33090.0,Sleep stage 2,N2,1.152205272035331e-10,5.237693057717959e-12,1.4968773267458992e-12,1.6706941742707e-12,0.9320104289006466,0.0423673165854423,0.012108131364888596,0.013514123149022528,0.6004660230261077,0.5859375
SC4011,1103,33090.0,33120.0,Sleep stage 2,N2,8.738678393983732e-11,8.391347266885136e-12,2.0145253398478997e-12,2.1557717637960345e-12,0.8743187403455526,0.0839567705940085,0.02015564800671266,0.021568841053726136,0.6659107033533607,0.9765625
SC4011,1104,33120.0,33150.0,Sleep stage 2,N2,2.624160988878321e-10,1.7631990649358733e-11,8.427524389637953e-12,4.189840257431486e-12,0.896641865775578,0.06024623131043593,0.028795760719787716,0.01431614219419826,0.6357801028019652,1.171875
SC4011,1105,33150.0,33180.0,Sleep stage 1,N1,6.711961932109527e-11,2.328266274753207e-12,1.6201234678186665e-12,2.768700178551666e-12,0.9090277723633597,0.031532638692163384,0.021941978244234942,0.03749761070024179,0.5647494610144259,1.07421875
SC4011,1106,33180.0,33210.0,Sleep stage 2,N2,1.0631698729222195e-10,8.813483856905004e-12,2.461588380755299e-12,2.0085416867914273e-12,0.8889335522621116,0.07369096615942684,0.020581739186208422,0.016793742392253244,0.6352834607554348,1.171875
SC4011,1107,33210.0,33240.0,Sleep stage 2,N2,1.1476185372285798e-10,1.6695276216470224e-11,4.172074019944563e-12,6.213233633486506e-12,0.8090798189209653,0.11770297028033083,0.02941343994611059,0.0438037708525934,0.6744840090444643,1.171875
SC4011,1108,33240.0,33270.0,Sleep stage 2,N2,1.685182159407362e-10,7.1256415275482745e-12,4.853458988556854e-12,3.236084825718052e-12,0.9171887896505867,0.038782504856533485,0.026415768470387326,0.01761293702249245,0.6084661392881797,1.171875
SC4011,1109,33270.0,33300.0,Sleep stage 2,N2,7.442836520874105e-11,5.804036826783393e-12,2.0324403225999294e-12,1.9582470859485715e-12,0.8837049994249389,0.06891265643535287,0.02413162870200268,0.023250715437705665,0.6460949807479206,0.5859375
SC4011,1110,33300.0,33330.0,Sleep stage 2,N2,2.2012390845390054e-10,2.874085521857902e-11,6.19120824285685e-12,8.575732411983934e-12,0.8349675127866968,0.10901896375443104,0.02348430837882062,0.032529215080051445,0.6688079475221061,1.26953125
SC4011,1111,33330.0,33360.0,Sleep stage 2,N2,8.605785715425092e-11,9.749129046505773e-12,3.676685330944554e-12,1.926287932395454e-12,0.8486134656697002,0.09613581445082192,0.03625566315551337,0.018995056723964468,0.6869335620189495,1.953125
SC4011,1112,33360.0,33390.0,Sleep stage 2,N2,2.0613008855435798e-10,2.3019583255129287e-11,5.174893458647323e-12,4.61486918775434e-12,0.8626876054333846,0.09634066183988971,0.021657762229292752,0.019313970497432897,0.6717772925873092,0.5859375
SC4011,1113,33390.0,33420.0,Sleep stage 2,N2,9.813916380765951e-11,1.4213963800372224e-11,3.582070490115425e-12,5.799965191435488e-12,0.8061694021324541,0.11676136472220569,0.029425109338329997,0.04764412380701028,0.6985035655971139,1.26953125
SC4011,1114,33420.0,33450.0,Sleep stage 2,N2,1.5385826746113284e-10,1.3406116589824463e-11,2.951271743033461e-12,4.835706647877924e-12,0.8789321334886858,0.07658390316314383,0.01685946171377857,0.027624501634391868,0.6751275874470826,1.07421875
SC4011,1115,33450.0,33480.0,Sleep stage 2,N2,6.240187040388898e-11,5.843298107157713e-12,2.679422164691145e-12,1.782257448959708e-12,0.8582667522165893,0.08036791936209407,0.03685240433054862,0.024512924090767992,0.6511712469401026,1.07421875
SC4011,1116,33480.0,33510.0,Sleep stage 2,N2,1.6751676707534543e-10,1.4035291594763409e-11,4.02514192679913e-12,3.357774134062756e-12,0.8866371475894116,0.07428636023980534,0.021304376982242863,0.017772115188540265,0.6526726326375387,1.07421875
SC4011,1117,33510.0,33540.0,Sleep stage 2,N2,8.783858091561996e-11,1.1211058267258021e-11,4.0268877925365525e-12,5.256005731105457e-12,0.8108236623026298,0.10348745651160507,0.037171546643755285,0.04851733454200988,0.6962039417196694,1.07421875
SC4011,1118,33540.0,33570.0,Sleep stage 2,N2,1.4348252624022052e-10,1.797173809563189e-11,6.184133510973528e-12,6.194685737352866e-12,0.8254040213854861,0.10338502732093031,0.03557512404121196,0.03563582725237158,0.6600464000753312,1.07421875
SC4011,1119,33570.0,33600.0,Sleep stage 2,N2,1.381465188466109e-10,1.0459577968748787e-11,7.884346036797586e-12,4.116909980130439e-12,0.8601506494591734,0.06512515015219181,0.049090816190904524,0.025633384197730178,0.652512142817689,0.5859375
SC4011,1120,33600.0,33630.0,Sleep stage 2,N2,1.4710026820099606e-10,8.448939222915597e-12,2.4049506872032334e-12,1.3439901110323042e-12,0.9234273583385241,0.053038527548564064,0.015097166627759163,0.008436947485152557,0.5992759014661745,1.171875
SC4011,1121,33630.0,33660.0,Sleep stage 2,N2,2.9986479230553933e-10,1.4571455127203196e-11,4.577920228383083e-12,7.932037263906567e-12,0.9171685977339833,0.04456835683578094,0.014002059541975068,0.02426098588826061,0.6281393223997126,1.07421875
SC4011,1122,33660.0,33690.0,Sleep stage 2,N2,6.372973470656995e-11,1.61317647644862e-11,3.503303372759885e-12,4.396357041658478e-12,0.7261724296913943,0.18381439791289947,0.03991860838361279,0.05009456401209353,0.7326381211543658,1.953125
SC4011,1123,33690.0,33720.0,Sleep stage 2,N2,9.736408828896792e-11,7.501355145271259e-12,4.40683160351768e-12,2.4567500673479937e-12,0.8714305722919925,0.06713882214773326,0.03944213779160894,0.021988467768665296,0.6561450343108529,0.5859375
SC4011,1124,33720.0,33750.0,Sleep stage 2,N2,2.974580007433011e-10,1.8635308748068295e-11,3.5645987600392193e-12,4.061452398803072e-12,0.9188761529302328,0.057566247229198925,0.011011385765990294,0.012546214074577984,0.620129591860902,1.26953125
SC4011,1125,33750.0,33780.0,Sleep stage 2,N2,7.025693728491162e-11,5.278556972734016e-12,1.1959864709791617e-12,1.8747059635156993e-12,0.8937838132267052,0.06715192779173192,0.01521491527967408,0.02384934370188884,0.6379439586428938,0.5859375
SC4011,1126,33780.0,33810.0,Sleep stage 2,N2,1.6694627315697256e-10,1.294041918353204e-11,7.54751605209319e-12,4.916970383207999e-12,0.8679243569989044,0.06727496689071345,0.03923821054868694,0.02556246556169513,0.6239182655804613,0.5859375
SC4011,1127,33810.0,33840.0,Sleep stage 2,N2,1.7301561038797433e-10,1.428542007092859e-11,2.9734799914863162e-12,2.957893600808056e-12,0.8953757587269552,0.07392869814497387,0.015388102249654189,0.015307440878416834,0.66200236247764,1.07421875
SC4011,1128,33840.0,33870.0,Sleep stage 2,N2,1.0445033319001533e-10,1.7258367612041286e-11,7.357777163436e-12,1.0923704437685443e-11,0.7461261311110635,0.12328269965629737,0.05255923692023823,0.07803193231240088,0.6969916728999657,0.5859375
SC4011,1129,33870.0,33900.0,Sleep stage 2,N2,1.9506639642873913e-10,1.4038823661333184e-11,3.953462140412682e-12,1.937253218620908e-12,0.9073027172409754,0.06529808869180447,0.018388543635275145,0.009010650431945011,0.6435786430909078,1.07421875
SC4011,1130,33900.0,33930.0,Sleep stage 2,N2,8.09103846825954e-11,1.5627945268207053e-11,6.8077678295571086e-12,5.7737121055510585e-12,0.7414820898899167,0.1432182230206113,0.062388010359209,0.05291167673026299,0.7133819658391183,0.5859375
SC4011,1131,33930.0,33960.0,Sleep stage 2,N2,7.722962018642774e-11,1.3007593551269421e-11,3.5785055380616457e-12,3.88822163301094e-12,0.7904452928724776,0.13313274193735086,0.036626010217981335,0.039795954972190274,0.7187745079101563,2.05078125
SC4011,1132,33960.0,33990.0,Sleep stage 2,N2,1.1080923594687237e-10,2.1364946056421686e-11,5.7274015616299705e-12,7.340375502203424e-12,0.7629285411639135,0.14709899393843417,0.039433519063061515,0.05053894583459091,0.7378571879713831,1.953125
SC4011,1133,33990.0,34020.0,Sleep stage 2,N2,3.04226256117804e-10,1.943194209969197e-11,5.186368989196891e-12,6.057079281660663e-12,0.9084047788591081,0.05802283238511259,0.01548624512175174,0.018086143634027496,0.6655294195626258,1.171875
SC4011,1134,34020.0,34050.0,Sleep stage 2,N2,9.568295537214042e-11,4.792991821998769e-12,1.706867119759859e-12,1.6760823726148651e-12,0.9212783731079713,0.04614907316477529,0.016434481534228502,0.016138072193024794,0.5802083665195614,1.07421875
SC4011,1135,34050.0,34080.0,Sleep stage 2,N2,2.1394147921206938e-10,1.3988776249936358e-11,4.194247479845013e-12,2.99979885000958e-12,0.9099079830610505,0.05949523780965728,0.017838426091565378,0.012758353037726823,0.6117201373667386,1.3671875
SC4011,1136,34080.0,34110.0,Sleep stage 2,N2,1.7594982644562788e-10,2.0723531836330946e-11,7.184205493732834e-12,5.0645285257424624e-12,0.8421791324575018,0.09919263017159001,0.03438700720729628,0.024241230163612036,0.6690881609299335,1.171875
SC4011,1137,34110.0,34140.0,Sleep stage 2,N2,2.0973863899052008e-10,1.5655204793807514e-11,6.53420071789417e-12,3.594864485237661e-12,0.8905233036234609,0.06646998740424476,0.027743376412874075,0.015263332559420245,0.6225133337031753,1.171875
SC4011,1138,34140.0,34170.0,Sleep stage 2,N2,1.346000596760384e-10,1.2474317783443099e-11,4.882813882846462e-12,4.186500177568227e-12,0.8620268828400752,0.0798899889071317,0.03127128502802358,0.026811843224769497,0.6615203963837806,1.953125
SC4011,1139,34170.0,34200.0,Sleep stage 2,N2,1.0926325037917951e-10,1.447658689153226e-11,6.841403953701321e-12,7.491282963466787e-12,0.7913468014135917,0.10484770215277218,0.04954935092221531,0.05425614551142086,0.7266593164923257,1.26953125
SC4011,1140,34200.0,34230.0,Sleep stage 2,N2,1.1252498259971535e-10,1.9828851082858175e-11,6.3857539772431e-12,5.605512834035141e-12,0.7795552617631677,0.13737114051683913,0.04423949240670691,0.038834105313286356,0.7194151042684439,1.26953125
SC4011,1141,34230.0,34260.0,Sleep stage 1,N1,6.003621675748313e-11,4.367062538758665e-12,1.639787248888412e-12,2.517727126096272e-12,0.875663969781013,0.06369620748120698,0.02391727343110668,0.03672254930667334,0.5754819347622602,0.5859375
SC4011,1142,34260.0,34290.0,Sleep stage 2,N2,1.8148102982815014e-10,7.795773087756442e-12,2.6540096019380665e-12,2.538841700066453e-12,0.9332100196197878,0.040087349972972974,0.013647422846569892,0.013055207560669484,0.6005594692223881,1.07421875
SC4011,1143,34290.0,34320.0,Sleep stage 2,N2,1.0024158955033992e-10,5.313316157880938e-12,2.2365317028219793e-12,2.7453487745030695e-12,0.9068618060061511,0.04806830686177234,0.020233370084306236,0.024836517047770464,0.6061926432412096,1.171875
SC4011,1144,34320.0,34350.0,Sleep stage 2,N2,1.1325782682960835e-10,1.2924240493298507e-11,5.674611264645961e-12,8.16630752436301e-12,0.8088516748177692,0.09230084896895843,0.0405262837353749,0.05832119247789749,0.6777653090302478,1.171875
SC4011,1145,34350.0,34380.0,Sleep stage 2,N2,1.3147404280332165e-10,1.0914809141664617e-11,2.6056433136000384e-12,2.117083601417441e-12,0.8937028874418966,0.07419408605526223,0.017712020588669327,0.014391005914171634,0.6503946585496664,1.171875
SC4011,1146,34380.0,34410.0,Sleep stage 2,N2,5.6472228823236835e-11,1.1799517107387715e-11,3.003370909005693e-12,6.247920920311064e-12,0.7284573780262503,0.15220658849729587,0.03874165661962274,0.0805943768568312,0.7091169546561593,1.07421875
SC4011,1147,34410.0,34440.0,Sleep stage 2,N2,8.673493413240689e-11,9.682403865437128e-12,4.1102792971382715e-12,1.925403870421677e-12,0.8465824935740918,0.09450579158427642,0.040118673421084224,0.018793041420547604,0.6971467189190498,2.05078125
SC4011,1148,34440.0,34470.0,Sleep stage 2,N2,7.655904715861364e-11,9.138468277638776e-12,3.047968433336299e-12,3.7455617507939684e-12,0.8277455038495312,0.09880381626505137,0.03295420019194381,0.04049647969347361,0.6957089044560544,1.85546875
SC4011,1149,34470.0,34500.0,Sleep stage 2,N2,2.0851412056886688e-10,1.6112361886648623e-11,3.5067867736783156e-12,5.1460462501545835e-12,0.8938388735426741,0.06906896933206667,0.015032566288496169,0.022059590836763017,0.6492468410738972,1.26953125
SC4011,1150,34500.0,34530.0,Sleep stage 2,N2,1.0808974100166555e-10,5.48203027773941e-12,1.3836398222455023e-12,1.7159039625546665e-12,0.9264465815113417,0.046986958831505464,0.011859297390143195,0.014707162267009601,0.6209896513699849,0.9765625
SC4011,1151,34530.0,34560.0,Sleep stage 2,N2,1.5740750092434655e-10,1.6202859463343807e-11,7.353128838448039e-12,1.0984144816844441e-11,0.8200543950914149,0.08441291576282467,0.03830799413136529,0.05722469501439524,0.6675796597820429,1.07421875
SC4011,1152,34560.0,34590.0,Sleep stage 2,N2,1.1022988551614829e-10,1.4927418121408445e-11,4.9833832356350385e-12,4.851576360531848e-12,0.816564467293195,0.11057980482602421,0.036916065530414,0.0359396623503667,0.7003210536301192,0.9765625
SC4011,1153,34590.0,34620.0,Sleep stage 2,N2,1.2993508096551915e-10,1.680482173175369e-11,6.908943357632905e-12,5.663880489039764e-12,0.8155976222632615,0.10548323474407537,0.04336717792427658,0.03555196506838651,0.7044738992810464,0.5859375
SC4011,1154,34620.0,34650.0,Sleep stage 2,N2,9.358289374988061e-11,1.0198714441287364e-11,3.2077048417561013e-12,1.740423369560618e-12,0.8606927308594308,0.09379875992281264,0.02950163357227452,0.016006875645482074,0.6645430584230143,0.5859375
SC4011,1155,34650.0,34680.0,Sleep stage 2,N2,1.2493582850593006e-10,2.44637882230452e-11,6.5758196287474104e-12,5.909754380281224e-12,0.7717557605879284,0.15111813570790156,0.04062026673823279,0.03650583696593725,0.7251181999382904,1.953125
SC4011,1156,34680.0,34710.0,Sleep stage 2,N2,1.2178842002216936e-10,1.4116553229908248e-11,3.3964071146764055e-12,3.6233424814797638e-12,0.852115838289865,0.09876914888194722,0.02376360819172564,0.025351404636462023,0.6846762685025549,0.5859375
SC4011,1157,34710.0,34740.0,Sleep stage 2,N2,1.9783521059208022e-10,2.159981237548581e-11,6.789646245112127e-12,5.056300035761037e-12,0.8553890587494385,0.0933920868875448,0.029356700930368258,0.021862153432648503,0.6717047316056325,0.9765625
SC4011,1158,34740.0,34770.0,Sleep stage 2,N2,1.1171051326536819e-10,1.2627399526679372e-11,8.508190604506206e-12,6.17752519732038e-12,0.8035361642854612,0.09082916087284301,0.06119960103588539,0.044435073805810466,0.6941342776821863,0.5859375
SC4011,1159,34770.0,34800.0,Sleep stage 2,N2,1.086042866445059e-10,1.0104389139181405e-11,4.439235583722286e-12,4.798461375484823e-12,0.8488266163101313,0.07897362717336243,0.03469606436317532,0.03750369215333076,0.6277582723173304,1.07421875
SC4011,1160,34800.0,34830.0,Sleep stage 2,N2,1.0656468924449355e-10,1.554229985861091e-11,5.891413176446082e-12,6.525116640939365e-12,0.7921640029910203,0.11553592994989362,0.043794670431779294,0.048505396627306734,0.7098747435055515,1.3671875
SC4011,1161,34830.0,34860.0,Sleep stage 2,N2,1.552403451636273e-10,1.2393246987364678e-11,3.4833093038431656e-12,3.2389455666405542e-12,0.8903650082036313,0.07108019145373531,0.019978161692587922,0.018576638650045434,0.5997518952405017,0.9765625
SC4011,1162,34860.0,34890.0,Sleep stage 2,N2,5.051557935621541e-11,6.965963233891366e-12,1.5778452133524476e-12,1.1230578510922759e-12,0.8393739869957412,0.1157474269802218,0.026217698469904537,0.018660887554132505,0.6442703222267194,0.9765625
SC4011,1163,34890.0,34920.0,Sleep stage 2,N2,1.4558940400320342e-10,1.4250211747601894e-11,6.229022452661069e-12,7.474487631417669e-12,0.8389234854610322,0.08211337486890793,0.035893224941606815,0.043069914728453146,0.6754805477221419,1.26953125
SC4011,1164,34920.0,34950.0,Sleep stage 2,N2,1.3441811887715845e-10,3.8517536617434886e-11,7.081589109595027e-12,6.5551313546021245e-12,0.7204609910035572,0.20644822910945035,0.03795625731410091,0.0351345225728915,0.7422287884315371,1.171875
SC4011,1165,34950.0,34980.0,Sleep stage 2,N2,2.582503445370268e-10,1.9538571195715292e-11,8.453508907941955e-12,6.951133222482307e-12,0.8808186183188665,0.06664052013323553,0.028832519273452845,0.02370834227444522,0.6776567366174789,2.83203125
SC4011,1166,34980.0,35010.0,Sleep stage 2,N2,1.17450357476518e-10,5.7990215720819235e-12,1.836776120481359e-12,1.6558673549442964e-12,0.9266883637923149,0.045754529212934436,0.014492242461518036,0.013064864533232497,0.6120391677377326,0.5859375
SC4011,1167,35010.0,35040.0,Sleep stage 2,N2,4.7733169353374666e-11,4.425191854055518e-12,1.8007743009523693e-12,1.666039910972622e-12,0.8581216866916266,0.07955375997817962,0.03237336848605743,0.02995118484413645,0.6687361880755708,0.9765625
SC4011,1168,35040.0,35070.0,Sleep stage 2,N2,1.4446146427495486e-10,2.776351632045455e-11,4.831823220048731e-12,8.967010577628214e-12,0.7765751108064787,0.14924710801697436,0.025974218601058356,0.04820356257548859,0.7067769652792492,2.1484375
SC4011,1169,35070.0,35100.0,Sleep stage 2,N2,2.0932306018468704e-10,2.105489434511863e-11,7.228590554417498e-12,5.1470174407671305e-12,0.8622862544525511,0.08673361629018785,0.029777484949055487,0.021202644308205655,0.6905853372887705,2.1484375
SC4011,1170,35100.0,35130.0,Sleep stage 2,N2,6.431045546007742e-11,6.902435673890657e-12,1.5163688254051083e-12,1.982404856812708e-12,0.8607819892422595,0.09238765714661575,0.02029627942485087,0.026534074186273928,0.6561752708442099,0.5859375
SC4011,1171,35130.0,35160.0,Sleep stage 2,N2,8.367576632318546e-11,1.4311879109239843e-11,5.5426861118451786e-12,7.503364369023464e-12,0.753606962597442,0.1288967190682004,0.04991895537885593,0.06757736295550164,0.7175903701115961,1.171875
SC4011,1172,35160.0,35190.0,Sleep stage 2,N2,1.0586248829469935e-10,2.9106004457352856e-11,3.607657740913504e-12,4.6334281413841224e-12,0.7392137404788613,0.20324062632477838,0.0251914555947739,0.03235417760158651,0.694265768989542,1.26953125
SC4011,1173,35190.0,35220.0,Sleep stage 2,N2,2.7108585575445803e-10,2.155041208556914e-11,1.0099801338124337e-11,8.296809373019384e-12,0.871566559192099,0.06928660463791993,0.032471812578690855,0.026675023591290203,0.6781309740848976,1.171875
SC4011,1174,35220.0,35250.0,Sleep stage 2,N2,1.525029285904456e-10,1.1428773262073766e-11,2.7778228222683778e-12,2.5951566301394077e-12,0.9007602590490651,0.06750417752176568,0.016407241671394568,0.015328321757774589,0.6617768884128434,1.171875
SC4011,1175,35250.0,35280.0,Sleep stage 2,N2,2.2378311608271903e-10,2.092142371966965e-11,9.17319714885012e-12,4.1812477890176645e-12,0.8671781620313006,0.08107225462708707,0.03554690086874208,0.016202682472870326,0.6707577158804976,0.9765625
SC4011,1176,35280.0,35310.0,Sleep stage 2,N2,2.630991718587339e-10,8.984358623283669e-12,3.870800293596133e-12,1.5731645503804202e-12,0.9480111927277253,0.03237285953498159,0.013947447942227657,0.0056684997950654315,0.6153600011302754,0.5859375
SC4011,1177,35310.0,35340.0,Sleep stage 2,N2,1.947061270905163e-10,9.45124786132795e-12,5.743613365457815e-12,5.4750451946735056e-12,0.904028753411368,0.04388254211582196,0.0266678389038976,0.02542086556891241,0.621555474276761,0.5859375
SC4011,1178,35340.0,35370.0,Sleep stage 2,N2,1.0730997755947393e-10,5.9493551045950655e-12,1.258669606817839e-12,2.196205120361671e-12,0.9194251493286522,0.05097370095357527,0.010784202154571773,0.01881694756320084,0.5818512502140795,1.171875
SC4011,1179,35370.0,35400.0,Sleep stage 2,N2,8.174094207315745e-11,8.704720805281714e-12,3.125000370001282e-12,4.137845218807822e-12,0.8365795707602771,0.08908866732112203,0.03198288889087666,0.04234887302772431,0.6681943091894754,0.9765625
SC4011,1180,35400.0,35430.0,Sleep stage 2,N2,7.155558357287122e-11,7.710015616313135e-12,2.0349398380732916e-12,2.0004982895759253e-12,0.8589999101777234,0.09255605769935694,0.02442874547088105,0.02401528665203863,0.6558578595434232,1.171875
SC4011,1181,35430.0,35460.0,Sleep stage 2,N2,3.126712492877996e-10,1.3830639276733983e-11,9.238014562816053e-12,4.679253023380136e-12,0.91848899698628,0.04062826379432682,0.027137176025210732,0.013745563194182499,0.5783082293907287,1.171875
SC4011,1182,35460.0,35490.0,Sleep stage 2,N2,1.4680258171002135e-10,2.4658260205832482e-11,3.962780861751608e-12,5.00402065049931e-12,0.8136368625161254,0.13666564467244785,0.021963268967322425,0.027734223844104407,0.6949429549101007,2.63671875
SC4011,1183,35490.0,35520.0,Sleep stage 2,N2,1.169015417494372e-10,8.772267061069558e-12,6.522928213318294e-12,3.50574060151054e-12,0.8614547338788731,0.06464338171694353,0.04806786381106181,0.025834020593121575,0.6176174724488128,0.5859375
SC4011,1184,35520.0,35550.0,Sleep stage 2,N2,1.877299245690842e-10,3.3853646128746607e-11,6.249823494334776e-12,8.970876711486123e-12,0.7927640994510005,0.1429604542163034,0.02639235969218492,0.0378830866405112,0.688642996471797,1.07421875
SC4011,1185,35550.0,35580.0,Sleep stage 2,N2,1.4790566514093825e-10,1.6622771623188794e-11,4.453904792214977e-12,6.549536514482579e-12,0.8426142690802888,0.09469944608284624,0.025373765957303153,0.037312518879561773,0.6670172201196952,1.07421875
SC4011,1186,35580.0,35610.0,Sleep stage 2,N2,1.1226871145995599e-10,1.2436756587870821e-11,6.2208388451114685e-12,6.859657471711828e-12,0.8148051361954198,0.09026141846318239,0.045148567009684955,0.04978487833171285,0.6854076384443213,0.5859375
SC4011,1187,35610.0,35640.0,Sleep stage 2,N2,1.412455125023637e-10,1.323723007505594e-11,5.509023345849362e-12,3.512304106909738e-12,0.8638654222876123,0.08095963649475318,0.03369349365329276,0.0214814475643417,0.6456966294647198,1.07421875
SC4011,1188,35640.0,35670.0,Sleep stage 1,N1,6.840312418273305e-11,3.5292669523277345e-12,1.5767868729068281e-12,2.9409511685371835e-12,0.8947417737490913,0.04616430332222871,0.02062503870028015,0.03846888422839995,0.5840478216042265,0.5859375
SC4011,1189,35670.0,35700.0,Sleep stage W,W,4.799906924295369e-11,2.976395392598872e-12,1.5583760409584373e-12,1.8281498108991356e-12,0.8829527545366453,0.05475140564045728,0.028666647909431252,0.03362919191346613,0.6348492422835916,1.171875
SC4011,1190,35700.0,35730.0,Sleep stage W,W,3.3038161479621254e-10,5.4381567140379845e-12,1.3077058235416789e-12,1.9204188831868955e-12,0.9744393594018338,0.016039494050002157,0.0038569943601855935,0.005664152187978459,0.46884834252946783,0.5859375
SC4011,1191,35730.0,35760.0,Sleep stage 1,N1,2.4496350740754148e-11,3.88370667575344e-12,1.5038489062034924e-12,1.6368423799978851e-12,0.7771500281225514,0.12321111761598687,0.04770980919226224,0.051929045069199486,0.7154799385947297,0.9765625
SC4011,1192,35760.0,35790.0,Sleep stage 1,N1,6.580898077665978e-11,3.3566323556986606e-12,2.2311562165216182e-12,3.390240992237342e-12,0.8799520194281445,0.04488255835322791,0.029833472502041488,0.04533194971658615,0.6564838416716005,0.9765625
SC4011,1193,35790.0,35820.0,Sleep stage 1,N1,2.1894615497414805e-11,4.241534847502949e-12,1.1016135559321617e-12,1.7702624576870484e-12,0.754777840684473,0.1462193530534586,0.03797616364230725,0.06102664261976121,0.7101459160048335,1.26953125
SC4011,1194,35820.0,35850.0,Sleep stage W,W,3.353813185021232e-10,1.0692843966325124e-11,2.4587147965137654e-12,2.9468586094093485e-12,0.9541981635663849,0.030422362585782306,0.006995324468414241,0.008384149379418667,0.5602249027418466,0.9765625
SC4011,1195,35850.0,35880.0,Sleep stage W,W,1.8657581636345776e-11,1.8972347208136954e-12,1.8126396454363844e-12,1.4785402554307124e-12,0.7824198844309401,0.0795619818222141,0.0760144229590009,0.06200371078784496,0.6481946918154783,0.5859375
SC4011,1196,35880.0,35910.0,Sleep stage W,W,4.5763245819411394e-11,2.0951853550195737e-12,1.9464485790528922e-12,2.552572973313131e-12,0.8740540923219775,0.04001694593417911,0.037176151200661506,0.0487528105431818,0.5923718109400424,0.5859375
SC4011,1197,35910.0,35940.0,Sleep stage W,W,2.0125227509963326e-11,2.555674943512505e-12,2.3739630475833283e-12,1.2903234372110208e-12,0.7639052260023285,0.09700727330142693,0.09010992683126312,0.048977573864981486,0.6751905726541948,1.07421875
SC4011,1198,35940.0,35970.0,Sleep stage 1,N1,1.1608780776289189e-11,2.963546127244348e-12,1.5253797851321292e-12,2.0823010245985693e-12,0.6385465264582565,0.16301126897114174,0.08390424301191048,0.11453796155869124,0.7637974833417432,1.171875
SC4011,1199,35970.0,36000.0,Sleep stage 1,N1,1.4642008077107237e-11,2.3968304816601657e-12,1.5643684239382883e-12,1.4732202976648726e-12,0.7293134317490467,0.11938530935748873,0.07792065799814028,0.07338060089532426,0.7381348205426363,0.9765625
SC4011,1200,36000.0,36030.0,Sleep stage 1,N1,1.3753142709354183e-11,2.541912991801826e-12,1.4693663476409434e-12,2.3780921760292397e-12,0.6827917585582769,0.12619641040982113,0.07294850738295172,0.11806332364895031,0.7622756228358563,0.9765625
SC4011,1201,36030.0,36060.0,Sleep stage 1,N1,2.0165733302723252e-11,3.762855919415846e-12,1.3897522020446251e-12,2.0756591470527522e-12,0.7361368504860565,0.13736058410420054,0.05073199142383957,0.07577057398590335,0.7401299616812372,0.9765625
SC4011,1202,36060.0,36090.0,Sleep stage 1,N1,2.5397315251146773e-11,1.9885820424138248e-12,1.4602758491366815e-12,2.1771820604400147e-12,0.8186514670914261,0.06409951565176696,0.04707021015538024,0.07017880710142671,0.6620628034143711,0.9765625
SC4011,1203,36090.0,36120.0,Sleep stage 1,N1,1.9449811669833727e-11,3.304645228074861e-12,9.355123914503873e-13,1.5760092699579025e-12,0.7698024291507829,0.1307942702601664,0.03702656476392106,0.06237673582512981,0.7198965926296175,1.07421875
SC4011,1204,36120.0,36150.0,Sleep stage 1,N1,1.1114696648555037e-10,9.614929567193072e-12,1.7053169310954613e-12,1.7674761241597475e-12,0.8946532348056911,0.07739327587349376,0.01372657623518508,0.014226913085629891,0.639989825047435,2.63671875
SC4011,1205,36150.0,36180.0,Sleep stage 2,N2,1.0452468935047037e-10,1.2550751294285484e-11,1.7481487063604177e-12,1.76639378812745e-12,0.8667775434529834,0.10407789243815792,0.01449663281188001,0.014647931296978603,0.6676834007552882,2.1484375
SC4011,1206,36180.0,36210.0,Sleep stage 2,N2,2.414789642406339e-10,1.9875058171974304e-11,6.765394856187634e-12,4.108974821828225e-12,0.8870454781962869,0.0730087630439295,0.024851907636200758,0.015093851123582873,0.6498487898368954,3.02734375
SC4011,1207,36210.0,36240.0,Sleep stage 2,N2,1.7090064736540974e-10,1.6203678510514522e-11,2.18061756472962e-12,3.056193967907971e-12,0.8885288382297062,0.084244476916529,0.011337239625955087,0.015889445227809742,0.6671373835257071,1.26953125
SC4011,1208,36240.0,36270.0,Sleep stage 2,N2,2.0287278688458453e-10,2.63540290476706e-11,9.476910224197176e-12,1.015109632099271e-11,0.8152254590242948,0.10590121897299859,0.038082083882686725,0.04079123812001977,0.6982563476651016,1.3671875
SC4011,1209,36270.0,36300.0,Sleep stage 2,N2,1.8398254798758163e-10,3.947319470568324e-11,5.8814878746849155e-12,6.139687853064532e-12,0.7813188197861295,0.16763084454463706,0.02497691881702509,0.026073416852208205,0.7117368731804048,2.83203125
SC4011,1210,36300.0,36330.0,Sleep stage 2,N2,7.671955225441263e-11,6.211050534042561e-12,2.4730074008755734e-12,2.077441880063128e-12,0.8769847920159355,0.07099880930919392,0.028269063327151955,0.02374733534771859,0.6481481523605075,1.07421875
SC4011,1211,36330.0,36360.0,Sleep stage 2,N2,6.468653865619525e-11,7.71628644939508e-12,1.454020129501528e-12,1.6119066258886115e-12,0.8571300977039222,0.10224478687032088,0.01926651883921375,0.02135859658654318,0.6908026499365716,1.953125
SC4011,1212,36360.0,36390.0,Sleep stage 2,N2,1.1269537508979616e-10,2.0955348652964037e-11,4.238623139828668e-12,5.975564061446335e-12,0.7833416386962887,0.1456599007739689,0.02946252225101319,0.04153593827872931,0.7308944567824918,1.85546875
SC4011,1213,36390.0,36420.0,Sleep stage 2,N2,2.020447674876995e-10,1.9505188615289542e-11,3.223472014097121e-12,4.116086381331109e-12,0.8827174452724728,0.08521661054693887,0.014083091666129645,0.017982852514458764,0.6195495646518251,1.26953125
SC4011,1214,36420.0,36450.0,Sleep stage 2,N2,1.849353894050372e-10,2.8730113571757083e-11,1.120983387910092e-11,9.177460757971281e-12,0.7901438961226956,0.12275056681507902,0.04789446651944994,0.03921107054277553,0.6974454426872708,2.1484375
SC4011,1215,36450.0,36480.0,Sleep stage 2,N2,9.91913584225937e-11,1.3599347851050264e-11,6.397043963757865e-12,1.1428484435527635e-11,0.7594106404228735,0.10411682655761599,0.04897587179554233,0.08749666122396818,0.7381268004947307,0.5859375
SC4011,1216,36480.0,36510.0,Sleep stage 2,N2,8.446228773404197e-11,1.66934987357904e-11,5.5963785239796505e-12,3.1979344409268906e-12,0.7681874611143459,0.15182795487782944,0.05089925841587248,0.029085325591952108,0.7215683258227352,2.05078125
SC4011,1217,36510.0,36540.0,Sleep stage 2,N2,2.2677867982827255e-11,1.830821863009558e-12,1.2353631723429441e-12,2.992475834770479e-12,0.7891651806268533,0.06371061280150392,0.04298929695595839,0.10413490961568438,0.665321513339226,0.9765625
SC4011,1218,36540.0,36570.0,Sleep stage W,W,1.6851024282972373e-11,1.8722846244957995e-12,1.2901396898263607e-12,1.871535317105662e-12,0.769981113483227,0.08555110809397702,0.05895090875426489,0.08551686966853116,0.6821495844761245,0.9765625
SC4011,1219,36570.0,36600.0,Sleep stage W,W,4.2017365993482636e-11,2.3553715972646143e-12,1.3803075866023713e-12,1.707705033543483e-12,0.8853076659508615,0.04962777846533099,0.0290831388140503,0.03598141676975712,0.6311880009617358,0.5859375
SC4011,1220,36600.0,36630.0,Sleep stage W,W,1.5011291818502642e-11,1.8780223564726356e-12,1.4860767044872803e-12,1.5888077896257683e-12,0.7519105608654084,0.09406950850376389,0.07443708255559765,0.07958284807523017,0.7179536531455244,0.9765625
SC4011,1221,36630.0,36660.0,Sleep stage 1,N1,1.3446771985411252e-11,3.3154493124328473e-12,1.6688779213377482e-12,2.0230469827774944e-12,0.6574105735160514,0.16209179692454015,0.08159117984489049,0.09890644971451819,0.7638164095712314,1.171875
SC4011,1222,36660.0,36690.0,Sleep stage 1,N1,1.4542890357172768e-11,2.740643649720232e-12,2.6017228684808575e-12,1.5580393291108204e-12,0.6782021858249223,0.1278088789888119,0.12133036095153737,0.07265857423472843,0.7212396530683663,0.9765625
SC4011,1223,36690.0,36720.0,Sleep stage W,W,3.516702659510413e-11,2.7949345718618285e-12,2.564769804392309e-12,2.5763253395013287e-12,0.815882436305195,0.06484307172337707,0.05950320055949557,0.059771291411932596,0.6554942685329282,1.07421875
SC4011,1224,36720.0,36750.0,Sleep stage W,W,1.4334069939259298e-11,2.2930239194606926e-12,2.520569117391667e-12,1.3886061048661584e-12,0.6979880270723835,0.11165727866239626,0.12273744113171954,0.06761725313350057,0.6908107686440678,1.171875
SC4011,1225,36750.0,36780.0,Sleep stage W,W,1.352780607590862e-11,2.4484805093474584e-12,1.8505153083216783e-12,1.765557456692013e-12,0.6904633502305761,0.12497119237013916,0.094450866036009,0.09011459136327564,0.7335125599768764,0.9765625
SC4011,1226,36780.0,36810.0,Sleep stage 1,N1,1.693250209055742e-11,2.6827925272881976e-12,1.3379966455090158e-12,1.7451410076663373e-12,0.745976721580684,0.11819285557942749,0.0589466545324909,0.07688376830739779,0.6710452321338555,0.9765625
SC4011,1227,36810.0,36840.0,Sleep stage W,W,3.5239313419709074e-11,3.2426106937353057e-12,2.303174134916313e-12,1.381772646998079e-12,0.8357108951043318,0.07689948589692991,0.05462046592529632,0.032769153073442026,0.6533254634455471,0.9765625
SC4011,1228,36840.0,36870.0,Sleep stage 1,N1,2.3063192411606427e-11,2.816055310240461e-12,1.1780574405387613e-12,1.5473517309489764e-12,0.8062740447336233,0.09844744234274141,0.04118411365434937,0.05409439926928597,0.6737642349633779,1.07421875
SC4011,1229,36870.0,36900.0,Sleep stage 1,N1,2.7115628081323007e-11,5.654977266602759e-12,1.1618064525783174e-12,1.9995767239842618e-12,0.7546375581981272,0.15738002539850485,0.03233348612995699,0.05564893027341117,0.7311198803164097,0.9765625
SC4011,1230,36900.0,36930.0,Sleep stage W,W,1.5159205379454277e-11,2.9003662402101785e-12,3.184656908243204e-12,1.5518628270197727e-12,0.6649914296021443,0.12723085703827278,0.13970188391769328,0.06807582944188954,0.7325513856534032,0.9765625
SC4011,1231,36930.0,36960.0,Sleep stage W,W,1.9239606738797535e-11,2.6206694347989048e-12,1.6707299111123581e-12,1.3565232411629872e-12,0.7730621423636872,0.10530050614845857,0.06713120813384854,0.05450614335400565,0.6631820986210516,0.9765625
SC4011,1232,36960.0,36990.0,Sleep stage W,W,1.2555723531640498e-10,5.112571054132114e-12,2.3039766525832185e-12,2.2747366333318007e-12,0.9283446180064361,0.03780130878414547,0.017035133977330055,0.016818939232088544,0.5218528561060595,0.5859375
SC4011,1233,36990.0,37020.0,Sleep stage W,W,1.9448129558889596e-11,3.5949072039700635e-12,1.478212268383543e-12,1.6348364144532423e-12,0.7435412917298551,0.13744056661053408,0.05651504203304851,0.06250309962656235,0.705294838634047,0.9765625
SC4011,1234,37020.0,37050.0,Sleep stage 1,N1,2.8819290589914576e-11,4.3651271242916514e-12,1.4345072404815147e-12,1.844781926116897e-12,0.7903554809751319,0.11971155698900042,0.039340685936587357,0.050592276099280346,0.6989195940993188,0.9765625
SC4011,1235,37050.0,37080.0,Sleep stage 1,N1,2.7446907074499002e-11,7.317606119182481e-12,1.3075105161407305e-12,1.1461245499281665e-12,0.7374603078837616,0.19661392254423674,0.035130993272836725,0.0307947762991649,0.7300354405189613,0.5859375
SC4011,1236,37080.0,37110.0,Sleep stage 1,N1,6.726014935875333e-11,9.024217642243342e-12,1.9973934790018835e-12,2.061975452731757e-12,0.8371548643825635,0.11232011478529055,0.024860599968543264,0.02566442086360279,0.698129200211429,2.05078125
SC4011,1237,37110.0,37140.0,Sleep stage 1,N1,5.303981774758513e-11,6.617826023050935e-12,1.6679589883800975e-12,1.991170896899875e-12,0.8376898361217955,0.10451931835652832,0.02634308244201338,0.031447763079662676,0.6808425363081773,1.85546875
SC4011,1238,37140.0,37170.0,Sleep stage 2,N2,1.0420688352649379e-10,1.2704022161984114e-11,3.468442277986258e-12,3.2725671187274224e-12,0.8427437897318382,0.10274019737770754,0.0280500490073011,0.02646596388315333,0.6907992347289912,2.05078125
SC4011,1239,37170.0,37200.0,Sleep stage 2,N2,1.1308945106987411e-10,2.4104172439536006e-11,4.321839376817375e-12,7.798527896969761e-12,0.7573935334303609,0.1614327787577192,0.02894463776735197,0.052229050044567904,0.7283349441302921,1.26953125
SC4011,1240,37200.0,37230.0,Sleep stage 2,N2,1.7907909990485692e-10,1.097449077704554e-11,3.090267865614516e-12,2.3254603019081383e-12,0.9161494036964747,0.05614431380660544,0.01580947784442338,0.011896804652496375,0.6518694679602368,2.9296875
SC4011,1241,37230.0,37260.0,Sleep stage 2,N2,9.240584781288734e-11,1.2290195225186328e-11,3.409823965354721e-12,3.828153615622879e-12,0.8255385387019661,0.10979856845323151,0.030462802519704773,0.03420009032509749,0.6979646289514608,2.1484375
SC4011,1242,37260.0,37290.0,Sleep stage 2,N2,1.0656472181251939e-10,1.8306432877112518e-11,6.08090411418701e-12,6.337842207759808e-12,0.7762021898721593,0.13334143838860074,0.044292435709995595,0.04616393602924434,0.7254925617241936,2.9296875
SC4011,1243,37290.0,37320.0,Sleep stage 2,N2,2.600841123286177e-10,1.064090597829968e-11,5.159449036658013e-12,3.6334161167153623e-12,0.9304739614829194,0.038068784174274,0.01845838617832473,0.012998868164481998,0.5985488983380629,1.85546875
SC4011,1244,37320.0,37350.0,Sleep stage 2,N2,9.763469124799356e-11,1.0945977529254854e-11,4.998243153731018e-12,9.607600642717031e-12,0.7925761449702824,0.08885694789603214,0.04057459740765706,0.07799230972602844,0.7052886089922558,0.5859375
SC4011,1245,37350.0,37380.0,Sleep stage 2,N2,8.684443036439982e-11,4.683538133928261e-12,1.869987837364171e-12,1.9701592065754082e-12,0.9106233238498866,0.0491101046434381,0.01960810305133252,0.020658468455342634,0.6132045884617655,1.171875
SC4011,1246,37380.0,37410.0,Sleep stage 2,N2,4.7642407927394464e-11,8.387268174234647e-12,3.0104104074756582e-12,7.882735302728995e-12,0.7119007632605533,0.12532747345617082,0.04498331549646844,0.11778844778680736,0.7426632479302103,1.46484375
SC4011,1247,37410.0,37440.0,Sleep stage 2,N2,1.182515062321272e-10,1.2428325185052698e-11,5.4759548971616585e-12,3.651111334495199e-12,0.8458202579471307,0.088896366302826,0.03916798805532482,0.02611538769471849,0.7010961587931324,1.07421875
SC4011,1248,37440.0,37470.0,Sleep stage 2,N2,2.4233075384477055e-10,1.6977471548840408e-11,6.9419214491562435e-12,6.143999785574658e-12,0.8896327503520471,0.06232685892477966,0.025484840754041213,0.02255554996913209,0.6549982523373429,1.953125
SC4011,1249,37470.0,37500.0,Sleep stage 2,N2,9.415426126769328e-11,1.6260787329601595e-11,7.105703648937184e-12,4.93927500842227e-12,0.768857098748643,0.13278444970281983,0.0580246779968532,0.04033377355168393,0.7259183171409195,1.953125
SC4011,1250,37500.0,37530.0,Sleep stage 2,N2,1.4477871192232812e-10,1.8735794274380246e-11,8.235971988855842e-12,3.985149487468685e-12,0.8238438263167555,0.10661352238283382,0.04686569307493743,0.02267695822547323,0.6904768444357254,1.07421875
SC4011,1251,37530.0,37560.0,Sleep stage 2,N2,5.394471004958287e-11,1.5194681682518264e-11,5.682224844178016e-12,5.072200932890256e-12,0.6752050625618389,0.19018595125679622,0.0711222097194926,0.06348677646187229,0.7690978902845915,1.3671875
SC4011,1252,37560.0,37590.0,Sleep stage 2,N2,1.1769178408970622e-10,1.459156598455941e-11,4.159747534280545e-12,7.2708201242954105e-12,0.818931012015764,0.10153203123781336,0.028944639460830434,0.05059231728559216,0.6995538552969116,1.171875
SC4011,1253,37590.0,37620.0,Sleep stage 2,N2,1.0152292496254498e-10,8.835294683538438e-12,6.703347722823846e-12,2.1180558234712163e-12,0.8518480109529106,0.07413427267911898,0.056245753621853405,0.01777196274611704,0.6853858354004414,1.171875
SC4011,1254,37620.0,37650.0,Sleep stage 2,N2,6.389125777397202e-11,1.1981441602052715e-11,6.271077163973895e-12,6.9420066663400724e-12,0.7171880346607985,0.1344933071341085,0.0703936917684043,0.07792496643668874,0.7414929148810749,0.9765625
SC4011,1255,37650.0,37680.0,Sleep stage 2,N2,7.895512602203e-11,2.3054486404595075e-11,5.645574027132429e-12,1.3603083095464568e-11,0.6511318882872555,0.19012712691926237,0.04655825988709772,0.11218272490638423,0.756297736647292,0.9765625
SC4011,1256,37680.0,37710.0,Sleep stage 2,N2,9.771110460468533e-11,1.0835045496076803e-11,6.536086740584801e-12,2.3190736602289302e-12,0.8322829122369444,0.09229066907163157,0.05567303050247525,0.01975338818894872,0.6985803302098555,2.05078125
SC4011,1257,37710.0,37740.0,Sleep stage 2,N2,1.2944335878857685e-10,1.3620637249438514e-11,4.6468009528960115e-12,3.543668247197837e-12,0.8557985946715909,0.09005114148528778,0.03072174395368019,0.02342851988944122,0.6780330733131379,1.171875
SC4011,1258,37740.0,37770.0,Sleep stage 2,N2,6.059686867259425e-11,8.548544274986527e-12,2.9541080168060368e-12,2.761024138963776e-12,0.8094633640315566,0.11419292049215807,0.039461481515098096,0.0368822339611871,0.7020659645807367,1.07421875
SC4011,1259,37770.0,37800.0,Sleep stage 2,N2,8.569501990660223e-11,6.9060653658329345e-12,5.37128934582383e-12,5.969823548226839e-12,0.824448793831964,0.0664414019296704,0.051675733634385455,0.057434070603980106,0.6835182841254597,0.9765625
SC4011,1260,37800.0,37830.0,Sleep stage 2,N2,1.1805583833837919e-10,6.415039938955254e-12,3.0431731091698206e-12,2.861045846425901e-12,0.9055091105892623,0.04920448824282789,0.023341674704432554,0.021944726463477244,0.6171999912925308,1.171875
SC4011,1261,37830.0,37860.0,Sleep stage 2,N2,2.9357359308981314e-11,5.468871870060403e-12,1.5296746755401523e-12,1.5541201381239885e-12,0.7743956523435217,0.14425924875684998,0.04035013523426421,0.04099496366536419,0.7279562346859865,1.953125
SC4011,1262,37860.0,37890.0,Sleep stage 2,N2,1.964824875067454e-10,8.200915743773606e-12,3.5330262589169672e-12,4.456290423575102e-12,0.9238725473047725,0.03856120214363545,0.016612503286880523,0.02095374726471158,0.6086201049406015,1.26953125
SC4011,1263,37890.0,37920.0,Sleep stage 1,N1,4.592793787285857e-11,3.9317332018727976e-12,1.9056012463925302e-12,2.3136306881552528e-12,0.8492764334546136,0.07270364195808797,0.035237424214495564,0.04278250037280282,0.600593657756124,0.9765625
SC4011,1264,37920.0,37950.0,Sleep stage 1,N1,7.35132851261558e-11,7.503132033408264e-12,2.9163822917036138e-12,1.625402913289211e-12,0.8592196083424167,0.0876962328104791,0.03408653070195578,0.018997628145148434,0.6554321997719905,0.9765625
SC4011,1265,37950.0,37980.0,Sleep stage 2,N2,1.1009400162635082e-10,1.7309544118215307e-11,4.861632789553699e-12,9.68849154195135e-12,0.7755629112466965,0.12193798236381871,0.034248024633307554,0.06825108175617728,0.6913853004421876,1.171875
SC4011,1266,37980.0,38010.0,Sleep stage 2,N2,1.2636009800773823e-10,2.3202514889922422e-11,7.871364000855137e-12,1.2155427538627908e-11,0.7450942965872147,0.1368158286004369,0.046414244020607814,0.07167563079174073,0.7314711424501273,1.171875
SC4011,1267,38010.0,38040.0,Sleep stage 2,N2,9.623288361824194e-11,9.543616195715332e-12,3.522486856527986e-12,3.628069032011311e-12,0.8521685349856725,0.08451133465179278,0.031192585644027476,0.032127544718507185,0.6779206662902374,1.07421875
SC4011,1268,38040.0,38070.0,Sleep stage 2,N2,7.060528170252713e-11,9.283871977659416e-12,5.4512959279196055e-12,4.227285771753475e-12,0.7882892361081575,0.10365196728806661,0.06086227261190076,0.04719652399187521,0.7169061470143899,0.5859375
SC4011,1269,38070.0,38100.0,Sleep stage 2,N2,8.463348304924411e-11,1.2213109153951862e-11,4.318260876609535e-12,4.032430792500792e-12,0.8045215611457843,0.11609719095767473,0.04104916702841163,0.03833208086812923,0.7148883319204752,1.3671875
SC4011,1270,38100.0,38130.0,Sleep stage 2,N2,9.345123629618355e-11,1.9963832701276793e-11,7.769568914619313e-12,1.0772369384964493e-11,0.7081945719321937,0.1512904324689393,0.058879547769141866,0.08163544782972502,0.7521331616363957,1.07421875
SC4011,1271,38130.0,38160.0,Sleep stage 2,N2,1.1991558320309642e-10,1.1714029519618636e-11,2.432168085202323e-12,2.085898115048919e-12,0.8807758174926057,0.08603914229229388,0.01786419059393931,0.015320849621161307,0.6616007557733202,1.07421875
SC4011,1272,38160.0,38190.0,Sleep stage 2,N2,8.426840679096231e-11,2.054962993370646e-11,5.9648686660959595e-12,6.161866401646239e-12,0.7205829341438832,0.1757208092225292,0.051005860071147234,0.0526903965624405,0.7533204536794997,1.171875
SC4011,1273,38190.0,38220.0,Sleep stage 2,N2,1.1975741260603914e-10,2.811400284477758e-11,9.190513823984832e-12,8.327536823878917e-12,0.7240933502656407,0.16998665941640576,0.055568918872386144,0.05035107144556746,0.7391736679035774,0.9765625
SC4011,1274,38220.0,38250.0,Sleep stage 2,N2,1.4097254193624706e-10,2.9592241131159916e-11,6.391324382662262e-12,7.346664541899077e-12,0.7648964820908416,0.16056319072862077,0.03467839530346721,0.03986193187707039,0.7263252103011483,1.26953125
SC4011,1275,38250.0,38280.0,Sleep stage 2,N2,7.620124122169304e-11,1.3033510046695571e-11,6.788387718179153e-12,4.2777629011032576e-12,0.7597263811947805,0.12994409622848713,0.06768022610386498,0.042649296472867304,0.7182105293029675,1.07421875
SC4011,1276,38280.0,38310.0,Sleep stage 2,N2,1.0521149026736805e-10,1.1964720813362602e-11,2.703422000017571e-12,1.9675519464982475e-12,0.8634708322875208,0.09819447868809729,0.022186987737246894,0.016147701287135028,0.6674117843012227,0.9765625
SC4011,1277,38310.0,38340.0,Sleep stage 2,N2,8.696019534387844e-11,1.5939576260767453e-11,6.547241096096606e-12,4.680308023814175e-12,0.7619577397576397,0.1396648599088487,0.05736786822410562,0.041009532109405916,0.7120270390950622,0.9765625
SC4011,1278,38340.0,38370.0,Sleep stage 2,N2,1.3007799548501127e-10,2.383719957980104e-11,7.061407581136571e-12,7.51392968341035e-12,0.7720196125366823,0.14147500901240512,0.04190981821657008,0.044595560234342364,0.7416779456555436,1.85546875
SC4011,1279,38370.0,38400.0,Sleep stage 2,N2,1.0633159842946807e-10,2.3961382966151072e-11,8.905790881130037e-12,5.7798725941041886e-12,0.7334293855773587,0.16527525821127528,0.06142829441579686,0.03986706179556917,0.7414980849669185,0.9765625
SC4011,1280,38400.0,38430.0,Sleep stage 2,N2,1.9069291612253227e-10,2.6970236764747975e-11,1.0462640249482099e-11,5.963731145099336e-12,0.8146153344859781,0.11521334347398539,0.04469503828323509,0.025476283756801294,0.7061930524096236,0.5859375
SC4011,1281,38430.0,38460.0,Sleep stage 2,N2,1.462992439613e-10,1.6163517109901675e-11,3.3842082738227968e-12,1.9703408344359998e-12,0.8717768375911311,0.09631614934488422,0.020166026199584488,0.011740986864400083,0.6700688474277969,0.9765625
SC4011,1282,38460.0,38490.0,Sleep stage 2,N2,1.5296307806537946e-10,2.9431745026865244e-11,5.65920936460529e-12,2.995153560018617e-12,0.8006476303535449,0.15405323435540091,0.02962174025753563,0.015677395033518546,0.7032689330762285,2.83203125
SC4011,1283,38490.0,38520.0,Sleep stage 2,N2,9.204163562720174e-11,2.0052124571585502e-11,5.017596217751293e-12,5.987281446309281e-12,0.7477063696655304,0.16289477219014298,0.040760777737782306,0.04863808040654439,0.7342962439903387,0.5859375
SC4011,1284,38520.0,38550.0,Sleep stage 2,N2,1.1174114659374909e-10,2.238442811213913e-11,3.5036936140490044e-12,1.4182539195617822e-12,0.8036183945894647,0.1609840128872172,0.025197814082685722,0.0101997784406323,0.7012298009632278,2.24609375
SC4011,1285,38550.0,38580.0,Sleep stage R,REM,5.1124243991628145e-11,7.15287882516976e-12,2.621181811635244e-12,2.5043986621594574e-12,0.8063417068718853,0.11281662222486136,0.04134179893910237,0.03949987196415091,0.7213651906339293,1.953125
SC4011,1286,38580.0,38610.0,Sleep stage R,REM,3.2333453108058975e-11,6.9751480130894945e-12,2.0018071706641296e-12,2.156743432470895e-12,0.7438594852764522,0.1604694058937553,0.0460533320278677,0.0496177768019247,0.7423836376110043,0.9765625
SC4011,1287,38610.0,38640.0,Sleep stage R,REM,3.06043239141133e-11,8.475674349503385e-12,2.5975329544621146e-12,2.292822290869585e-12,0.6960217844936141,0.19275884028948062,0.05907464341703535,0.052144731799869976,0.7254575715679967,1.07421875
SC4011,1288,38640.0,38670.0,Sleep stage R,REM,6.65434665026148e-11,2.704467992608729e-11,3.5397715609483587e-12,3.6035209380791687e-12,0.6606027592870664,0.26848301001131,0.03514068297473631,0.035773547726887296,0.7472928813381585,2.83203125
SC4011,1289,38670.0,38700.0,Sleep stage R,REM,7.141686182773405e-11,1.632539719119592e-11,2.558291334413246e-12,2.116307399827995e-12,0.772768773620021,0.17664955926978296,0.02768208524516146,0.02289958186503453,0.7040538967613025,0.9765625
SC4011,1290,38700.0,38730.0,Sleep stage R,REM,3.839193252954121e-11,1.317381127043399e-11,1.7484272110282329e-12,1.0052206697404391e-12,0.7067813416465613,0.24252501478406807,0.03218790116988823,0.018505742399482505,0.7232223942485388,1.953125
SC4011,1291,38730.0,38760.0,Sleep stage R,REM,6.763916849682829e-11,5.902713769661203e-12,1.4362971740800217e-12,1.3808693366306095e-12,0.8858042311944634,0.0773020861860668,0.018809783477932513,0.01808389914153724,0.6185364366527215,0.5859375
SC4011,1292,38760.0,38790.0,Sleep stage R,REM,6.101577878641482e-11,5.018387862070527e-12,1.4246146121461783e-12,1.4993415380197897e-12,0.8848236626825371,0.07277442683182607,0.020659126935718166,0.021742783549918706,0.5801580427942116,0.5859375
SC4011,1293,38790.0,38820.0,Sleep stage R,REM,1.9075319928348946e-11,4.7535199599545945e-12,1.660498398391792e-12,1.937762314165413e-12,0.6954916673820895,0.1733147090219742,0.060542250621258904,0.07065137297467748,0.7481256427779034,0.9765625
SC4011,1294,38820.0,38850.0,Sleep stage R,REM,2.587203393447576e-11,6.628547194903507e-12,1.6823161175145068e-12,1.461487376351339e-12,0.7258375816538458,0.18596329449830845,0.047197227145209346,0.04100189670263645,0.723196294254869,0.9765625
SC4011,1295,38850.0,38880.0,Sleep stage R,REM,2.9500337489335825e-11,5.361265545442987e-12,1.482834818150368e-12,1.2324316173596846e-12,0.785066396035493,0.14267461928093855,0.03946137182403686,0.03279761285953155,0.6942393276107267,0.5859375
SC4011,1296,38880.0,38910.0,Sleep stage R,REM,5.881402505492636e-11,5.285183183688169e-12,1.608732289563306e-12,1.3716051697311025e-12,0.8767803127318998,0.07878978798529525,0.023982456542090965,0.02044744274071402,0.6421698244772136,0.9765625
SC4011,1297,38910.0,38940.0,Sleep stage R,REM,4.021692412258648e-11,6.385943376557114e-12,1.2445414428667178e-12,1.29382607965113e-12,0.8183946558294448,0.12995081165017916,0.02532580718246345,0.026328725337912487,0.6948562856421693,0.5859375
SC4011,1298,38940.0,38970.0,Sleep stage R,REM,3.282842237904948e-11,6.529952421394147e-12,1.7798737711159784e-12,1.275667128549237e-12,0.7740012172223285,0.15395778280799924,0.04196438224899407,0.03007661772067801,0.6958403353388158,0.5859375
SC4011,1299,38970.0,39000.0,Sleep stage R,REM,2.7223923254497774e-11,4.270839306990288e-12,1.8356978893741578e-12,1.4654990385784196e-12,0.7823874856147963,0.12273951831350816,0.05275606467846441,0.04211693139323108,0.6752841809586302,0.9765625
SC4011,1300,39000.0,39030.0,Sleep stage R,REM,3.546192778232803e-11,7.554419592621175e-12,1.4359084067580187e-12,1.2802463895411643e-12,0.775420676733114,0.16518710400609943,0.03139798477199355,0.027994234488793044,0.71548600007482,1.26953125
SC4011,1301,39030.0,39060.0,Sleep stage R,REM,5.4380769404728263e-11,8.394632666963578e-12,2.0208222627099653e-12,1.1498896463271673e-12,0.8246243201020095,0.1272953349368954,0.030643538196966347,0.017436806764128548,0.6397528929002786,0.5859375
SC4011,1302,39060.0,39090.0,Sleep stage R,REM,2.4958068491173295e-11,6.101535131027641e-12,1.3161223563107622e-12,1.0444267116838013e-12,0.746796961777355,0.18257053423988856,0.03938109943755207,0.03125140454520442,0.6907412658506734,0.5859375
SC4011,1303,39090.0,39120.0,Sleep stage R,REM,2.5009458792382465e-11,8.860219071959278e-12,2.1361204923034736e-12,1.7636038527603008e-12,0.662161891091686,0.2345872201745587,0.05655690499045088,0.046693983743304246,0.7480872074973867,0.9765625
SC4011,1304,39120.0,39150.0,Sleep stage R,REM,2.1210727545170308e-11,6.454930972455963e-12,1.437354175982649e-12,1.1513501541705433e-12,0.7010799616534341,0.21335537637771562,0.04750898847926472,0.038055673489585565,0.7428041483512454,1.07421875
SC4011,1305,39150.0,39180.0,Sleep stage R,REM,2.2913564471322528e-11,6.738869907434849e-12,1.5926199260174654e-12,1.0161924194763287e-12,0.7102504335053526,0.20888436101166416,0.04936634779276133,0.03149885769022201,0.7541920190074907,1.171875
SC4011,1306,39180.0,39210.0,Sleep stage R,REM,4.7131106695324974e-11,6.005508502244692e-12,1.51434904907011e-12,1.196840048692336e-12,0.8439204958907275,0.10753347563113858,0.027115641665373096,0.021430386812760882,0.6364448868231555,0.5859375
SC4011,1307,39210.0,39240.0,Sleep stage R,REM,7.164927764682456e-11,6.139390841677551e-12,1.5385249816227107e-12,9.594632547908151e-13,0.8924182494273596,0.07646838331695399,0.019162897601953013,0.011950469653733403,0.5730817226615351,0.5859375
SC4011,1308,39240.0,39270.0,Sleep stage R,REM,4.407841693868827e-11,6.108169449617996e-12,1.828257037256501e-12,1.1411559296178259e-12,0.8292275090938042,0.11491025516807808,0.03439418051460862,0.021468055223509,0.6724956257715728,1.26953125
SC4011,1309,39270.0,39300.0,Sleep stage R,REM,2.824588615512093e-11,5.223043389931211e-12,1.233979645021244e-12,1.0953624878379143e-12,0.7890293254729827,0.14590211049641255,0.034470369299494694,0.030598194731110123,0.7087205986441547,0.9765625
SC4011,1310,39300.0,39330.0,Sleep stage R,REM,3.028757843161884e-11,1.1254772007663055e-11,1.7961339987947545e-12,1.2201867158217782e-12,0.6797235565443694,0.2525832058319445,0.04030941570477267,0.027383821918913406,0.7325986119334816,0.5859375
SC4011,1311,39330.0,39360.0,Sleep stage R,REM,9.052877660493894e-11,7.84923061998572e-12,1.8759272693844087e-12,1.3193602803007245e-12,0.8912655320064339,0.07727651876807866,0.018468705515037924,0.012989243710449412,0.5671560407098907,0.5859375
SC4011,1312,39360.0,39390.0,Sleep stage R,REM,5.521534254632036e-11,5.894270414239102e-12,1.7087680458420786e-12,1.4785420909136937e-12,0.8587555964808823,0.09167266690690558,0.02657620246082086,0.02299553415139132,0.6542014676278483,0.5859375
SC4011,1313,39390.0,39420.0,Sleep stage R,REM,5.308610755676789e-11,6.946060593861197e-12,1.6601186255191926e-12,1.095097294456755e-12,0.8454900350215585,0.1106282845937694,0.026440321572441573,0.017441358812230613,0.6395076038598789,1.171875
SC4011,1314,39420.0,39450.0,Sleep stage R,REM,5.92509340836847e-11,8.924270880087078e-12,1.962953666719056e-12,1.1227739197868831e-12,0.831464477985614,0.1252337088599088,0.027546000262263007,0.015755812892214355,0.6163499100111597,0.5859375
SC4011,1315,39450.0,39480.0,Sleep stage R,REM,4.516699961101054e-11,5.501117829935762e-12,1.3968857818510169e-12,1.2240042296067848e-12,0.8475856798675062,0.10323175628386716,0.026213394631128508,0.022969169217498052,0.6239590105746523,0.5859375
SC4011,1316,39480.0,39510.0,Sleep stage R,REM,3.266849603406013e-11,7.420525295225848e-12,1.8595006317802148e-12,1.1852737282687148e-12,0.7573758699408317,0.17203506384346826,0.043110062586956314,0.0274790036287435,0.7211715492189291,0.9765625
SC4011,1317,39510.0,39540.0,Sleep stage R,REM,2.251875596101347e-11,6.3479148707873325e-12,1.7932180215656786e-12,2.0391579837146333e-12,0.6886670450429438,0.19413149571041072,0.05484007012498442,0.06236138912166098,0.7571272990116427,1.07421875
SC4011,1318,39540.0,39570.0,Sleep stage R,REM,6.964362713862672e-11,8.541002133851107e-12,1.772451837821114e-12,1.1652123988845593e-12,0.8585017031199034,0.10528551110163346,0.0218491337109504,0.014363652067512745,0.6381316764986428,0.5859375
SC4011,1319,39570.0,39600.0,Sleep stage R,REM,5.5273961504089015e-11,7.262170141870183e-12,1.4419578189860853e-12,1.0060693574342417e-12,0.8505759327464515,0.11175292984433008,0.022189374227761762,0.015481763181456573,0.6437536821181977,1.26953125
SC4011,1320,39600.0,39630.0,Sleep stage R,REM,2.307156755871068e-11,4.500949886306693e-12,1.3976452905163962e-12,1.5257598270524676e-12,0.7565459779536531,0.14759185845483028,0.04583056268089722,0.05003160091061938,0.7005116044227236,0.5859375
SC4011,1321,39630.0,39660.0,Sleep stage R,REM,2.1627110218719966e-11,7.762531554834795e-12,1.516922004869324e-12,1.6658064873384037e-12,0.6639710295032684,0.23831644708380822,0.046570820376059426,0.05114170303686399,0.7664671621209723,0.9765625
SC4011,1322,39660.0,39690.0,Sleep stage R,REM,1.9257025277097493e-11,4.888217116662397e-12,2.6432540002484066e-12,2.5445500663095817e-12,0.6564959184566337,0.16664539509304768,0.09011181309872585,0.08674687335159277,0.7598743242387428,1.171875
SC4011,1323,39690.0,39720.0,Sleep stage R,REM,2.9157920474743905e-11,1.355846633719901e-11,1.561637505734366e-12,1.6838909103975708e-12,0.6343930693500216,0.2949935021184041,0.03397677181172975,0.03663665671984447,0.7541971620599941,3.41796875
SC4011,1324,39720.0,39750.0,Sleep stage 2,N2,4.312665467716573e-11,1.169449469192173e-11,1.9458395028623307e-12,1.3018420728497695e-12,0.7426816413466647,0.2013902209093646,0.03350919023515477,0.022418947508815963,0.7232460274652639,0.9765625
SC4011,1325,39750.0,39780.0,Sleep stage 2,N2,3.865751999236123e-11,1.3432411767339517e-11,3.3393281676561833e-12,1.7774460240768834e-12,0.6757515460718873,0.23480484575957045,0.058373019598281686,0.03107058857026069,0.7641202223513865,3.7109375
SC4011,1326,39780.0,39810.0,Sleep stage 2,N2,5.0269586995159706e-11,9.569593447971711e-12,2.3254193282506017e-12,1.7366801429376696e-12,0.786675745189491,0.14975589629507957,0.036390809876869094,0.027177548638560138,0.7271687385950264,1.07421875
SC4011,1327,39810.0,39840.0,Sleep stage 2,N2,3.285836510194309e-11,7.706966712509e-12,1.4855268267053673e-12,1.0504240683297503e-12,0.7623523718172428,0.17881061137915014,0.034465953988380524,0.024371062815226538,0.7226994247148478,1.953125
SC4011,1328,39840.0,39870.0,Sleep stage 2,N2,5.5507707251948453e-11,2.19431456553809e-11,1.8152868359817231e-12,1.6272962943193463e-12,0.6861830819762323,0.27125990352509294,0.02244047137690231,0.020116543121772607,0.7310429399934741,2.05078125
SC4011,1329,39870.0,39900.0,Sleep stage 2,N2,5.4072309783980526e-11,1.2137467400515566e-11,2.830089035873508e-12,2.0310180591713328e-12,0.7608222457356739,0.17077974368203497,0.03982065320507349,0.02857735737721782,0.7460545584272736,0.5859375
SC4011,1330,39900.0,39930.0,Sleep stage 2,N2,4.8055221815554835e-11,1.6522024282590033e-11,1.5637081571112975e-12,1.596137933481068e-12,0.7094373298702813,0.2439139878717318,0.023084961379126013,0.023563720878860824,0.7417453759637576,3.61328125
SC4011,1331,39930.0,39960.0,Sleep stage 2,N2,1.090978529765251e-10,2.0497236167922577e-11,4.576540676826676e-12,2.374979211910763e-12,0.7989788523419933,0.15011164548905864,0.03351632610454964,0.01739317606439841,0.6887983247450191,1.171875
SC4011,1332,39960.0,39990.0,Sleep stage 2,N2,7.312821026205958e-11,2.215917402412616e-11,2.703260869867054e-12,1.8735033650129226e-12,0.7322769116349461,0.22189318541530267,0.027069382855618277,0.018760520094132867,0.7126016792250224,1.953125
SC4011,1333,39990.0,40020.0,Sleep stage 2,N2,8.313940147418995e-11,1.608812540251415e-11,4.04029632439463e-12,4.670339412256632e-12,0.7702502938835738,0.14904946511034586,0.03743158329336539,0.04326865771271488,0.7383531872932434,2.9296875
SC4011,1334,40020.0,40050.0,Sleep stage 2,N2,1.4509603756261522e-10,2.9682318919094856e-11,4.455615068970944e-12,2.7143273098601588e-12,0.7974575111242326,0.16313600679413667,0.02448835793944994,0.014918124142180756,0.6977566812348013,3.515625
SC4011,1335,40050.0,40080.0,Sleep stage 2,N2,7.034677020681218e-11,1.3307361709978347e-11,4.214837900973877e-12,2.9730086672849508e-12,0.774386152525176,0.14648912245089923,0.046397469223631554,0.0327272558002933,0.7347597979363281,0.5859375
SC4011,1336,40080.0,40110.0,Sleep stage 2,N2,7.121234044275161e-11,2.0633010664780207e-11,2.7794131872416195e-12,6.750636264355539e-12,0.702461741704446,0.20353074366148266,0.027417037781473207,0.0665904768525981,0.7570586246233834,3.02734375
SC4011,1337,40110.0,40140.0,Sleep stage 2,N2,5.488243943726735e-11,2.0829587752701126e-11,3.5682950923369532e-12,2.124642439355471e-12,0.6741903227268862,0.25587613512175156,0.043833875544785676,0.026099666606576498,0.7413903497499872,1.953125
SC4011,1338,40140.0,40170.0,Sleep stage 2,N2,4.661816262098209e-11,7.402384066638521e-12,4.832198556165579e-12,4.907733060007086e-12,0.7311451209456918,0.11609674619078468,0.0757867363093181,0.07697139655420547,0.736348496708539,1.953125
SC4011,1339,40170.0,40200.0,Sleep stage 2,N2,7.415819474989051e-11,2.304074005423437e-11,6.443319037298024e-12,6.416711875050356e-12,0.6738042127429401,0.20934905124940412,0.05854424485413467,0.05830249115352103,0.762747724418583,2.05078125
SC4011,1340,40200.0,40230.0,Sleep stage 2,N2,6.956190576771007e-11,1.632858012819193e-11,6.730831561700225e-12,2.8786420605404555e-12,0.7283972277966777,0.17097996910762978,0.07047994151684986,0.030142861578842692,0.7253077284268763,1.171875
SC4011,1341,40230.0,40260.0,Sleep stage 2,N2,9.120661887815933e-11,2.7507761951659543e-11,7.146923404417503e-12,8.947083826707506e-12,0.6765648650655688,0.20405081870145866,0.05301542068128978,0.0663688955516828,0.773740398864787,2.1484375
SC4011,1342,40260.0,40290.0,Sleep stage 2,N2,1.1478938892579885e-10,1.7498862714083474e-11,7.242474594975929e-12,5.553548348649928e-12,0.7911911146492165,0.12061171180899696,0.04991908748047864,0.038278086061307726,0.725068830492481,1.953125
SC4011,1343,40290.0,40320.0,Sleep stage 2,N2,9.240877833796319e-11,8.262229054526531e-12,3.686363640873846e-12,3.2487722766058793e-12,0.8587686120463508,0.07678213158078175,0.034257929217432634,0.030191327155434707,0.6815941799052344,1.3671875
SC4011,1344,40320.0,40350.0,Sleep stage 2,N2,7.115170247852071e-11,1.3743941642724399e-11,6.760766431656324e-12,4.385949810334482e-12,0.7408366705006232,0.14310291407608353,0.0703935888923059,0.045666826530987484,0.7302903378608412,1.07421875
SC4011,1345,40350.0,40380.0,Sleep stage 2,N2,7.338292751951589e-11,1.538613523428393e-11,7.562838387668533e-12,9.012715107830908e-12,0.6965987454532498,0.14605525922532636,0.07179140858770598,0.08555458673371796,0.737723266223335,1.171875
SC4011,1346,40380.0,40410.0,Sleep stage 2,N2,8.771470445318894e-11,1.467940804411523e-11,5.548614910002378e-12,1.002746606902773e-11,0.7435327676290128,0.12443319461928348,0.04703404094285454,0.08499999680884913,0.7143671555691368,1.3671875
SC4011,1347,40410.0,40440.0,Sleep stage 2,N2,7.916328655419474e-11,1.149896290191448e-11,3.4080222375088954e-12,3.5361998095970586e-12,0.8110454699879924,0.11780943132992676,0.03491594548007644,0.03622915320200439,0.7049052152042128,1.171875
SC4011,1348,40440.0,40470.0,Sleep stage 2,N2,5.8165000608143077e-11,1.485735037877286e-11,5.78864219571693e-12,6.017321449030144e-12,0.6856790785093874,0.17514612241544175,0.0682395049442166,0.07093529413095423,0.7558044549278298,1.171875
SC4011,1349,40470.0,40500.0,Sleep stage 2,N2,7.324575249855075e-11,1.4576633716979425e-11,5.6237565355593574e-12,7.936660386308418e-12,0.7224672255242858,0.14377816814972655,0.055470517302010504,0.07828408902397722,0.7352894472196791,1.07421875
SC4011,1350,40500.0,40530.0,Sleep stage 2,N2,9.710401183115337e-11,1.629841550986551e-11,5.148006015468362e-12,4.455973177951608e-12,0.789422393247189,0.13250054179334428,0.04185152757898869,0.036225537380478165,0.6835886775999566,0.5859375
SC4011,1351,40530.0,40560.0,Sleep stage 2,N2,7.505743865856824e-11,1.5933078668907334e-11,7.458906297498961e-12,3.1940887117825297e-12,0.7384380658737372,0.15675450702765117,0.07338300424710546,0.03142442285150609,0.7104490954622636,1.171875
SC4011,1352,40560.0,40590.0,Sleep stage 2,N2,9.48985877324696e-11,1.7308868935663013e-11,5.962641055260887e-12,6.424576298508127e-12,0.7616584615469844,0.1389214191661227,0.04785630767983515,0.051563811607057905,0.7077575540473702,1.85546875
SC4011,1353,40590.0,40620.0,Sleep stage 2,N2,1.2338912265223088e-10,2.4062534209470864e-11,5.238958544043201e-12,7.939456329707684e-12,0.7681570537766105,0.14980093048268264,0.03261505450032686,0.049426961240380055,0.6944099597916152,1.171875
SC4011,1354,40620.0,40650.0,Sleep stage 2,N2,1.213921808662989e-10,2.2633891159606022e-11,5.129037850783882e-12,5.3356196763057596e-12,0.78575705621649,0.14650646822042468,0.033199648067067225,0.03453682749601811,0.695342747878283,1.26953125
SC4011,1355,40650.0,40680.0,Sleep stage 2,N2,9.93522839298239e-11,2.100413448779096e-11,4.6589837566901194e-12,4.113772711009543e-12,0.7694022982649984,0.1626598675817892,0.03608002421472897,0.03185780993848347,0.6907981659326732,1.26953125
SC4011,1356,40680.0,40710.0,Sleep stage 2,N2,1.5857022492263987e-10,1.9864587582386793e-11,3.4719975728652354e-12,3.596781217071423e-12,0.854809461184514,0.10708465234401178,0.018716605692795044,0.01938928077867936,0.6708521658560305,2.05078125
SC4011,1357,40710.0,40740.0,Sleep stage 2,N2,1.5913512750006792e-10,2.020123537859005e-11,6.178789497508046e-12,5.520420028577266e-12,0.8330130639905717,0.10574593581864476,0.03234365945425686,0.028897340736526604,0.6718322730483112,1.171875
SC4011,1358,40740.0,40770.0,Sleep stage 2,N2,2.2488899885989996e-10,2.1969465872392445e-11,4.671114305429173e-12,4.9187801909892585e-12,0.8769367818779259,0.08566818652483249,0.018214639077738407,0.019180392519503296,0.6441705455105811,1.07421875
SC4011,1359,40770.0,40800.0,Sleep stage 2,N2,2.0113062393465085e-10,1.8477825800603935e-11,3.594706553847936e-12,2.4370755959790555e-12,0.8913774917457379,0.08189065241705062,0.01593114190592888,0.010800713931282672,0.6287422788048344,0.5859375
SC4011,1360,40800.0,40830.0,Sleep stage 2,N2,2.2699988360678817e-10,2.0113842527971888e-11,4.709649278416182e-12,3.882010460200524e-12,0.8877399388028403,0.07866022242461525,0.01841826390292914,0.015181574869615237,0.584916733223601,1.171875
SC4011,1361,40830.0,40860.0,Sleep stage 2,N2,1.9162563301809447e-10,2.0991228406144952e-11,4.353616113618464e-12,3.1118875029147225e-12,0.8706996263993881,0.09537896597147211,0.019781758128652925,0.014139649500486838,0.6364214316042541,1.3671875
SC4011,1362,40860.0,40890.0,Sleep stage 2,N2,1.535303459896053e-10,1.9366067842258892e-11,6.0350322978797415e-12,3.067562703724459e-12,0.8435779237132421,0.10640754565855416,0.033159698706941194,0.01685483192126239,0.6659351748798058,1.3671875
SC4011,1363,40890.0,40920.0,Sleep stage 2,N2,1.658629210778805e-10,1.635156328374454e-11,3.834617550276044e-12,4.803730416349755e-12,0.8690618790116262,0.08567629353082497,0.02009201280115573,0.025169814656393164,0.619651880994476,1.171875
SC4011,1364,40920.0,40950.0,Sleep stage 2,N2,2.4242756420268575e-10,2.70662766793293e-11,5.954914699118105e-12,5.799854863997276e-12,0.8619689313984419,0.09623612588340141,0.021173134650134973,0.020621808068021677,0.6480482572410997,1.07421875
SC4011,1365,40950.0,40980.0,Sleep stage 2,N2,1.91446344969766e-10,1.7354478747824692e-11,3.6156987514241155e-12,4.14215928527776e-12,0.8840391131812531,0.08013753411888183,0.01669616162295671,0.019127191076908443,0.6166022885472692,1.26953125
SC4011,1366,40980.0,41010.0,Sleep stage 2,N2,2.1873524928540753e-10,1.659771398884097e-11,4.4546874483774566e-12,3.912669908535972e-12,0.8975583155529007,0.06810706668688159,0.018279366382613762,0.016055251377603885,0.6336001003169974,1.953125
SC4011,1367,41010.0,41040.0,Sleep stage 2,N2,2.2537791587963539e-10,1.8363295080807184e-11,4.143592675329962e-12,2.680413400986738e-12,0.8994780622187126,0.07328748697834302,0.016536982763741204,0.01069746803920317,0.6281160158630765,0.5859375
SC4011,1368,41040.0,41070.0,Sleep stage 3,N3,3.161021733812995e-10,2.066520223538235e-11,5.1935694530617696e-12,2.8658619343798957e-12,0.9166983742581228,0.05992922190395491,0.015061385447911722,0.008311018390010569,0.5927513616604834,0.5859375
SC4011,1369,41070.0,41100.0,Sleep stage 3,N3,3.116450994042863e-10,2.5593172865378477e-11,5.734332683897389e-12,4.6102406051217124e-12,0.8966066748874404,0.07363186415095238,0.016497743652107932,0.013263717309499228,0.6127066804535025,1.171875
SC4011,1370,41100.0,41130.0,Sleep stage 2,N2,2.588019635001002e-10,2.0126933155726747e-11,4.250072680575958e-12,1.862377321068967e-12,0.907945343841983,0.07061057419123427,0.014910372584238381,0.006533709382544232,0.6276604636038499,1.85546875
SC4011,1371,41130.0,41160.0,Sleep stage 2,N2,2.1128410230521984e-10,1.845711631542224e-11,5.429136724622093e-12,4.566668953158839e-12,0.8813161126176942,0.0769890106437917,0.02264621720616646,0.019048659532347748,0.6375376903261742,1.26953125
SC4011,1372,41160.0,41190.0,Sleep stage 2,N2,3.1234943430537004e-10,1.7814701218868937e-11,5.2807242505872455e-12,6.354373954476951e-12,0.9138388957090036,0.05212036617079649,0.015449783760397347,0.018590954359802524,0.6032276536222281,1.171875
SC4011,1373,41190.0,41220.0,Sleep stage 2,N2,2.192796435832874e-10,2.680725324486223e-11,3.93681701834321e-12,4.600436443836802e-12,0.8611894957067447,0.10528166010292363,0.015461286817665723,0.018067557372665768,0.6424585608059844,1.171875
SC4011,1374,41220.0,41250.0,Sleep stage 3,N3,2.944751700665879e-10,2.2063593912090016e-11,3.7553584740121284e-12,2.8718261697962125e-12,0.9112196731178068,0.06827326333772904,0.011620526512832071,0.008886537031632013,0.6263327388883998,1.171875
SC4011,1375,41250.0,41280.0,Sleep stage 2,N2,2.4715197569848245e-10,1.672357522261988e-11,3.2669684454996472e-12,1.972954514898279e-12,0.9183863422409927,0.06214274854363736,0.012139652909509739,0.007331256305860104,0.5993110143830669,1.07421875
SC4011,1376,41280.0,41310.0,Sleep stage 3,N3,3.1572940470937463e-10,1.6221868252912087e-11,3.0162836662862236e-12,3.685441809224869e-12,0.9323094913254292,0.047901150522048734,0.00890670887368576,0.010882649278836353,0.5692922486512977,0.5859375
SC4011,1377,41310.0,41340.0,Sleep stage 3,N3,3.507985189654078e-10,1.999438556427761e-11,4.35913688761322e-12,2.897957131442923e-12,0.9279156733555172,0.05288820431432896,0.011530583003166449,0.00766553932698744,0.5891212392632132,0.9765625
SC4011,1378,41340.0,41370.0,Sleep stage 3,N3,4.072075264666057e-10,1.9601589796513006e-11,4.09018467082415e-12,2.7156384866045058e-12,0.9390993931407653,0.045205061021899286,0.009432757728066257,0.0062627881092692395,0.5662576467020289,1.171875
SC4011,1379,41370.0,41400.0,Sleep stage 2,N2,2.468436846197167e-10,1.8284763039960052e-11,4.010848584373215e-12,2.1404618955019706e-12,0.909922975133055,0.06740187017770043,0.014784916544749907,0.00789023814449463,0.6191287744553973,1.07421875
SC4011,1380,41400.0,41430.0,Sleep stage 2,N2,2.587489597637869e-10,1.793907461760663e-11,3.36699503670349e-12,2.7678262329517314e-12,0.9148799490343716,0.0634286595272206,0.011904960894878105,0.009786430543529758,0.6046821840341288,0.9765625
SC4011,1381,41430.0,41460.0,Sleep stage 3,N3,3.896376345153641e-10,1.7310947998582666e-11,3.3428983903344952e-12,2.8736104548260518e-12,0.9430555549445149,0.0418983799953628,0.008090950712554211,0.0069551143475681965,0.5759897633103136,0.9765625
SC4011,1382,41460.0,41490.0,Sleep stage 3,N3,2.5010180584167305e-10,2.4000447579958358e-11,4.087476161305458e-12,2.4512073183414587e-12,0.8911807685763674,0.08552012348932918,0.0145647894652779,0.008734318469025512,0.6107872677964196,1.26953125
SC4011,1383,41490.0,41520.0,Sleep stage 2,N2,3.0383418604877853e-10,2.2766451610775058e-11,4.442747198946704e-12,2.0214575919648503e-12,0.9122373403730418,0.0683544124419586,0.013338985785050094,0.006069261399949441,0.6136819784870796,1.26953125
SC4011,1384,41520.0,41550.0,Sleep stage 2,N2,3.0219729245193035e-10,2.072452006451148e-11,3.766396314198651e-12,2.428595344567179e-12,0.918206814778906,0.06297010605839086,0.011443950191596972,0.007379128971106255,0.6063925968294585,1.26953125
SC4011,1385,41550.0,41580.0,Sleep stage 2,N2,2.9902797917357103e-10,1.983334405869213e-11,4.0050190590791826e-12,3.072554299491576e-12,0.9174356982282929,0.0608498840308398,0.012287637655308343,0.009426780085559087,0.6172974013542434,1.171875
SC4011,1386,41580.0,41610.0,Sleep stage 2,N2,2.802882410878999e-10,1.6991110402771652e-11,3.161183036580898e-12,4.58732026914097e-12,0.9188939196224972,0.055703471455461805,0.010363588068673244,0.01503902085336768,0.6021613643914951,1.26953125
SC4011,1387,41610.0,41640.0,Sleep stage 3,N3,3.863238901301091e-10,2.2303786613800906e-11,5.8405936601870576e-12,3.682258332929805e-12,0.9238871257605574,0.05333913287439047,0.013967682111578013,0.008806059253474153,0.6042874775215487,1.26953125
SC4011,1388,41640.0,41670.0,Sleep stage 3,N3,4.6196605275756874e-10,2.0450005419201904e-11,2.8242565762809978e-12,3.0652460041857655e-12,0.9460593732358427,0.041879525982643245,0.005783789502419951,0.006277311279094078,0.5124656131866663,1.07421875
SC4011,1389,41670.0,41700.0,Sleep stage 2,N2,2.8382348954156357e-10,1.895205516985562e-11,2.95919231141805e-12,1.8496879090747036e-12,0.9227498746218761,0.06161578296446876,0.009620748228955704,0.006013594184699559,0.5817427086290259,1.171875
SC4011,1390,41700.0,41730.0,Sleep stage 2,N2,2.997117965049606e-10,2.1925680183262443e-11,4.331860635891809e-12,2.8849350844607123e-12,0.9113817932478986,0.06667293699022254,0.01317258433093979,0.008772685430938865,0.6060777299137656,1.26953125
SC4011,1391,41730.0,41760.0,Sleep stage 3,N3,4.210106132269013e-10,2.7420277634351376e-11,4.0887055328774596e-12,3.354157211473315e-12,0.9235245720926856,0.06014884036968241,0.008968942608647699,0.007357644928984318,0.5746578394907204,1.171875
SC4011,1392,41760.0,41790.0,Sleep stage 2,N2,3.0790671900361225e-10,2.4079586476366668e-11,4.291158887089005e-12,1.902355346804069e-12,0.9104822377163921,0.0712034990637229,0.012688985672532675,0.005625277547352229,0.5944457605475338,1.07421875
SC4011,1393,41790.0,41820.0,Sleep stage 3,N3,3.640803293610828e-10,2.3854606769417838e-11,4.092395518996152e-12,2.6781436562702296e-12,0.9224101314506473,0.06043647291930358,0.01036822586721375,0.00678516976283531,0.5561781953443896,0.5859375
SC4011,1394,41820.0,41850.0,Sleep stage 2,N2,2.9982875583950216e-10,1.7846804895060096e-11,4.516341557594722e-12,3.886409135312336e-12,0.9194992286575125,0.05473165270309559,0.013850481308688043,0.011918637330703925,0.5922357471508168,1.07421875
SC4011,1395,41850.0,41880.0,Sleep stage 2,N2,3.2628266486604256e-10,1.6804136144222584e-11,3.4033245645608178e-12,2.896731576036714e-12,0.9338721768951832,0.04809607402308977,0.009740848846787865,0.008290900234939079,0.5948971784353931,1.66015625
SC4011,1396,41880.0,41910.0,Sleep stage 3,N3,4.2146126013074276e-10,2.050791401063688e-11,2.3457794454390014e-12,1.51220731095546e-12,0.9453467556396405,0.0459996963158089,0.005261634218774923,0.0033919138257756387,0.5578947736613998,1.26953125
SC4011,1397,41910.0,41940.0,Sleep stage 3,N3,4.5631521561783026e-10,2.3075810860096166e-11,4.435218366753759e-12,3.0531677597417173e-12,0.9372242978541704,0.04739533088215566,0.00910948019557621,0.006270891068097686,0.5524472708541097,0.5859375
SC4011,1398,41940.0,41970.0,Sleep stage 3,N3,4.668500585284174e-10,2.6090910725147376e-11,4.100902643002372e-12,2.3227667200248797e-12,0.934888100650757,0.05224821444591666,0.008212240767314343,0.004651444136011962,0.5743993528741907,0.5859375
SC4011,1399,41970.0,42000.0,Sleep stage 3,N3,3.983808413430425e-10,1.886593812266521e-11,5.734247434158516e-12,3.2287850769769257e-12,0.9347059362506823,0.04426443876353141,0.013454048388895535,0.0075755765968906225,0.6121758407754503,1.26953125
SC4011,1400,42000.0,42030.0,Sleep stage 3,N3,3.796636214612514e-10,1.7146358219125105e-11,4.7037513296234166e-12,3.806152871191631e-12,0.9367011996197536,0.04230327428039797,0.011605034731042685,0.009390491368805633,0.5954937000748465,0.5859375
SC4011,1401,42030.0,42060.0,Sleep stage 3,N3,3.0904513501119674e-10,1.5757812065879397e-11,3.851013345380707e-12,2.3485729620252408e-12,0.9336639567414418,0.04760631861259992,0.011634392359491373,0.007095332286466861,0.5755860869190782,0.5859375
SC4011,1402,42060.0,42090.0,Sleep stage 4,N3,5.836448174399866e-10,2.210931062617929e-11,4.971327951339112e-12,3.1282233706426925e-12,0.9507881715749077,0.03601723239358362,0.008098555271826718,0.005096040759681879,0.533541517031293,0.5859375
SC4011,1403,42090.0,42120.0,Sleep stage 3,N3,3.3906599198566787e-10,2.0625504388224616e-11,4.758776887528078e-12,1.21577928280521e-12,0.9272558653627254,0.05640530272010976,0.013013996936323545,0.0033248349808413418,0.5792449442451243,1.171875
SC4011,1404,42120.0,42150.0,Sleep stage 3,N3,2.896667100073001e-10,1.6905005873322116e-11,3.2051280699518587e-12,1.775198396910135e-12,0.9297538473017786,0.054260616447724674,0.010287616944513798,0.005697919305982908,0.5954480389465091,0.9765625
SC4011,1405,42150.0,42180.0,Sleep stage 1,N1,5.000802581654408e-10,1.7308312881502572e-11,5.3449580305480736e-12,2.5887496154851705e-12,0.9519494574067198,0.03294798942197229,0.010174626600353877,0.004927926570953901,0.5540550707310502,0.5859375
SC4011,1406,42180.0,42210.0,Sleep stage 2,N2,2.748902294246818e-10,1.6930298148828563e-11,3.739714725570603e-12,1.5734114305152523e-12,0.9251400034101932,0.05697872972758524,0.012585968228876209,0.005295298633345387,0.6049029162794883,1.171875
SC4011,1407,42210.0,42240.0,Sleep stage 2,N2,4.2716482032756633e-10,2.445883045939715e-11,3.4603149948371056e-12,1.958594214719239e-12,0.9346281018792189,0.053515432916320514,0.007571100150636856,0.0042853650538237685,0.6319009507799973,1.85546875
SC4011,1408,42240.0,42270.0,Sleep stage 2,N2,1.1983107995377683e-10,1.5221444293261742e-11,5.743305268101185e-12,2.3348099523585195e-12,0.8372147319371668,0.1063465121786044,0.04012631599683001,0.016312439887398826,0.68495728668297,0.9765625
SC4011,1409,42270.0,42300.0,Sleep stage 2,N2,3.2308139651180977e-10,1.2898630813422501e-11,3.0783282876658502e-12,5.429234251215251e-12,0.937860770657232,0.03744294770824835,0.008935962798776375,0.015760318835743452,0.5673578437831889,0.9765625
SC4011,1410,42300.0,42330.0,Sleep stage 2,N2,1.0747370269548774e-10,7.4370388914718e-12,1.910122791366538e-12,1.4097474248782272e-12,0.9090175636947432,0.06290281998921568,0.016155907190482537,0.01192370912555846,0.5947317266901911,0.5859375
SC4011,1411,42330.0,42360.0,Sleep stage 2,N2,2.20822445763438e-10,2.347252419918372e-11,4.7903687992635225e-12,3.6879383842832214e-12,0.8735988560837677,0.09285999083522786,0.01895124695674791,0.01458990612425631,0.666469119846762,1.26953125
SC4011,1412,42360.0,42390.0,Sleep stage 2,N2,9.85137150676354e-11,1.1972904697451366e-11,4.099905903607188e-12,2.728984429525085e-12,0.8397330837598339,0.10205730416572707,0.03494768850405765,0.023261923570381458,0.668603287442338,0.5859375
SC4011,1413,42390.0,42420.0,Sleep stage 2,N2,7.878746523499555e-11,1.0903188536257835e-11,2.7926482715491075e-12,1.5128468136980586e-12,0.8381988644585495,0.11599611972298157,0.02971024138246888,0.01609477443600003,0.6790636588846994,0.9765625
SC4011,1414,42420.0,42450.0,Sleep stage 2,N2,2.1716035264929715e-10,1.337937554067315e-11,7.146539825362472e-12,3.4363219534885873e-12,0.9006221801009076,0.05548785595909195,0.029638615885332696,0.014251348054667646,0.6404660275206022,1.07421875
SC4011,1415,42450.0,42480.0,Sleep stage 2,N2,1.1329636801000166e-10,1.3604306085953398e-11,4.113880750277501e-12,2.7876515910532984e-12,0.8467451399099652,0.10167475147227745,0.030745985883317326,0.020834122734440054,0.6442227063865567,0.5859375
SC4011,1416,42480.0,42510.0,Sleep stage 2,N2,2.2797510006012627e-10,1.4877345105562722e-11,5.066952008282882e-12,3.428613638856084e-12,0.9070097643617046,0.05919022417345278,0.02015910924417899,0.0136409022206636,0.6214142027686781,0.5859375
SC4011,1417,42510.0,42540.0,Sleep stage 2,N2,1.7481450527490616e-10,1.1963018528202502e-11,5.5303613276424546e-12,7.051672555370095e-12,0.8768804832028186,0.06000724854655579,0.027740638030255126,0.035371630220370466,0.6673126193174869,1.3671875
SC4011,1418,42540.0,42570.0,Sleep stage 2,N2,5.988692520653149e-11,1.3944628825537559e-11,4.8055652956397385e-12,3.610761242654644e-12,0.7281272756359716,0.16954392902085624,0.05842783135947869,0.04390096398369343,0.7276060947699077,0.9765625
SC4011,1419,42570.0,42600.0,Sleep stage 2,N2,9.63113200969561e-11,1.602300488331792e-11,7.457751686160475e-12,1.3218850520643645e-11,0.7240857735056271,0.12046382370361025,0.056068714382174374,0.09938168840858845,0.7507898386668599,0.5859375
SC4011,1420,42600.0,42630.0,Sleep stage 2,N2,5.987486542061602e-11,5.1403995627034666e-12,1.7665731684094775e-12,1.6825662014431557e-12,0.8745400765009631,0.07508134498894971,0.025802797601168756,0.024575780908918377,0.6309107767506279,0.9765625
SC4011,1421,42630.0,42660.0,Sleep stage 2,N2,1.4610928859132444e-10,1.6311758003555177e-11,4.174483520563131e-12,7.991516072837538e-12,0.8368850483543635,0.09343051709554702,0.023910614284986722,0.04577382026510278,0.6768849060979915,1.26953125
SC4011,1422,42660.0,42690.0,Sleep stage 2,N2,4.681583595650618e-11,7.573020074668117e-12,2.7451125429788777e-12,1.112151437398764e-12,0.8037588760800067,0.13001758869373894,0.04712953485029458,0.019094000375959656,0.6807968680289218,0.9765625
SC4011,1423,42690.0,42720.0,Sleep stage 2,N2,1.067624311880128e-10,1.501908272347223e-11,4.28672694904469e-12,5.290830706022882e-12,0.8127526322681262,0.11433609071957292,0.03263365748495592,0.04027761952734495,0.6957402559230318,0.9765625
SC4011,1424,42720.0,42750.0,Sleep stage 2,N2,2.2278178061213583e-10,2.3303404950178906e-11,9.356804572461446e-12,4.32685342597055e-12,0.8576154767384122,0.0897082368722538,0.03601973371480697,0.016656552674527033,0.6711306165253319,1.26953125
SC4011,1425,42750.0,42780.0,Sleep stage 2,N2,1.8342370700835328e-10,1.524131401956845e-11,9.186494383243185e-12,3.900870951440821e-12,0.8662178979851386,0.07197705906118647,0.043383191760173086,0.01842185119350179,0.6871435298632004,2.5390625
SC4011,1426,42780.0,42810.0,Sleep stage 2,N2,8.990469756677848e-11,4.884720134288151e-12,1.4731270202731811e-12,1.8127503131431054e-12,0.9166905644807727,0.049805816363547015,0.01502036797090679,0.01848325118477338,0.5642435149397992,0.5859375
SC4011,1427,42810.0,42840.0,Sleep stage 2,N2,1.5950123817966143e-10,1.5425574457456146e-11,4.552651583650525e-12,5.005616988481171e-12,0.8645752661091858,0.08361421073371203,0.024677613787571,0.02713290936953124,0.6517051718427832,0.5859375
SC4011,1428,42840.0,42870.0,Sleep stage 2,N2,5.5501396092303036e-11,1.0597779710028158e-11,3.4294957325344362e-12,4.815603832067838e-12,0.7465456596136079,0.14255004380258973,0.04612992346226826,0.06477437312153428,0.7140911891923071,0.5859375
SC4011,1429,42870.0,42900.0,Sleep stage 2,N2,8.745266027473393e-11,7.998187898851388e-12,2.760338277669447e-12,2.1289366631906313e-12,0.8715622181865139,0.07971076425458296,0.02750981553531756,0.02121720202358552,0.6709357076810807,1.07421875
SC4011,1430,42900.0,42930.0,Sleep stage 2,N2,8.049654760951511e-11,2.0470366560614244e-11,5.9303689314344155e-12,4.5061443263871695e-12,0.722567962835573,0.1837498812489701,0.053233271797403385,0.04044888411805349,0.7355299432566805,1.26953125
SC4011,1431,42930.0,42960.0,Sleep stage 2,N2,1.5218908078465e-10,1.1052479932908164e-11,3.244180141194534e-12,2.134720288428576e-12,0.9025540539342432,0.06554649333606642,0.01923954020243625,0.012659912527254175,0.6351127040627019,1.26953125
SC4011,1432,42960.0,42990.0,Sleep stage 2,N2,4.7064533768085734e-11,1.2111744372000787e-11,5.050055330606743e-12,8.462201045942836e-12,0.6474822209727471,0.16662523811411817,0.06947526682424648,0.1164172740888882,0.7676960971562355,0.9765625
SC4011,1433,42990.0,43020.0,Sleep stage 2,N2,1.9666721889272704e-10,2.2791944616316694e-11,1.4865334392667394e-11,7.626612390712298e-12,0.8128386708167364,0.09420062007060116,0.0614394138332371,0.03152129527942539,0.7064499646329021,1.171875
SC4011,1434,43020.0,43050.0,Sleep stage 2,N2,3.8352022258865584e-11,5.591905167842451e-12,3.3023744553854764e-12,2.2094071338901623e-12,0.7754822046221302,0.11306895157513956,0.06677438300031603,0.04467446080241414,0.7266120248337025,0.9765625
SC4011,1435,43050.0,43080.0,Sleep stage 2,N2,1.1157921672884358e-10,2.802990155571637e-11,1.2409349739372807e-11,4.215564053936948e-12,0.7141799724737988,0.17940970467782455,0.07942795544819439,0.026982367400182308,0.7289209738692486,1.85546875
SC4011,1436,43080.0,43110.0,Sleep stage 2,N2,1.6459736762988634e-10,1.2905897783167063e-11,5.118077070018717e-12,2.660829938488581e-12,0.8883605231883209,0.06965536734858169,0.02762314907650091,0.014360960386596528,0.6624097265104028,2.05078125
SC4011,1437,43110.0,43140.0,Sleep stage 2,N2,8.572021643368452e-11,1.8578927294953733e-11,7.003330798606987e-12,1.0738370535049204e-11,0.7023895679346497,0.1522353215881971,0.05738513851679912,0.08798997196035407,0.7537874550998429,0.9765625
SC4011,1438,43140.0,43170.0,Sleep stage 2,N2,1.1698994822233873e-10,9.914582357888634e-12,3.910272049952383e-12,1.5170697981688542e-12,0.8840647840578483,0.07492210437252679,0.02954898149778398,0.01146413007184097,0.6370310535847034,1.07421875
SC4011,1439,43170.0,43200.0,Sleep stage 2,N2,6.220428719214275e-11,1.5912262872836003e-11,6.022126474553024e-12,5.082932158814055e-12,0.6971885858105584,0.17834539306094147,0.06749627766647379,0.05696974346202628,0.7515581404163598,1.171875
SC4011,1440,43200.0,43230.0,Sleep stage 2,N2,1.023624915254353e-10,1.3366443203417279e-11,5.3657007706806984e-12,2.516104248108268e-12,0.8281035428993812,0.10813334853189654,0.04340804675738602,0.02035506181133646,0.6839769981282625,1.26953125
SC4011,1441,43230.0,43260.0,Sleep stage 2,N2,6.406623698557593e-11,1.2989123007289186e-11,3.889059103145249e-12,7.925240302397469e-12,0.7209011199014872,0.14615925272154126,0.04376138188749404,0.08917824548947755,0.747088044991019,1.171875
SC4011,1442,43260.0,43290.0,Sleep stage 2,N2,1.0783707994186774e-10,1.039486255324919e-11,6.257496344544936e-12,4.7634236522791334e-12,0.8343109611873506,0.08042268738069393,0.04841282602104921,0.03685352541090636,0.6811219964501393,0.5859375
SC4011,1443,43290.0,43320.0,Sleep stage 2,N2,1.9218381875232526e-10,1.4178154283019246e-11,5.216798297615829e-12,4.909437987124364e-12,0.8877334213992937,0.06549157724361973,0.024097378393031218,0.0226776229640553,0.6544815617401687,2.05078125
SC4011,1444,43320.0,43350.0,Sleep stage 2,N2,8.381821011057709e-11,9.548147633333554e-12,1.2190801954206829e-11,7.315863321979808e-12,0.7425885111241601,0.08459193683182814,0.1080045667957013,0.06481498524831042,0.7097888267986148,1.171875
SC4011,1445,43350.0,43380.0,Sleep stage 2,N2,4.790626369840909e-11,1.067607618640819e-11,6.599728266525166e-12,3.9130436667218456e-12,0.6933379574600301,0.1545127564815233,0.09551657263256251,0.056632713425883996,0.7544912557613364,1.07421875
SC4011,1446,43380.0,43410.0,Sleep stage 2,N2,6.395649976375528e-11,8.411712331739212e-12,2.2228791613430395e-12,1.5202563944405302e-12,0.8403017649455761,0.11051850468184375,0.02920562084286932,0.01997410952971087,0.6630037300908634,1.07421875
SC4011,1447,43410.0,43440.0,Sleep stage 1,N1,1.0260117273060609e-10,5.291824258009992e-12,1.4647004866804986e-12,1.5533429065229035e-12,0.9250762807507165,0.047712330889625544,0.013206083737364274,0.014005304622293735,0.5317808697181757,0.5859375
SC4011,1448,43440.0,43470.0,Sleep stage 1,N1,6.791073236701247e-11,4.729671358583898e-12,1.6078078277257644e-12,2.4803515800418037e-12,0.8850775981426243,0.0616415994961763,0.02095448894215823,0.03232631341904108,0.5595647256166112,0.5859375
SC4011,1449,43470.0,43500.0,Sleep stage 2,N2,8.253349600476302e-11,1.4269653877403347e-11,4.522425525513057e-12,7.463240619789908e-12,0.7586579118934726,0.13116839026725174,0.04157068429139939,0.06860301354787637,0.7041454921931027,0.5859375
SC4011,1450,43500.0,43530.0,Sleep stage 2,N2,5.5155096519205806e-11,1.5738750160015748e-11,8.038455925857194e-12,1.3203233255935235e-11,0.5986300074534433,0.1708217140426423,0.08724598875707593,0.14330228974683826,0.8045606739288551,0.9765625
SC4011,1451,43530.0,43560.0,Sleep stage 2,N2,8.95635435588164e-11,7.0187983796337396e-12,1.6492523344929996e-12,1.80696595757853e-12,0.8952902096194968,0.07016092958015514,0.016486166241223194,0.018062694559124876,0.6196209893747647,0.9765625
SC4011,1452,43560.0,43590.0,Sleep stage 2,N2,1.6044866844761458e-10,2.4133268753879577e-11,5.483127497314774e-12,6.750856081104516e-12,0.8152219993779566,0.12261847851661478,0.02785916645150979,0.03430035565391868,0.6761282738552974,0.9765625
SC4011,1453,43590.0,43620.0,Sleep stage 2,N2,1.1542314606749112e-10,1.5159384189924487e-11,4.1088216433264344e-12,2.723607164829469e-12,0.8399605607160544,0.11031829644318962,0.029900832276679508,0.019820310564076366,0.6939455271544939,2.05078125
SC4011,1454,43620.0,43650.0,Sleep stage 2,N2,7.996261910846483e-11,1.944905688097838e-11,7.786924919535466e-12,8.729433032447367e-12,0.6897608489493304,0.16776836645746307,0.06717033537780774,0.07530044921539869,0.7625674095639964,0.9765625
SC4011,1455,43650.0,43680.0,Sleep stage 2,N2,1.9625584262192228e-10,1.7110881100919722e-11,1.0786748518295994e-11,9.382098246277974e-12,0.8403680955852397,0.07326884322250062,0.04618888889509547,0.040174172297164155,0.6599773573703543,0.5859375
SC4011,1456,43680.0,43710.0,Sleep stage 2,N2,2.0460146779552366e-10,1.1854583644751472e-11,5.871284773969572e-12,2.2005418422849778e-12,0.9112519548419322,0.052797825140300965,0.02614946894252192,0.00980075107524485,0.6394607654947058,1.3671875
SC4011,1457,43710.0,43740.0,Sleep stage 2,N2,4.5654929306862495e-11,8.542038778851667e-12,4.0398839577251494e-12,5.334412002564325e-12,0.7181692859500811,0.13436949708393686,0.0635489008807764,0.08391231608520563,0.7548391400720874,1.171875
SC4011,1458,43740.0,43770.0,Sleep stage 2,N2,5.666223077196531e-11,9.063764470086662e-12,2.4254923562413364e-12,8.918092259985261e-12,0.7352087668851984,0.11760495498682885,0.03147146203082354,0.11571481609714923,0.7386750652181073,1.46484375
SC4011,1459,43770.0,43800.0,Sleep stage 2,N2,1.5165684232136217e-10,1.5182550851415342e-11,4.619892457849654e-12,3.3440831226477203e-12,0.8675853526336627,0.08685502436079853,0.026429081377546973,0.019130541627991764,0.6323520187911262,1.26953125
SC4011,1460,43800.0,43830.0,Sleep stage 1,N1,2.4155032910940724e-10,7.45941920724951e-12,2.3223506767678684e-12,4.304994582170163e-12,0.9448954599304973,0.02917972154554978,0.009084560633533892,0.016840257890418892,0.4566808228219906,0.5859375
SC4011,1461,43830.0,43860.0,Sleep stage 1,N1,5.2253295145584676e-11,6.623160478665986e-12,1.3686689917952853e-12,1.4571716945232332e-12,0.8468614341770299,0.10734058332820076,0.0221818161338161,0.02361616636095324,0.6682511551865672,1.07421875
SC4011,1462,43860.0,43890.0,Sleep stage 2,N2,8.411004911158488e-11,1.3095950983464744e-11,5.475843488887892e-12,3.433534277330434e-12,0.7926282769453813,0.12341237667349209,0.05160273279191301,0.03235661358921355,0.7133156499719006,1.953125
SC4011,1463,43890.0,43920.0,Sleep stage 2,N2,1.1755640719402595e-10,1.9463589681875575e-11,5.700616517969206e-12,5.149898017624842e-12,0.7949956084677949,0.13162590361043722,0.038551408685572684,0.03482707923619505,0.6843806008330416,0.9765625
SC4011,1464,43920.0,43950.0,Sleep stage 2,N2,6.811595921117635e-11,1.9619678254089348e-11,3.945530511457751e-12,3.1231812276019636e-12,0.718489813841458,0.20694913702539508,0.04161761084350904,0.032943438289637764,0.7361973629570912,0.9765625
SC4011,1465,43950.0,43980.0,Sleep stage 2,N2,2.0757090364123891e-10,1.3805608418977622e-11,5.934821261272654e-12,7.830892422331612e-12,0.8827461889698199,0.05871173658966019,0.025239283342237444,0.03330279109828233,0.6849474361384441,1.07421875
SC4011,1466,43980.0,44010.0,Sleep stage 2,N2,8.135446229273064e-11,1.150491739771711e-11,3.5716867241338755e-12,4.113629022897632e-12,0.8091372890310111,0.11442590131342237,0.03552337304910156,0.04091343660646494,0.706858796279409,1.07421875
SC4011,1467,44010.0,44040.0,Sleep stage 2,N2,5.494941954384091e-11,8.131140151803473e-12,2.06273541489402e-12,1.5671534389697727e-12,0.8237003458770181,0.12188705560522603,0.030920724710210748,0.02349187380754505,0.7006660368032518,1.171875
SC4011,1468,44040.0,44070.0,Sleep stage 2,N2,2.048547338108181e-10,1.0053657739340067e-11,4.4346592501858216e-12,2.1416877551109477e-12,0.9249157984739744,0.045392101527676365,0.020022414542460582,0.009669685455888491,0.6091047322741427,0.5859375
SC4011,1469,44070.0,44100.0,Sleep stage 2,N2,8.278280195117352e-11,1.6497177594089604e-11,2.5911509087244262e-12,6.691702345902917e-12,0.7625335468517458,0.15195971925767812,0.023867753280725375,0.06163898060985074,0.7118150817647731,1.07421875
SC4011,1470,44100.0,44130.0,Sleep stage 2,N2,1.3032285127266054e-10,1.4350378641891517e-11,5.201030820998662e-12,7.499492011046762e-12,0.828110463137432,0.09118660762318119,0.03304890892049413,0.047654020318892765,0.697667611187573,1.953125
SC4011,1471,44130.0,44160.0,Sleep stage 2,N2,7.436639309473326e-11,1.3301906923430659e-11,3.10407928526538e-12,6.577490215289723e-12,0.7639085030353703,0.13664021317329952,0.03188580837972781,0.06756547541160252,0.7144690351332537,1.171875
SC4011,1472,44160.0,44190.0,Sleep stage 1,N1,1.588982095438172e-10,7.980649497648272e-12,4.559711671013244e-12,5.7387689712408765e-12,0.8968314448533172,0.04504328551210093,0.02573529819983083,0.03238997143475114,0.6126347611009754,1.07421875
SC4011,1473,44190.0,44220.0,Sleep stage 1,N1,6.742499091812621e-11,4.830948049253777e-12,1.2760524048584192e-12,1.6820144040763191e-12,0.8964419621346466,0.0642293679134833,0.016965622182833595,0.022363047769036574,0.6271367873704329,1.85546875
SC4011,1474,44220.0,44250.0,Sleep stage 2,N2,9.50891964247931e-11,8.037198880218366e-12,2.345755649041726e-12,3.2709119658640936e-12,0.8744391952139564,0.07390999172183772,0.02157154292011467,0.03007927014409115,0.6182357880838435,1.26953125
SC4011,1475,44250.0,44280.0,Sleep stage 2,N2,1.4358951369629574e-10,8.025965240206008e-12,2.3043636288126634e-12,2.377739542492937e-12,0.9186931221831306,0.05135053998896824,0.014743437471881124,0.015212900356020062,0.5692237439101252,0.5859375
SC4011,1476,44280.0,44310.0,Sleep stage 2,N2,3.8004029606048976e-11,8.105600423161463e-12,2.5254496279800584e-12,2.0889700009790807e-12,0.7492309833729547,0.15979797507859236,0.04978801268824386,0.04118302886020917,0.7321073674226318,0.9765625
SC4011,1477,44310.0,44340.0,Sleep stage 2,N2,1.5543424519895665e-10,1.4004876119765741e-11,5.225855714925597e-12,3.7155538780656696e-12,0.8713632838994415,0.0785112368944412,0.029296110333431196,0.0208293688726861,0.6620937244469355,1.171875
SC4011,1478,44340.0,44370.0,Sleep stage 1,N1,1.3419263139716793e-11,1.79725344349673e-12,2.218482859881838e-12,1.4579515566609512e-12,0.7102788304426281,0.09512825410492579,0.11742384024128645,0.07716907521115979,0.7394149370720762,0.9765625
SC4011,1479,44370.0,44400.0,Sleep stage 1,N1,1.8702456200757232e-11,2.799618489884277e-12,1.1050417652094835e-12,2.141521685070074e-12,0.7556963778880961,0.11312212308180301,0.04465060901198976,0.08653089001811125,0.7023429929445488,1.07421875
SC4011,1480,44400.0,44430.0,Sleep stage 1,N1,2.0986860674148952e-11,3.19286298798879e-12,1.2291562515511832e-12,1.9060241505830254e-12,0.768330015905122,0.11689087321983578,0.04499947166788429,0.06977963920715781,0.7168921241153549,0.9765625
SC4011,1481,44430.0,44460.0,Sleep stage 2,N2,6.549544911761796e-11,8.524281235144353e-12,1.4083457058953018e-12,1.5409847027264716e-12,0.8509321598799798,0.1107494511537686,0.018297556082454872,0.02002083288379679,0.6881045969870536,0.5859375
SC4011,1482,44460.0,44490.0,Sleep stage 2,N2,1.361695285360221e-10,1.845399979905443e-11,3.5273051579266516e-12,3.7967836952236205e-12,0.8408245264748563,0.11395042495503903,0.02178053137902592,0.023444517191078727,0.6730252532741806,0.9765625
SC4011,1483,44490.0,44520.0,Sleep stage 2,N2,1.2435849338278489e-10,2.278989774637282e-11,6.28025146999105e-12,6.7865843097927506e-12,0.7761964688503933,0.14224551677179526,0.03919884265158167,0.04235917172622995,0.7198767211110042,1.07421875
SC4011,1484,44520.0,44550.0,Sleep stage 2,N2,2.4838086596470684e-10,1.6931461695682916e-11,5.385619620257222e-12,2.6409427840388637e-12,0.9086920119779786,0.06194311278455867,0.019703085861593687,0.009661789375869211,0.6424538459054008,2.63671875
SC4011,1485,44550.0,44580.0,Sleep stage 2,N2,1.6866062903572108e-10,1.3989413257302511e-11,3.719775917514108e-12,1.719337397704259e-12,0.8967057589806654,0.0743765009315056,0.01977666338862074,0.00914107669920827,0.6437512853120156,1.953125
SC4011,1486,44580.0,44610.0,Sleep stage 2,N2,5.888351203424191e-11,1.6823795627801305e-11,5.4361265522140024e-12,9.09323410411706e-12,0.6525452804450657,0.1864407888868786,0.060242988283146545,0.10077094238490925,0.7653164103444805,0.9765625
SC4011,1487,44610.0,44640.0,Sleep stage R,REM,9.573819884165212e-11,1.857994828628136e-11,4.864532181905671e-12,7.595450901842505e-12,0.7551633604455112,0.14655483761480304,0.0383704363976922,0.059911365541993465,0.7241182768858104,1.953125
SC4011,1488,44640.0,44670.0,Sleep stage 2,N2,8.310359843578986e-11,1.0100024804609271e-11,4.7016246548833655e-12,2.2601608330634487e-12,0.8296636482677504,0.100833460701,0.0469386059975498,0.022564285033699893,0.6799112380689953,0.9765625
SC4011,1489,44670.0,44700.0,Sleep stage 2,N2,6.67606314965708e-11,1.491055584514686e-11,5.886385710687133e-12,3.778495990844075e-12,0.7309339256209805,0.16324937126521738,0.06444754818493284,0.04136915492886941,0.7350065516000654,0.5859375
SC4011,1490,44700.0,44730.0,Sleep stage 2,N2,8.977961569358076e-11,1.3032298435463901e-11,9.162543404937776e-12,6.3699797893639576e-12,0.7586297905010994,0.11012176600963867,0.07742267919110918,0.05382576429815278,0.7279150445381627,0.9765625
SC4011,1491,44730.0,44760.0,Sleep stage 2,N2,1.0572499197351989e-10,1.033123108981427e-11,8.15383409864943e-12,2.1191948569217266e-12,0.8369003242233873,0.08178019678505014,0.06454430757991979,0.01677517141164254,0.6865798642153675,1.85546875
SC4011,1492,44760.0,44790.0,Sleep stage 2,N2,1.4226011665887518e-10,1.6710871522455442e-11,5.091687402453297e-12,5.10279423777493e-12,0.8409524521105618,0.09878417587278658,0.03009885769137266,0.030164514325278793,0.6753654789138545,1.07421875
SC4011,1493,44790.0,44820.0,Sleep stage 2,N2,9.499791425266619e-11,1.3457777590494807e-11,2.8115565230433816e-12,3.5580513888395133e-12,0.8273256369051477,0.1172021986374449,0.024485514333872915,0.03098665012353447,0.6894532449192248,0.5859375
SC4011,1494,44820.0,44850.0,Sleep stage 2,N2,1.0131171754709518e-10,8.942986083979236e-12,3.662017635029177e-12,3.092198385840984e-12,0.8658461068477311,0.07642995175565329,0.0312969100639698,0.026427031332645883,0.6825870731916153,0.9765625
SC4011,1495,44850.0,44880.0,Sleep stage 2,N2,1.166697034794366e-10,1.9689975056717668e-11,8.696752746832885e-12,6.317856006449748e-12,0.7707365997790431,0.13007476639060392,0.05745198145973207,0.04173665237062105,0.7259238996878534,2.1484375
SC4011,1496,44880.0,44910.0,Sleep stage 2,N2,9.457086880651226e-11,1.90631524528693e-11,4.3052304286098344e-12,4.9727022471755644e-12,0.7694196193186877,0.15509600036888718,0.03502694645047086,0.04045743386195408,0.7247974324053067,0.5859375
SC4011,1497,44910.0,44940.0,Sleep stage W,W,9.04411111214579e-11,5.534983002959674e-12,3.4831831265288243e-12,5.768492596409741e-12,0.8594795010162448,0.05260002194276991,0.03310136793340337,0.054819109107581976,0.6485601021056896,1.07421875
SC4011,1498,44940.0,44970.0,Sleep stage 1,N1,4.1952778070563026e-11,7.027572408514953e-12,1.5293761643487914e-12,2.1799358232709487e-12,0.796224080901621,0.1333766830060204,0.029026114284095617,0.04137312180826302,0.7080619223419133,2.05078125
SC4011,1499,44970.0,45000.0,Sleep stage 2,N2,2.221062183965419e-10,2.9264858431617174e-11,7.1257548968663175e-12,1.3023040657684333e-11,0.8180109118623965,0.1077816447643585,0.02624395346953648,0.04796348990370856,0.6852284367034359,1.07421875
SC4011,1500,45000.0,45030.0,Sleep stage 2,N2,1.2014458485732907e-10,1.5769509539098355e-11,8.528288993854077e-12,4.806885980144931e-12,0.8049927839789852,0.1056588726070043,0.057141244508791864,0.03220709890521856,0.7075279324280144,1.85546875
SC4011,1501,45030.0,45060.0,Sleep stage 2,N2,1.0483944212462515e-10,7.852953619301419e-12,2.208834692158003e-12,1.9976795042350364e-12,0.8968384921480346,0.06717730407674961,0.018895254825606833,0.01708894894960878,0.6537838894890435,0.9765625
SC4011,1502,45060.0,45090.0,Sleep stage 2,N2,1.6514777582250855e-10,1.1469679417197545e-11,6.490714303648495e-12,8.037329564227403e-12,0.863989874695186,0.060004967267066486,0.03395692984638545,0.04204822819136207,0.6740176009218339,0.5859375
SC4011,1503,45090.0,45120.0,Sleep stage 2,N2,1.484615454804531e-10,2.4990678765647564e-11,4.2334415737338424e-12,4.5075473570879566e-12,0.8148577155631284,0.13716580508067472,0.023236000397132642,0.024740478959064244,0.6924111382004623,3.3203125
SC4011,1504,45120.0,45150.0,Sleep stage 2,N2,1.1634212338608163e-10,1.3909410173204768e-11,6.76584242163236e-12,3.3602472790418848e-12,0.8287796921210978,0.0990856651522472,0.04819744247345549,0.02393720025319958,0.6831581667452367,1.26953125
SC4011,1505,45150.0,45180.0,Sleep stage 2,N2,2.224173693562027e-10,3.8060514907540545e-11,5.5651055995122e-12,4.233916711062161e-12,0.8229240602731442,0.14082044740687125,0.02059038513518717,0.01566510718479741,0.6908075929895404,2.1484375
SC4011,1506,45180.0,45210.0,Sleep stage 2,N2,1.2102724265648224e-10,3.159276152581547e-11,2.3857785718624796e-12,1.902063073834138e-12,0.7713269022197579,0.20134596430855417,0.015204966706877232,0.012122166764810597,0.7147797115696386,1.171875
SC4011,1507,45210.0,45240.0,Sleep stage R,REM,3.5088189202870944e-11,8.746297957465144e-12,1.611348020606907e-12,1.552963377691309e-12,0.7465763015004726,0.18609620300300916,0.03428487684842916,0.033042618648089016,0.7293547406401119,0.5859375
SC4011,1508,45240.0,45270.0,Sleep stage R,REM,3.640432167278548e-11,1.0083515890837921e-11,1.7506294277427526e-12,1.238909101892369e-12,0.735777127796106,0.20380053848918306,0.035382422552947025,0.025039911161763788,0.7305944944543036,1.07421875
SC4011,1509,45270.0,45300.0,Sleep stage R,REM,3.482113007988347e-11,4.876250033525969e-12,1.1608057866225433e-12,1.2973033382314848e-12,0.8260165095718357,0.1156729555661264,0.027536290234034564,0.030774244628003405,0.6920897033319625,1.07421875
SC4011,1510,45300.0,45330.0,Sleep stage R,REM,2.9077567434060796e-11,9.30112940265967e-12,1.4313425643997339e-12,1.1299145366581096e-12,0.7102491487473019,0.2271895424405164,0.03496199743104569,0.02759931138113603,0.712310635806436,0.5859375
SC4011,1511,45330.0,45360.0,Sleep stage R,REM,2.3150881935280957e-11,5.356229291942694e-12,1.7412079262887634e-12,2.2792679405479577e-12,0.7117306878107897,0.16466728000616915,0.05353019027368042,0.07007184190936062,0.7723279192145093,2.05078125
SC4011,1512,45360.0,45390.0,Sleep stage R,REM,2.2477286510594016e-11,7.545973770308237e-12,1.6822077593792205e-12,1.5301621123908247e-12,0.6763008977817363,0.22704470279771444,0.050614588971287,0.046039810449262475,0.7562130260044937,0.9765625
SC4011,1513,45390.0,45420.0,Sleep stage R,REM,2.4295392556994688e-11,7.926193383834647e-12,1.582229739461003e-12,1.056931730738536e-12,0.696926898053493,0.2273672818996142,0.045387143333606036,0.030318676713286852,0.7184011251035531,0.5859375
SC4011,1514,45420.0,45450.0,Sleep stage 1,N1,8.323373346307958e-11,4.965167454657342e-12,2.411222264093853e-12,3.753607776066272e-12,0.8820521679056604,0.052617328758150596,0.025552426124076055,0.03977807721211285,0.6007935101879759,1.3671875
SC4011,1515,45450.0,45480.0,Sleep stage 1,N1,2.3012715151954717e-11,5.7646771357797895e-12,1.3026286077885942e-12,1.560683009422434e-12,0.727313628075062,0.18219181068467802,0.04116939407232939,0.04932516716793063,0.7418809784188933,1.171875
SC4011,1516,45480.0,45510.0,Sleep stage R,REM,3.417860174649778e-11,7.986330100183619e-12,1.5564061039821484e-12,1.0075021625999674e-12,0.7641289525941171,0.17854990381955865,0.03479647806741639,0.022524665518907812,0.6720323296354894,0.9765625
SC4011,1517,45510.0,45540.0,Sleep stage R,REM,2.0426172830779948e-11,5.1301290296146576e-12,1.4811258776708566e-12,1.8184537586981431e-12,0.7078686136505963,0.17778451960270347,0.05132838786564103,0.06301847888105916,0.7440160019826793,0.9765625
SC4011,1518,45540.0,45570.0,Sleep stage R,REM,1.949067913368981e-11,6.090821752392366e-12,1.5391755092753203e-12,1.5128313011767055e-12,0.6806947769116307,0.21271657726830298,0.053754347025447465,0.05283429879461882,0.7466432422915056,0.9765625
SC4011,1519,45570.0,45600.0,Sleep stage R,REM,2.917919388204825e-11,1.347368380083755e-11,2.2503842990343914e-12,1.3593465484512118e-12,0.6307295418262485,0.2912434951001969,0.04864369672447273,0.029383266349081914,0.7576083409653652,0.5859375
SC4011,1520,45600.0,45630.0,Sleep stage R,REM,2.724638600890178e-11,6.6734381236191944e-12,1.663332791797356e-12,1.335804049572895e-12,0.7380052225242794,0.1807590990531557,0.04505361873465645,0.03618205968790845,0.7188027398635255,0.9765625
SC4011,1521,45630.0,45660.0,Sleep stage R,REM,2.738460089614012e-11,7.388238735071255e-12,1.4076554601482412e-12,9.574379816094621e-13,0.7373754711209832,0.19894049355290588,0.03790344113611444,0.025780594189996408,0.7430327643077762,0.9765625
SC4011,1522,45660.0,45690.0,Sleep stage R,REM,7.206200121425479e-11,8.797956294237067e-12,1.8289403549095737e-12,1.148927636708941e-12,0.8595404375577456,0.10494017756013346,0.02181521698588385,0.013704167896237103,0.6341376563779024,1.171875
SC4011,1523,45690.0,45720.0,Sleep stage R,REM,8.375063969086843e-11,9.341625428585945e-12,1.4312810677706393e-12,9.53206090517333e-13,0.8771835833631773,0.09784188512624634,0.014990885567693334,0.009983645942883057,0.6126783776870989,0.5859375
SC4011,1524,45720.0,45750.0,Sleep stage R,REM,2.8368125650277758e-11,5.780531970837909e-12,1.565266545233378e-12,1.1388291582261971e-12,0.7697695040701474,0.1568548195009127,0.0424735305785031,0.030902145850436893,0.6886444117286712,0.9765625
SC4011,1525,45750.0,45780.0,Sleep stage R,REM,2.1959721927175283e-11,7.373978145181568e-12,1.8163570714846016e-12,1.6239128882504814e-12,0.6700354551393239,0.2249949620983068,0.055420721679614746,0.04954886108275447,0.7455511984775656,1.07421875
SC4011,1526,45780.0,45810.0,Sleep stage R,REM,2.3774869139160574e-11,5.597269461357968e-12,1.875580113097008e-12,1.5012545230407986e-12,0.7259729631019106,0.1709143496167041,0.05727141732180009,0.04584126995958533,0.7158133687033413,0.5859375
SC4011,1527,45810.0,45840.0,Sleep stage R,REM,2.5173750176628825e-11,7.887354810184633e-12,1.9680466112398072e-12,1.1937633718403941e-12,0.6949675418875525,0.21774489481976078,0.05433153606979259,0.03295602722289411,0.7392772652742398,0.5859375
SC4011,1528,45840.0,45870.0,Sleep stage R,REM,2.3475054003683814e-11,5.922237076977105e-12,1.1667758218629987e-12,1.1364305331412856e-12,0.7405263608662743,0.1868184273447453,0.03680623069814346,0.0358489810908369,0.7286027598286262,1.953125
SC4011,1529,45870.0,45900.0,Sleep stage R,REM,2.2331505638017614e-11,7.0330061807346024e-12,1.9429649617820465e-12,1.901240642606608e-12,0.672459142383389,0.21178192735121368,0.05850767848167867,0.05725125178371883,0.7233170552367142,0.9765625
SC4011,1530,45900.0,45930.0,Sleep stage R,REM,3.374663011760708e-11,1.2093464867095088e-11,1.6610058774223989e-12,1.3065155497878543e-12,0.6914213927761196,0.24777823127095897,0.03403169422174444,0.02676868173117699,0.7372113300152073,0.9765625
SC4011,1531,45930.0,45960.0,Sleep stage R,REM,4.8236260744579855e-11,6.296575493500041e-12,1.7386159037811999e-12,1.2712910215179169e-12,0.8382683565784204,0.10942431916431936,0.030214338215416862,0.022092986041843482,0.6040586036150227,0.5859375
SC4011,1532,45960.0,45990.0,Sleep stage R,REM,2.6136393459812983e-11,9.507067219530282e-12,1.7090305146801251e-12,1.3177082070333332e-12,0.6758794592380294,0.24584996629912614,0.044195027208300965,0.03407554725454364,0.7243645983018556,0.9765625
SC4011,1533,45990.0,46020.0,Sleep stage R,REM,8.48450691653111e-11,1.1007224402199315e-11,3.3386968726540303e-12,1.3904833951973848e-12,0.8435456941522941,0.10943590288025248,0.033193954565818175,0.013824448401635242,0.6075913373575808,0.5859375
SC4011,1534,46020.0,46050.0,Sleep stage R,REM,2.800239378033711e-11,6.760704529530894e-12,1.797463760635267e-12,1.4820442938207868e-12,0.7360797920143939,0.1777140205585653,0.047248701716739075,0.03895748571030169,0.7205652398806461,0.9765625
SC4011,1535,46050.0,46080.0,Sleep stage R,REM,1.0385296180797832e-10,1.1471495089892453e-11,2.4973183314580058e-12,1.5526831899097549e-12,0.8699764018467895,0.09609672991859784,0.020920039047947085,0.013006829186665635,0.5912662249451224,0.5859375
SC4011,1536,46080.0,46110.0,Sleep stage R,REM,2.5499172363188443e-11,4.777183236403387e-12,1.8604635529955065e-12,1.435380248297546e-12,0.7595323755439254,0.14229580789030677,0.0554167908625751,0.04275502570319277,0.6927881889449262,0.9765625
SC4011,1537,46110.0,46140.0,Sleep stage R,REM,2.3041062078121568e-11,6.237759078486999e-12,1.5990092140187428e-12,1.1863722294593557e-12,0.7185914574423033,0.19453966020256305,0.049868984236471264,0.03699989811866237,0.7317007874836373,0.9765625
SC4011,1538,46140.0,46170.0,Sleep stage R,REM,1.991454276232477e-11,5.531924382623508e-12,1.2911998321406466e-12,1.0948849526989226e-12,0.7155126419080239,0.19875735421526167,0.046391715549400886,0.03933828832731359,0.7314304080169108,0.9765625
SC4011,1539,46170.0,46200.0,Sleep stage R,REM,4.216525378152743e-11,8.726102623327396e-12,2.0747698386679923e-12,1.073974962699101e-12,0.7802586013046312,0.16147457959095596,0.03839315235089,0.019873666753522822,0.6748830458334624,1.171875
SC4011,1540,46200.0,46230.0,Sleep stage R,REM,4.583777585380845e-11,9.255106290939735e-12,1.682806163006506e-12,1.0491072466101264e-12,0.7927010448435291,0.16005428470972133,0.02910180912657774,0.018142861320171778,0.6386706494365058,0.5859375
SC4011,1541,46230.0,46260.0,Sleep stage R,REM,3.089540956525741e-11,5.132837446953858e-12,1.7682872733694642e-12,1.4010735840727444e-12,0.7881963018762793,0.13094772170848892,0.045112122128719505,0.035743854286512375,0.6846398593896722,1.07421875
SC4011,1542,46260.0,46290.0,Sleep stage R,REM,3.1061687552812466e-11,5.662313525446569e-12,2.010997367595834e-12,1.760842360621187e-12,0.7670340196478922,0.13982456994796014,0.04965935581399849,0.04348205459014929,0.7123647914363914,0.5859375
SC4011,1543,46290.0,46320.0,Sleep stage R,REM,2.3553222174485482e-11,6.117482416038715e-12,1.6868555522707475e-12,1.1677959080253214e-12,0.7241495569697687,0.1880834880479175,0.05186278513400643,0.03590416984830733,0.728709699933661,1.07421875
SC4011,1544,46320.0,46350.0,Sleep stage R,REM,2.9074457839784677e-11,9.948888342568167e-12,1.9431799483316258e-12,1.312722492573702e-12,0.6876767867579977,0.23531374531323151,0.04596060742817142,0.0310488605005994,0.7519770741789651,0.9765625
SC4011,1545,46350.0,46380.0,Sleep stage R,REM,2.5164592253800268e-11,7.517301366603807e-12,1.874227509595247e-12,1.3813492588391762e-12,0.7002327092453318,0.2091772538597636,0.05215246062998766,0.038437576264917,0.738302173526071,1.171875
SC4011,1546,46380.0,46410.0,Sleep stage R,REM,3.2050851711116777e-11,6.669583290496658e-12,1.4169492258938275e-12,1.164618525694083e-12,0.7760120472277218,0.16148329005618728,0.034307034318910815,0.02819762839718015,0.6965739899287355,0.5859375
SC4011,1547,46410.0,46440.0,Sleep stage R,REM,3.063679994334566e-11,8.246202551216037e-12,1.3683764989796685e-12,1.114128280874373e-12,0.7406363891563901,0.19934972624683012,0.03308013340443185,0.026933751192347956,0.7193334144529671,1.07421875
SC4011,1548,46440.0,46470.0,Sleep stage R,REM,4.284342846185776e-11,8.744650853422715e-12,2.037461353328314e-12,1.0497455955318994e-12,0.7835976981424062,0.1599379070678589,0.03726475877026368,0.01919963601947129,0.6253311737685945,0.5859375
SC4011,1549,46470.0,46500.0,Sleep stage R,REM,6.955528884478676e-11,1.0277674308894743e-11,1.5216318398869253e-12,1.1619096030127701e-12,0.8429257781196484,0.12455295288066,0.01844033320759407,0.014080935792097403,0.6356220017034295,0.5859375
SC4011,1550,46500.0,46530.0,Sleep stage R,REM,3.99461309828062e-11,7.022760406618769e-12,1.248302387428629e-12,1.5660586329574247e-12,0.8024009892719229,0.14106672558892036,0.025074745562076218,0.031457539577080626,0.6787831895640855,0.5859375
SC4011,1551,46530.0,46560.0,Sleep stage R,REM,5.873556626741292e-11,5.8674050845220794e-12,1.7105375236244676e-12,4.257109568522691e-12,0.8322949063278092,0.08314232202982916,0.024238664210939877,0.06032410743142183,0.584331355212892,0.5859375
SC4011,1552,46560.0,46590.0,Sleep stage 1,N1,2.8463361476764083e-11,5.728929240447013e-12,1.764576600170906e-12,2.120517765202245e-12,0.7475135547000205,0.1504549019850446,0.046341853474018736,0.05568968984091617,0.7074555050837172,0.9765625
SC4011,1553,46590.0,46620.0,Sleep stage R,REM,6.786367505622156e-11,9.552573228236997e-12,1.908613141072412e-12,2.2853035810312857e-12,0.8315590962322482,0.11705126717326055,0.02338695358499693,0.02800268300949428,0.6073074807830433,1.07421875
SC4011,1554,46620.0,46650.0,Sleep stage R,REM,6.469757339917665e-11,1.003659204487799e-11,2.2972786849188477e-12,1.3924549987395852e-12,0.8249726692856326,0.12797874317028576,0.02929309445807759,0.017755493086004007,0.7069564818959301,3.41796875
SC4011,1555,46650.0,46680.0,Sleep stage R,REM,2.685244530575371e-11,1.040077379662303e-11,3.763825871283826e-12,1.7138084197142113e-12,0.6284088234455214,0.24340196768070219,0.08808216013461108,0.04010704873916535,0.7755144472124512,0.9765625
SC4011,1556,46680.0,46710.0,Sleep stage 2,N2,7.164576650156919e-11,1.5362782491842096e-11,5.151224513933762e-12,2.390883552946792e-12,0.7577500646651566,0.16248202783028523,0.054481107525767854,0.025286799978790252,0.7324451420581575,1.171875
SC4011,1557,46710.0,46740.0,Sleep stage 2,N2,1.7593311804955712e-10,8.921754399347282e-12,2.919486663165129e-12,2.3637409928431283e-12,0.9252912380658183,0.04692249682953873,0.015354558931399028,0.012431706173244,0.6175310787875201,1.07421875
SC4011,1558,46740.0,46770.0,Sleep stage 1,N1,1.8705544979738944e-11,6.312528837930568e-12,2.717116375866247e-12,1.9884135841458283e-12,0.6293161865447917,0.21237427618620136,0.09141275049247004,0.06689678677653678,0.7535009524312142,0.5859375
SC4011,1559,46770.0,46800.0,Sleep stage 1,N1,5.645926128733056e-11,1.4951130875930438e-11,1.7799870049297412e-12,1.5507298845599496e-12,0.7553976921520232,0.20003892189207748,0.023815367840922246,0.020748018114977094,0.716609079351202,1.953125
SC4011,1560,46800.0,46830.0,Sleep stage 2,N2,1.0694405515011223e-10,1.2190328325894457e-11,6.092580220102559e-12,3.211324821859087e-12,0.8326493320965648,0.09491194928363629,0.04743585647554168,0.025002862144257138,0.6535978560302792,1.07421875
SC4011,1561,46830.0,46860.0,Sleep stage 2,N2,6.02614294440834e-11,1.3313106166552828e-11,3.101835464429938e-12,2.7092916905747097e-12,0.7590971385095661,0.1677016441351033,0.0390729932379232,0.034128224117407326,0.71054832058191,2.05078125
SC4011,1562,46860.0,46890.0,Sleep stage 2,N2,5.641586110817128e-11,1.646173663664306e-11,3.6331104623951402e-12,5.365607227341747e-12,0.6890376149531051,0.20105614852444034,0.0443731553271875,0.06553308119526711,0.7634059287255023,1.85546875
SC4011,1563,46890.0,46920.0,Sleep stage 2,N2,6.488119149399912e-11,1.077859394683916e-11,3.711864089725451e-12,2.407033176113206e-12,0.7933753558578879,0.1318020001067971,0.045389140138624294,0.029433503896690673,0.689296479359218,1.953125
SC4011,1564,46920.0,46950.0,Sleep stage 2,N2,5.830024654790453e-11,1.007883417576365e-11,3.443835781306016e-12,1.430808030889524e-12,0.7958673353101898,0.137588009887869,0.04701243251624667,0.01953222228569451,0.6976291193933959,0.9765625
SC4011,1565,46950.0,46980.0,Sleep stage 2,N2,1.646635397377803e-10,1.4815943114364525e-11,9.03294265987682e-12,9.822560867408667e-12,0.830229415110686,0.07470161157558187,0.045543869111403755,0.049525104202328384,0.694151046355947,1.07421875
SC4011,1566,46980.0,47010.0,Sleep stage 2,N2,7.19299247370218e-11,9.832078587852036e-12,3.894191446670977e-12,1.8338233823627583e-12,0.822150072142935,0.11237943248058299,0.0445101227413227,0.020960372635159343,0.6711850974115428,1.07421875
SC4011,1567,47010.0,47040.0,Sleep stage 2,N2,6.784738656904474e-11,1.508297930986197e-11,5.244600305087993e-12,3.923916588907206e-12,0.7366798003005457,0.1637694058358307,0.05694531949991365,0.04260547436371001,0.7387634594300881,1.171875
SC4011,1568,47040.0,47070.0,Sleep stage 2,N2,7.05186122737627e-11,1.8927813955616475e-11,5.6951179054709205e-12,6.4166475570344376e-12,0.6943665606779194,0.1863740742159058,0.05607738588679514,0.06318197921937979,0.7606453491109857,1.953125
SC4011,1569,47070.0,47100.0,Sleep stage 2,N2,1.2354299888792116e-10,1.9804026619428844e-11,1.3804110856173322e-11,4.3862899186392746e-12,0.764794894479281,0.12259714095504107,0.08545456724103824,0.02715339732463981,0.7014924124544785,1.07421875
SC4011,1570,47100.0,47130.0,Sleep stage 2,N2,6.677932356418357e-11,1.6595939559542523e-11,7.307397016774496e-12,5.495359604899599e-12,0.6943304066870991,0.17255439032197623,0.07597782774191479,0.057137375249009734,0.7570357637455509,1.26953125
SC4011,1571,47130.0,47160.0,Sleep stage 2,N2,1.1369646435270474e-10,1.474307230020358e-11,5.5669456065692666e-12,5.086876077669018e-12,0.8174111669452782,0.1059940781965163,0.04002308717771857,0.036571667680486974,0.6826112742448964,1.07421875
SC4011,1572,47160.0,47190.0,Sleep stage 2,N2,1.2789604060776843e-10,2.207568183089848e-11,6.398303398217842e-12,4.735929922213154e-12,0.7938628960372617,0.13702585808750792,0.03971487812520872,0.02939636775002161,0.7255462271002554,0.9765625
SC4011,1573,47190.0,47220.0,Sleep stage 2,N2,1.124137523025619e-10,2.0701898955004277e-11,5.287865227870843e-12,5.1431524951737034e-12,0.7831164115535552,0.14421720198746335,0.03683725484835242,0.03582913161062905,0.7138459354428284,0.5859375
SC4011,1574,47220.0,47250.0,Sleep stage 2,N2,1.2560144596629322e-10,2.5674068316836557e-11,9.099719258452533e-12,5.004902176001445e-12,0.7594711748258582,0.15524275757446246,0.055023048680960904,0.030263018918718344,0.7224953822970234,1.85546875
SC4011,1575,47250.0,47280.0,Sleep stage 2,N2,5.120059150220842e-11,9.598767490320855e-12,3.8427764565419314e-12,2.451659875040882e-12,0.7631196186602969,0.14306490553935414,0.05727469191418538,0.036540783886163726,0.7388075026751687,1.26953125
SC4011,1576,47280.0,47310.0,Sleep stage 2,N2,8.516419340363055e-11,1.2875743173374268e-11,3.960141034848299e-12,2.52957670187924e-12,0.8147371572474653,0.123177898730339,0.037885335609763364,0.024199608412432322,0.7092731494591934,0.9765625
SC4011,1577,47310.0,47340.0,Sleep stage 2,N2,1.186013267210724e-10,1.77498582838808e-11,5.020279848863851e-12,2.8638215600396376e-12,0.8222767789344394,0.12306182991137715,0.03480618351919155,0.019855207634991805,0.7006968403089745,1.171875
SC4011,1578,47340.0,47370.0,Sleep stage 2,N2,2.2658849554481864e-10,1.805769028330922e-11,5.848852264080799e-12,4.828304887959316e-12,0.8874570295847124,0.07072479183664704,0.02290762840487759,0.0189105501737628,0.6556885581086456,1.85546875
SC4011,1579,47370.0,47400.0,Sleep stage 2,N2,1.3627144061939516e-10,1.3975174959888175e-11,4.143708956700091e-12,3.3122073138137956e-12,0.8641043299747784,0.08861731511830605,0.0262754751499281,0.021002879756987586,0.6391751469112665,1.07421875
SC4011,1580,47400.0,47430.0,Sleep stage 2,N2,6.658290243985342e-11,1.0602017052109518e-11,1.994145394548498e-12,2.0821474225551838e-12,0.819368805213167,0.13046835939126902,0.024539941478648155,0.025622893916915766,0.6992637658002971,1.171875
SC4011,1581,47430.0,47460.0,Sleep stage 2,N2,1.376220735561785e-10,1.5359273572866663e-11,5.9494945886009715e-12,2.30269526010387e-12,0.8535573686209598,0.09526103477458428,0.036899857809495264,0.014281738794960747,0.6795087025944708,0.5859375
SC4011,1582,47460.0,47490.0,Sleep stage 2,N2,1.2650681980758992e-10,1.2991776017237571e-11,6.0295242773601515e-12,7.334224785589242e-12,0.8275865446161005,0.0849900348367377,0.03944414356450371,0.04797927698265799,0.621691947568209,1.07421875
SC4011,1583,47490.0,47520.0,Sleep stage 1,N1,1.0151132820324048e-10,7.157519745245034e-12,3.689565669028006e-12,3.92844304026888e-12,0.8729389642199681,0.06155054793774944,0.03172814000713712,0.033782347835145235,0.6006101080853526,1.07421875
SC4011,1584,47520.0,47550.0,Sleep stage 1,N1,3.077403575215697e-11,9.867585082890372e-12,3.296031894733029e-12,1.573349651949497e-12,0.676188924472273,0.21681757303705662,0.07242274883526192,0.0345707536554086,0.7428938757465033,0.9765625
SC4011,1585,47550.0,47580.0,Sleep stage 2,N2,6.881064368849813e-11,1.29863667506851e-11,5.485949154366755e-12,5.907652898941401e-12,0.7383860009938489,0.13935273525250674,0.05886804483454567,0.0633932189190987,0.7365415837930221,1.7578125
SC4011,1586,47580.0,47610.0,Sleep stage 2,N2,1.1109686855421967e-10,2.8445066651519214e-11,8.28578503217639e-12,1.2586246415312267e-11,0.6925635645827626,0.1773228805756665,0.05165251633037703,0.07846103851119395,0.7471542152171939,1.85546875
SC4011,1587,47610.0,47640.0,Sleep stage 2,N2,8.32885907365219e-11,9.182413972896666e-12,2.051252338211162e-12,1.358505293881131e-12,0.8686684242232263,0.09576909641363175,0.021393784197344532,0.014168695165797366,0.6649052246334534,0.9765625
SC4011,1588,47640.0,47670.0,Sleep stage 2,N2,6.821980561189689e-11,8.507855543120186e-12,3.4619207838468593e-12,2.6688698349766383e-12,0.8233294751644722,0.1026793931214416,0.04178114253565899,0.03220998917842722,0.6966370598573297,1.171875
SC4011,1589,47670.0,47700.0,Sleep stage 2,N2,1.3392496756213638e-10,1.570035329847918e-11,4.7161860697997236e-12,3.074937719902136e-12,0.8507685957438268,0.09973769470753653,0.02995993258694281,0.019533776961693918,0.6752004913727419,1.07421875
SC4011,1590,47700.0,47730.0,Sleep stage 2,N2,9.652128740135896e-11,1.6724824742290156e-11,4.877932308759792e-12,3.3115915711658964e-12,0.7948349476476648,0.13772583806489302,0.04016887026319703,0.0272703440242451,0.7138905973284227,2.05078125
SC4011,1591,47730.0,47760.0,Sleep stage 2,N2,2.4966088393399085e-10,2.494247286653667e-11,4.491602169300827e-12,4.522980646683159e-12,0.880271834255495,0.0879439181465818,0.015836805582094205,0.015947442015828827,0.6488131845615369,1.46484375
SC4011,1592,47760.0,47790.0,Sleep stage 2,N2,1.0557117255928131e-10,1.584038176259201e-11,3.898347205135661e-12,2.5945831684553836e-12,0.8253907031535461,0.12384539760515315,0.030478581063185354,0.020285318178115377,0.6787432363987034,1.953125
SC4011,1593,47790.0,47820.0,Sleep stage 1,N1,8.5476900352699e-11,8.49756422973944e-12,3.912999808593056e-12,3.202924187172596e-12,0.8455492312859554,0.08405907177976348,0.03870793122499413,0.031683765709286944,0.6785680041227254,1.26953125
SC4011,1594,47820.0,47850.0,Sleep stage 1,N1,5.586386585608791e-11,1.5039248687957872e-11,5.8944261996272115e-12,4.413019390005088e-12,0.687889182935473,0.18518833835405457,0.07258201630335497,0.05434046240711749,0.7564882285698471,0.9765625
SC4011,1595,47850.0,47880.0,Sleep stage 2,N2,7.557777872404125e-11,1.7870806515906766e-11,9.175799457655369e-12,8.025481681260816e-12,0.6830354269499394,0.16150770986670038,0.0829264395696377,0.07253042361372254,0.7660418254679567,1.07421875
SC4011,1596,47880.0,47910.0,Sleep stage 2,N2,1.3588684840266493e-10,1.0568915160341226e-11,3.5335139419135496e-12,2.787674853538886e-12,0.8894459949942931,0.06917872753177794,0.023128579850335746,0.01824669762359312,0.6312096260043046,1.07421875
SC4011,1597,47910.0,47940.0,Sleep stage 2,N2,5.8108144707631735e-11,1.6158089038744692e-11,4.591462515553755e-12,7.071211044182408e-12,0.6762351172537043,0.18804020143283354,0.0534332701240708,0.08229141118939137,0.7568392466309053,0.9765625
SC4011,1598,47940.0,47970.0,Sleep stage 2,N2,1.0997444141258617e-10,8.227275422092995e-12,2.85402201348923e-12,3.886978870907865e-12,0.8801988897012385,0.06584837893947024,0.022842643937890574,0.031110087421400798,0.6534996225458294,1.171875
SC4011,1599,47970.0,48000.0,Sleep stage 2,N2,5.900500791169542e-11,1.1796986412603721e-11,1.7782057899206937e-12,1.9523583907054087e-12,0.7916675489919787,0.15827963844584989,0.023858107457872747,0.026194705104298728,0.6966598342977428,0.9765625
SC4011,1600,48000.0,48030.0,Sleep stage 2,N2,1.3671594580762844e-10,1.1484083713405231e-11,4.719819525711845e-12,2.648032731536423e-12,0.8788185854614797,0.07382040291435316,0.030339292865339738,0.017021718758827388,0.6493706405356434,1.26953125
SC4011,1601,48030.0,48060.0,Sleep stage 2,N2,1.203706667699085e-10,1.6200026015560293e-11,4.860526561700607e-12,7.749472234351436e-12,0.8068783265033405,0.1085933162248928,0.03258147224129564,0.05194688503047114,0.6935642213326927,1.26953125
SC4011,1602,48060.0,48090.0,Sleep stage 2,N2,8.010676563341037e-11,1.3994665189652809e-11,4.879092962828629e-12,3.650103333071983e-12,0.7805346988726377,0.1363595408360017,0.04754032105029478,0.03556543924106576,0.7145495587423039,1.171875
SC4011,1603,48090.0,48120.0,Sleep stage 2,N2,1.8911826981242742e-10,1.3640747244440724e-11,6.318183270794489e-12,4.223643112545798e-12,0.8866269198107518,0.06395074217446514,0.029620995252021,0.01980134276276198,0.6321048862055422,0.9765625
SC4011,1604,48120.0,48150.0,Sleep stage 2,N2,1.2686502882661893e-10,1.0084133077025028e-11,5.917172869554537e-12,2.9420633801138127e-12,0.870080396145803,0.06916016638782305,0.04058183852574008,0.020177598940633985,0.6515150039462322,0.5859375
SC4011,1605,48150.0,48180.0,Sleep stage 2,N2,8.685754074797908e-11,1.7573130191884687e-11,5.6295217670692955e-12,3.46628268032561e-12,0.7650862096413441,0.15479323331354794,0.04958774372115414,0.03053281332395385,0.735028550466028,0.5859375
SC4011,1606,48180.0,48210.0,Sleep stage 2,N2,1.052235140113348e-10,1.5868734127572368e-11,5.894917682356591e-12,3.663734400126437e-12,0.805379173301001,0.12145904927315866,0.045119610139444516,0.028042167286395855,0.705200400177435,1.07421875
SC4011,1607,48210.0,48240.0,Sleep stage 2,N2,1.1584585660952617e-10,1.4078227631086807e-11,3.4122446468018114e-12,3.5775106069910374e-12,0.8461223280080429,0.10282545346091204,0.02492256925525219,0.02612964927579298,0.6626099483098112,0.9765625
SC4011,1608,48240.0,48270.0,Sleep stage 2,N2,1.0697425071948735e-10,1.9041598728837528e-11,8.717541507126627e-12,4.395491906265134e-12,0.7688860035325052,0.13686301749266117,0.0626580284971539,0.03159295047767985,0.7020217867939285,0.9765625
SC4011,1609,48270.0,48300.0,Sleep stage 2,N2,2.7501698624417247e-11,5.8734017643807965e-12,1.939543354680445e-12,1.884514434907471e-12,0.7393097040673549,0.1578907172096559,0.052139442118004406,0.05066013660498482,0.7272013959058314,0.5859375
SC4011,1610,48300.0,48330.0,Sleep stage 2,N2,7.031950924281041e-11,9.299265206881725e-12,3.3113766714022006e-12,1.9500265991188584e-12,0.8284561970947035,0.10955756051235524,0.03901236731993359,0.02297387507300757,0.6700707824632959,0.5859375
SC4011,1611,48330.0,48360.0,Sleep stage 2,N2,7.949268249595935e-11,2.0526690302551792e-11,3.6403827375538134e-12,5.494701578720083e-12,0.7282586950376764,0.18805178318065624,0.03335074749834216,0.05033877428332538,0.737978329026067,1.26953125
SC4011,1612,48360.0,48390.0,Sleep stage 2,N2,6.376564441823853e-11,7.901766798067227e-12,2.1254229439833214e-12,1.6791498297895832e-12,0.8448915882033919,0.10469801349207901,0.028161747334782185,0.02224865096974686,0.661911292456946,0.5859375
SC4011,1613,48390.0,48420.0,Sleep stage 2,N2,6.827317296260392e-11,1.999382530073813e-11,4.975726166508182e-12,4.4750065993090845e-12,0.6986774277662153,0.20460795692003841,0.050919378848690286,0.045795236465055934,0.7515347683549771,0.5859375
SC4011,1614,48420.0,48450.0,Sleep stage 2,N2,1.3631353044924931e-10,1.5963996143525467e-11,6.3789549039410956e-12,3.792719853536579e-12,0.8391148082984249,0.09827069638283979,0.039267382362733805,0.02334711295600152,0.6548112573652793,0.5859375
SC4011,1615,48450.0,48480.0,Sleep stage 2,N2,1.2636870606974938e-10,1.635619265454257e-11,5.933914974078184e-12,5.3730748656753224e-12,0.8204061330924088,0.10618705520670006,0.03852393831820675,0.03488287338268421,0.6931473866227869,0.5859375
SC4011,1616,48480.0,48510.0,Sleep stage 2,N2,7.564484523705486e-11,1.9679682119389218e-11,4.569647240137629e-12,2.6343017977229212e-12,0.7377935174432854,0.19194357325378542,0.0445695420515531,0.02569336725137617,0.7349458891112893,2.05078125
SC4011,1617,48510.0,48540.0,Sleep stage 2,N2,1.9174132952278878e-10,2.0814007232675935e-11,5.69262436114587e-12,5.315755036879646e-12,0.8576585361067562,0.0931010075820436,0.025463095975903058,0.023777360335297225,0.6445918566112264,0.5859375
SC4011,1618,48540.0,48570.0,Sleep stage 2,N2,9.128991710656212e-11,1.3604006611591635e-11,3.6975783174188e-12,5.321352442528832e-12,0.8014013653227494,0.11942468366646777,0.03245971084088339,0.04671424016989943,0.7148187091705407,2.05078125
SC4011,1619,48570.0,48600.0,Sleep stage 2,N2,1.267690039612439e-10,1.2149900609324066e-11,5.1856817352725165e-12,4.702373373690854e-12,0.8519023857099959,0.08164873898028646,0.0348483817318782,0.03160049357783952,0.683084680982255,0.9765625
SC4011,1620,48600.0,48630.0,Sleep stage 2,N2,2.008495056179055e-10,2.547831847972586e-11,8.240850599247247e-12,5.391616923701318e-12,0.8370114249381079,0.10617722752234204,0.034342559527630115,0.02246878801192002,0.6656475735899391,0.5859375
SC4011,1621,48630.0,48660.0,Sleep stage 2,N2,1.4826870181281803e-10,1.6219756001224484e-11,6.555193940650138e-12,4.953091835265579e-12,0.8424513930681485,0.092159409716203,0.03724610925712694,0.02814308795852167,0.7027294210909188,1.171875
SC4011,1622,48660.0,48690.0,Sleep stage 2,N2,5.383150884267446e-11,1.919788581457351e-11,5.996391145270069e-12,5.034007580905914e-12,0.6403954456220409,0.22838369025017385,0.07133483088542207,0.05988603324236325,0.7621254699907866,1.3671875
SC4011,1623,48690.0,48720.0,Sleep stage 2,N2,6.324797147088924e-11,1.3069287686898671e-11,5.738530373114809e-12,4.3925886099160445e-12,0.7316270453086167,0.15118025309404481,0.06638100675257456,0.05081169484476394,0.7337724648600354,1.171875
SC4011,1624,48720.0,48750.0,Sleep stage 2,N2,1.3502416180743778e-10,2.2289871436964987e-11,5.575782463049665e-12,5.141650098034564e-12,0.8035647440208704,0.13265296074229166,0.03318296627552,0.030599328961318065,0.7046135211094076,1.07421875
SC4011,1625,48750.0,48780.0,Sleep stage 2,N2,1.950494386658043e-10,1.777112077717721e-11,6.397749234903894e-12,3.2156603512418823e-12,0.8768869229693194,0.07989391573033576,0.028762464936576845,0.014456696363768062,0.609958567726747,0.5859375
SC4011,1626,48780.0,48810.0,Sleep stage 2,N2,8.077352667467551e-11,2.0460164585312592e-11,3.5769764857307083e-12,8.356601996799938e-12,0.7137534276337464,0.18079577807138156,0.03160787119693832,0.07384292309793376,0.7460073333755675,1.46484375
SC4011,1627,48810.0,48840.0,Sleep stage 2,N2,1.1720612309438942e-10,1.6350940076869255e-11,6.520911941643424e-12,9.793660581060791e-12,0.7820433970155882,0.10909963050151658,0.043509980467278636,0.0653469920156166,0.7102281881705641,1.07421875
SC4011,1628,48840.0,48870.0,Sleep stage 2,N2,2.571315242111008e-10,2.4804707194778575e-11,1.1281441255992402e-11,5.763908779794955e-12,0.860024630852616,0.08296399756524178,0.03773289712896072,0.01927847445318143,0.6000244003810318,1.07421875
SC4011,1629,48870.0,48900.0,Sleep stage W,W,1.1577553599626666e-10,4.580799260950628e-12,3.367404304897882e-12,4.393107856924194e-12,0.9036714400065804,0.035754854675497404,0.026283852379569667,0.034289852938352405,0.5635356140237484,0.5859375
SC4011,1630,48900.0,48930.0,Sleep stage W,W,1.1639496445374296e-11,4.999316657233937e-12,2.228633828562769e-12,2.265138169635812e-12,0.5507843167246924,0.23656910091151462,0.10545959322684487,0.10718698913694814,0.8045981797309664,1.07421875
SC4011,1631,48930.0,48960.0,Sleep stage 1,N1,2.4686420802854958e-11,6.481963054853176e-12,1.429393396472075e-12,1.5632979472759032e-12,0.7226476525482048,0.18974704445417695,0.041842751963824226,0.04576255103379379,0.7121948228825334,0.5859375
SC4011,1632,48960.0,48990.0,Sleep stage 2,N2,2.2057580887971696e-10,1.7288060215909052e-11,4.66422586998868e-12,2.0557993329559473e-12,0.9018411024662714,0.07068355937944554,0.019070044997709146,0.008405293156573807,0.635075284046486,2.05078125
SC4011,1633,48990.0,49020.0,Sleep stage 2,N2,8.913231999373e-11,1.8722253819180816e-11,3.840602219183222e-12,5.494767561223154e-12,0.7605799376697782,0.15975990127747158,0.03277245556590775,0.04688770548684261,0.7285103954613525,0.9765625
SC4011,1634,49020.0,49050.0,Sleep stage 2,N2,8.18051114694185e-11,2.0739675296398654e-11,3.546979321851532e-12,4.439099439389663e-12,0.740111018576909,0.1876369573105488,0.032090396695420964,0.040161627417121384,0.7283967104294061,1.953125
SC4011,1635,49050.0,49080.0,Sleep stage 2,N2,7.831524654525605e-11,1.5378018961244698e-11,4.379774119647014e-12,6.4523920985632015e-12,0.7492458557981873,0.14712227165677583,0.04190151666803963,0.061730355876997406,0.74791935660045,0.9765625
SC4011,1636,49080.0,49110.0,Sleep stage 2,N2,5.273595815536554e-11,1.369810683284112e-11,3.298058698917062e-12,6.898697744340763e-12,0.6881820809206703,0.17875453475455894,0.04303827934125321,0.09002510498351736,0.7720568801403199,1.171875
SC4011,1637,49110.0,49140.0,Sleep stage 2,N2,4.696648062434699e-11,2.382681821029159e-11,5.547954552646987e-12,6.0023857156407545e-12,0.5703716903456348,0.28935833380534715,0.067375629897924,0.07289434595109415,0.7864382252420827,0.9765625
SC4011,1638,49140.0,49170.0,Sleep stage 2,N2,5.864917474454016e-11,1.6686413808842674e-11,5.42466211671837e-12,4.734346765328418e-12,0.6859986069743804,0.19517506730697456,0.06345034984012156,0.05537597587852338,0.7636486723959399,1.953125
SC4011,1639,49170.0,49200.0,Sleep stage 2,N2,1.6612919959872711e-10,1.749738179838481e-11,3.706171237219069e-12,2.0024867515103668e-12,0.8774341223409381,0.09241481857863423,0.01957465102239293,0.010576408058034835,0.6112330295359879,1.953125
SC4011,1640,49200.0,49230.0,Sleep stage 2,N2,9.52610086282033e-11,2.3860556801386016e-11,7.690363119007915e-12,6.368607463428445e-12,0.7152772580792258,0.17915948918565328,0.05774389673813527,0.04781935599698582,0.7375717256072467,1.85546875
SC4011,1641,49230.0,49260.0,Sleep stage 2,N2,9.786890292236173e-11,1.073935341715134e-11,2.842441186184208e-12,1.9148200751291906e-12,0.8633039833767603,0.0947320988289039,0.025073243137236693,0.016890674657099,0.6747830719168862,1.07421875
SC4011,1642,49260.0,49290.0,Sleep stage 2,N2,1.5524188167570104e-10,5.118052018843705e-11,1.1520368553292782e-11,7.721963457198771e-12,0.6879315124265153,0.22679893003073717,0.051050814876962745,0.03421874266578484,0.7296812546112977,3.02734375
SC4011,1643,49290.0,49320.0,Sleep stage 2,N2,9.401471819584195e-11,1.5568371440340265e-11,3.3178341339456927e-12,2.180636486586691e-12,0.8169398988519234,0.13528119887853107,0.0288302845959382,0.018948617673607348,0.6753931900254646,1.171875
SC4011,1644,49320.0,49350.0,Sleep stage 2,N2,2.1506690993015902e-10,1.6743101192525094e-11,5.97541077241378e-12,3.794733629593558e-12,0.8902507304999953,0.06930660821937344,0.02473469213328263,0.01570796914734872,0.6368272229322456,2.24609375
SC4011,1645,49350.0,49380.0,Sleep stage 2,N2,6.538010191797172e-11,2.4462296979970187e-11,6.077187947347256e-12,5.3951679861847715e-12,0.645316686860906,0.24144851379900742,0.059983246837600285,0.0532515525024864,0.774812813886833,2.34375
SC4011,1646,49380.0,49410.0,Sleep stage 2,N2,1.489023945442589e-10,2.0273693983584382e-11,8.991086313542334e-12,4.68138480185683e-12,0.8143481952211369,0.1108769684767579,0.049172311398486955,0.025602524903618182,0.6800750454478479,1.171875
SC4011,1647,49410.0,49440.0,Sleep stage 2,N2,1.7519480379079822e-10,1.7753265842881755e-11,2.9597765112620395e-12,2.312161101551466e-12,0.8838401643933823,0.08956344059056033,0.01493177481111407,0.011664620204943356,0.6368702001973147,1.26953125
SC4011,1648,49440.0,49470.0,Sleep stage 2,N2,8.136921268929517e-11,1.6248827434109187e-11,7.354661670212213e-12,4.597668173256696e-12,0.7426205890688857,0.14829581609537087,0.06712272371112528,0.04196087112461811,0.7343501217541785,1.171875
SC4011,1649,49470.0,49500.0,Sleep stage 2,N2,8.984964711267259e-11,3.690655117488239e-11,7.386117467000193e-12,1.1167264565547832e-11,0.6183325759715395,0.25398567041196335,0.050830216773933894,0.07685153684256349,0.778965270635517,2.9296875
SC4011,1650,49500.0,49530.0,Sleep stage 2,N2,1.1838723848141595e-10,1.1312004356663057e-11,3.371353419396016e-12,1.6239356858376553e-12,0.8789312882518513,0.08398265462939364,0.025029623480297466,0.01205643363845759,0.656242938615771,2.05078125
SC4011,1651,49530.0,49560.0,Sleep stage 2,N2,8.06670816428912e-11,1.570604481963898e-11,4.648547565615656e-12,4.211745548739664e-12,0.7665538378134175,0.14924959088841402,0.044173681557685585,0.04002288974048291,0.7388365734413417,1.07421875
SC4011,1652,49560.0,49590.0,Sleep stage 2,N2,7.815253682260552e-11,2.4507701651627236e-11,8.088131338253729e-12,5.264419653567477e-12,0.6736544925977616,0.21124999893911126,0.06971758351367255,0.045377924949454626,0.7656557301047565,1.07421875
SC4011,1653,49590.0,49620.0,Sleep stage 2,N2,8.044044035912226e-11,2.4619907524869973e-11,4.216867656074707e-12,2.940607502619114e-12,0.7168241031420104,0.2193939149532861,0.03757752148222186,0.026204460422481632,0.7272206389055155,0.9765625
SC4011,1654,49620.0,49650.0,Sleep stage 2,N2,2.334262994222053e-10,2.2044167449245953e-11,5.8584775642529735e-12,2.2276197044295457e-12,0.8856781851887091,0.08364112470947604,0.022228539757173357,0.00845215034464144,0.6561982504912309,1.07421875
SC4011,1655,49650.0,49680.0,Sleep stage 2,N2,9.369823561627283e-11,2.0198039382585164e-11,6.473091724119104e-12,4.379702592385084e-12,0.7510936645098832,0.16190933923142206,0.05188889792640703,0.035108098332287486,0.726251059650156,2.05078125
SC4011,1656,49680.0,49710.0,Sleep stage 2,N2,1.097481132384529e-10,2.2109051616534258e-11,7.230942496151152e-12,4.151030881935508e-12,0.7661880306754885,0.15435063271994254,0.050481611278512514,0.028979725326056437,0.7339244247071824,2.9296875
SC4011,1657,49710.0,49740.0,Sleep stage 2,N2,1.202419495962968e-10,2.6169013368729885e-11,6.678340275306755e-12,6.362833583289573e-12,0.7540943131373754,0.16411829838114103,0.04188304031757166,0.03990434816391192,0.7424665742765059,2.05078125
SC4011,1658,49740.0,49770.0,Sleep stage 2,N2,1.7177462303269587e-10,3.271248422942382e-11,6.004723458030369e-12,7.207578344801536e-12,0.7890449669592173,0.15026446038566832,0.027582635542381433,0.033107937112732924,0.7216926517040666,3.125
SC4011,1659,49770.0,49800.0,Sleep stage 2,N2,2.102119852857438e-10,1.4965393509871226e-11,8.634903866509315e-12,3.2411856601724864e-12,0.8867703424610542,0.06313087766986115,0.036425975656974315,0.013672804212110432,0.6117459201539287,1.07421875
SC4011,1660,49800.0,49830.0,Sleep stage 2,N2,1.2145647660077143e-10,2.8247984252318853e-11,3.699674009835185e-12,2.5968901681042944e-12,0.7785620419905115,0.1810756323344678,0.023715703208355792,0.016646622466664904,0.7123331092151697,2.05078125
SC4011,1661,49830.0,49860.0,Sleep stage 2,N2,2.3257821817508948e-10,4.368300610675781e-11,7.183107935136003e-12,4.090764776204502e-12,0.808868971500198,0.15192234465830354,0.024981673577421346,0.014227010264077153,0.6985892850512402,2.734375
SC4011,1662,49860.0,49890.0,Sleep stage 2,N2,1.6462574852341728e-10,1.2385785495910143e-11,3.804369731680657e-12,2.3394850041496316e-12,0.8988310398199048,0.06762446674428713,0.020771268361458598,0.012773225074349614,0.6652207622642522,2.05078125
SC4011,1663,49890.0,49920.0,Sleep stage 2,N2,2.45704387520824e-10,1.495636323465026e-11,3.906579849393046e-12,1.4107275430321878e-12,0.9237769056280494,0.05623156789246742,0.014687601964597983,0.0053039245148851335,0.6275005198802234,1.953125
SC4011,1664,49920.0,49950.0,Sleep stage 2,N2,4.441707324789113e-11,7.350169123428938e-12,2.4236323914200913e-12,2.5603036600687263e-12,0.7826634526771244,0.12951570923635355,0.0427062919004693,0.04511454618605265,0.6987228184194387,2.05078125
SC4011,1665,49950.0,49980.0,Sleep stage 2,N2,8.049468985720347e-11,1.4783517152950013e-11,4.517199712107417e-12,5.942147550762095e-12,0.7612686940853541,0.13981330715081386,0.04272086434346343,0.056197134420368625,0.7253197447815755,3.02734375
SC4011,1666,49980.0,50010.0,Sleep stage 2,N2,1.3952206064497614e-10,3.060077813165997e-11,5.590450571256192e-12,2.091275055735784e-12,0.7846933576364882,0.17210344534347377,0.031441547015438255,0.011761650004599724,0.701292263400162,2.63671875
SC4011,1667,50010.0,50040.0,Sleep stage 2,N2,1.042330553184795e-10,1.0691499788005103e-11,2.3083550949568128e-12,1.6151868696456457e-12,0.8770275493442203,0.0899593687361284,0.019422735002446928,0.013590346917204302,0.6712640379090006,0.5859375
SC4011,1668,50040.0,50070.0,Sleep stage 2,N2,1.3023665340038251e-10,1.8446115625992052e-11,3.2084239182357447e-12,2.3131805483581987e-12,0.8445717229046109,0.11962122220115351,0.020806309481112378,0.015000745413123295,0.6803629835265991,1.07421875
SC4011,1669,50070.0,50100.0,Sleep stage 2,N2,1.9364411055363981e-10,2.7435658207525934e-11,3.2063344160617842e-12,2.321346054542926e-12,0.8545355027388518,0.12107129884977956,0.014149289561890778,0.010243908849477805,0.6613602902264096,2.734375
SC4011,1670,50100.0,50130.0,Sleep stage 2,N2,5.080195715358e-11,1.2551816041149222e-11,3.173715666213694e-12,1.610227898012584e-12,0.7455776267540252,0.18421245439662476,0.04657795736597771,0.023631961483372543,0.7332667545256155,0.9765625
SC4011,1671,50130.0,50160.0,Sleep stage R,REM,9.055295924679719e-11,2.536215253356125e-11,2.255276077550092e-12,1.2838587933120075e-12,0.7580555885232898,0.21231687649927605,0.018879831741227163,0.01074770323620713,0.7012184180739529,2.9296875
SC4011,1672,50160.0,50190.0,Sleep stage R,REM,2.15561802153089e-11,6.857675336294703e-12,1.6805503372642827e-12,1.797757061937279e-12,0.6759083806438623,0.21502697533788848,0.052694774570686644,0.056369869447562566,0.7634801023575516,0.9765625
SC4011,1673,50190.0,50220.0,Sleep stage R,REM,3.863026279623251e-11,1.2538091453408677e-11,2.409391144893086e-12,1.6376147456696324e-12,0.6996289202522957,0.22707615094009553,0.0436362479349064,0.029658680872702257,0.7387936766066081,2.83203125
SC4011,1674,50220.0,50250.0,Sleep stage R,REM,3.0187826584592223e-11,1.0469041060731041e-11,1.3557417808525204e-12,1.10796460897241e-12,0.7000794228756253,0.24278528973657856,0.03144071736492738,0.025694570022868717,0.7369082630913137,0.9765625
SC4011,1675,50250.0,50280.0,Sleep stage R,REM,3.6693076706847576e-11,8.30589809339552e-12,2.1577193655489145e-12,1.4284794056942163e-12,0.7552319773615482,0.17095540640962337,0.044411066317878535,0.029401549910949898,0.7011654323099011,0.9765625
SC4011,1676,50280.0,50310.0,Sleep stage R,REM,3.951381662862962e-11,1.0481595768040463e-11,1.9221161943115376e-12,1.0039884565516355e-12,0.7466493561236905,0.1980592460837066,0.03632012651083157,0.018971271281771254,0.7247848114373193,0.5859375
SC4011,1677,50310.0,50340.0,Sleep stage R,REM,3.217188664128643e-11,6.98986635497318e-12,2.5919912488937288e-12,1.3350370101473156e-12,0.7466418335359332,0.16222009885956815,0.06015466609594276,0.03098340150855585,0.7065522855516662,0.5859375
SC4011,1678,50340.0,50370.0,Sleep stage R,REM,2.7433168208314622e-11,5.9349253373287794e-12,1.462377786860158e-12,1.2956088453133074e-12,0.7593729536469307,0.16428367838736924,0.04047983561078758,0.03586353235491276,0.698867932138623,0.9765625
SC4011,1679,50370.0,50400.0,Sleep stage R,REM,5.447344462890356e-11,5.778423298662689e-12,1.655450677983704e-12,9.155318024173405e-13,0.8670960371131958,0.09197964213877598,0.026351091477596456,0.01457322927043169,0.59875304324683,0.5859375
SC4011,1680,50400.0,50430.0,Sleep stage R,REM,3.133028789954233e-11,5.8651653696420174e-12,1.80411351353982e-12,1.145723648225791e-12,0.7804224994568302,0.14609846651203393,0.044939605472350534,0.028539428558785496,0.6798456855592755,0.5859375
SC4011,1681,50430.0,50460.0,Sleep stage R,REM,4.356224100444569e-11,9.938228029306284e-12,2.0308066207233926e-12,1.0654056796932466e-12,0.7696960312432002,0.17559736357379604,0.03588207952923472,0.018824525653769006,0.6994752135930975,1.07421875
SC4011,1682,50460.0,50490.0,Sleep stage R,REM,4.9904230555654766e-11,7.761932775088286e-12,1.4413048003069727e-12,1.221159061337596e-12,0.8272064669482778,0.12866085532388347,0.023890893384838022,0.02024178434300067,0.6460349016945882,0.9765625
SC4011,1683,50490.0,50520.0,Sleep stage R,REM,5.946181436344504e-11,8.869667840724667e-12,1.64590660846005e-12,1.2560000251885294e-12,0.8347463925775823,0.12451559564179684,0.02310583050046086,0.01763218128015988,0.6623065758901863,0.5859375
SC4011,1684,50520.0,50550.0,Sleep stage 1,N1,3.5718097789148374e-11,5.1571731129183e-12,2.3186138669449012e-12,3.322586380615446e-12,0.7678591455111867,0.11086767730788305,0.049845007792761006,0.07142816938816923,0.6907508674096428,0.9765625
SC4011,1685,50550.0,50580.0,Sleep stage R,REM,3.1396874775301836e-11,7.267253919226289e-12,2.40083345459255e-12,1.9031829207401475e-12,0.7307011909463267,0.16913119957611958,0.055874728841310124,0.044292880636243676,0.6890233154077925,0.9765625
SC4011,1686,50580.0,50610.0,Sleep stage R,REM,2.2696703234468768e-11,6.3697352097738526e-12,1.7177020857566373e-12,1.1823260413056765e-12,0.7100160158096024,0.19926303695672512,0.05373449961775107,0.03698644761592153,0.7237754765999119,0.9765625
SC4011,1687,50610.0,50640.0,Sleep stage R,REM,2.015166299343622e-11,5.12934339076319e-12,1.3267574080091928e-12,1.2535895390062236e-12,0.72328370965595,0.18410244936007697,0.04761999147122344,0.04499384951274956,0.7127775318939862,0.9765625
SC4011,1688,50640.0,50670.0,Sleep stage R,REM,3.602328396707892e-11,6.715895219559856e-12,1.2417201732141625e-12,1.4061296578132938e-12,0.7936911656644762,0.14796948302004506,0.02735848104820523,0.030980870267273464,0.6700555773604014,0.5859375
SC4011,1689,50670.0,50700.0,Sleep stage R,REM,2.3366879363693105e-11,6.862325955867693e-12,1.8026776093960823e-12,1.1504608845237527e-12,0.7041961681501262,0.206806547314473,0.05432640983798522,0.03467087469741566,0.7161886287395023,1.07421875
SC4011,1690,50700.0,50730.0,Sleep stage R,REM,2.5760727814957678e-11,5.674241878286916e-12,1.7779151853123405e-12,1.093492983793182e-12,0.7509020019052799,0.16539903749250576,0.05182462550975199,0.031874335092462416,0.7099798745866404,0.9765625
SC4011,1691,50730.0,50760.0,Sleep stage R,REM,2.4477254402127496e-11,4.134086647991902e-12,1.68730971836063e-12,2.9660734527126145e-12,0.7358321758318762,0.12427839835684296,0.05072369478072092,0.08916573103055991,0.7432104486696673,0.9765625
SC4011,1692,50760.0,50790.0,Sleep stage R,REM,2.0775906896356697e-11,7.42281147174605e-12,1.911781176909702e-12,1.629270421426691e-12,0.6545701786221083,0.2338646902480626,0.06023298779200898,0.051332143337820095,0.7519113870422588,0.9765625
SC4011,1693,50790.0,50820.0,Sleep stage R,REM,2.2106454939440127e-11,6.152486081657177e-12,1.7192357389864464e-12,1.19335545761864e-12,0.7091873054249742,0.19737515752155313,0.05515403371830687,0.03828350333516588,0.7264458331269361,0.9765625
SC4011,1694,50820.0,50850.0,Sleep stage R,REM,2.7548706102228128e-11,8.633297142970547e-12,1.862814053692279e-12,1.2998114245498725e-12,0.7001897589597814,0.21942759210298463,0.04734608291226415,0.0330365660249697,0.7334851595227669,1.07421875
SC4011,1695,50850.0,50880.0,Sleep stage R,REM,5.5604608735208434e-11,1.6312845050218313e-11,2.0322354690422765e-12,1.4718545302856056e-12,0.7372510020995896,0.21628893061077487,0.026945026143220675,0.019515041146414714,0.7264136022967596,3.61328125
SC4011,1696,50880.0,50910.0,Sleep stage R,REM,8.170888808405375e-11,1.9601802965488334e-11,2.5492107415054414e-12,1.1964924001873684e-12,0.7777621601529412,0.1865836260266751,0.024265165020466013,0.011389048799917737,0.6714274136264257,3.515625
SC4011,1697,50910.0,50940.0,Sleep stage R,REM,1.2446206490094022e-11,5.532413809521454e-12,3.809357321255141e-12,2.2638500406765694e-12,0.5174744582920977,0.23002051600288115,0.158381199751624,0.0941238259533971,0.8115512693559314,0.5859375
SC4011,1698,50940.0,50970.0,Sleep stage R,REM,2.2763455714863113e-11,4.443226048586852e-12,1.4095554421303486e-12,1.6229362700161898e-12,0.7527803540408797,0.1469360944065686,0.04661355718825723,0.053669994364294565,0.7190647135578381,0.9765625
SC4011,1699,50970.0,51000.0,Sleep stage R,REM,5.236471164489104e-11,1.1644276347563903e-11,1.9883868267368018e-12,1.4795288982127551e-12,0.7760390409168176,0.17256684444696094,0.02946766548542641,0.02192644915079493,0.7237484853696151,2.05078125
SC4011,1700,51000.0,51030.0,Sleep stage R,REM,2.1104251961246158e-10,8.399541638901703e-12,5.344268515420692e-12,4.025337675755057e-12,0.9223416007204275,0.03670941142462091,0.023356625888681076,0.0175923619662705,0.5209653642185466,0.5859375
SC4011,1701,51030.0,51060.0,Sleep stage W,W,2.500698545526438e-10,6.761672281710444e-12,3.450068508373958e-12,1.645159794426737e-12,0.9547319991105818,0.02581512636297797,0.013171882752364757,0.006280991774075421,0.5213452626856051,0.5859375
SC4011,1702,51060.0,51090.0,Sleep stage W,W,1.4244840156634988e-11,4.740833570322409e-12,3.0953347065607097e-12,1.2497890818278442e-12,0.6105595039031724,0.20320066500959097,0.13267162018463954,0.05356821090259727,0.7194195544562488,0.5859375
SC4011,1703,51090.0,51120.0,Sleep stage W,W,2.7968877852069194e-11,4.7690343452621906e-12,5.191760671995195e-12,2.029928652145802e-12,0.6999288478149627,0.1193463939498881,0.12992523634664851,0.05079952188850069,0.6459066431881025,0.5859375
SC4011,1704,51120.0,51150.0,Sleep stage W,W,4.2633826991980934e-11,3.3375928625639265e-12,2.9233056777458227e-12,1.236139568687493e-12,0.8504506536263433,0.06657760355503624,0.05831348954097307,0.02465825327764736,0.5810222944138407,1.07421875
SC4011,1705,51150.0,51180.0,Sleep stage W,W,8.46919580655157e-10,1.1736289261515459e-11,3.3278122963346903e-12,1.5031537142264726e-12,0.9808135404238256,0.013591740803914792,0.003853923601233831,0.0017407951710257964,0.27189168039762673,0.5859375
SC4011,1706,51180.0,51210.0,Sleep stage W,W,1.575473236495978e-09,9.326782513622477e-11,9.787053279451177e-12,5.981260095799707e-12,0.9352712783144984,0.0553679466080811,0.00581003194440985,0.003550743133010608,0.6085176958148699,0.5859375
SC4011,1707,51210.0,51240.0,Sleep stage W,W,1.0919676951543036e-09,8.838038857742953e-11,6.785289431579864e-12,2.852542486881618e-12,0.917630772594199,0.0742701131291453,0.005701991378505062,0.0023971228981504553,0.6333309003346548,1.171875
SC4011,1708,51240.0,51270.0,Sleep stage W,W,2.6885767847084704e-09,1.7190457017974695e-10,1.5148161835301234e-11,4.494103693356696e-12,0.9334935367528843,0.05968652489814486,0.005259552655281045,0.0015603856936898459,0.6076267519679055,2.05078125
SC4011,1709,51270.0,51300.0,Sleep stage W,W,2.1537021715887063e-09,1.0900153040562743e-10,1.400075054673815e-11,3.975292850559073e-12,0.9443246803679923,0.04779343992766947,0.006138849864838864,0.0017430298394992094,0.599660790508309,1.07421875
SC4011,1710,51300.0,51330.0,Sleep stage W,W,1.084047591885858e-09,5.96666689632862e-11,6.793684215041993e-12,2.795883306376768e-12,0.9399497038152096,0.05173542955075926,0.0058906283391432085,0.0024242382948879235,0.5943477021908189,0.5859375
SC4011,1711,51330.0,51360.0,Sleep stage W,W,1.3487460756570785e-09,1.0547404856986473e-10,8.09923118043859e-12,2.35626920265128e-12,0.9208496768806262,0.07201188221996047,0.005529709817212936,0.001608731082200287,0.6220233169171645,0.5859375
SC4011,1712,51360.0,51390.0,Sleep stage W,W,6.375961310880789e-10,5.325782546805123e-11,5.44175467688992e-12,2.96430277620573e-12,0.9118155168524575,0.07616312158719912,0.007782161953876749,0.004239199606466587,0.6225645790361228,0.5859375
SC4011,1713,51390.0,51420.0,Sleep stage W,W,7.225009235770628e-10,6.718374670085306e-11,5.943932690219621e-12,2.1330240384434084e-12,0.9056601610284077,0.08421531498443333,0.0074507628456922555,0.0026737611414666576,0.6373060683685144,1.07421875
SC4011,1714,51420.0,51450.0,Sleep stage W,W,1.0524236095734099e-09,7.102891840805835e-11,8.313769248389432e-12,3.579820962636206e-12,0.9269627937328054,0.06256146673680323,0.0073226737777773105,0.003153065752614183,0.6254305163415877,0.5859375
SC4011,1715,51450.0,51480.0,Sleep stage W,W,9.978159946933447e-10,3.209429459678336e-11,4.757371610803254e-12,1.945769700462815e-12,0.9625728986691393,0.030960716550010127,0.004589340124643428,0.00187704465620706,0.5883834805154052,1.953125
SC4011,1716,51480.0,51510.0,Sleep stage W,W,1.3890348753071347e-09,5.025790537209731e-11,5.21881498984958e-12,2.3689441921909604e-12,0.960020428113793,0.03473535235805719,0.003606942554048009,0.0016372769741018812,0.5881380637537752,1.26953125
SC4011,1717,51510.0,51540.0,Sleep stage W,W,8.884209336797659e-10,5.7877016306722895e-11,8.732589344204387e-12,1.1153129053758074e-11,0.9195155773697647,0.05990270608019968,0.009038229096550646,0.011543487453485051,0.646976988035629,2.1484375
SC4011,1718,51540.0,51570.0,Sleep stage W,W,1.2759039340257452e-09,9.740233676525447e-11,1.0438608698373575e-11,3.98447097822414e-12,0.9194184252108146,0.0701882803966311,0.007522078202681431,0.0028712161898727345,0.6247811287794918,1.46484375
SC4011,1719,51570.0,51600.0,Sleep stage W,W,4.985496983767707e-10,6.317518908472334e-11,5.945998906659531e-12,2.5113073345141274e-12,0.8743691119837896,0.11079824972167975,0.01042824376546593,0.004404394529064681,0.6695289455281295,2.1484375
SC4011,1720,51600.0,51630.0,Sleep stage W,W,1.331078454080263e-09,1.0181443301316929e-10,1.2335893231881415e-11,1.1081313906803865e-11,0.9140075725301577,0.0699126054378233,0.008470650090759604,0.0076091719412594025,0.6255702509878599,0.5859375
SC4011,1721,51630.0,51660.0,Sleep stage W,W,2.340448483514577e-10,4.849069101238717e-11,5.5766145680697805e-12,6.798559129239307e-12,0.7936125680959076,0.16442498988611493,0.018909501490077748,0.02305294052789981,0.6835520659951946,0.5859375
SC4011,1722,51660.0,51690.0,Sleep stage W,W,1.2694210750390342e-10,2.031770744141327e-11,2.7838912551912034e-12,7.95552284047572e-12,0.8034349805021882,0.12859371254364182,0.017619650881138708,0.05035165607303139,0.7104118040155795,0.5859375
SC4011,1723,51690.0,51720.0,Sleep stage W,W,3.65349583650616e-10,8.53127480763045e-11,7.681076568252038e-12,5.805063902010244e-12,0.787139472680211,0.1838048667325169,0.01654874900673789,0.012506911580534292,0.6855858891751788,2.05078125
SC4011,1724,51720.0,51750.0,Sleep stage W,W,1.7111519302054994e-10,3.27722217409746e-11,3.4755811549810998e-12,4.077999175754896e-12,0.8092810618200375,0.15499464390372694,0.016437593634406413,0.01928670064182915,0.6931550528897792,0.9765625
SC4011,1725,51750.0,51780.0,Sleep stage W,W,8.513257683106876e-10,4.2076228023603294e-11,5.695025592744597e-12,4.633513850617059e-12,0.9420128396769607,0.04655837814243718,0.006301685477346492,0.005127096703255644,0.5792032525230444,1.171875
SC4011,1726,51780.0,51810.0,Sleep stage W,W,1.0974307826319878e-09,9.166386721468368e-11,5.307824296318909e-12,3.1921652987915192e-12,0.9163624706465936,0.07653997788217362,0.00443207085395186,0.002665480617280851,0.5956229239224616,0.5859375
SC4011,1727,51810.0,51840.0,Sleep stage W,W,1.0535089214844552e-09,5.03944574867401e-11,9.000138283634305e-12,5.288778573061481e-12,0.942153621890638,0.04506779171593995,0.008048828736537441,0.004729757656884728,0.5892964911208792,0.5859375
SC4011,1728,51840.0,51870.0,Sleep stage W,W,1.2294295026570458e-09,7.155386321813956e-11,1.113447106575893e-11,5.277247152653464e-12,0.9332276380118159,0.05431465782899174,0.008451884480364323,0.004005819678828047,0.6052935955882007,0.5859375
SC4011,1729,51870.0,51900.0,Sleep stage W,W,2.4209198598168686e-09,1.4787667793567776e-10,1.592147210316787e-11,7.184347766069361e-12,0.9340320451107575,0.057053336712638715,0.006142774652119503,0.0027718435244842342,0.6151667891379972,1.07421875
SC4011,1730,51900.0,51930.0,Sleep stage W,W,1.888241173832281e-09,1.346917941343059e-10,1.3710782965932329e-11,6.147623673444399e-12,0.9243436198650027,0.0659351688129615,0.006711788162203797,0.003009423159832081,0.6173552352013402,1.171875
SC4011,1731,51930.0,51960.0,Sleep stage W,W,1.8091292298721603e-09,1.4535051879402088e-10,1.7124677954012965e-11,6.484912710001719e-12,0.9145841868217908,0.07348025991750114,0.008657181257450982,0.0032783720032572377,0.6372095449468163,0.5859375
SC4011,1732,51960.0,51990.0,Sleep stage W,W,1.1411051497986656e-09,4.9181585469163e-11,9.998009288410186e-12,4.632264396506185e-12,0.9470404528445145,0.04081740493638581,0.008297674623333574,0.0038444675957660544,0.5762650622741323,0.5859375
SC4011,1733,51990.0,52020.0,Sleep stage W,W,6.245986371638793e-10,4.8677568934731785e-11,7.737491888051008e-12,4.03858571313687e-12,0.9117532369800676,0.07105672091455006,0.01129474650644578,0.005895295598936568,0.5997960053530997,0.5859375
SC4011,1734,52020.0,52050.0,Sleep stage W,W,7.967057606457395e-10,3.538066465049506e-11,7.667633752312345e-12,4.510386163343424e-12,0.9436684976657821,0.04190708829579499,0.009082028499243446,0.005342385539179521,0.6035872236966072,1.171875
SC4011,1735,52050.0,52080.0,Sleep stage W,W,3.330711632068738e-10,2.354385255185473e-11,4.942392821885638e-12,4.4770907448324536e-12,0.9099447287637644,0.06432140302414922,0.01350253276943517,0.012231335442651288,0.5960648215885549,0.5859375
SC4011,1736,52080.0,52110.0,Sleep stage W,W,6.760921615473538e-10,4.823082118656501e-11,6.557822929015874e-12,3.950910982203864e-12,0.920063936045168,0.06563519251286809,0.008924251336014048,0.0053766201059498074,0.6237821831399143,1.171875
SC4011,1737,52110.0,52140.0,Sleep stage W,W,1.1140834108116718e-09,4.818737239647098e-11,7.710461554562549e-12,4.7381678685402204e-12,0.9483825659407845,0.041020325260937365,0.006563662327918751,0.004033446470359447,0.6052038529542699,1.26953125
SC4011,1738,52140.0,52170.0,Sleep stage W,W,9.960936291561906e-10,4.8063643723921514e-11,6.841699322223116e-12,4.349971297979265e-12,0.943852396205951,0.045542892727505904,0.006482878828239502,0.004121832238303623,0.5580507304330622,1.07421875
SC4011,1739,52170.0,52200.0,Sleep stage W,W,7.781864929189167e-10,5.034271527938624e-11,8.084856994683205e-12,3.932657541288698e-12,0.9258099185581236,0.059892822038045426,0.009618569409661597,0.004678689994169359,0.6352793673781917,1.171875
SC4011,1740,52200.0,52230.0,Sleep stage W,W,1.4922993725401354e-09,5.221017455721805e-11,1.221912958464486e-11,5.328899521495604e-12,0.9553421047174826,0.03342397575645859,0.007822457872739153,0.003411461653319616,0.6004488390426674,0.9765625
SC4011,1741,52230.0,52260.0,Sleep stage W,W,1.1937867479270054e-09,9.127929327092721e-11,1.2781420337314595e-11,5.623159043838232e-12,0.9158524396941518,0.07002788695795466,0.009805683484938285,0.0043139898629553025,0.6243639971930409,1.07421875
SC4011,1742,52260.0,52290.0,Sleep stage W,W,1.043219356757117e-09,6.380011291876506e-11,7.604218157527748e-12,5.0586276778277994e-12,0.9317101309051145,0.056980548888667985,0.006791406859056914,0.004517913347160504,0.5912260385728466,1.171875
SC4011,1743,52290.0,52320.0,Sleep stage W,W,7.85317257133179e-10,4.2326200455863644e-11,5.76292426117877e-12,3.2727501405843984e-12,0.9386122195549258,0.05058833050509112,0.006887854663551115,0.003911595276431925,0.6049390455141512,0.5859375
SC4011,1744,52320.0,52350.0,Sleep stage W,W,4.3234572669126107e-10,2.661619899734133e-11,5.036667870845925e-12,3.191432912818313e-12,0.9254172867427982,0.056970820199907075,0.01078076924903043,0.006831123808264265,0.606970041404615,1.07421875
SC4011,1745,52350.0,52380.0,Sleep stage W,W,6.237550266687766e-10,3.0273121262688756e-11,4.733734732886448e-12,3.8749016864591505e-12,0.9413226693713855,0.04568584476086323,0.0071437850187023874,0.005847700849048719,0.54360006944806,0.5859375
SC4011,1746,52380.0,52410.0,Sleep stage W,W,8.219685939564586e-10,5.245616660091612e-11,9.124375102816473e-12,6.251925294792979e-12,0.9237667047444021,0.05895269055379327,0.010254398992313726,0.00702620570949091,0.6121682703201131,0.5859375
SC4011,1747,52410.0,52440.0,Sleep stage W,W,6.692080846134414e-10,3.0205849345295606e-11,7.187627127725037e-12,9.850217124267034e-12,0.9340587949753235,0.042160338300411326,0.010032255270097115,0.013748611454167961,0.6155084255977551,1.171875
SC4011,1748,52440.0,52470.0,Sleep stage W,W,5.470052504535162e-10,3.250231391662563e-11,7.049024290211787e-12,5.007816434775477e-12,0.9246757339389827,0.05494298446066739,0.01191590337332456,0.008465378227025293,0.6224284067217437,1.07421875
SC4011,1749,52470.0,52500.0,Sleep stage W,W,6.55365972644673e-10,4.3047276621277464e-11,1.2265852287910909e-11,7.942221322336397e-12,0.9119767974900151,0.059902587428084894,0.01706858939116678,0.011052025690733174,0.6359533810554068,0.5859375
SC4011,1750,52500.0,52530.0,Sleep stage W,W,5.227397850922504e-10,3.791767452622892e-11,8.108432706563825e-12,8.461227228766013e-12,0.9056050337626601,0.06568935041641652,0.014047213708239425,0.014658402112683927,0.653065645831982,1.171875
SC4011,1751,52530.0,52560.0,Sleep stage W,W,8.923417263050995e-10,5.434203132115227e-11,1.0690526137814855e-11,6.319048034414716e-12,0.9259602581661298,0.05638934039289978,0.011093286406645345,0.00655711503432515,0.6344069238703699,0.5859375
SC4011,1752,52560.0,52590.0,Sleep stage W,W,7.519264432661243e-10,5.206609759036073e-11,6.200623543180615e-12,3.932199045042047e-12,0.9236003163991736,0.06395341544213769,0.007616300660311927,0.004829967498376688,0.6275136965088628,1.07421875
SC4011,1753,52590.0,52620.0,Sleep stage W,W,1.5049729451865677e-10,1.0207883086372155e-11,2.1217682814588528e-12,2.0637536085113117e-12,0.912709418903406,0.06190696696439053,0.012867725638602213,0.012515888493601196,0.6278095710551446,0.5859375
SC4011,1754,52620.0,52650.0,Sleep stage W,W,7.433544948835683e-10,6.550925809911998e-11,6.021301470093596e-12,3.0313369237592373e-12,0.9088392196572975,0.08009285397602667,0.007361756694910876,0.003706169671765035,0.6079563804829758,1.26953125
SC4011,1755,52650.0,52680.0,Sleep stage W,W,3.657532263925882e-10,1.4237481536443234e-11,3.2131664352253734e-12,2.6299328653658766e-12,0.947955361969917,0.036900554771681866,0.008327850942603144,0.006816232315797861,0.5520312012597423,1.07421875
SC4011,1756,52680.0,52710.0,Sleep stage W,W,3.8968934542302203e-10,1.9567844475893575e-11,3.0125243341419515e-12,2.1857849031255654e-12,0.9402441184523327,0.04721337879863408,0.007268631591137572,0.005273871157895659,0.5787736946075333,1.26953125
SC4011,1757,52710.0,52740.0,Sleep stage W,W,6.938748137165707e-10,4.794272896327984e-11,7.625987082361576e-12,3.805212301061753e-12,0.921176199798133,0.06364793764136494,0.01012412853352098,0.0050517340269811035,0.6242964248125646,1.26953125
SC4011,1758,52740.0,52770.0,Sleep stage W,W,1.501684150584797e-10,3.297164769077797e-11,5.269526460564545e-12,3.6258023099309243e-12,0.7819830181825265,0.17169568291471127,0.02744039220511346,0.01888090669764884,0.6793310739591595,1.07421875
SC4011,1759,52770.0,52800.0,Sleep stage W,W,4.393595370587925e-10,2.426618919728155e-11,4.411476265601477e-12,3.250008897328608e-12,0.932254316292436,0.05148917392478824,0.00936048371081174,0.006896026071963885,0.5587354326641042,0.5859375
SC4011,1760,52800.0,52830.0,Sleep stage W,W,4.4657000050465383e-10,3.000593704894429e-11,5.512422577047025e-12,3.4356839525895636e-12,0.9197690741513455,0.06180113511288906,0.01135355219627808,0.007076238539487398,0.5841035026214171,0.5859375
SC4011,1761,52830.0,52860.0,Sleep stage W,W,5.870011072348235e-10,2.650909819745311e-11,5.622992370934456e-12,3.849020755416194e-12,0.9422437587270917,0.042551933920018305,0.009025927552064297,0.006178379800825682,0.5969418861502607,1.07421875
SC4011,1762,52860.0,52890.0,Sleep stage W,W,5.265076175697619e-10,1.8822892685035093e-11,4.606214227999652e-12,3.5935728479054543e-12,0.9511812092468072,0.034005171488904994,0.008321521423871958,0.006492097840415959,0.5599943143996247,0.5859375
SC4011,1763,52890.0,52920.0,Sleep stage W,W,7.5193817999417e-10,2.6959683252509775e-11,4.8969252674285924e-12,3.2486569332770627e-12,0.9553960259039318,0.03425437745331183,0.00622192497219133,0.004127671670565025,0.5726080596487078,0.5859375
SC4011,1764,52920.0,52950.0,Sleep stage W,W,4.4748475318567753e-10,2.6118054155863404e-11,4.468396783926225e-12,2.8560681972510693e-12,0.9304624190357837,0.05430770026769727,0.009291211043918054,0.005938669652600929,0.6123249234061975,0.5859375
SC4011,1765,52950.0,52980.0,Sleep stage W,W,8.766274354978748e-10,5.635769175187491e-11,7.460271274627985e-12,4.188609402602486e-12,0.9280074908817361,0.05966087530085127,0.007897525615237709,0.0044341082021750215,0.5948094282771387,1.171875
SC4011,1766,52980.0,53010.0,Sleep stage W,W,1.1933923132877275e-09,5.527387885189665e-11,7.661985154978567e-12,3.838879064001872e-12,0.9470111976551504,0.04386234235611331,0.006080134468138488,0.0030463255205978386,0.5725230517019597,1.07421875
SC4011,1767,53010.0,53040.0,Sleep stage W,W,5.937594598873208e-10,2.610017695047616e-11,4.8622488237715414e-12,5.474054975927831e-12,0.9421822985509603,0.041415971235983576,0.00771545563884935,0.008686274574206813,0.5928492628220497,0.5859375
SC4011,1768,53040.0,53070.0,Sleep stage W,W,3.6214481199180333e-10,3.00689435884792e-11,5.1783807854069354e-12,3.1413355166658438e-12,0.9041561752376402,0.07507223665269865,0.012928709206425398,0.007842878903235624,0.5908458286159823,0.5859375
SC4011,1769,53070.0,53100.0,Sleep stage W,W,3.547354746964692e-10,3.7261717910672435e-11,3.5174998753885586e-12,3.010499629571208e-12,0.8901205788684128,0.09349902753497967,0.008826292402612075,0.00755410119399524,0.6185573899670812,0.5859375
SC4011,1770,53100.0,53130.0,Sleep stage W,W,9.447037383874025e-10,4.497787983113157e-11,7.62458311532925e-12,6.529764325875207e-12,0.9410937351368227,0.044806005532558625,0.007595447240544167,0.006504812090074629,0.5790512694452753,1.07421875
SC4011,1771,53130.0,53160.0,Sleep stage W,W,5.199052705774916e-10,3.695759156605023e-11,6.649435474805162e-12,3.959791172549779e-12,0.9161776955149372,0.0651267124781329,0.01171764322184198,0.006977948785087984,0.6175904158845898,0.5859375
SC4011,1772,53160.0,53190.0,Sleep stage W,W,2.372793036945628e-10,1.688437037887566e-11,3.0565902139159177e-12,2.2929921026989432e-12,0.9143244048308943,0.06506168745961143,0.01177816600367345,0.008835741705820733,0.6226969477612329,0.5859375
SC4011,1773,53190.0,53220.0,Sleep stage W,W,3.334397256322004e-10,1.806583775169974e-11,3.8151286805919455e-12,3.0482995369928563e-12,0.9304368777614374,0.050411274901231956,0.010645811356453691,0.00850603598087705,0.6165773065806047,1.26953125
SC4011,1774,53220.0,53250.0,Sleep stage W,W,5.076698265451016e-10,3.35990820973156e-11,7.2197076701789826e-12,5.19877082234454e-12,0.9168889130237239,0.06068240468899659,0.013039321172796459,0.009389361114483059,0.5748442926902692,0.5859375
SC4011,1775,53250.0,53280.0,Sleep stage W,W,6.72466317338014e-10,5.510798391953524e-11,7.726706092835232e-12,5.108594632830921e-12,0.9082355435920703,0.07442905085499486,0.010435718380932602,0.006899687172002301,0.6220508755856553,0.5859375
SC4011,1776,53280.0,53310.0,Sleep stage W,W,7.221329640899046e-10,7.937812267938356e-11,8.9538330420173e-12,4.720382414876028e-12,0.8858513053631349,0.09737433006042998,0.010983800882529855,0.005790563693905154,0.6620992538482467,1.07421875
SC4011,1777,53310.0,53340.0,Sleep stage W,W,5.75465385565378e-10,4.1783650779176437e-11,6.366268606734733e-12,3.3931508677546483e-12,0.9177952549518069,0.06663969264113928,0.010153401517398443,0.005411650889655498,0.6064128638416232,0.5859375
SC4011,1778,53340.0,53370.0,Sleep stage W,W,4.640387731828197e-10,4.224092195019058e-11,8.288023839192974e-12,4.107399518700607e-12,0.8946617191373094,0.08144003913874147,0.015979220023715716,0.007919021700233416,0.5972130122730284,0.5859375
SC4011,1779,53370.0,53400.0,Sleep stage W,W,5.840678847534583e-10,3.8646289958739405e-11,7.96152039150698e-12,4.804841296373726e-12,0.9190964180620438,0.060814277928425683,0.01252834655898046,0.007560957450550067,0.6011596009636734,0.5859375
SC4011,1780,53400.0,53430.0,Sleep stage W,W,3.715249483378272e-10,3.005343500798322e-11,4.096067598050284e-12,3.2782311509944348e-12,0.9084790603027596,0.07348878323534856,0.010015993970422759,0.008016162491469027,0.6125023987298845,0.5859375
SC4011,1781,53430.0,53460.0,Sleep stage W,W,2.548046854578925e-10,2.5691645742802167e-11,3.838130050957225e-12,2.7291662249376396e-12,0.8876244186619295,0.08949808782339502,0.013370311260594065,0.009507182254081308,0.6358357725670887,1.26953125
SC4011,1782,53460.0,53490.0,Sleep stage W,W,1.433286809189102e-10,1.008397298776966e-11,1.7837251396313517e-12,2.2520492251696264e-12,0.9103214461548982,0.06404619657671236,0.011328948527550614,0.014303408740838776,0.5874517665440535,0.5859375
SC4011,1783,53490.0,53520.0,Sleep stage W,W,3.9756357379810463e-10,1.953305821620087e-11,5.230091073195887e-12,4.440502402165956e-12,0.9315700692384361,0.04576981794651378,0.012255137603865776,0.010404975211184457,0.5458942552451201,0.5859375
SC4011,1784,53520.0,53550.0,Sleep stage W,W,1.049453786550802e-10,1.1865604262809833e-11,3.224124047692182e-12,2.639641793457793e-12,0.8554766137016171,0.09672409670971872,0.026281888329154564,0.021517401259509614,0.6359678166925505,1.171875
SC4011,1785,53550.0,53580.0,Sleep stage W,W,1.0652355171760221e-10,1.861970661767521e-11,2.6572846245961973e-12,2.649025634226066e-12,0.8165879953888965,0.142734903751283,0.020370206304510446,0.020306894555310036,0.6715367165237808,1.171875
SC4011,1786,53580.0,53610.0,Sleep stage W,W,3.250652206539278e-10,2.4777741445253557e-11,3.9780563097896426e-12,2.7385495337963634e-12,0.9116715687352,0.06949116970332073,0.011156779027812192,0.007680482533667245,0.5832553401024445,0.5859375
SC4011,1787,53610.0,53640.0,Sleep stage W,W,2.2427049636757548e-10,3.046435246012816e-11,3.934377223779334e-12,3.579706280894598e-12,0.8551817327642434,0.11616578259894404,0.015002452779456332,0.013650031857356176,0.6687040007748764,1.26953125
SC4011,1788,53640.0,53670.0,Sleep stage W,W,1.9953785463280248e-10,2.9815869378822445e-11,5.563620720414127e-12,5.8710654317337035e-12,0.8286854608038915,0.12382601537400872,0.023105849308237128,0.024382674513862546,0.6781228579145351,1.07421875
SC4011,1789,53670.0,53700.0,Sleep stage W,W,5.745664594678731e-10,6.310223375180111e-11,9.012534423506858e-12,6.3841577466346375e-12,0.8797992855262318,0.0966246798000713,0.013800355408711888,0.009775679264984965,0.6315369646960213,0.5859375
SC4011,1790,53700.0,53730.0,Sleep stage W,W,1.6997723566341695e-10,1.1168260771777069e-11,3.240672225166548e-12,2.4855008039062634e-12,0.9095933918218653,0.059764333479734005,0.017341698902016936,0.013300575796383813,0.592190069337888,0.9765625
SC4011,1791,53730.0,53760.0,Sleep stage W,W,2.0897436385322398e-11,3.432058334359336e-12,1.409925163645598e-12,1.404048384301349e-12,0.769888216910169,0.12644140757990058,0.05194344177921713,0.05172693373071334,0.6798496899732118,0.9765625
SC4011,1792,53760.0,53790.0,Sleep stage W,W,9.797880253402287e-10,5.5191223793668463e-11,7.532147216705938e-12,4.086197450253271e-12,0.9361649894320891,0.05273394867384923,0.007196793936198494,0.0039042679578630687,0.5696594525983139,0.5859375
SC4011,1793,53790.0,53820.0,Sleep stage W,W,6.554135822956504e-10,2.8093438907619443e-11,5.359460503593457e-12,6.002679937792126e-12,0.9432186927743068,0.04042982543811026,0.007712905967662148,0.008638575819920752,0.5563570759398081,0.5859375
SC4011,1794,53820.0,53850.0,Sleep stage W,W,5.941954119330822e-10,3.7793107144415366e-11,7.324014003180286e-12,6.755131378997555e-12,0.9197108052606603,0.058497134624471266,0.011336295570999617,0.01045576454386873,0.584003599181838,0.5859375
SC4011,1795,53850.0,53880.0,Sleep stage W,W,6.619210141364408e-11,9.721534848090826e-12,9.275546217509856e-12,3.144208839714619e-11,0.5675330545252851,0.08335273014725166,0.07952881030800339,0.2695854050194599,0.8436155270320593,0.5859375
SC4011,1796,53880.0,53910.0,Sleep stage W,W,4.189025142574127e-10,1.610286952767659e-11,2.904826314013533e-12,3.123197921750484e-12,0.949820368795295,0.03651167742584072,0.006586408787146085,0.007081544991718201,0.5274512701007282,0.5859375
SC4011,1797,53910.0,53940.0,Sleep stage W,W,5.305349663271953e-10,4.655993130005119e-11,7.316351828300516e-12,4.281586223226265e-12,0.9012084641992951,0.0790903650905939,0.012428131250934338,0.007273039459176566,0.612226168479312,0.5859375
SC4011,1798,53940.0,53970.0,Sleep stage W,W,5.492067950564612e-10,3.831366252132348e-11,6.096874115576985e-12,3.468402682209286e-12,0.919812287310496,0.0641677740992953,0.010211053060835666,0.005808885529372969,0.6223766072278334,0.5859375
SC4011,1799,53970.0,54000.0,Sleep stage W,W,1.9956167072244896e-09,1.0653680718491059e-10,1.3872585044156689e-11,5.0471930854563786e-12,0.9408523101225104,0.05022778211373431,0.006540361001646778,0.002379546762108667,0.6005569347358968,1.171875
SC4011,1800,54000.0,54030.0,Sleep stage W,W,2.2422632436154067e-09,1.4706853424169885e-10,1.551371502189456e-11,6.082387607817754e-12,0.9300416083631029,0.061000801986661905,0.0064347486905174485,0.0025228409597177954,0.6026905408940534,1.171875
SC4011,1801,54030.0,54060.0,Sleep stage W,W,1.2005307670005475e-09,8.031459679831681e-11,1.2326298047337208e-11,6.2994104959982626e-12,0.9238610943733285,0.061805605763547884,0.009485627121441013,0.00484767274168254,0.6104126121107675,0.9765625
SC4011,1802,54060.0,54090.0,Sleep stage W,W,9.042895094939915e-10,4.7800466949455934e-11,8.600163341706898e-12,4.6407089469593714e-12,0.9367664057164491,0.04951718575267546,0.008909031916883768,0.004807376613991543,0.5937102694710098,1.26953125
SC4011,1803,54090.0,54120.0,Sleep stage W,W,1.5504027578727405e-09,9.912819571805919e-11,1.5313938075459537e-11,6.47976565746217e-12,0.9276490663132966,0.05931115494747284,0.009162754829442666,0.0038770239097879206,0.5919728958892824,0.5859375
SC4011,1804,54120.0,54150.0,Sleep stage W,W,4.4331653580909384e-10,2.7964127052470762e-11,6.123956202717667e-12,3.721921993267067e-12,0.9214135949238084,0.05812218754551283,0.01272836910900153,0.007735848421677228,0.549911304925368,0.5859375
SC4011,1805,54150.0,54180.0,Sleep stage W,W,7.126340349529937e-10,4.56932990338039e-11,6.931178016378089e-12,4.077425458713943e-12,0.9262976032343417,0.05939316858711985,0.009009299681547032,0.005299928496991504,0.6215117961207067,0.5859375
SC4011,1806,54180.0,54210.0,Sleep stage W,W,1.9551473388876363e-10,1.5868194495464062e-11,3.0277771607761445e-12,2.314726121182152e-12,0.9021310161232374,0.0732179623474242,0.013970566986525676,0.010680454542812664,0.6161077182139839,1.26953125
SC4011,1807,54210.0,54240.0,Sleep stage W,W,3.7360880293565163e-10,2.914059075728357e-11,4.502406057654855e-12,2.3702509350797972e-12,0.9120817649105186,0.07114019059399973,0.010991610559339369,0.005786433936142388,0.5843896855425552,0.5859375
SC4011,1808,54240.0,54270.0,Sleep stage W,W,3.7668768107958927e-10,3.259934102901434e-11,6.231316097802123e-12,3.096577018219851e-12,0.8998429520301767,0.07787429411472781,0.01488555679975819,0.0073971970553372455,0.6149951772060143,0.9765625
SC4011,1809,54270.0,54300.0,Sleep stage W,W,7.646093466057444e-10,6.892945954809903e-11,6.450375260937303e-12,3.5801988269128723e-12,0.9063977006688815,0.08171166612087064,0.007646526073633904,0.004244107136614062,0.6089083119272767,0.5859375
SC4011,1810,54300.0,54330.0,Sleep stage W,W,5.346747335925067e-10,5.2446434003152625e-11,9.44537595096413e-12,4.5003227286897735e-12,0.8895428505413635,0.08725557329112534,0.01571435139903014,0.007487224768480985,0.625009956909566,1.171875
SC4011,1811,54330.0,54360.0,Sleep stage W,W,9.719174876451008e-10,5.903635193628654e-11,9.488108514955469e-12,5.5061146070194935e-12,0.9292215572665036,0.056442909587404284,0.009071299860178964,0.005264233285913226,0.5723609455991574,0.5859375
SC4011,1812,54360.0,54390.0,Sleep stage W,W,7.02785740270347e-10,4.855488517693225e-11,1.0073589921277777e-11,9.940649943593714e-12,0.9111056037559895,0.06294753214175053,0.013059605084880372,0.012887259017379697,0.6089369553131889,0.68359375
SC4011,1813,54390.0,54420.0,Sleep stage W,W,1.3001239368733262e-09,8.309413698289028e-11,1.1154907223382501e-11,5.2661306537827235e-12,0.9288994041208158,0.059368258779209475,0.007969845319317862,0.0037624917806568644,0.6106225828820666,1.26953125
SC4011,1814,54420.0,54450.0,Sleep stage W,W,7.01047210284874e-10,5.2742397940734724e-11,9.145164578680223e-12,4.7834336856079815e-12,0.9131569426888403,0.06870020470385811,0.011912137163573406,0.006230715443728285,0.5994363207276169,1.171875
SC4011,1815,54450.0,54480.0,Sleep stage W,W,8.03186671387788e-10,5.28366724457719e-11,6.956644864610116e-12,3.97872938174562e-12,0.9264416570683253,0.0609448539404404,0.008024193908583383,0.004589295082651057,0.554627955062772,1.171875
SC4011,1816,54480.0,54510.0,Sleep stage W,W,6.923740346992497e-10,5.551265997207259e-11,7.0967640493205e-12,3.802796738870873e-12,0.9124757198981611,0.07315981222993378,0.009352784131577039,0.00501168374032808,0.6057239973620123,0.5859375
SC4011,1817,54510.0,54540.0,Sleep stage W,W,4.0243777061837893e-10,2.2458265493723427e-11,3.953605326113089e-12,3.4729901485108485e-12,0.9308737068455962,0.05194792928442419,0.00914503437306167,0.008033329496917969,0.5288510269167531,1.07421875
SC4011,1818,54540.0,54570.0,Sleep stage W,W,4.599890297365817e-10,2.7897215982245907e-11,5.769666375957155e-12,4.06601507396114e-12,0.9241887982576839,0.05604980303145803,0.01159214826796455,0.008169250442893614,0.5775151694981739,1.171875
SC4011,1819,54570.0,54600.0,Sleep stage W,W,6.857831927705438e-10,6.300735471837206e-11,9.579107791389875e-12,4.503541605033762e-12,0.8989478140934314,0.08259217255976306,0.012556618623513684,0.005903394723291934,0.6425552884194276,0.5859375
SC4011,1820,54600.0,54630.0,Sleep stage W,W,3.9543700157314145e-10,4.719866908435574e-11,7.639282894868004e-12,4.991548054928691e-12,0.8685835662783719,0.10367261574862938,0.016779804505488383,0.010964013467510345,0.6121727887008619,0.5859375
SC4011,1821,54630.0,54660.0,Sleep stage W,W,8.384565646166415e-10,8.85171778545629e-11,1.3646911831677071e-11,7.134293975543669e-12,0.8846765359966503,0.09339669290606428,0.014399198713197298,0.007527572384088259,0.6576864261333807,1.26953125
SC4011,1822,54660.0,54690.0,Sleep stage W,W,1.140161733388443e-09,8.453951426105347e-11,1.2194107929492858e-11,5.2942880834447585e-12,0.9178644655471645,0.06805685000866674,0.009816623405054417,0.0042620610391141565,0.6046120456991437,0.9765625
SC4011,1823,54690.0,54720.0,Sleep stage W,W,1.4211073138796507e-09,1.2167128819372655e-10,1.4361143496684449e-11,8.177571844554135e-12,0.9078717126996639,0.07772947174358685,0.009174589290562687,0.0052242262661865695,0.6138577481189694,0.5859375
SC4011,1824,54720.0,54750.0,Sleep stage W,W,7.855377092605428e-10,6.134835199543423e-11,6.718952242654972e-12,7.008396966664244e-12,0.9127648950250923,0.0712844481034357,0.007807166563930635,0.008143490307541348,0.6362562600810151,1.26953125
SC4011,1825,54750.0,54780.0,Sleep stage W,W,3.2650349365342406e-10,4.334270172196378e-11,7.518525078734744e-12,4.594357996576144e-12,0.8548127589421007,0.11347472587317552,0.019684111474012774,0.012028403710711016,0.6328640065968251,0.5859375
SC4011,1826,54780.0,54810.0,Sleep stage W,W,3.309082184372023e-10,3.8706775147754815e-11,6.767130483650855e-12,4.0411841586459655e-12,0.8698421239729277,0.10174659204801537,0.017788422363459302,0.01062286161559764,0.6418256707587496,0.5859375
SC4011,1827,54810.0,54840.0,Sleep stage W,W,2.465350458617917e-10,3.834814520027232e-11,5.5396926216936715e-12,3.6132156151288104e-12,0.8384516270268905,0.13041985420059454,0.01884017858658435,0.012288340185930677,0.6410874218722643,0.5859375
SC4011,1828,54840.0,54870.0,Sleep stage W,W,1.084857381663155e-09,5.914052077523433e-11,5.721893392649896e-12,3.8042806906516216e-12,0.9404722482554576,0.05126942902966123,0.004960358876863288,0.00329796383801798,0.6002413749839983,1.07421875
SC4011,1829,54870.0,54900.0,Sleep stage W,W,7.011930603196187e-10,5.110516791140108e-11,6.757594108497265e-12,4.6335081490702864e-12,0.918165322371356,0.06691879259162284,0.00884861662814373,0.006067268408877595,0.6280023883061747,1.07421875
SC4011,1830,54900.0,54930.0,Sleep stage W,W,1.004847136986657e-09,6.321240083062071e-11,6.653437835436004e-12,2.9549122247406648e-12,0.9324274651681204,0.058656661798768224,0.006173922328279111,0.002741950704832247,0.6221592657533175,1.171875
SC4011,1831,54930.0,54960.0,Sleep stage W,W,1.199557901151754e-09,7.029358370518417e-11,9.91221733204783e-12,6.317594051309907e-12,0.9327232303731634,0.054657185288891935,0.007707302299648558,0.004912282038296206,0.6128492893285722,1.26953125
SC4011,1832,54960.0,54990.0,Sleep stage W,W,1.1734535948390868e-09,7.461364419643374e-11,9.888083267986842e-12,4.829317010117545e-12,0.9292586861659219,0.05908659471577775,0.007830379749757978,0.0038243393685422687,0.6177389921147711,1.26953125
SC4011,1833,54990.0,55020.0,Sleep stage W,W,1.127003652276237e-09,9.66217724604342e-11,1.1984143239554705e-11,6.2730258027179095e-12,0.9074961336295567,0.07780266262241611,0.009649980843267937,0.005051222904759154,0.6326145504361249,0.5859375
SC4011,1834,55020.0,55050.0,Sleep stage W,W,1.0355843065785812e-09,7.054612589311817e-11,8.157143967413751e-12,5.123843974193239e-12,0.9251150092753433,0.0630207309007722,0.007286993699244188,0.004577266124640237,0.6241939447208631,1.07421875
SC4011,1835,55050.0,55080.0,Sleep stage W,W,9.293803982250752e-10,7.581027519046743e-11,8.002902492822302e-12,4.769421241845332e-12,0.9129805315388454,0.07447252542842761,0.007861683101671126,0.004685259931055782,0.6396944504894938,0.5859375
SC4011,1836,55080.0,55110.0,Sleep stage W,W,1.0754076147424157e-09,6.855984642038995e-11,7.335312809938899e-12,3.705134902412254e-12,0.9310824683354225,0.059358767930134136,0.006350876694067524,0.003207887040375874,0.6092476118937696,1.171875
SC4011,1837,55110.0,55140.0,Sleep stage W,W,1.1704496410722447e-09,8.757309684768343e-11,8.823616636669219e-12,4.078166865457645e-12,0.9209434717355305,0.06890503359687851,0.006942675578244689,0.0032088190893464924,0.6405381059585228,1.3671875
SC4011,1838,55140.0,55170.0,Sleep stage W,W,1.1235309355547093e-09,8.048297006834011e-11,9.393512586397381e-12,9.422878665986137e-12,0.9187954685335712,0.0658169578182595,0.0076817794017694984,0.007705794246399855,0.6279990886115278,1.26953125
SC4011,1839,55170.0,55200.0,Sleep stage W,W,9.46471388434472e-10,8.695451738525076e-11,1.105841900756869e-11,6.075496704308437e-12,0.9009209842563953,0.08276969631151582,0.010526215433831023,0.00578310399825784,0.6603990647057465,2.05078125
SC4011,1840,55200.0,55230.0,Sleep stage W,W,1.4011148003002974e-09,9.468608620177403e-11,1.122227981269011e-11,5.540777881989176e-12,0.9263177306823625,0.06259972450424714,0.007419375462271593,0.0036631693511189807,0.6344680343570124,1.26953125
SC4011,1841,55230.0,55260.0,Sleep stage W,W,1.608845248210543e-09,7.730538603741533e-11,1.0237848939760894e-11,7.379909582590587e-12,0.9442863566652843,0.04537317769565942,0.006008944046153043,0.004331521592903205,0.5790331539913461,1.171875
SC4011,1842,55260.0,55290.0,Sleep stage W,W,1.149361851496159e-09,7.93727829667448e-11,8.571951385857247e-12,5.135967054837392e-12,0.9250824907840535,0.06388446917022438,0.006899273826242128,0.004133766219480003,0.6127422776134721,1.171875
SC4011,1843,55290.0,55320.0,Sleep stage W,W,1.6026090588430668e-09,1.1729345692247763e-10,1.2597827302780894e-11,6.425311986760208e-12,0.9216087267355311,0.06745168005400554,0.007244603739187355,0.003694989471275969,0.6238212082608856,1.07421875
SC4011,1844,55320.0,55350.0,Sleep stage W,W,1.464807337121866e-09,9.019953341013087e-11,1.169460752916047e-11,6.293489707471561e-12,0.9312218838180822,0.05734254416470472,0.0074346121690076665,0.0040009598482054825,0.6166328243894367,0.5859375
SC4011,1845,55350.0,55380.0,Sleep stage W,W,1.502618612267081e-09,1.0070483977444915e-10,1.1143165292080445e-11,4.932102421254788e-12,0.9278867482954032,0.06218656254692682,0.006881051069230948,0.00304563808843901,0.6134831697739984,1.07421875
SC4011,1846,55380.0,55410.0,Sleep stage W,W,9.222906602482704e-10,8.215962793603314e-11,9.190506109824142e-12,4.5312092166158334e-12,0.9058299158375341,0.08069326955832587,0.009026476939195437,0.004450337664944468,0.6360888653302942,1.07421875
SC4011,1847,55410.0,55440.0,Sleep stage W,W,1.3159632206074768e-09,7.226398391429241e-11,1.0108907243688154e-11,1.080447140023495e-11,0.9338764608220362,0.05128230978342019,0.007173810309953658,0.0076674190845900285,0.6214646642672866,1.26953125
SC4011,1848,55440.0,55470.0,Sleep stage W,W,6.197278197455948e-10,2.981487809606408e-11,5.083927897054868e-12,2.701484492464305e-12,0.942798292206978,0.04535768002615677,0.007734231684184149,0.004109796082681159,0.6224193542256816,1.07421875
SC4011,1849,55470.0,55500.0,Sleep stage W,W,5.896525872649008e-10,3.461291262762675e-11,5.285591774123807e-12,3.3796069408668778e-12,0.9316226698470597,0.05468673379846645,0.008350980266484773,0.005339616087989088,0.5972071810680002,0.5859375
SC4011,1850,55500.0,55530.0,Sleep stage W,W,1.8221495258749133e-10,1.1799578973741539e-11,2.7324893904578188e-12,1.9611475242134508e-12,0.9169977962410095,0.05938144900758011,0.013751268563421779,0.009869486187988616,0.621712693733978,1.07421875
SC4011,1851,55530.0,55560.0,Sleep stage W,W,6.525979193464751e-10,3.9306548939976146e-11,5.650313374399307e-12,3.2758909739104035e-12,0.9311777364039225,0.05608565731320498,0.008062308907167333,0.004674297375705243,0.6201301723340523,0.5859375
SC4011,1852,55560.0,55590.0,Sleep stage W,W,1.1901253377804784e-09,6.598322899856865e-11,9.034187414815566e-12,5.70216329308103e-12,0.9364835326515799,0.051920756097485476,0.007108803985839902,0.004486907265094849,0.6205706929203347,1.85546875
SC4011,1853,55590.0,55620.0,Sleep stage W,W,6.086112458407406e-10,4.646671367394117e-11,7.558165918908829e-12,4.6781651424235225e-12,0.9120308892462019,0.06963242707395327,0.01132624615664195,0.0070104375232027645,0.6349313387260661,1.26953125
SC4011,1854,55620.0,55650.0,Sleep stage W,W,3.485481374336352e-10,2.311250267833761e-11,5.279894188310618e-12,2.9030346050456735e-12,0.9176096845291228,0.06084742396704388,0.013900180549394951,0.007642710954438235,0.6203691926550715,1.26953125
SC4011,1855,55650.0,55680.0,Sleep stage W,W,3.339003703216635e-10,2.5573391645180943e-11,3.3521143152834624e-12,2.6494038438759233e-12,0.9136058947859501,0.06997297227972321,0.009171931721696098,0.007249201212630567,0.6277937478665334,1.171875
SC4011,1856,55680.0,55710.0,Sleep stage W,W,6.381208224568249e-10,4.4710700000422357e-11,8.653800853871285e-12,3.886225828897116e-12,0.9176688681698377,0.06429756876840484,0.012444858960038946,0.005588704101718447,0.6100585391543014,0.5859375
SC4011,1857,55710.0,55740.0,Sleep stage W,W,2.1788164968510626e-10,2.8585968010254555e-11,6.628413745616685e-12,4.210471699066691e-12,0.8467786356978311,0.11109695115127378,0.02576077038367367,0.0163636427672217,0.6674191418287658,0.5859375
SC4011,1858,55740.0,55770.0,Sleep stage W,W,1.9208199901293782e-10,3.177272751721922e-11,6.1443802852473625e-12,4.9613576471334565e-12,0.8175077430678276,0.13522584571790833,0.026150698583705875,0.02111571263055831,0.6770046668112752,1.07421875
SC4011,1859,55770.0,55800.0,Sleep stage W,W,5.452758113980591e-11,1.098032416361571e-11,2.0944557125570204e-12,2.210408314469285e-12,0.7810545500882232,0.15728246091545298,0.030001040391955218,0.03166194860436864,0.7027371156097575,0.5859375
SC4011,1860,55800.0,55830.0,Sleep stage W,W,4.865161594182969e-10,3.7466303392596714e-11,7.200745303073106e-12,4.572425407267515e-12,0.9080934085950478,0.06993170215747581,0.013440353871309707,0.008534535376166587,0.5584494149609425,0.5859375
SC4011,1861,55830.0,55860.0,Sleep stage W,W,2.5544021076592334e-10,2.1880267832731155e-11,5.0108354750029895e-12,3.789736600005364e-12,0.8927697216422822,0.07647206586588007,0.017512991313310005,0.013245221178527585,0.6299289677435965,0.5859375
SC4011,1862,55860.0,55890.0,Sleep stage W,W,2.333645816373719e-10,3.172380115804765e-11,4.673062789167684e-12,2.9660720459238475e-12,0.8556693642976367,0.11632049979286209,0.017134548173824943,0.010875587735676371,0.6476827336517232,0.5859375
SC4011,1863,55890.0,55920.0,Sleep stage W,W,6.249678061818931e-10,3.1322957131209853e-11,5.678205820434948e-12,3.853712984691105e-12,0.9386400057649562,0.04704399230071271,0.00852810511406801,0.005787896820263038,0.6034190738811547,1.07421875
SC4011,1864,55920.0,55950.0,Sleep stage W,W,9.978515993840314e-10,6.864265828270537e-11,1.0347941709993033e-11,4.778679260316236e-12,0.9225520874203421,0.06346277114140234,0.009567069122253361,0.004418072316002133,0.6361971585754679,0.5859375
SC4011,1865,55950.0,55980.0,Sleep stage W,W,1.2053571651135812e-09,9.870854069468216e-11,1.0461103540610594e-11,4.807803225104437e-12,0.9136099012531544,0.07481691130812149,0.00792907533912214,0.0036441120996019137,0.6225738583737858,1.171875
SC4011,1866,55980.0,56010.0,Sleep stage W,W,1.0952683613735733e-09,5.225854707051801e-11,7.751840004401622e-12,5.2528079834710574e-12,0.9437643942582299,0.045029837216306365,0.006679559863270354,0.004526208662193325,0.592077150001645,0.5859375
SC4011,1867,56010.0,56040.0,Sleep stage W,W,7.95012607361767e-10,9.304732416302886e-11,1.2100285696203933e-11,6.630761018696261e-12,0.8767319332014989,0.10261165626466263,0.013344073757431464,0.007312336776407057,0.6719589970424319,1.171875
SC4011,1868,56040.0,56070.0,Sleep stage W,W,1.1614896783352052e-09,9.379492683721248e-11,1.3369806258968048e-11,8.811296028036495e-12,0.9092139785459556,0.07342265728897604,0.01046588270894366,0.006897481456124629,0.6098596004284544,0.5859375
SC4011,1869,56070.0,56100.0,Sleep stage W,W,1.3449214923746775e-09,1.256169195758911e-10,1.426790253694393e-11,7.727534827710488e-12,0.9010994913058286,0.08416353145593607,0.009559516886997282,0.005177460351238195,0.6012194153666495,0.5859375
SC4011,1870,56100.0,56130.0,Sleep stage W,W,1.1964639883169764e-09,1.373892478654599e-10,1.4254958477573543e-11,6.3321270284192245e-12,0.8833641240283505,0.1014361767480402,0.0105246117154896,0.004675087508119716,0.6659440492170494,1.07421875
SC4011,1871,56130.0,56160.0,Sleep stage W,W,1.6785611576394367e-09,1.1197238386730253e-10,1.4950240286943013e-11,8.4645166357407e-12,0.9253632857633214,0.06172854207821246,0.00824182271340778,0.004666349445058364,0.6071605277061676,1.07421875
SC4011,1872,56160.0,56190.0,Sleep stage W,W,1.084895258317233e-09,1.0469461395607763e-10,9.921326938158168e-12,7.377857223629151e-12,0.8989187966637054,0.08674750458449264,0.008220579087413162,0.006113119664388892,0.622847126886935,0.5859375
SC4011,1873,56190.0,56220.0,Sleep stage W,W,1.0833851899485816e-09,7.79520536609867e-11,8.728975017604778e-12,5.100120876244884e-12,0.9218994397051742,0.06633278289261277,0.007427863379147944,0.00433991402306503,0.6072160236868492,0.5859375
SC4011,1874,56220.0,56250.0,Sleep stage W,W,9.57135723906109e-10,5.5791773954529034e-11,8.07418223229398e-12,4.865593741294597e-12,0.9330015181484146,0.05438498271419135,0.007870591487060843,0.004742907650332984,0.5889327325036563,1.171875
SC4011,1875,56250.0,56280.0,Sleep stage W,W,8.475301436372405e-10,5.331946688736215e-11,6.51221355809133e-12,4.191297821478002e-12,0.9297649509079715,0.05849298916993608,0.007144085628808733,0.004597974293283828,0.6101262858674656,1.171875
SC4011,1876,56280.0,56310.0,Sleep stage W,W,4.0142822783174346e-10,3.26346765154746e-11,8.114039418210217e-12,5.4988215266895764e-12,0.8966941231893647,0.07289801915942398,0.01812481274905653,0.012283044902154754,0.6599396665290644,0.5859375
SC4011,1877,56310.0,56340.0,Sleep stage W,W,3.0078772695818446e-10,2.619237157492945e-11,4.258113022038635e-12,3.6229236327382558e-12,0.8982461544526875,0.07821860712570568,0.012716056223274177,0.010819182198332543,0.6187915915522888,0.5859375
SC4011,1878,56340.0,56370.0,Sleep stage W,W,3.856394675419318e-10,3.084937377316246e-11,6.875356268315782e-12,5.855595442940743e-12,0.8984661793503463,0.07187313883092188,0.016018264721295573,0.013642417097436266,0.633259868365849,0.68359375
SC4011,1879,56370.0,56400.0,Sleep stage W,W,2.928463764174324e-10,3.5062636340003126e-11,5.526090680983139e-12,3.930699440093412e-12,0.8680381174344709,0.10393061786594132,0.01638011509712241,0.011651149602465447,0.6313305802422533,0.5859375
SC4011,1880,56400.0,56430.0,Sleep stage W,W,6.621439311487257e-10,2.8910142566019687e-11,6.010930879658953e-12,4.73784620193477e-12,0.9434899422215053,0.04119410819322721,0.008564984985225297,0.006750964600042182,0.5707045668534889,0.5859375
SC4011,1881,56430.0,56460.0,Sleep stage W,W,4.233059048381231e-10,4.026909933058223e-11,8.219603556679134e-12,5.305377999297854e-12,0.8872477834916517,0.08440389967611552,0.017228262005068218,0.011120054827164471,0.6356343879353701,0.5859375
SC4011,1882,56460.0,56490.0,Sleep stage W,W,3.739025799837501e-10,5.151253259798238e-11,1.0400174045373982e-11,5.565279886584972e-12,0.847120621863971,0.1167077495161638,0.023562827261565385,0.01260880135829981,0.6453256025848234,0.5859375
SC4011,1883,56490.0,56520.0,Sleep stage W,W,3.875815101626195e-10,3.400302332764608e-11,5.8590464882634156e-12,4.1617007471793225e-12,0.8979999260225304,0.07878268604701229,0.013575011126860907,0.009642376803596494,0.5918591223259233,0.5859375
SC4011,1884,56520.0,56550.0,Sleep stage W,W,4.710214991238025e-10,4.298276032519264e-11,5.529111062116062e-12,3.27859976378294e-12,0.9009386278515004,0.08221456808380333,0.010575716273689868,0.006271087791006496,0.5745826852870476,0.5859375
SC4011,1885,56550.0,56580.0,Sleep stage W,W,1.1242129940523126e-10,1.8660808993379726e-11,3.903774004084514e-12,2.3139891008774696e-12,0.8188011989676603,0.13591279284550614,0.028432466551747103,0.016853541635086323,0.685504050881221,1.07421875
SC4011,1886,56580.0,56610.0,Sleep stage W,W,2.757370892542186e-10,3.066912311398267e-11,5.207667586511651e-12,3.5845235394097417e-12,0.8748048410066268,0.09730101032873581,0.016521871712490307,0.011372276952146999,0.5799279433796503,0.5859375
SC4011,1887,56610.0,56640.0,Sleep stage W,W,2.526054042661801e-10,2.4309221049500514e-11,5.251517686293728e-12,4.324614997442801e-12,0.8817226985964204,0.08485167626087949,0.018330495974688343,0.015095129168011763,0.6091868413683792,0.5859375
SC4011,1888,56640.0,56670.0,Sleep stage W,W,3.725917634389417e-10,4.1422565859994485e-11,7.214650284616918e-12,4.619828923927452e-12,0.8749390769573954,0.09727059236157717,0.016941811601875557,0.010848519079151771,0.6398866282238302,0.5859375
SC4011,1889,56670.0,56700.0,Sleep stage W,W,3.899870203660606e-10,3.086211168156325e-11,5.7048873032875324e-12,5.055890605113306e-12,0.9035636378362931,0.07150464104197164,0.013217693041081436,0.011714028080653742,0.6281142512968104,0.5859375
SC4011,1890,56700.0,56730.0,Sleep stage W,W,5.555534772482426e-10,5.4916736925246175e-11,8.672286187516163e-12,5.285100847414199e-12,0.8897003850776481,0.08794732458810109,0.013888377404735445,0.00846391292951536,0.5947574725926258,0.5859375
SC4011,1891,56730.0,56760.0,Sleep stage W,W,8.269631090796895e-10,6.153212676811393e-11,1.2219202089438675e-11,9.13618226003826e-12,0.9088998685304862,0.06762882323998645,0.013429899170469564,0.010041409059057723,0.5531022729152051,0.5859375
SC4011,1892,56760.0,56790.0,Sleep stage W,W,3.6334626071725227e-10,4.2153589807828976e-11,8.715893121577996e-12,6.399745896638165e-12,0.8638442229309534,0.10021882421305782,0.02072175975031656,0.015215193105672318,0.6381004491959674,0.5859375
SC4011,1893,56790.0,56820.0,Sleep stage W,W,1.3211385418449723e-09,1.3209256315470828e-10,8.930662132802792e-12,3.8843572474527606e-12,0.9011575556012931,0.09010123280437497,0.006091665183167422,0.0026495464111646887,0.6378189448511992,1.953125
SC4011,1894,56820.0,56850.0,Sleep stage W,W,8.978236082669367e-10,7.40197107640113e-11,1.065630159999345e-11,5.711637724998457e-12,0.9085340818324832,0.07490271957350078,0.010783424606720275,0.005779773987295745,0.6482599086212668,1.46484375
SC4011,1895,56850.0,56880.0,Sleep stage W,W,1.0539148929196864e-09,7.758141802918091e-11,8.01326153819945e-12,3.2230163181129722e-12,0.922276045370895,0.06789113987752692,0.007012368087426271,0.0028204466641516706,0.6212116942283448,1.171875
SC4011,1896,56880.0,56910.0,Sleep stage W,W,8.189907355492414e-10,5.650893820104986e-11,4.730801117502708e-12,2.493784011915381e-12,0.9277990576453015,0.06401652343028046,0.005359319255037472,0.0028250996693806895,0.6179242037404451,1.26953125
SC4011,1897,56910.0,56940.0,Sleep stage W,W,6.484787949815121e-10,5.929182748493078e-11,7.32776541711995e-12,3.610241173518802e-12,0.9022833019721658,0.08249772590419485,0.010195738747054837,0.005023233376584473,0.6393987938996007,1.26953125
SC4011,1898,56940.0,56970.0,Sleep stage W,W,2.997804633539054e-10,2.0728572260754567e-11,5.971205804609527e-12,5.078466350415363e-12,0.9041549997901006,0.06251855787528748,0.018009497759164234,0.015316944575447822,0.6367333514195417,0.5859375
SC4011,1899,56970.0,57000.0,Sleep stage W,W,1.0412750178268541e-09,1.4482289310316577e-10,4.407250021712131e-11,2.143823041849886e-11,0.8319493675949065,0.11570940651384964,0.03521268450335316,0.01712854138789081,0.6652216082341524,0.5859375
SC4011,1900,57000.0,57030.0,Sleep stage W,W,5.702828000436528e-10,5.1670332670864136e-11,8.463758047555412e-12,4.948175844232677e-12,0.8975671311136475,0.0813238488965918,0.01332109442648955,0.007787925563271083,0.6622114031473696,0.5859375
SC4011,1901,57030.0,57060.0,Sleep stage W,W,8.416837345515909e-10,7.096095351123932e-11,6.153561256295458e-12,3.3034470819226927e-12,0.9127884026639058,0.07695566962754656,0.006673408454092137,0.0035825192544553445,0.6372127465888707,1.3671875
SC4011,1902,57060.0,57090.0,Sleep stage W,W,9.242144735207759e-10,5.6109384091688816e-11,1.0197395310854445e-11,4.131801533968344e-12,0.9291827631545906,0.056411010693878355,0.01025221333726105,0.004154012814269975,0.5805927580126137,0.5859375
SC4011,1903,57090.0,57120.0,Sleep stage W,W,7.482642112167556e-10,5.713169697512327e-11,5.923166768067184e-12,2.638154755765144e-12,0.9192918053914209,0.07019004794032915,0.007277000009123273,0.0032411466591267526,0.6438989041500149,1.171875
SC4011,1904,57120.0,57150.0,Sleep stage W,W,7.959297476019012e-10,5.6256851534597537e-11,6.906735569567639e-12,4.261222124978373e-12,0.9219036852291284,0.06516077443442136,0.007999883147566753,0.0049356571888833824,0.6255461687422414,1.171875
SC4011,1905,57150.0,57180.0,Sleep stage W,W,1.0213138547964641e-09,5.386183134751784e-11,8.605161571000675e-12,3.813182861411589e-12,0.9390579812719241,0.04952383870567272,0.007912108129574949,0.003506071892828162,0.6157416047245118,0.5859375
SC4011,1906,57180.0,57210.0,Sleep stage W,W,3.4997949396000126e-10,4.911931477009544e-11,5.041532512832294e-12,2.7994311271179157e-12,0.8600277429794959,0.12070413880663709,0.012388891072185059,0.006879227141681986,0.6626499842837696,1.26953125
SC4011,1907,57210.0,57240.0,Sleep stage W,W,6.624263103076315e-10,5.2895758103879086e-11,5.1831951296962884e-12,3.2304656192475703e-12,0.9152875609389316,0.07308711726204128,0.007161723431436612,0.004463598367590563,0.6183803977845854,0.5859375
SC4011,1908,57240.0,57270.0,Sleep stage W,W,3.642966116285217e-10,1.6986850442987018e-11,2.849124302159122e-12,2.316059434958434e-12,0.9426779355540179,0.043956294393121244,0.00737258192792333,0.005993188124937493,0.6207193821797012,1.07421875
SC4011,1909,57270.0,57300.0,Sleep stage W,W,2.588017326027524e-10,1.0546051608527242e-11,2.333252277281377e-12,2.0128819077344676e-12,0.94558817426122,0.03853228332701595,0.008525042466975613,0.007354499944788369,0.5607916750470904,1.171875
SC4011,1910,57300.0,57330.0,Sleep stage W,W,1.6830980182048983e-10,3.23955777145728e-11,5.933697587538939e-12,3.6362135022928052e-12,0.8004259621770495,0.154062693806295,0.028218710671640137,0.017292633345015174,0.6802913109966765,0.5859375
SC4011,1911,57330.0,57360.0,Sleep stage W,W,1.5877985438032152e-10,2.7074493711828088e-11,5.1991106206501375e-12,3.0748734910669335e-12,0.8179118038966953,0.13946698765945928,0.026781822939632615,0.015839385504212804,0.6923209459807136,0.5859375
SC4011,1912,57360.0,57390.0,Sleep stage W,W,2.561036280511363e-10,4.301291674661058e-11,5.323953760695904e-12,4.44461681576504e-12,0.8291225938189742,0.13925215106108738,0.017236032089944012,0.014389223029994439,0.6713414558266029,1.07421875
SC4011,1913,57390.0,57420.0,Sleep stage W,W,7.413741515799654e-10,6.8969820956993e-11,8.252544245932452e-12,5.5125030003762205e-12,0.8996068891163694,0.08369016635096581,0.010013898704934444,0.006689045827730362,0.6087132703211504,0.5859375
SC4011,1914,57420.0,57450.0,Sleep stage W,W,6.423815031730735e-10,7.719451490218939e-11,1.6403899917776482e-11,8.815036426131833e-12,0.8624944346918074,0.10364532472214394,0.02202471944854819,0.011835521137500516,0.6583737760385839,0.5859375
SC4011,1915,57450.0,57480.0,Sleep stage W,W,7.168442736077029e-10,7.216900676113904e-11,1.916974848046795e-11,9.366449404817018e-12,0.8768206606143526,0.08827478786391696,0.023447814463052264,0.01145673705867812,0.649116645123406,0.5859375
SC4011,1916,57480.0,57510.0,Sleep stage W,W,5.994546478222331e-10,8.908310735179436e-11,1.762793025211996e-11,7.75122601448824e-12,0.8396700487351876,0.12478077760061845,0.024691851348006312,0.010857322316187742,0.6650140455983128,0.5859375
SC4011,1917,57510.0,57540.0,Sleep stage W,W,5.852936073082493e-10,9.661981920827279e-11,1.4321511360059313e-11,8.284874433318861e-12,0.8307695498147235,0.13714279927981954,0.0203280462945443,0.011759604610912713,0.6695929792262857,0.5859375
SC4011,1918,57540.0,57570.0,Sleep stage W,W,6.486146724409561e-10,7.648290843660321e-11,1.4547530779687981e-11,7.252912304232123e-12,0.8684112845830849,0.10240073742723912,0.019477265052234568,0.009710712937441357,0.6160129775906192,0.5859375
SC4011,1919,57570.0,57600.0,Sleep stage W,W,7.624513673135119e-10,6.524902655091486e-11,1.4053157191077078e-11,6.330044210424855e-12,0.8990285528096252,0.07693702238215691,0.016570485821825746,0.007463938986391995,0.6346887944220782,1.26953125
SC4011,1920,57600.0,57630.0,Sleep stage W,W,6.517135618766064e-10,5.394840569573356e-11,7.57711675632701e-12,5.449922716170404e-12,0.9068088637620519,0.07506502140273845,0.010542970161020272,0.007583144674189228,0.6108885851022762,0.5859375
SC4011,1921,57630.0,57660.0,Sleep stage W,W,5.40706908433108e-10,2.9626373041373854e-11,7.794279344312383e-12,5.6171046425223024e-12,0.9262729758837333,0.050752280567670775,0.013352206547622649,0.009622537000973305,0.6003113796241043,1.171875
SC4011,1922,57660.0,57690.0,Sleep stage W,W,1.0972078911187344e-10,1.0534784466287636e-11,2.5055491083401465e-12,3.952742496877436e-12,0.8658941067979179,0.08313837204035907,0.019773282937223552,0.031194238224499574,0.6231339990102044,0.5859375
SC4011,1923,57690.0,57720.0,Sleep stage W,W,2.560727041648822e-10,1.3665860269916512e-11,3.742255696304309e-12,7.820875211260112e-12,0.9103134051617586,0.048580795978795076,0.01330335279973955,0.027802446059706748,0.5833309081834068,0.5859375
SC4011,1924,57720.0,57750.0,Sleep stage W,W,7.005671131133377e-10,5.887475102262362e-11,7.63867280426839e-12,5.320860716071122e-12,0.9069987641646816,0.07622299907958141,0.009889511887791025,0.006888724867945889,0.6256803607119609,2.05078125
SC4011,1925,57750.0,57780.0,Sleep stage W,W,4.3084008366160693e-10,4.930055525804387e-11,7.745798881124682e-12,6.079807624133457e-12,0.8722055153606681,0.09980551447525655,0.0156808262768274,0.01230814388724804,0.6357914757944757,0.87890625
SC4011,1926,57780.0,57810.0,Sleep stage W,W,6.256949228576156e-10,3.852938536433469e-11,5.454320104820456e-12,3.832637234984969e-12,0.9290043906477823,0.05720674223941669,0.008098335371229715,0.005690531741571212,0.5746598711464344,0.5859375
SC4011,1927,57810.0,57840.0,Sleep stage W,W,3.728113887006131e-10,3.4585539305013626e-11,4.9145149769210925e-12,4.030276739629414e-12,0.8954456664813422,0.08307007841561587,0.01180404159400726,0.009680213509034833,0.620624368702744,0.5859375
SC4011,1928,57840.0,57870.0,Sleep stage W,W,6.45188582347903e-10,3.429968967917751e-11,6.382231872307933e-12,3.78786547902008e-12,0.9355191077133069,0.049734319486461016,0.009254193316120068,0.005492379484111963,0.5630166263497429,0.5859375
SC4011,1929,57870.0,57900.0,Sleep stage W,W,4.384210764692355e-10,3.206479095890429e-11,6.538320485021181e-12,4.040236015138654e-12,0.9113562646955996,0.06665383961896006,0.013591361488821478,0.008398534196619022,0.6262206572409303,1.07421875
SC4011,1930,57900.0,57930.0,Sleep stage W,W,1.0665237049759063e-10,1.0773683828647883e-11,2.6303083054283588e-12,3.602696105756438e-12,0.862471149194621,0.0871240970022636,0.021270647959673823,0.02913410584344148,0.639089078754976,0.68359375
SC4011,1931,57930.0,57960.0,Sleep stage W,W,1.7999278461238334e-10,1.96947958847509e-11,3.877929736667646e-12,2.9644597800602955e-12,0.8715092758707238,0.09536047423736611,0.01877659565053615,0.014353654241373892,0.600158588040515,0.5859375
SC4011,1932,57960.0,57990.0,Sleep stage W,W,4.313176698320881e-10,3.8217856249882443e-11,7.827491750905934e-12,5.2710414044926305e-12,0.893674330638065,0.07918599095611305,0.016218274697136978,0.010921403708684857,0.6091866423387318,0.5859375
SC4011,1933,57990.0,58020.0,Sleep stage W,W,4.801879454353966e-10,2.9477232541655355e-11,7.550802550256102e-12,6.158393740443304e-12,0.917484632500824,0.056321505199593884,0.01442715371920982,0.011766708580372244,0.5915424660663462,0.5859375
SC4011,1934,58020.0,58050.0,Sleep stage W,W,3.6173498553886493e-10,2.64291666108235e-11,6.917196875961806e-12,4.675680449875117e-12,0.9048871160901293,0.06611307534853891,0.01730350279277654,0.011696305768555298,0.6086493200433055,1.171875
SC4011,1935,58050.0,58080.0,Sleep stage W,W,4.168337034141176e-10,3.7478990476899636e-11,6.302899745220333e-12,5.650434798633832e-12,0.8939825721666134,0.08038113049476592,0.013517818929201121,0.012118478409419639,0.6095654847581177,1.26953125
SC4011,1936,58080.0,58110.0,Sleep stage W,W,3.519446702981279e-10,3.1107571844862506e-11,5.613119820674709e-12,3.858631920962069e-12,0.8966195080588459,0.07925011548212722,0.014300068042017701,0.009830308417009074,0.6267634486761963,0.9765625
SC4011,1937,58110.0,58140.0,Sleep stage W,W,4.009898666873775e-10,3.491142011775938e-11,5.696686222602151e-12,4.4391744310162224e-12,0.8990055401707472,0.07827020757500386,0.012771775299564974,0.009952476954683936,0.6325913275577038,0.5859375
SC4011,1938,58140.0,58170.0,Sleep stage W,W,2.570352944757086e-10,1.3648162259798521e-11,2.272407328970006e-12,2.2895845282403813e-12,0.9338403079501794,0.049585423953708296,0.008255930626967431,0.008318337469144838,0.6199164778928065,1.171875
SC4011,1939,58170.0,58200.0,Sleep stage W,W,3.2697114883765647e-10,1.4564146120691356e-11,3.190980269201562e-12,2.7659004576118146e-12,0.9409453556557273,0.04191215555278266,0.00918288379561297,0.007959604995877109,0.5841701947370206,0.5859375
SC4011,1940,58200.0,58230.0,Sleep stage W,W,1.5225000832472262e-10,1.806365728381707e-11,3.1432390444011405e-12,2.856751446594506e-12,0.8635179582389925,0.10245183318993449,0.017827541631980397,0.016202666939092728,0.6723302540402788,0.5859375
SC4011,1941,58230.0,58260.0,Sleep stage W,W,3.0803574183239097e-10,1.1346538174491181e-11,2.6870238983731634e-12,2.1570390249678326e-12,0.9500638937863337,0.03499573190736409,0.008287494082340615,0.006652880223961473,0.516672776143563,0.5859375
SC4011,1942,58260.0,58290.0,Sleep stage W,W,3.829584335226781e-10,3.0897631981546926e-11,6.3684370459516446e-12,5.534713788980457e-12,0.8994718583322828,0.07257067092338423,0.014957837203642792,0.012999633540690142,0.6387218186492524,1.26953125
SC4011,1943,58290.0,58320.0,Sleep stage W,W,4.139966763165257e-10,2.103892250652626e-11,5.210772104339871e-12,4.719477028786634e-12,0.9304010144106549,0.04728210626312659,0.011710498970368268,0.010606380355850188,0.6231951523740247,0.5859375
SC4011,1944,58320.0,58350.0,Sleep stage W,W,5.082253584827389e-10,4.2487607380425e-11,7.004150186985838e-12,4.320706175284494e-12,0.9042547287482887,0.0755956373401916,0.012462062000120098,0.0076875719113996795,0.6271507277865497,0.5859375
SC4011,1945,58350.0,58380.0,Sleep stage W,W,5.202228084216525e-10,3.6402124065210134e-11,5.314614239107691e-12,3.5050442003758108e-12,0.9200243786387475,0.06437788007764637,0.009399000935531032,0.006198740348074832,0.6334515249558524,1.26953125
SC4011,1946,58380.0,58410.0,Sleep stage W,W,2.3043399144932982e-10,2.1638543477078504e-11,4.096402284042846e-12,2.8288604021648883e-12,0.8897140963105437,0.08354721034903682,0.015816359528160347,0.010922333812258994,0.6303473588604759,0.9765625
SC4011,1947,58410.0,58440.0,Sleep stage W,W,3.3110530344300944e-10,2.7062450401282473e-11,3.795828567694908e-12,4.835574511931501e-12,0.9026882891982423,0.07378002345544045,0.010348520426076771,0.013183166920240491,0.6361582118598049,0.5859375
SC4011,1948,58440.0,58470.0,Sleep stage W,W,1.1453588193414312e-09,5.950139806525961e-11,6.859551657773319e-12,3.3221783989779236e-12,0.9426496111780474,0.04897065339141295,0.005645526619137326,0.002734208811402275,0.5679199534865779,1.07421875
SC4011,1949,58470.0,58500.0,Sleep stage W,W,2.990176119486231e-10,1.6372012930037797e-11,3.292837560129305e-12,2.279274647826517e-12,0.9316300898132552,0.051009235800651045,0.010259283832454707,0.007101390553639165,0.6049237732179976,0.5859375
SC4011,1950,58500.0,58530.0,Sleep stage W,W,2.385166261306586e-10,1.198121854863792e-11,3.124024516348471e-12,2.1253067401362893e-12,0.9326266272850289,0.04684790166225113,0.012215284508685724,0.00831018654403425,0.6252453697307672,0.5859375
SC4011,1951,58530.0,58560.0,Sleep stage W,W,5.607103516328127e-10,3.21721780934139e-11,4.345338671884844e-12,3.290956649887839e-12,0.9337098659446609,0.0535739709589327,0.007235974112114674,0.005480188984291698,0.6283631576766117,1.07421875
SC4011,1952,58560.0,58590.0,Sleep stage W,W,6.552801795337829e-10,2.700215624871503e-11,4.928982957175151e-12,3.598000726917487e-12,0.9485688178609959,0.039087712756343214,0.007135084629404062,0.005208384753256786,0.5897770206249997,0.5859375
SC4011,1953,58590.0,58620.0,Sleep stage W,W,6.181128746496965e-10,3.68798636473767e-11,9.327345458524716e-12,4.49866307182111e-12,0.9241859286716337,0.0551417911389573,0.013945998826691876,0.006726281362717152,0.55904206756407,0.5859375
SC4011,1954,58620.0,58650.0,Sleep stage W,W,5.667573950198584e-10,2.6871916954298887e-11,5.199838214056857e-12,3.5497168643934e-12,0.9408653357860276,0.04460966083651152,0.008632172372678439,0.005892831004782564,0.5566946731009266,0.5859375
SC4011,1955,58650.0,58680.0,Sleep stage W,W,4.1195918670556017e-10,2.614720130797795e-11,4.945317259334805e-12,3.668873892895463e-12,0.9221853792249204,0.05853144566746115,0.011070269627089879,0.008212905480528632,0.6283978822676511,0.5859375
SC4011,1956,58680.0,58710.0,Sleep stage W,W,6.929980919831051e-10,4.9264265672260017e-11,7.446188542867142e-12,5.066269902466413e-12,0.9181521126569337,0.06527015027709589,0.009865443817184415,0.006712293248785998,0.6015955552034675,1.26953125
SC4011,1957,58710.0,58740.0,Sleep stage W,W,6.281509320566935e-10,4.8787638532585647e-11,7.718772851685162e-12,4.033670253970842e-12,0.9120939863677985,0.07084111388477733,0.01120788960243976,0.005857010144984424,0.5532988238012561,0.5859375
SC4011,1958,58740.0,58770.0,Sleep stage W,W,2.720569465945412e-10,2.5017427997985986e-11,4.636731721274736e-12,2.8198859913694303e-12,0.8933637411916098,0.08215067966847837,0.015225812276696797,0.009259766863215073,0.627580183909505,0.9765625
SC4011,1959,58770.0,58800.0,Sleep stage W,W,3.4661667543681967e-10,4.662731706124592e-11,6.188836593841063e-12,4.262616511835959e-12,0.8586093284219263,0.1155012214505242,0.01533045928864868,0.010558990838900962,0.6338966540509641,0.5859375
SC4011,1960,58800.0,58830.0,Sleep stage W,W,3.280377110358992e-10,2.5399548157185175e-11,5.597496531898871e-12,3.541109255896007e-12,0.9047422697404268,0.07005305816073733,0.015438138807705969,0.009766533291129984,0.6098440619224784,1.26953125
SC4011,1961,58830.0,58860.0,Sleep stage W,W,3.5267237981929333e-10,2.8002967826491698e-11,5.1915667580918095e-12,3.9809719793863636e-12,0.904640994956114,0.07183049800855329,0.013316903693529149,0.010211603341803505,0.5717138206373912,0.5859375
SC4011,1962,58860.0,58890.0,Sleep stage W,W,7.678825972091683e-10,4.7320959432757815e-11,7.424625930262511e-12,4.4471179758063284e-12,0.9284313008747723,0.05721481393701926,0.008976964884990737,0.005376920303217619,0.6086332870946507,1.26953125
SC4011,1963,58890.0,58920.0,Sleep stage W,W,8.324135451940878e-10,3.5987483137374044e-11,8.847029847149898e-12,5.136455115295785e-12,0.9433682625352524,0.04078435488745621,0.010026275069271416,0.005821107508020053,0.562755395329396,0.9765625
SC4011,1964,58920.0,58950.0,Sleep stage W,W,6.230843326727246e-10,4.45412709804811e-11,8.27244557819776e-12,4.393596819651202e-12,0.9159076644400883,0.0654737879540834,0.012160145764272592,0.006458401841555866,0.644552278400958,0.68359375
SC4011,1965,58950.0,58980.0,Sleep stage W,W,9.998236875042692e-10,4.70294915059283e-11,6.856223594662781e-12,4.640263293698429e-12,0.9447007163321589,0.044436629047356846,0.006478221532617691,0.0043844330878668155,0.5454422665988563,1.07421875
SC4011,1966,58980.0,59010.0,Sleep stage W,W,2.9885812654127386e-10,3.291907554642887e-11,5.024901932353124e-12,3.0866863892670767e-12,0.8792820915963823,0.09685248962398828,0.014783958971702807,0.009081459807926667,0.609335312221514,0.5859375
SC4011,1967,59010.0,59040.0,Sleep stage W,W,3.184886944543902e-10,3.579952056886017e-11,4.122426364950929e-12,3.2104008224106535e-12,0.8807250056784556,0.09899733806975244,0.011399852010132706,0.008877804241659373,0.6089356360599965,1.171875
SC4011,1968,59040.0,59070.0,Sleep stage W,W,6.508029439616997e-10,4.859024778954285e-11,6.3781423222845085e-12,4.014580323231037e-12,0.9169003367935421,0.06845761067383163,0.008986008587822211,0.005656043944804118,0.6021435220179348,1.953125
SC4011,1969,59070.0,59100.0,Sleep stage W,W,4.2981020610824797e-10,3.8806101634250736e-11,5.65508260417249e-12,3.191884140729033e-12,0.9001953219746335,0.08127557386672846,0.011844015877961987,0.006685088280676265,0.46385917702539187,0.5859375
SC4011,1970,59100.0,59130.0,Sleep stage W,W,1.890109744247946e-10,1.5104259885639077e-11,2.2262094302814058e-12,2.13421924052361e-12,0.9066332814195402,0.07245095024352244,0.01067850989629302,0.010237258440644336,0.6070784374004782,0.5859375
SC4011,1971,59130.0,59160.0,Sleep stage W,W,1.5536918655657337e-10,1.6745772279540815e-11,2.518508497335919e-12,2.004830325588549e-12,0.8795894696430974,0.09480261359778751,0.014257998014662399,0.01134991874445276,0.5954207848321516,0.5859375
SC4011,1972,59160.0,59190.0,Sleep stage W,W,1.6615527335919336e-10,2.0256675842124796e-11,3.3876699148319766e-12,2.2001610979323506e-12,0.8653930393770652,0.10550364078301712,0.0176441343373137,0.011459185502603907,0.6132933804981956,0.5859375
SC4011,1973,59190.0,59220.0,Sleep stage W,W,2.0874542324967863e-10,1.8660077687258355e-11,3.1757377905116478e-12,2.266492485833952e-12,0.8964889722651974,0.08013854199921837,0.013638689000593066,0.009733796734991172,0.6092895668960783,0.5859375
SC4011,1974,59220.0,59250.0,Sleep stage W,W,5.556259855300015e-10,4.548853819705135e-11,5.855852842831484e-12,4.124035757139359e-12,0.9092310031345229,0.07443782381159857,0.009582566498247996,0.006748606555630564,0.5639466464436933,0.5859375
SC4011,1975,59250.0,59280.0,Sleep stage W,W,2.539779267211391e-10,3.013181052653657e-11,6.487979188740436e-12,3.351834871109986e-12,0.864018759652505,0.10250674101221224,0.02207174380733379,0.011402755527948878,0.6471848433661804,0.5859375
SC4011,1976,59280.0,59310.0,Sleep stage W,W,3.4103636965380977e-10,2.8333840438054713e-11,6.282680729350887e-12,3.655534123070792e-12,0.8991004344390771,0.07469868469759526,0.01656351485014788,0.009637366013179712,0.6288411544115483,1.07421875
SC4011,1977,59310.0,59340.0,Sleep stage W,W,2.827786262498286e-10,3.026997814839122e-11,3.597180103641067e-12,3.6236014032331744e-12,0.8829399208753124,0.09451411680466136,0.011231732603712007,0.011314229716314385,0.6035382843574453,0.5859375
SC4011,1978,59340.0,59370.0,Sleep stage W,W,2.65267390504275e-10,1.760916596741083e-11,3.3718408267722397e-12,2.5564172438183567e-12,0.9185005829099296,0.060972549904749346,0.011675154488391177,0.008851712696929913,0.5944175425913116,0.68359375
SC4011,1979,59370.0,59400.0,Sleep stage W,W,1.7924842815731104e-10,1.9863790121456303e-11,3.474041611251465e-12,2.548039342536552e-12,0.8738101274526588,0.09683310005089518,0.016935449723661452,0.012421322772784607,0.6291062053500317,0.5859375
SC4011,1980,59400.0,59430.0,Sleep stage W,W,5.363043718025288e-10,3.176954923993343e-11,3.885491086287343e-12,2.5536978471553863e-12,0.9334937053482057,0.05529821458950839,0.006763102562533863,0.004444977499751899,0.5850040737114148,1.07421875
SC4011,1981,59430.0,59460.0,Sleep stage W,W,1.3755353354923973e-10,1.4627392310600264e-11,3.645260645390214e-12,2.559864940680846e-12,0.8684699965275311,0.09235278092399146,0.023015035807209785,0.01616218674126769,0.6386277865506352,0.5859375
SC4011,1982,59460.0,59490.0,Sleep stage W,W,4.540876108099756e-10,1.5565083133705144e-11,2.897649602895752e-12,3.16127391942899e-12,0.9545438751922531,0.0327195774965858,0.00609118948645987,0.006645357824701214,0.5379111820366009,0.5859375
SC4011,1983,59490.0,59520.0,Sleep stage W,W,4.0932781459804105e-10,2.672032193945316e-11,4.604170084923074e-12,3.5892224381250397e-12,0.921408260645206,0.06014818559615494,0.010364114527202626,0.0080794392314364,0.5454325287336896,0.5859375
SC4011,1984,59520.0,59550.0,Sleep stage W,W,2.892161561810509e-10,2.8814880054091426e-11,5.699870257536376e-12,3.755374802273131e-12,0.8831397609616729,0.08798805232436345,0.017404913069939455,0.011467273644024306,0.6253624112258299,0.5859375
SC4011,1985,59550.0,59580.0,Sleep stage W,W,3.769983047190622e-10,3.2146331038381047e-11,6.7762019558322894e-12,4.448317807611514e-12,0.8968267527904533,0.07647166928446009,0.016119645951272934,0.01058193197381364,0.6171312121722554,1.26953125
SC4011,1986,59580.0,59610.0,Sleep stage W,W,4.617159926227025e-10,2.4034203704685306e-11,5.430074926698153e-12,3.3332861600462253e-12,0.9336771170381416,0.04860170837451434,0.01098063914585605,0.006740535441487912,0.5601790786353625,0.5859375
SC4011,1987,59610.0,59640.0,Sleep stage W,W,3.7415100211412724e-10,4.005522988117659e-11,5.0064479648817284e-12,3.902441642631287e-12,0.8842770749879915,0.09466745062063016,0.011832354149661755,0.00922312024171652,0.635981047556707,0.87890625
SC4011,1988,59640.0,59670.0,Sleep stage W,W,4.157596643433494e-10,2.718868781135506e-11,3.610354193238666e-12,2.9600260053800582e-12,0.9248995301414068,0.06048399288949913,0.00803159898217749,0.006584877986916612,0.5825241526610604,0.5859375
SC4011,1989,59670.0,59700.0,Sleep stage W,W,1.422017816671576e-10,1.4473732165869281e-11,3.52937227272666e-12,2.906408933309906e-12,0.8718083050784543,0.08873531512580396,0.021637816509772742,0.01781856328596895,0.6521022671419884,1.07421875
SC4011,1990,59700.0,59730.0,Sleep stage W,W,5.303281374050916e-10,5.177681315392108e-11,8.792926932823318e-12,5.144658602818357e-12,0.8897488103447587,0.08686764789165766,0.014752180256187221,0.008631361507396447,0.5876443038874577,0.5859375
SC4011,1991,59730.0,59760.0,Sleep stage W,W,5.472194617435169e-10,2.2384183384605845e-11,4.854124038081511e-12,3.593569568586721e-12,0.9466623897822687,0.03872352139794226,0.008397392606521711,0.0062166962132673914,0.5711786929912113,0.5859375
SC4011,1992,59760.0,59790.0,Sleep stage W,W,5.444161445196016e-10,4.1537986013419875e-11,5.8796009261563345e-12,3.782899516652158e-12,0.9140378495268946,0.0697394663835461,0.00987145190442966,0.006351232185129612,0.6056771458306718,0.5859375
SC4011,1993,59790.0,59820.0,Sleep stage W,W,5.514513885099286e-10,1.4649068227773088e-11,3.177788798965031e-12,2.763879064275536e-12,0.9640048604718091,0.025608373225996784,0.005555165716479119,0.004831600585714948,0.531535030955711,0.5859375
SC4011,1994,59820.0,59850.0,Sleep stage W,W,4.166557557205105e-10,4.842320281786452e-11,6.739142952064549e-12,4.51452695062225e-12,0.8747159670420617,0.10165837888608144,0.014147976749189675,0.009477677322667065,0.6343101111614182,0.5859375
SC4011,1995,59850.0,59880.0,Sleep stage W,W,4.468867112272273e-10,3.3019017023529425e-11,4.656184665338132e-12,4.448118901925742e-12,0.9138600072595872,0.06752216698044564,0.009521654694950872,0.009096171065016223,0.6060975956833022,1.171875
SC4011,1996,59880.0,59910.0,Sleep stage W,W,3.8865746823842477e-10,3.878062756919099e-11,6.65208708259156e-12,5.178036440590836e-12,0.8847839455140275,0.08828461942516858,0.015143565570770547,0.011787869490033447,0.613266086770878,1.07421875
SC4011,1997,59910.0,59940.0,Sleep stage W,W,3.508182828640819e-10,3.7049052265042303e-11,7.172187332764254e-12,3.83439551860145e-12,0.879521741206557,0.09288411850196353,0.01798108878383737,0.009613051507642075,0.6401323995876473,1.171875
SC4011,1998,59940.0,59970.0,Sleep stage W,W,3.4303168411237163e-10,3.3258507112573195e-11,5.438589550498765e-12,3.3957048303627833e-12,0.8907033879520225,0.08635780989166941,0.014121640544209455,0.008817161612098725,0.5936246445009322,1.07421875
SC4011,1999,59970.0,60000.0,Sleep stage W,W,2.810954277320439e-10,4.796481973304367e-11,6.252159042697945e-12,2.9496658263175783e-12,0.8309989523578765,0.1417978060681559,0.018483180805806267,0.008720060768161376,0.6732725528737518,0.5859375
SC4011,2000,60000.0,60030.0,Sleep stage W,W,4.660417476547764e-10,4.2658723998867116e-11,7.561360395783327e-12,4.313780961235985e-12,0.8952431424121101,0.08194529849786364,0.01452499926389838,0.00828655982612775,0.6185644257376463,1.171875
SC4011,2001,60030.0,60060.0,Sleep stage W,W,3.0434289558450617e-10,3.787950827393282e-11,5.701826498062742e-12,2.6025879002043497e-12,0.8682442533159405,0.10806450833725366,0.016266448674084173,0.0074247896727215905,0.619102418452214,0.5859375
SC4011,2002,60060.0,60090.0,Sleep stage W,W,2.2763012918341356e-10,2.4750119389733144e-11,4.794229997381976e-12,4.312621693799315e-12,0.8705214481070398,0.09465139719976291,0.018334479951537412,0.016492674741659677,0.6632133434025523,1.171875
SC4011,2003,60090.0,60120.0,Sleep stage W,W,2.711864270511054e-10,2.431263535416107e-11,5.080055874810386e-12,3.2098064141557227e-12,0.8926804271224107,0.08003134208606204,0.016722320867765428,0.010565909923761815,0.603888461780127,0.5859375
SC4011,2004,60120.0,60150.0,Sleep stage W,W,2.510553063102877e-10,3.351604383983764e-11,4.883763769104006e-12,2.58420202052502e-12,0.8596626981624577,0.11476551960816044,0.016722966746407157,0.008848815482974637,0.6589984284686667,1.85546875
SC4011,2005,60150.0,60180.0,Sleep stage W,W,5.032450825967468e-10,4.4295135329195764e-11,6.113523556792721e-12,4.4514701696336306e-12,0.9017028905836607,0.07936699820102415,0.01095407000177002,0.007976041213545145,0.6115397159856959,0.5859375
SC4011,2006,60180.0,60210.0,Sleep stage W,W,3.856505722169299e-10,2.2628935502030628e-11,3.773537006451274e-12,2.7904520965168136e-12,0.9296290653496015,0.05454812640282051,0.00909629061407479,0.0067265176335031575,0.5723690896915867,0.5859375
SC4011,2007,60210.0,60240.0,Sleep stage W,W,2.0153157093426536e-10,2.6586912302347616e-11,4.367265525043837e-12,3.5650730409741663e-12,0.8537634793865357,0.11263215310717162,0.01850137818497169,0.015102989321320934,0.6196812985676103,0.5859375
SC4011,2008,60240.0,60270.0,Sleep stage W,W,7.970719966452963e-10,5.682682177435301e-11,7.794782826727664e-12,4.773768346026608e-12,0.9199099984806679,0.06558449142878285,0.008996048899561472,0.005509461190987775,0.5748106747726317,1.171875
SC4011,2009,60270.0,60300.0,Sleep stage W,W,4.3942849607889433e-10,5.582699362916653e-11,7.703932774925156e-12,4.1639059905289285e-12,0.8665120916476315,0.11008563498194927,0.01519143833929837,0.008210835031120823,0.5888459455584437,0.5859375
SC4011,2010,60300.0,60330.0,Sleep stage W,W,5.08484278386032e-10,5.040267772221882e-11,8.475347135581644e-12,4.596859309710776e-12,0.8890219996054892,0.08812286090005672,0.014818098372168723,0.008037041122285453,0.6342660639160631,0.5859375
SC4011,2011,60330.0,60360.0,Sleep stage W,W,2.509302829375489e-10,3.0017184048775325e-11,4.396590157385901e-12,2.9706166845803802e-12,0.8703347616881741,0.10411257828192415,0.015249276420819103,0.010303383609082515,0.6267352058484523,0.5859375
SC4011,2012,60360.0,60390.0,Sleep stage W,W,2.383546275041099e-10,3.0121367949455054e-11,4.788955594320529e-12,3.0937739245011502e-12,0.8624827297489014,0.1089937289024066,0.017328765700446166,0.011194775648245866,0.6387313359818259,0.5859375
SC4011,2013,60390.0,60420.0,Sleep stage W,W,4.925404289676096e-10,3.1058888009469174e-11,3.521311842329146e-12,2.7808210394323533e-12,0.9294943976824686,0.058612574126269905,0.006645220244759065,0.0052478079465023775,0.6036965805452036,0.5859375
SC4011,2014,60420.0,60450.0,Sleep stage W,W,3.497163934402311e-10,3.041675360107439e-11,4.436705059924217e-12,2.870205489189648e-12,0.9026335470193749,0.07850699225641075,0.011451332852666623,0.007408127871547743,0.5898482467474067,1.07421875
SC4011,2015,60450.0,60480.0,Sleep stage W,W,3.7535118043388274e-10,3.419153702937312e-11,4.515883885190348e-12,3.588769839229228e-12,0.8987275063326416,0.08186699926337784,0.010812671638153505,0.008592822765826931,0.5844716776325412,0.5859375
SC4011,2016,60480.0,60510.0,Sleep stage W,W,2.776576531832628e-10,2.1798383365056694e-11,4.232167994439265e-12,3.063336778090018e-12,0.9051548754659555,0.07106201739425501,0.013796729353716926,0.009986377786072476,0.5948131921076298,0.5859375
SC4011,2017,60510.0,60540.0,Sleep stage W,W,7.659511542651314e-10,5.588806697330747e-11,6.705677464646823e-12,4.834895652836616e-12,0.9190901428766903,0.06706194144831717,0.008046364346797376,0.005801551328195167,0.6052567467018095,1.26953125
SC4011,2018,60540.0,60570.0,Sleep stage W,W,6.780518963715232e-10,5.291532447619525e-11,5.737847896458086e-12,3.457734880331647e-12,0.9160848033043087,0.07149146676524928,0.007752142999297427,0.004671586931144665,0.5681230298622776,1.171875
SC4011,2019,60570.0,60600.0,Sleep stage W,W,5.160886504051766e-10,4.455227129721658e-11,5.5135357387924155e-12,3.680528671166876e-12,0.9056808777680442,0.07818451373294999,0.009675670804995694,0.006458937694010242,0.5880052119205749,0.5859375
SC4011,2020,60600.0,60630.0,Sleep stage W,W,5.561496662869212e-10,6.172558163882333e-11,7.419461944953353e-12,4.586558739199587e-12,0.8829436498632566,0.09799558220717888,0.011779143649290556,0.0072816242802739494,0.5838597023864768,0.5859375
SC4011,2021,60630.0,60660.0,Sleep stage W,W,5.457715391625123e-10,3.249793444441782e-11,5.4755853648528505e-12,3.831012685594147e-12,0.9288525613765266,0.055308471552884764,0.009318938651480231,0.006520028419108357,0.6017100097032383,0.5859375
SC4011,2022,60660.0,60690.0,Sleep stage W,W,2.9919646950972494e-10,3.460924680156059e-11,4.321449923749356e-12,3.0754479019458315e-12,0.8768879753940226,0.10143312321653611,0.012665348226243213,0.009013553163198067,0.6551889916079612,1.171875
SC4011,2023,60690.0,60720.0,Sleep stage W,W,4.2032874297254736e-10,3.409596681274426e-11,4.351060834884825e-12,3.371094600788493e-12,0.9095133486874931,0.07377734088154433,0.009414887695504469,0.007294422735458091,0.6407613128424363,0.5859375
SC4011,2024,60720.0,60750.0,Sleep stage W,W,3.1369750938556366e-10,3.356051184202222e-11,4.5724338765302764e-12,2.948149865490258e-12,0.8842063895381681,0.09459564745990622,0.012888133084919236,0.008309829917006477,0.6055413959870641,0.5859375
SC4011,2025,60750.0,60780.0,Sleep stage W,W,1.2513779541536496e-10,1.6651762699238517e-11,3.362726564063943e-12,3.0189757936069785e-12,0.8445483625941117,0.11238186572864022,0.02269486372286866,0.020374907954379486,0.6543307842240051,0.9765625
SC4011,2026,60780.0,60810.0,Sleep stage W,W,6.202780136776434e-10,4.714851280871103e-11,6.946589258719278e-12,3.8107778652178275e-12,0.9146162560358254,0.06952172302075375,0.01024292868670077,0.005619092256720026,0.6071958910922137,0.68359375
SC4011,2027,60810.0,60840.0,Sleep stage W,W,5.548228733556191e-10,5.787742897959641e-11,7.522545492437695e-12,4.26256537386858e-12,0.888448091223193,0.0926801935739039,0.012045990720379188,0.006825724482523738,0.619161129385029,0.5859375
SC4011,2028,60840.0,60870.0,Sleep stage W,W,6.477855344451419e-10,4.188518081723496e-11,7.311462145636303e-12,4.242206712620468e-12,0.9237920829828151,0.05973149503316378,0.01042670835642032,0.006049713627600647,0.5629622780301581,0.5859375
SC4011,2029,60870.0,60900.0,Sleep stage W,W,2.312856639292011e-10,3.0066490506664374e-11,4.130544392168792e-12,3.5667148575431475e-12,0.8596400964452254,0.11175081221994915,0.01535236347697796,0.013256727857847565,0.6643319873334,0.5859375
SC4011,2030,60900.0,60930.0,Sleep stage W,W,4.6018119620337243e-10,3.443734025187119e-11,5.415447278216018e-12,3.5788100227036014e-12,0.9137599399950523,0.06838059056248856,0.010753196394843857,0.007106273047615172,0.5762502435931486,0.5859375
SC4011,2031,60930.0,60960.0,Sleep stage W,W,7.482560248990943e-10,4.283636372298204e-11,5.516925012170304e-12,3.142556265921428e-12,0.9356102224462423,0.05356206760520516,0.006898295858763012,0.003929414089789761,0.5957318882396072,0.5859375
SC4011,2032,60960.0,60990.0,Sleep stage W,W,5.04710156837312e-10,3.426154366249822e-11,6.020544431222225e-12,3.4716101665039513e-12,0.9202250105388561,0.06246818882240708,0.010977103368373396,0.00632969727036356,0.642119620808762,0.5859375
SC4011,2033,60990.0,61020.0,Sleep stage W,W,3.021567959701945e-10,3.021235321909835e-11,5.871515836342134e-12,3.960655429371024e-12,0.8829796318974849,0.08828824266056796,0.017158074751246154,0.011574050690700903,0.6295137292520822,0.5859375
SC4011,2034,61020.0,61050.0,Sleep stage W,W,3.553501486802862e-10,2.995558455322291e-11,3.9658254358187155e-12,3.1705100604163906e-12,0.9054843427731459,0.07633122679783819,0.010105505377278466,0.008078925051737426,0.5908593837893339,0.5859375
SC4011,2035,61050.0,61080.0,Sleep stage W,W,4.872759560670631e-10,3.253236132713668e-11,5.184372806966558e-12,3.390684045464792e-12,0.922201529830156,0.06156961576151277,0.009811763692145755,0.006417090716185437,0.5468081642103821,0.5859375
SC4011,2036,61080.0,61110.0,Sleep stage W,W,2.415338185314081e-10,1.4370015271502342e-11,3.19371950413628e-12,2.960448710606437e-12,0.9216807602583246,0.05483524700968425,0.01218707110466766,0.011296921627323599,0.5889301719929579,1.07421875
SC4011,2037,61110.0,61140.0,Sleep stage W,W,2.5064388275967474e-10,2.944883128851168e-11,4.4587238907287336e-12,3.280946800431433e-12,0.8707980618186908,0.10231243199120824,0.015490695721283886,0.011398810468817022,0.6582295855250837,1.171875
SC4011,2038,61140.0,61170.0,Sleep stage W,W,5.829312695086369e-10,4.2606843613961e-11,5.877249813097707e-12,4.062276862404801e-12,0.917312007537892,0.06704695955548924,0.00924855485861782,0.006392478048000934,0.5861467082941602,0.68359375
SC4011,2039,61170.0,61200.0,Sleep stage W,W,4.994985241124127e-10,4.474076964332437e-11,6.225472142376203e-12,4.279971718300892e-12,0.9004114689913431,0.08065109339398724,0.011222228387646084,0.007715209227023505,0.617262129274432,0.9765625
SC4011,2040,61200.0,61230.0,Sleep stage W,W,3.032375486917704e-10,2.9792013142126373e-11,3.3002142098999703e-12,2.850579482063305e-12,0.894030399318485,0.08783531432985643,0.009729968602643182,0.008404317749015299,0.6512241830748414,1.07421875
SC4011,2041,61230.0,61260.0,Sleep stage W,W,3.850115310391506e-10,2.7549741622069645e-11,3.761114235133768e-12,2.7617173636432627e-12,0.9186975290293802,0.0657379779906373,0.008974604851155117,0.006589888128827501,0.6304190715328172,0.5859375
SC4011,2042,61260.0,61290.0,Sleep stage W,W,3.8709060510415606e-10,1.97471084636468e-11,4.783973857363851e-12,2.957402752014777e-12,0.9336954377962539,0.04763170389323625,0.011539351527158043,0.0071335067833518855,0.6215328537679488,0.5859375
SC4011,2043,61290.0,61320.0,Sleep stage W,W,6.367593952886566e-10,4.5084426335331185e-11,6.824108170135536e-12,3.722410778678507e-12,0.9196537819431121,0.06511417576685669,0.009855868532900207,0.00537617375713102,0.6004913909469806,0.5859375
SC4011,2044,61320.0,61350.0,Sleep stage W,W,2.545411660538958e-10,3.225604765102305e-11,4.747533653946535e-12,3.0762688289442067e-12,0.8639613336057315,0.10948318646237057,0.01611403597535678,0.010441443956541115,0.6408915661770817,0.5859375
SC4011,2045,61350.0,61380.0,Sleep stage W,W,7.305778834138287e-10,3.1573544215357957e-11,5.713224870209891e-12,4.009241096054178e-12,0.9464990194327445,0.040905055187559,0.007401759429376772,0.005194165950319695,0.5987187734128128,1.07421875
SC4011,2046,61380.0,61410.0,Sleep stage W,W,6.505034767782847e-10,3.3587805735236014e-11,7.980631159196446e-12,3.5069032554113006e-12,0.9351973650535979,0.04828756270003908,0.011473367165551642,0.005041705080811361,0.614316948983322,0.5859375
SC4011,2047,61410.0,61440.0,Sleep stage W,W,4.136214228842125e-10,2.4544494196802436e-11,5.034777554587154e-12,3.429720336659779e-12,0.9260932731370313,0.05495482030333017,0.01127280495418083,0.007679101605457799,0.6198477415025189,0.5859375
SC4011,2048,61440.0,61470.0,Sleep stage W,W,6.301057927242722e-11,1.507590368534372e-11,2.9093431494348616e-12,3.2575598465556716e-12,0.7478699942932576,0.17893528568237516,0.034530875127458005,0.03866384489690932,0.7283019824862283,0.9765625
SC4011,2049,61470.0,61500.0,Sleep stage W,W,2.620498334728553e-10,2.797937915040547e-11,4.709952423292402e-12,3.7537617860133365e-12,0.8779096920438815,0.09373548461367706,0.015779108983491434,0.01257571435895006,0.6634407596160163,1.07421875
SC4011,2050,61500.0,61530.0,Sleep stage W,W,6.390651156589135e-10,2.3437874463188553e-11,4.5116685736075055e-12,2.6644391895667207e-12,0.9542855939164951,0.0349986650878026,0.0067370604635183145,0.003978680532184043,0.5456304069312182,0.5859375
SC4011,2051,61530.0,61560.0,Sleep stage W,W,4.889091822485479e-10,3.076529027499584e-11,5.264798422083071e-12,3.590399359038385e-12,0.9250363976098473,0.05820920187368387,0.009961216404460764,0.006793184112007822,0.5567182000948557,0.5859375
SC4011,2052,61560.0,61590.0,Sleep stage W,W,7.186175404515873e-10,5.2681334142333634e-11,6.360174893182472e-12,3.829997142920503e-12,0.9195490884362945,0.06741148115832041,0.008138533637303217,0.004900896768081918,0.6080584869279453,0.5859375
SC4011,2053,61590.0,61620.0,Sleep stage W,W,2.852894191581655e-10,3.36638755630667e-11,4.329477847579601e-12,3.096586905612336e-12,0.8741037411727669,0.1031433961304305,0.013265170489186125,0.009487692207616432,0.6524203454129148,0.9765625
SC4011,2054,61620.0,61650.0,Sleep stage W,W,2.5095653230572716e-10,2.3616779634096557e-11,4.843702378408177e-12,3.370056865786815e-12,0.8874399075423841,0.0835143542284801,0.017128443525115132,0.011917294704020644,0.649933114924552,0.5859375
SC4011,2055,61650.0,61680.0,Sleep stage W,W,6.908634164522405e-10,3.582946415596126e-11,6.43595410316826e-12,4.38878269662929e-12,0.9367415776185458,0.04858116377190238,0.008726508969083852,0.005950749640467757,0.5792349031822493,0.5859375
SC4011,2056,61680.0,61710.0,Sleep stage W,W,1.0869941688812977e-09,3.24379176310018e-11,5.789186049042596e-12,4.545343498876665e-12,0.9621404575326544,0.028712051825465507,0.005124231825180804,0.004023258816699173,0.5078243211345669,0.5859375
SC4011,2057,61710.0,61740.0,Sleep stage W,W,4.0561848201377983e-10,4.2309113977352247e-11,6.320552555140127e-12,4.073782460606936e-12,0.885007795988911,0.0923130906793051,0.013790639564758813,0.008888473767025106,0.6399200952510876,0.5859375
SC4011,2058,61740.0,61770.0,Sleep stage W,W,1.383791980896156e-10,1.5309491874168588e-11,3.2253740047140994e-12,3.5154937409615797e-12,0.8625542578645153,0.09542812492130838,0.020104611960317785,0.02191300525385844,0.6722007637684533,0.5859375
SC4011,2059,61770.0,61800.0,Sleep stage W,W,8.737028621149417e-10,3.802336880036747e-11,5.127355827422254e-12,3.513677080190368e-12,0.9492980644333758,0.041313256452027776,0.005570988918189897,0.003817690196406636,0.5797613972775193,0.5859375
SC4011,2060,61800.0,61830.0,Sleep stage W,W,8.745820787717489e-10,2.4930464013291617e-11,4.317622330377582e-12,2.9849349654005774e-12,0.9644546927965832,0.027492334447308742,0.004761303963721799,0.0032916687923861755,0.5788433443246283,1.07421875
SC4011,2061,61830.0,61860.0,Sleep stage W,W,4.605155184968076e-10,1.940847542116705e-11,2.7078233838058453e-12,2.807043536848775e-12,0.9486581228812936,0.039981297310309194,0.0055780935607995874,0.005782486247597509,0.5793494883924764,0.5859375
SC4011,2062,61860.0,61890.0,Sleep stage W,W,6.604531222908962e-10,3.022541069678423e-11,6.2902126246846075e-12,4.840193852936638e-12,0.9410725414727349,0.04306786220165925,0.008962856229042953,0.00689674009656291,0.5810848294469804,1.171875
SC4011,2063,61890.0,61920.0,Sleep stage W,W,2.2420334251781976e-10,2.062058827358282e-11,3.05099632067857e-12,2.854516278511333e-12,0.8942042844507506,0.08224238842767086,0.012168480412273131,0.011384846709305285,0.6224734304960432,0.5859375
SC4011,2064,61920.0,61950.0,Sleep stage W,W,4.2989255341921035e-10,1.946579132544759e-11,2.9406116841925216e-12,3.0431353214521444e-12,0.9441089703935209,0.042749817506706825,0.006458027354530348,0.006683184745241866,0.5831493489233708,1.171875
SC4011,2065,61950.0,61980.0,Sleep stage W,W,2.555346630183883e-10,2.3226869996157952e-11,5.787447786934162e-12,3.475193533791463e-12,0.8871986652097318,0.08064208516442418,0.020093618184275523,0.012065631441568499,0.6475871162610474,0.5859375
SC4011,2066,61980.0,62010.0,Sleep stage W,W,5.619533831764719e-10,4.585786911251894e-11,9.419491686987579e-12,4.70796687601947e-12,0.9035510627834185,0.07373374307204314,0.015145369668473853,0.007569824476064524,0.6351804039533993,0.5859375
SC4011,2067,62010.0,62040.0,Sleep stage W,W,6.740269012593678e-10,6.379372089325702e-11,9.116199217490811e-12,5.4725103346265824e-12,0.8958247497173081,0.08478592463588785,0.012116010306299812,0.007273315340504156,0.6187652234233634,0.5859375
SC4011,2068,62040.0,62070.0,Sleep stage W,W,8.28708775056788e-10,3.7483486264519634e-11,7.280462015689141e-12,5.07708203885234e-12,0.9432689757437954,0.04266518077308545,0.008286908688773216,0.0057789347943459305,0.5852715825958075,0.5859375
SC4011,2069,62070.0,62100.0,Sleep stage W,W,1.014542665528331e-09,4.8974699201060444e-11,6.1617445664798355e-12,4.1776526843465504e-12,0.9447653555372597,0.045606361048330046,0.005737957597917835,0.003890325816492376,0.6007174275852303,1.171875
SC4011,2070,62100.0,62130.0,Sleep stage W,W,3.0587874781422026e-10,2.995356794657512e-11,4.755606430917964e-12,2.599833566612241e-12,0.8912868908692112,0.08728040975817494,0.013857156472292338,0.007575542900321467,0.5826226778723003,0.5859375
SC4011,2071,62130.0,62160.0,Sleep stage W,W,6.978281722841461e-10,5.4264117152432055e-11,6.526853004318648e-12,3.910406077217532e-12,0.9151490242447553,0.07116329755074793,0.00855947552065728,0.005128202683839521,0.554966755340047,0.5859375
SC4011,2072,62160.0,62190.0,Sleep stage W,W,5.958908245660821e-10,4.10634967895091e-11,7.417302262460555e-12,3.662435116609587e-12,0.919536275191472,0.06336626329438437,0.011445852517294283,0.00565160899684931,0.615192316520305,1.26953125
SC4011,2073,62190.0,62220.0,Sleep stage W,W,9.369046327320312e-10,3.954790362723894e-11,6.46971555242462e-12,4.7596919899931985e-12,0.9485894103024008,0.040041132544157816,0.006550403793823534,0.004819053359617728,0.5904545933361132,0.5859375
SC4011,2074,62220.0,62250.0,Sleep stage W,W,2.743142967372455e-10,3.338942331075218e-11,5.0037803912572584e-12,3.293123711455682e-12,0.8680815029226536,0.10566252329561131,0.01583471679749214,0.010421256984242816,0.5810516079529591,0.5859375
SC4011,2075,62250.0,62280.0,Sleep stage W,W,9.107496634423839e-10,3.9110832571938476e-11,6.9616415095678466e-12,4.877045989804978e-12,0.9470213545516795,0.0406684681056314,0.007238897182102794,0.005071280160586229,0.5690511438636419,1.07421875
SC4011,2076,62280.0,62310.0,Sleep stage W,W,7.445849347912888e-10,3.886219857565815e-11,8.303463343259039e-12,4.234126189076314e-12,0.9354261625514925,0.048822794530662704,0.010431686820589514,0.005319356097255232,0.580662047460197,0.5859375
SC4011,2077,62310.0,62340.0,Sleep stage W,W,5.173105856648407e-10,3.256913234265907e-11,5.528424975072963e-12,3.808453861652727e-12,0.92506300525437,0.05824063972073325,0.009886017343317427,0.006810337681579225,0.5973194849796583,0.5859375
SC4011,2078,62340.0,62370.0,Sleep stage W,W,3.8378356366901e-10,3.658609597588952e-11,5.406130428638993e-12,2.818545687596475e-12,0.8954471201478988,0.08536299461568188,0.012613630133581483,0.006576255102837644,0.5996823090452358,0.5859375
SC4011,2079,62370.0,62400.0,Sleep stage W,W,4.614739190141249e-10,3.7393455046328386e-11,8.386178794934329e-12,4.9385338864778214e-12,0.9009782285970742,0.07300670200548011,0.01637311276767303,0.009641956629772658,0.5972749564029166,0.5859375
SC4011,2080,62400.0,62430.0,Sleep stage W,W,4.2172939177594206e-10,4.039713546678867e-11,6.806873022967321e-12,3.9614671861355535e-12,0.8918036984592501,0.08542519330875015,0.014394051387459033,0.008377056844540707,0.5932546243225051,0.5859375
SC4011,2081,62430.0,62460.0,Sleep stage W,W,3.6431456519903596e-10,2.5249561456104574e-11,4.438816131722641e-12,3.25853811651646e-12,0.9170649124364592,0.06355904780570878,0.011173537695194346,0.008202502062637652,0.5879981403494638,1.07421875
SC4011,2082,62460.0,62490.0,Sleep stage W,W,4.724845330452296e-10,3.022084391723647e-11,5.36083026651562e-12,4.204613835505263e-12,0.9223334877114758,0.058993881116317065,0.010464836266441915,0.008207794905765222,0.5599046629293757,1.26953125
SC4011,2083,62490.0,62520.0,Sleep stage W,W,3.3638012707575926e-10,3.7012301876755156e-11,6.4973481878406665e-12,4.185166481161465e-12,0.875818984451228,0.09636739519573717,0.016916875978880374,0.010896744374154495,0.6186929930589137,0.5859375
SC4011,2084,62520.0,62550.0,Sleep stage W,W,5.262538280861499e-10,4.380304600958376e-11,6.187512504251461e-12,4.652091078058589e-12,0.9059339285197404,0.07540594183781775,0.010651661254659613,0.00800846838778211,0.57700198627613,0.5859375
SC4011,2085,62550.0,62580.0,Sleep stage W,W,6.248427379792252e-10,3.435637515031326e-11,6.231934236150929e-12,3.815491131691952e-12,0.9336510568768076,0.051335902651736605,0.00931186622218938,0.005701174249266411,0.6256879142770082,1.171875
SC4011,2086,62580.0,62610.0,Sleep stage W,W,6.055313137527735e-10,3.746595672516559e-11,6.068254241469908e-12,4.35543787808461e-12,0.9267093472876229,0.05733816156774353,0.009286898628637881,0.006665592515995777,0.5730143043731512,0.5859375
SC4011,2087,62610.0,62640.0,Sleep stage W,W,7.459321338792368e-10,4.8819847983504644e-11,7.532032890917114e-12,4.337694656189035e-12,0.9247607957700351,0.06052384583006442,0.009337751269337655,0.005377607130562655,0.608329009129588,1.07421875
SC4011,2088,62640.0,62670.0,Sleep stage W,W,2.480085869558169e-10,2.6519784777606432e-11,4.101724155228738e-12,2.9745283650262093e-12,0.8806978493804953,0.09417382561770923,0.01456554261528666,0.010562782386508898,0.6220056630232551,0.5859375
SC4011,2089,62670.0,62700.0,Sleep stage W,W,6.17895788488341e-10,5.115854762545583e-11,5.8788797324094165e-12,3.999203539505312e-12,0.9100991068410085,0.07535145791350391,0.008659005763384438,0.005890429482103292,0.5721664930216698,1.07421875
SC4011,2090,62700.0,62730.0,Sleep stage W,W,1.0118881019845032e-09,4.5698628898030006e-11,8.832010464233375e-12,5.4673401429346635e-12,0.9440257873095869,0.0426338485844674,0.008239691341041295,0.005100672764904443,0.5835290790812672,1.07421875
SC4011,2091,62730.0,62760.0,Sleep stage W,W,6.884585594780775e-10,4.308020289037416e-11,6.428379525186129e-12,3.0915929388332046e-12,0.9290202343188294,0.05813331773238349,0.008674588427379342,0.0041718595214077225,0.608487411124879,1.171875
SC4011,2092,62760.0,62790.0,Sleep stage W,W,1.1716849672386925e-09,6.341936700453581e-11,9.439166325082062e-12,4.934164178422348e-12,0.9377398254463325,0.0507567032159721,0.007554489841157237,0.003948981496537991,0.5990970586634283,1.26953125
SC4011,2093,62790.0,62820.0,Sleep stage W,W,4.901792465716717e-10,2.618555186276199e-11,4.289994421124936e-12,3.081610311711615e-12,0.9359273932599238,0.04999757837035224,0.008191132782028144,0.005883895587695886,0.5497415460179401,0.5859375
SC4011,2094,62820.0,62850.0,Sleep stage W,W,6.186646697662208e-10,3.358733797951386e-11,5.339789255137707e-12,3.211544100087109e-12,0.9362311466759055,0.05082803897987902,0.008080754020161465,0.004860060324054021,0.5699895657665337,0.5859375
SC4011,2095,62850.0,62880.0,Sleep stage W,W,5.98362528275727e-10,2.8631082198465687e-11,4.328861946725811e-12,2.974367070899596e-12,0.9433478003061142,0.04513830184209045,0.006824662645637618,0.0046892352061577046,0.5542555685874486,0.5859375
SC4011,2096,62880.0,62910.0,Sleep stage W,W,4.084614241831325e-10,3.019387621250534e-11,4.86930224013863e-12,3.2143703956450043e-12,0.9143178653329699,0.06758728930144549,0.010899658489827229,0.007195186875757358,0.6144955242247763,1.26953125
SC4011,2097,62910.0,62940.0,Sleep stage W,W,5.503928883790122e-10,2.75844123641612e-11,4.48397170302974e-12,3.309823831544297e-12,0.9396040396606383,0.04709077067722348,0.007654818975403379,0.005650370686734808,0.5681043273484964,0.5859375
SC4011,2098,62940.0,62970.0,Sleep stage W,W,3.5865285564705164e-10,2.4069353159430567e-11,3.5707644554048754e-12,2.574589108525719e-12,0.9223007788585349,0.06189601676393746,0.009182469305587313,0.006620735071940287,0.5600850862481089,0.5859375
SC4011,2099,62970.0,63000.0,Sleep stage W,W,4.703220623967518e-10,4.077676738043605e-11,5.446746416603982e-12,5.312477491561682e-12,0.9012451931619041,0.07813766040874745,0.0104372182783022,0.010179928151046147,0.6115419743090087,0.5859375
SC4011,2100,63000.0,63030.0,Sleep stage W,W,3.2235576877989705e-10,2.8708826329339432e-11,4.906105769561339e-12,5.013541676199724e-12,0.8929912466491795,0.0795293061163619,0.013590913926980822,0.01388853330747779,0.6093438459280344,0.5859375
SC4011,2101,63030.0,63060.0,Sleep stage W,W,3.239005418445931e-10,2.2882870995531256e-11,3.622951933376008e-12,3.848887016288423e-12,0.9143140156939499,0.06459430278004659,0.01022695334810683,0.010864728177896741,0.6287127426185507,1.26953125
SC4011,2102,63060.0,63090.0,Sleep stage W,W,7.552816661974525e-11,1.0690521261694776e-11,2.4127758581986743e-12,2.969068148999656e-12,0.8245385159069515,0.11670806971614073,0.026340194848780592,0.03241321952812726,0.6367193530167569,1.07421875
SC4011,2103,63090.0,63120.0,Sleep stage W,W,9.737671691824164e-10,7.496035416632555e-11,8.476148967870967e-12,5.3321235174247015e-12,0.9164558718871753,0.07054854477395317,0.007977283213519986,0.005018300125351778,0.6064081091654021,1.171875
SC4011,2104,63120.0,63150.0,Sleep stage W,W,5.016976195658715e-10,4.7622101577917397e-11,9.49035262693374e-12,5.1064331283511016e-12,0.8896664903899723,0.08444885190502237,0.016829357734392876,0.009055299970612527,0.6257616946895262,0.5859375
SC4011,2105,63150.0,63180.0,Sleep stage W,W,4.871466383414435e-10,2.949746548855689e-11,7.365584326623162e-12,4.5497806793656816e-12,0.9216496289703285,0.05580727851402825,0.013935204571859983,0.008607887943783045,0.5930564008705803,0.5859375
SC4011,2106,63180.0,63210.0,Sleep stage W,W,8.078835454071873e-10,5.506280095742973e-11,1.0596176243626672e-11,5.940449465463525e-12,0.9185891837135883,0.06260814899872223,0.01204818806058548,0.00675447922710398,0.6127401082497713,0.5859375
SC4011,2107,63210.0,63240.0,Sleep stage W,W,4.393528999691584e-10,3.6870753318632576e-11,8.060320536608707e-12,3.687736265922486e-12,0.9003655148119867,0.0755592026263324,0.016518007847456495,0.007557274714224513,0.5937269471349864,1.171875
SC4011,2108,63240.0,63270.0,Sleep stage W,W,7.817579174464235e-10,5.4537265016998954e-11,9.203120511329703e-12,1.1949696737052044e-11,0.9117263294207686,0.0636041661247439,0.010733152931049992,0.013936351523437505,0.6085289796926466,0.5859375
SC4011,2109,63270.0,63300.0,Sleep stage W,W,6.68431031951133e-10,4.624990418491213e-11,6.63998143451446e-12,4.9785954139453325e-12,0.920324218867256,0.06367883133345682,0.009142208298102106,0.0068547415011849895,0.642737482217954,1.07421875
SC4011,2110,63300.0,63330.0,Sleep stage W,W,8.969109061651034e-10,6.049818897021199e-11,8.889784177366029e-12,6.910023930658453e-12,0.9216016244570268,0.06216362054292171,0.009134507655796938,0.007100247344254597,0.613054668860029,1.07421875
SC4011,2111,63330.0,63360.0,Sleep stage W,W,1.466801148236611e-09,1.0568353875210657e-10,1.4843633304212964e-11,6.992874593374429e-12,0.920016087687533,0.0662874827801829,0.009310315482114319,0.004386114050169864,0.6216388676005687,1.26953125
SC4011,2112,63360.0,63390.0,Sleep stage W,W,1.65464726752399e-09,7.885705612666103e-11,1.1238363795854409e-11,6.663975346580181e-12,0.9447533246705896,0.045024983518620616,0.006416764326984937,0.0038049274838047563,0.5773658441122931,1.07421875
SC4011,2113,63390.0,63420.0,Sleep stage W,W,8.295524141360644e-10,4.5490300317778275e-11,7.965368486954324e-12,8.132162026962322e-12,0.9308887336426792,0.0510472965110268,0.008938400585019594,0.009125569261274398,0.5713614965207454,1.07421875
SC4011,2114,63420.0,63450.0,Sleep stage W,W,6.623093721397266e-10,5.3760856710671125e-11,7.369218528805792e-12,7.196007024507663e-12,0.9064840313289381,0.0735809580367909,0.010086040150925861,0.009848970483345206,0.6306628789308953,1.07421875
SC4011,2115,63450.0,63480.0,Sleep stage W,W,3.766262678524663e-10,3.087035409288548e-11,6.9865924981237975e-12,4.9439104835342235e-12,0.8979540079054452,0.07360123429846759,0.01665746462949822,0.011787293166589025,0.6309386220636108,0.5859375
SC4011,2116,63480.0,63510.0,Sleep stage W,W,4.3063345114233395e-10,4.086564751741849e-11,6.324207302218807e-12,5.095370940277108e-12,0.8917307856152807,0.08462221378464194,0.013095801849674458,0.010551198750402656,0.6357523268240224,0.9765625
SC4011,2117,63510.0,63540.0,Sleep stage W,W,1.827461711944803e-10,2.1673295275956522e-11,6.667787269773398e-12,4.865518091504803e-12,0.8462321166078315,0.100361273866148,0.030876136542342638,0.02253047298367785,0.6616250271367753,0.5859375
SC4011,2118,63540.0,63570.0,Sleep stage W,W,3.140526228119021e-10,3.016300509491754e-11,6.523699774315712e-12,5.297366743438117e-12,0.8820793691489413,0.08471881007564962,0.018323110725593374,0.014878710049815854,0.6512630254129919,0.5859375
SC4011,2119,63570.0,63600.0,Sleep stage W,W,5.249102879097574e-10,3.5374430609050934e-11,5.621008079993497e-12,4.556591491827302e-12,0.9201489235374265,0.06201010914700067,0.009853425724607614,0.007987541590965168,0.6210838080518685,0.5859375
SC4011,2120,63600.0,63630.0,Sleep stage W,W,7.861426907703466e-10,3.859527790295277e-11,6.797362992260063e-12,5.7540385522640026e-12,0.9389139749449217,0.04609550685315889,0.008118296056346336,0.006872222145573247,0.5745085196933578,0.5859375
SC4011,2121,63630.0,63660.0,Sleep stage W,W,6.307853577658845e-10,3.44869787055148e-11,6.52113594274622e-12,5.707673019112538e-12,0.9310469244483727,0.05090320354139118,0.009625276631194463,0.008424595379041779,0.6034962793596295,0.5859375
SC4011,2122,63660.0,63690.0,Sleep stage W,W,5.634520193329199e-10,3.3476522196628204e-11,6.492621179949961e-12,5.682917879835998e-12,0.925050475425737,0.05496026584526941,0.010659296804690709,0.009329961924302877,0.6042896234747437,0.5859375
SC4011,2123,63690.0,63720.0,Sleep stage W,W,4.932864413153437e-10,2.8582800897772236e-11,5.242262859500886e-12,4.864899199483748e-12,0.9272712799927731,0.05372945241223974,0.009854314622607814,0.009144952972379206,0.6207316993100451,0.5859375
SC4011,2124,63720.0,63750.0,Sleep stage W,W,5.183016599906968e-10,3.5188962695842444e-11,4.933788803569513e-12,4.789453566114074e-12,0.9202572808447415,0.062478864387206984,0.00876006275711447,0.008503792010937029,0.6295293129276252,1.26953125
SC4011,2125,63750.0,63780.0,Sleep stage W,W,1.18801867968048e-09,6.231101644476065e-11,1.2126913488695037e-11,9.510543220936736e-12,0.9340010683709137,0.04898791317518394,0.009533983217779964,0.007477035236122485,0.5509919606001672,0.5859375
SC4011,2126,63780.0,63810.0,Sleep stage W,W,7.923712628913315e-10,5.256043769829504e-11,1.1345994383558266e-11,9.80720718042816e-12,0.9148886684446471,0.060687396313684576,0.013100325794093898,0.011323609447574351,0.6287157159369456,1.26953125
SC4011,2127,63810.0,63840.0,Sleep stage W,W,4.2181039902106e-10,3.387352806545348e-11,6.71516933030085e-12,4.983325744273889e-12,0.9024952138137506,0.07247497222687295,0.014367612070756047,0.010662201888620307,0.6353096199257753,0.5859375
SC4011,2128,63840.0,63870.0,Sleep stage W,W,3.315493359302521e-10,3.318793577191689e-11,7.066579508043566e-12,5.3888031062598314e-12,0.878992027379397,0.08798669696274501,0.018734668947488466,0.01428660671036959,0.6282488437012798,0.5859375
SC4011,2129,63870.0,63900.0,Sleep stage W,W,4.154322852732698e-10,4.130206164107566e-11,5.2897846442105e-12,5.065942442774373e-12,0.8894050813678533,0.08842419040777567,0.011324977640598363,0.010845750583772726,0.6084521655310428,0.5859375
SC4011,2130,63900.0,63930.0,Sleep stage W,W,4.3065698910134015e-10,2.745443482160016e-11,5.510160569662056e-12,4.255427016189888e-12,0.9204491319472474,0.05867874280265689,0.011776942303476498,0.009095182946619127,0.5756072306353623,0.5859375
SC4011,2131,63930.0,63960.0,Sleep stage W,W,3.705424309281061e-10,2.6538068308863915e-11,4.978820774917502e-12,9.255439030239354e-12,0.9008731701994558,0.06452009738397421,0.012104648971294442,0.022502083445275572,0.6311818501144111,0.5859375
SC4011,2132,63960.0,63990.0,Sleep stage W,W,3.495980074045423e-10,3.653545101591669e-11,5.818670230808884e-12,4.788385202498736e-12,0.8811754665756155,0.09208903487326524,0.014666186153485625,0.012069312397633461,0.6512448614251762,0.5859375
SC4011,2133,63990.0,64020.0,Sleep stage W,W,3.9982030982785395e-10,2.992024695011342e-11,5.295367833018142e-12,4.653124851275545e-12,0.9093251476624981,0.06804865162483767,0.012043438060361903,0.010582762652302367,0.5553273547532278,0.5859375
SC4011,2134,64020.0,64050.0,Sleep stage W,W,4.4494211240220907e-10,4.0460166979303516e-11,6.156519384602428e-12,4.5833543216494204e-12,0.8968036874776523,0.08154954528152411,0.01240878112510101,0.00923798611572247,0.6359809725820229,0.5859375
SC4011,2135,64050.0,64080.0,Sleep stage W,W,8.35359038093838e-10,5.851985567336631e-11,7.0421615435913266e-12,5.521227445299923e-12,0.9215799549353276,0.06455993590174651,0.007769012630544093,0.0060910965323818286,0.594136051421323,0.5859375
SC4011,2136,64080.0,64110.0,Sleep stage W,W,4.696162824084829e-10,3.193765826941207e-11,5.2103535578324055e-12,4.023106549547918e-12,0.9193967621098393,0.06252632351602976,0.01020063053595704,0.0078762838381739,0.5682787196734668,1.171875
SC4011,2137,64110.0,64140.0,Sleep stage W,W,4.200245022206815e-10,4.339220917120046e-11,1.006170760247214e-11,6.324270114800563e-12,0.8754108965094322,0.09043761145183737,0.02097051106810931,0.013180980970621021,0.664833303738781,0.5859375
SC4011,2138,64140.0,64170.0,Sleep stage W,W,3.462280225497585e-10,5.39669615451951e-11,8.252442038238319e-12,6.290368710402421e-12,0.83481184221546,0.13012308551610804,0.019897974433100495,0.015167097835331454,0.6498673057696603,0.5859375
SC4011,2139,64170.0,64200.0,Sleep stage W,W,5.071849262373983e-10,4.714095622589443e-11,7.683689605169166e-12,5.522035761189468e-12,0.8936681574035494,0.08306313793899586,0.013538787089855762,0.009729917567599066,0.6080925776509101,0.5859375
SC4011,2140,64200.0,64230.0,Sleep stage W,W,5.102090115876174e-10,3.841242673052451e-11,7.451118953904629e-12,5.685495628630607e-12,0.9082362218985867,0.06837895163617014,0.013263929044595361,0.010120897420647822,0.6245642902684031,0.5859375
SC4011,2141,64230.0,64260.0,Sleep stage W,W,5.738060135111724e-10,2.7643939858800813e-11,4.824895285074203e-12,4.1588650445100305e-12,0.9399972521727193,0.04528573576197755,0.007904044578129108,0.0068129674871741045,0.5563774915920587,0.5859375
SC4011,2142,64260.0,64290.0,Sleep stage W,W,4.644653898916251e-10,2.4259989005186153e-11,4.702016745743106e-12,3.9775334325904596e-12,0.9337772159902673,0.0487731174081733,0.009453096402735395,0.007996570198823981,0.6128490661732185,1.07421875
SC4011,2143,64290.0,64320.0,Sleep stage W,W,7.594896950456537e-10,3.5673113902080355e-11,5.468543379687066e-12,5.309636047396521e-12,0.9423639025695503,0.044262687239688965,0.006785290062879665,0.006588120127881096,0.5648013480241793,1.171875
SC4011,2144,64320.0,64350.0,Sleep stage W,W,3.6269409464766253e-10,2.5955069847008255e-11,5.146008940721358e-12,4.566805128446885e-12,0.9104636339924681,0.06515448572823287,0.012917921934401406,0.011463958344897711,0.6295686475857352,0.5859375
SC4011,2145,64350.0,64380.0,Sleep stage W,W,3.008707808975497e-10,5.1664061868853026e-11,5.6022446734849844e-12,6.425757009666208e-12,0.825291950285906,0.1417151052429919,0.015367020415763159,0.017625924055339012,0.6619797580668978,0.5859375
SC4011,2146,64380.0,64410.0,Sleep stage W,W,4.6150448682901796e-10,3.7083330018933976e-11,9.994813859986441e-12,1.2104820404449667e-11,0.8863368722312539,0.0712199419050906,0.019195419130293396,0.023247766733362075,0.6721899268571432,0.5859375
SC4011,2147,64410.0,64440.0,Sleep stage W,W,5.292191021441166e-10,5.65430451948281e-11,7.077037448196858e-12,9.655171969505113e-12,0.8783801810078586,0.09384825693507098,0.011746230265614492,0.016025331791455984,0.6698827946552519,0.5859375
SC4011,2148,64440.0,64470.0,Sleep stage W,W,4.891950613858433e-10,2.9979149917005515e-11,6.5795100649315565e-12,3.97947814808816e-12,0.92347442416848,0.05659292252100477,0.012420422338914518,0.0075122309716005465,0.5742997126042594,1.07421875
SC4011,2149,64470.0,64500.0,Sleep stage W,W,3.0108860081066457e-10,2.937116821001993e-11,7.548327594667226e-12,5.16804140522933e-12,0.8773587888345769,0.08558627758745416,0.02199549082347484,0.01505944275449417,0.6529295870036466,1.07421875
SC4011,2150,64500.0,64530.0,Sleep stage W,W,2.2601789000461142e-10,3.603506613630105e-11,7.319021097831597e-12,4.0676455474562215e-12,0.8265732950536309,0.1317843616412407,0.026766497931992348,0.01487584537313626,0.6757211789746436,0.5859375
SC4011,2151,64530.0,64560.0,Sleep stage W,W,4.799473637812378e-10,7.265741373501812e-11,1.0459973146663515e-11,4.928164058579884e-12,0.8449882935891333,0.12791957760713232,0.0184156753993882,0.008676453404346219,0.6364925816005303,0.5859375
SC4011,2152,64560.0,64590.0,Sleep stage W,W,3.6090345895514435e-10,2.8030664941870543e-11,4.920731797751888e-12,3.2579285621882935e-12,0.9088185353449081,0.07058615600683628,0.012391270170158735,0.008204038478097005,0.6378361365035028,0.5859375
SC4011,2153,64590.0,64620.0,Sleep stage W,W,5.08488595291334e-10,4.3504731084909976e-11,7.78091756291952e-12,7.518062613568392e-12,0.8963431892480074,0.07668838548027454,0.01371588768795731,0.013252537583760729,0.6203708391404948,0.5859375
SC4011,2154,64620.0,64650.0,Sleep stage W,W,2.512185269767688e-10,2.3736718094826786e-11,4.2637596310358955e-12,3.287211174562928e-12,0.8892495557902118,0.08402193212323919,0.01509262236158851,0.01163588972496053,0.6110725693562555,0.5859375
SC4011,2155,64650.0,64680.0,Sleep stage W,W,5.338812673519193e-10,4.1786302953794354e-11,7.996867592785527e-12,5.4308930150657146e-12,0.9062731264971666,0.07093300652882863,0.013574827660548664,0.009219039313456322,0.5612470203745427,0.5859375
SC4011,2156,64680.0,64710.0,Sleep stage W,W,7.44439864231925e-11,1.0225575828720436e-11,3.42166956847694e-12,3.2528167543596223e-12,0.8149845292030472,0.1119457259478985,0.0374591407088431,0.035610604140211145,0.6671303442803603,0.5859375
SC4011,2157,64710.0,64740.0,Sleep stage W,W,1.3832404370352611e-10,1.656478498278182e-11,2.3033878216735577e-12,1.7053603602254776e-12,0.8705233045703084,0.1042481912516577,0.014496053791833694,0.010732450386200286,0.616483107756981,0.5859375
SC4011,2158,64740.0,64770.0,Sleep stage W,W,2.7765340824076004e-10,2.7940822715498123e-11,4.638601314285827e-12,2.8185527248242163e-12,0.8869259857926137,0.08925315157417854,0.014817379946600323,0.009003482686607243,0.6185331032918875,0.5859375
SC4011,2159,64770.0,64800.0,Sleep stage W,W,1.5269794508329259e-10,2.3847828830993534e-11,4.129663558485064e-12,3.839955127959638e-12,0.8275620962079442,0.1292457420210864,0.022381133087477207,0.020811028683492223,0.6591997545560763,0.5859375
SC4011,2160,64800.0,64830.0,Sleep stage W,W,6.818130044902134e-11,1.4325623727013151e-11,2.7476863116240927e-12,2.6778572936866043e-12,0.775382542641274,0.16291620249571026,0.031247687924061792,0.030453566938953916,0.7138326438984675,0.9765625
SC4011,2161,64830.0,64860.0,Sleep stage W,W,1.3271641061338696e-10,1.282417704192735e-11,3.008447882371094e-12,2.258917389256916e-12,0.880035886951402,0.08503647714215655,0.019948867576158345,0.014978768330283151,0.5837063263136782,0.5859375
SC4011,2162,64860.0,64890.0,Sleep stage W,W,1.386095929461656e-10,2.197375282217967e-11,4.076182453219882e-12,2.9047125970346225e-12,0.8272027030887834,0.13113628966915333,0.024326087912949393,0.017334919329113786,0.6563148840058504,0.5859375
SC4011,2163,64890.0,64920.0,Sleep stage W,W,1.2385966571107566e-10,2.1964231307448365e-11,3.5586387979118354e-12,2.8243922684018124e-12,0.8137583963460473,0.14430506931462317,0.023380268182853724,0.018556266156475754,0.6715610638806087,0.5859375
SC4011,2164,64920.0,64950.0,Sleep stage W,W,1.2777073604838665e-10,1.6517309869310174e-11,2.996836418750514e-12,2.8048903135756074e-12,0.8512954200171954,0.11004953620540812,0.019966959545861206,0.01868808423153527,0.6707870070314459,0.9765625
SC4011,2165,64950.0,64980.0,Sleep stage W,W,3.9417340582319217e-10,3.1255790692845315e-11,6.096652414197102e-12,3.967349151473881e-12,0.9051195462052573,0.07177101922721883,0.013999420521496253,0.009110014046027685,0.5894961096147544,0.9765625
SC4011,2166,64980.0,65010.0,Sleep stage W,W,2.943690500064e-10,2.7286854355316466e-11,4.431247108726338e-12,2.8844357727377076e-12,0.8948160309929689,0.08294593032785422,0.013469999478862887,0.008768039200313951,0.5691445070678455,0.5859375
SC4011,2167,65010.0,65040.0,Sleep stage W,W,2.991529312573148e-10,2.8510353421063092e-11,4.21493306620065e-12,2.616088542920907e-12,0.894343866649232,0.08523419647256508,0.012600911247134635,0.00782102563106819,0.6148749881063814,0.5859375
SC4011,2168,65040.0,65070.0,Sleep stage W,W,3.544796539473048e-10,2.0990427788751844e-11,3.854135430943604e-12,2.773618328931972e-12,0.9277196074330513,0.054934694308089865,0.010086776403591104,0.007258921855267876,0.583755306541357,0.5859375
SC4011,2169,65070.0,65100.0,Sleep stage W,W,4.72902380797069e-10,4.231826547318647e-11,5.966644593677541e-12,3.77258561938644e-12,0.9008352866223204,0.08061238081027156,0.011365905969133871,0.007186426598274151,0.5973319204152555,0.5859375
SC4011,2170,65100.0,65130.0,Sleep stage W,W,5.998625753541534e-10,3.693834513194668e-11,2.8520298291878525e-12,1.976433250435406e-12,0.9349050880752072,0.05756959715072497,0.004444980080772305,0.003080334693295661,0.5928707553323427,0.5859375
SC4011,2171,65130.0,65160.0,Sleep stage W,W,4.784355051745314e-10,2.1602036906278767e-11,3.699843503214897e-12,2.59344625473923e-12,0.9449069167624463,0.04266387813641519,0.00730716612650022,0.005122038974638396,0.560105246786186,0.5859375
SC4011,2172,65160.0,65190.0,Sleep stage W,W,5.209807747569799e-10,4.0034961934352185e-11,6.489372200320003e-12,5.008257450485172e-12,0.9099888411088008,0.06992843187250071,0.011334883308980977,0.008747843709717353,0.6012593250341877,0.5859375
SC4011,2173,65190.0,65220.0,Sleep stage W,W,3.5249809316407156e-10,3.6066118018327356e-11,5.332819026894797e-12,5.036564259664464e-12,0.8836009251948325,0.09040631954382505,0.01336768600296397,0.012625069258378462,0.6307038607459945,0.5859375
SC4011,2174,65220.0,65250.0,Sleep stage W,W,2.8857279925783404e-10,2.1757963649345826e-11,4.312311532157213e-12,3.9351522803381846e-12,0.9058145694048211,0.06829708317916902,0.013536115058960768,0.012352232357049377,0.6270184446217575,0.5859375
SC4011,2175,65250.0,65280.0,Sleep stage W,W,3.1418643460282175e-10,3.435758983562627e-11,4.664882463699425e-12,3.2229562132368152e-12,0.881476846252416,0.09639314940960825,0.013087725723862425,0.009042278614113348,0.6201469299337375,0.5859375
SC4011,2176,65280.0,65310.0,Sleep stage W,W,8.000705246975179e-10,5.546906652531821e-11,6.684985899044988e-12,3.745463284448746e-12,0.9239009288613602,0.06405425584849454,0.0077196503194362975,0.004325164970708804,0.5837413195425126,1.26953125
SC4011,2177,65310.0,65340.0,Sleep stage W,W,4.828100025310483e-10,3.2613880946538285e-11,5.972498039755645e-12,4.0221920664392855e-12,0.9189054723320719,0.06207218889139209,0.011367123927535252,0.0076552148490006125,0.5933986191613485,1.171875
SC4011,2178,65340.0,65370.0,Sleep stage W,W,4.879772206250256e-10,2.626894803882463e-11,4.383588131710383e-12,3.8854956483961144e-12,0.933900433226807,0.05027403107556589,0.008389397460087641,0.007436138237539507,0.5878111180133179,1.171875
SC4011,2179,65370.0,65400.0,Sleep stage W,W,2.995307964561499e-10,3.962133395108128e-11,7.553437932111776e-12,4.707739374854628e-12,0.8523604254047106,0.11274853023865869,0.02149445614693381,0.013396588209696959,0.614048016392046,0.5859375
SC4011,2180,65400.0,65430.0,Sleep stage W,W,6.748315840857779e-10,4.558503789559449e-11,7.1069815951187605e-12,5.2842918974699665e-12,0.9208847069658199,0.06220598628527504,0.00969828742159246,0.007211019327312547,0.5444004241005084,0.5859375
SC4011,2181,65430.0,65460.0,Sleep stage W,W,7.398186163651672e-10,4.8120892029847e-11,8.129732646242704e-12,4.442149704724221e-12,0.9241824974854442,0.060112688696414514,0.010155673910731943,0.0055491399074092725,0.5958156452056388,0.5859375
SC4011,2182,65460.0,65490.0,Sleep stage W,W,6.751141814617555e-10,7.324772005553278e-11,9.752083939311025e-12,5.920481943821667e-12,0.8836174417088654,0.09586965402850675,0.012763931936856035,0.00774897232577181,0.6190462833911435,1.07421875
SC4011,2183,65490.0,65520.0,Sleep stage W,W,2.586334078023175e-10,3.014138655033874e-11,4.652763528338944e-12,4.320943274390306e-12,0.8686304273529993,0.1012310269686594,0.01562648849711863,0.014512057181222695,0.634280275398582,0.5859375
SC4011,2184,65520.0,65550.0,Sleep stage W,W,4.1671496281573653e-10,4.019500746576541e-11,7.573265892562003e-12,4.852344504747036e-12,0.8878827431174767,0.08564236150097641,0.01613614267558537,0.01033875270596143,0.632509530124616,0.5859375
SC4011,2185,65550.0,65580.0,Sleep stage W,W,5.611614265716377e-10,5.598105872271312e-11,8.148214673131115e-12,4.159083241375467e-12,0.8915110331929991,0.08893649694710924,0.012944979711634058,0.006607490148257695,0.5969357616865167,0.5859375
SC4011,2186,65580.0,65610.0,Sleep stage W,W,3.4763741553402544e-10,3.428186582776735e-11,7.489202154712868e-12,4.358824969101487e-12,0.8828498660059084,0.08706122902790547,0.01901935989433874,0.01106954507184745,0.6447702746875555,0.5859375
SC4011,2187,65610.0,65640.0,Sleep stage W,W,5.620747960045774e-10,4.7286106080509625e-11,7.113214926049419e-12,8.40052136879442e-12,0.8995000940697958,0.07567294810220661,0.011383427153470908,0.013443530674526765,0.5821745239998397,0.5859375
SC4011,2188,65640.0,65670.0,Sleep stage W,W,9.549252793619162e-10,4.346713801033527e-11,6.805755345608338e-12,4.409183578990341e-12,0.9458382740637876,0.04305350762277412,0.006740992231446532,0.004367226081991749,0.5865594639667038,1.07421875
SC4011,2189,65670.0,65700.0,Sleep stage W,W,7.191064329275747e-10,4.6313512480332625e-11,7.96172403670289e-12,4.740334988684456e-12,0.9241564032767574,0.05951960260275983,0.010231973895278034,0.006092020225204705,0.6251888479005961,1.26953125
SC4011,2190,65700.0,65730.0,Sleep stage W,W,5.277485648498726e-10,5.065256716108126e-11,6.423293840175948e-12,3.921403927594241e-12,0.8963945698744451,0.08603469374911525,0.010910130510121996,0.0066606058663176825,0.6441781793568038,1.171875
SC4011,2191,65730.0,65760.0,Sleep stage W,W,4.82847411228603e-10,3.3759219841695774e-11,5.717290564156028e-12,4.241531209236463e-12,0.9169751046541488,0.06411210545504029,0.010857701608185796,0.008055088282625227,0.6290185637550499,0.5859375
SC4011,2192,65760.0,65790.0,Sleep stage W,W,5.946870581259307e-10,4.340429078266769e-11,7.793466109840469e-12,5.702019084493321e-12,0.9126750680048071,0.06661321025987926,0.011960748287018522,0.008750973448294942,0.6346705686503297,1.3671875
SC4011,2193,65790.0,65820.0,Sleep stage W,W,4.096245504177041e-10,4.129761314752733e-11,8.367224842296528e-12,8.530663340180093e-12,0.8756028068643189,0.08827670595402103,0.017885562645375684,0.018234924536284343,0.6593271175072536,0.9765625
SC4011,2194,65820.0,65850.0,Sleep stage W,W,6.008759088043596e-10,5.114229269977376e-11,6.651843500623451e-12,6.646165921635746e-12,0.9031433458801408,0.07686915163026428,0.00999801807228079,0.00998948441731423,0.6239673542486218,1.171875
SC4011,2195,65850.0,65880.0,Sleep stage W,W,7.111456065949239e-10,5.531952701707686e-11,7.1452326881373424e-12,4.7557904854035206e-12,0.9136389093942345,0.07107134159780627,0.009179783352407529,0.006109965655551818,0.571574612203867,0.5859375
SC4011,2196,65880.0,65910.0,Sleep stage W,W,2.5701176292421686e-10,2.6787912120145944e-11,5.153361834639182e-12,3.173382098787606e-12,0.8797963697482544,0.09169972443397059,0.01764086196884162,0.010863043848933357,0.6135402723019304,1.07421875
SC4011,2197,65910.0,65940.0,Sleep stage W,W,2.1249063911265377e-10,3.081896820580235e-11,3.73724710128635e-12,3.277588995258519e-12,0.8488609270984202,0.12311609599670237,0.01492961314644989,0.013093363758427538,0.6490784086371083,0.5859375
SC4011,2198,65940.0,65970.0,Sleep stage W,W,2.1415090652459882e-10,2.4978293915300203e-11,5.0700754827839206e-12,3.540029138661852e-12,0.8644203892941863,0.10082491314454572,0.02046536572599361,0.014289331835274489,0.6487995632095416,0.9765625
SC4011,2199,65970.0,66000.0,Sleep stage W,W,2.5089986044751063e-10,1.8829788629566087e-11,2.9296557907309176e-12,2.8397905528068014e-12,0.9107102876851656,0.0683479145396756,0.010633994228758199,0.010307803546400728,0.5941269571296547,0.5859375
SC4011,2200,66000.0,66030.0,Sleep stage W,W,3.4828566660368216e-10,2.3716636281067487e-11,4.730925902993228e-12,2.608860854122497e-12,0.918130827329223,0.06252044507757687,0.012471397274844104,0.006877330318355938,0.4134469938472736,0.5859375
SC4011,2201,66030.0,66060.0,Sleep stage W,W,3.5872018790254634e-10,3.2038871009321034e-11,5.388102218690363e-12,4.374840730522887e-12,0.8956316662647835,0.07999278656465315,0.013452699711011642,0.010922847459551754,0.6281361614995348,0.5859375
SC4011,2202,66060.0,66090.0,Sleep stage W,W,1.3732666120483942e-10,2.0140183515321085e-11,3.2658549994923202e-12,3.6661310901439084e-12,0.8353262643559868,0.1225080702588604,0.019865439330713924,0.022300226054438817,0.651583084653587,0.5859375
SC4011,2203,66090.0,66120.0,Sleep stage W,W,8.29582963724853e-10,2.7127234247699212e-11,4.599863620996379e-12,3.210998283639474e-12,0.9595867610705767,0.0313783382576624,0.005320707423425666,0.003714193248335236,0.5895309375690387,0.5859375
SC4011,2204,66120.0,66150.0,Sleep stage W,W,6.843887418025813e-10,5.758376296057052e-11,8.809264814663732e-12,6.7110794376999356e-12,0.903492016712838,0.07601888656164867,0.011629502279939405,0.008859594445574067,0.6075845960813605,1.26953125
SC4011,2205,66150.0,66180.0,Sleep stage W,W,8.424094121623856e-11,8.436292743498693e-12,2.026484254765223e-12,1.8497835218365453e-12,0.872479399517558,0.08737428049513814,0.020988200513938814,0.019158119473365078,0.6447506352431782,0.5859375
SC4011,2206,66180.0,66210.0,Sleep stage W,W,6.075706924144399e-10,3.7714106365460424e-11,5.0009769849184956e-12,3.3211023319052034e-12,0.9295659405905587,0.05770151390585475,0.007651353057178854,0.005081192446407717,0.5918251383000381,0.5859375
SC4011,2207,66210.0,66240.0,Sleep stage W,W,2.8155907521297235e-10,2.4897751042770324e-11,5.081203282929985e-12,3.141273420163465e-12,0.8947492655715069,0.07912103150307044,0.016147243352686174,0.009982459572736442,0.6445518354362818,0.5859375
SC4011,2208,66240.0,66270.0,Sleep stage W,W,7.27920589664439e-10,3.782351617915961e-11,5.554797412478476e-12,3.5343804488952563e-12,0.939454467138771,0.048815037988948075,0.007169022716625497,0.004561472155655379,0.6050641244756921,0.5859375
SC4011,2209,66270.0,66300.0,Sleep stage W,W,4.868046932755445e-10,2.564581968889509e-11,6.522732156028269e-12,5.522887658945617e-12,0.9281378123721633,0.04889610825725748,0.012436187320320102,0.010529892050259157,0.6012974338344517,0.5859375
SC4011,2210,66300.0,66330.0,Sleep stage W,W,3.832546417690607e-10,4.5352290567532845e-11,6.637264511771931e-12,4.689816721664048e-12,0.8711639244689897,0.10308884780129322,0.015086954650110042,0.010660273079607003,0.6349933272685512,0.5859375
SC4011,2211,66330.0,66360.0,Sleep stage W,W,4.4398225394309496e-10,4.1829500154045466e-11,5.797036395950407e-12,4.756433709955191e-12,0.8944668810268567,0.08427161717706165,0.011678973693731288,0.009582528102350493,0.612117908062907,0.5859375
SC4011,2212,66360.0,66390.0,Sleep stage W,W,6.877775821882554e-10,4.647789726781495e-11,6.70014872195238e-12,3.3428590325855035e-12,0.9240615075892803,0.06244523946568692,0.009001964718566588,0.004491288226466059,0.5735740676110046,0.5859375
SC4011,2213,66390.0,66420.0,Sleep stage W,W,5.338454188816699e-10,2.6081444033193942e-11,3.683709247065788e-12,3.819585007757182e-12,0.9408125601650501,0.04596414854523572,0.006491916583073315,0.00673137470664069,0.5593556038794378,0.5859375
SC4011,2214,66420.0,66450.0,Sleep stage W,W,3.117612290999013e-10,2.6191727921894522e-11,5.247615372113477e-12,4.0878856869144694e-12,0.8977010949996665,0.07541778977232515,0.015110249851413746,0.01177086537659453,0.6266294279900632,0.5859375
SC4011,2215,66450.0,66480.0,Sleep stage W,W,4.246302875230674e-10,2.6575414267138838e-11,5.500691249002517e-12,3.640392863668208e-12,0.9224139290779257,0.057729118744723175,0.011949016301295612,0.007907935876055516,0.5942198666248445,0.5859375
SC4011,2216,66480.0,66510.0,Sleep stage W,W,3.9480857291617287e-10,2.0523679130502413e-11,4.335288051475123e-12,3.2054521229440158e-12,0.9336339283397688,0.04853390854474772,0.010251986131118218,0.007580176984365274,0.5685642868402928,0.5859375
SC4011,2217,66510.0,66540.0,Sleep stage W,W,2.552272750175737e-10,2.878148840546089e-11,4.2850090449317416e-12,3.052692220365751e-12,0.8760266759735805,0.09878784160380973,0.014707606112590489,0.010477876310019308,0.6553061372238013,0.5859375
SC4011,2218,66540.0,66570.0,Sleep stage W,W,4.900234925648195e-10,2.2850258072072076e-11,3.864681508537565e-12,2.392484530626034e-12,0.9439304746139806,0.04401636916248422,0.007444521958512404,0.004608634265022935,0.6130812039929288,1.26953125
SC4011,2219,66570.0,66600.0,Sleep stage W,W,4.087328270349302e-10,2.4692893274005756e-11,3.647486679961079e-12,2.6352128069951555e-12,0.9295542423878521,0.056157426517936426,0.008295239562740695,0.00599309153147077,0.61506741721916,1.07421875
SC4011,2220,66600.0,66630.0,Sleep stage W,W,2.826791607090764e-10,1.6422399107083444e-11,3.089779738080948e-12,2.432446403223143e-12,0.9279615504107359,0.05391042940217603,0.01014293656803408,0.007985083619053953,0.6269665548441224,0.5859375
SC4011,2221,66630.0,66660.0,Sleep stage W,W,4.4719893261935246e-10,1.7477300994655383e-11,2.5411430203590627e-12,1.7341895565735668e-12,0.9536143279181818,0.03726888287550626,0.005418774994184365,0.0036980142121275403,0.5931371627866147,1.171875
SC4011,2222,66660.0,66690.0,Sleep stage W,W,2.855841392722651e-10,2.4520923657923426e-11,4.807466914607284e-12,3.0288434945874037e-12,0.8982289290403904,0.07712404145574607,0.015120608130089455,0.00952642137377414,0.6041842653078698,0.5859375
SC4011,2223,66690.0,66720.0,Sleep stage W,W,3.9730791966861494e-10,4.269343957929278e-11,5.171923442584814e-12,3.244838165595476e-12,0.8860211066183118,0.09520899712479393,0.011533707497616166,0.007236188759278198,0.6065734061818678,0.5859375
SC4011,2224,66720.0,66750.0,Sleep stage W,W,3.3408781214775755e-10,3.9122608668945623e-11,5.165360289568733e-12,3.204047502327162e-12,0.875538451196392,0.10252797903810364,0.013536775013511103,0.008396794751993232,0.639360347197298,0.5859375
SC4011,2225,66750.0,66780.0,Sleep stage W,W,2.5795320657410287e-10,3.693993653286325e-11,4.848078228882492e-12,3.3556780250243854e-12,0.8510585463527914,0.12187500634535312,0.015995142936484737,0.011071304365370795,0.6649496598630554,1.46484375
SC4011,2226,66780.0,66810.0,Sleep stage W,W,4.672198654837372e-10,2.6935439675990405e-11,4.300829571442841e-12,4.1682717559661575e-12,0.9295606410145435,0.05358959757693293,0.008556746381461105,0.008293015027062428,0.6037100787473751,1.07421875
SC4011,2227,66810.0,66840.0,Sleep stage W,W,2.778053249609596e-10,2.263692835160952e-11,3.2315839521586212e-12,3.3966792580679053e-12,0.9046955341293292,0.07371899004810202,0.010523914795703682,0.011061561026865143,0.6241833553614452,0.5859375
SC4011,2228,66840.0,66870.0,Sleep stage W,W,2.4281221281912953e-10,1.9592061605223256e-11,3.8279550673098765e-12,3.679027550291592e-12,0.8996001703678016,0.07258704886909523,0.014182272756096535,0.013630508007006669,0.6401921223073264,0.9765625
SC4011,2229,66870.0,66900.0,Sleep stage W,W,3.455788328015393e-10,4.695675614403882e-11,5.996126773921013e-12,4.236035173274345e-12,0.858010185859048,0.11658519342711687,0.014887306048287184,0.010517314665547986,0.6597419223481369,0.5859375
SC4011,2230,66900.0,66930.0,Sleep stage W,W,3.0338263219822904e-10,2.4674200365378005e-11,3.5933228509555825e-12,2.707905397511157e-12,0.9073585109968247,0.07379573952980353,0.01074693052779491,0.008098818945576841,0.6065201127575525,0.5859375
SC4011,2231,66930.0,66960.0,Sleep stage W,W,3.034117494378225e-10,2.0785822418163544e-11,2.6174821582571312e-12,2.5175267926704486e-12,0.9212928423128338,0.06311498961698596,0.007947838479399493,0.007644329590780647,0.6334571628042446,0.5859375
SC4011,2232,66960.0,66990.0,Sleep stage W,W,3.122955452956904e-10,2.5678323052782876e-11,4.502079955727188e-12,2.559076198740854e-12,0.9051125918175539,0.07442236651126988,0.013048182462672886,0.007416859208503452,0.6360523933531154,1.171875
SC4011,2233,66990.0,67020.0,Sleep stage W,W,1.6916466567416214e-10,1.780848600074495e-11,2.790205902035322e-12,2.759428299295167e-12,0.878673477034084,0.09250066645198587,0.014492860620815,0.014332995893114974,0.6402207191551739,0.5859375
SC4011,2234,67020.0,67050.0,Sleep stage W,W,1.7019093497740638e-10,1.8142087869875198e-11,2.871197618506789e-12,2.1753608997616684e-12,0.8800874103439617,0.09381594345051754,0.014847470442493592,0.011249175763027077,0.6443388436843329,1.07421875
SC4011,2235,67050.0,67080.0,Sleep stage W,W,1.170494599550933e-10,1.5357185356467985e-11,2.157753206292332e-12,2.03363463390171e-12,0.8568897900971656,0.11242610894262822,0.015796370976258117,0.014887729983947997,0.6594392226263154,0.5859375
SC4011,2236,67080.0,67110.0,Sleep stage W,W,2.9925154694443096e-10,1.710497041748565e-11,3.586992460218432e-12,3.093422229572644e-12,0.9263694557888215,0.0529505103606782,0.01110397017900192,0.009576063671498365,0.5960714721418094,1.171875
SC4011,2237,67110.0,67140.0,Sleep stage W,W,3.869199851256423e-10,2.2582424602997365e-11,3.595365847506369e-12,2.9230629683584263e-12,0.9300495294402206,0.054281955399168254,0.00864227344977516,0.007026241710836145,0.5948600265679664,0.9765625
SC4011,2238,67140.0,67170.0,Sleep stage W,W,2.2012944266195978e-10,2.922847957926435e-11,3.5503075524677644e-12,3.714653290586002e-12,0.8577935062387507,0.11389662226523026,0.013834727089796595,0.014475144406222207,0.6397371583146659,0.5859375
SC4011,2239,67170.0,67200.0,Sleep stage W,W,1.5978809759655876e-10,1.466616437617542e-11,2.120982232370087e-12,2.141894434751256e-12,0.8940837952791875,0.08206355858085976,0.011867816643171618,0.01198482949678109,0.6534750253747674,1.3671875
SC4011,2240,67200.0,67230.0,Sleep stage W,W,1.6272483647095924e-10,1.8501068755080426e-11,2.216180821936042e-12,2.2160679456832735e-12,0.8764755706690749,0.0996512588168485,0.011936889246522045,0.01193628126755457,0.647551720316355,1.26953125
SC4011,2241,67230.0,67260.0,Sleep stage W,W,6.18685001467048e-10,2.982060449920733e-11,5.313502416155465e-12,3.691347246448652e-12,0.9409508186076254,0.04535381033703284,0.008081243987327166,0.005614127068014692,0.6002049279530308,0.5859375
SC4011,2242,67260.0,67290.0,Sleep stage W,W,3.3399995695880385e-10,1.6566464693881848e-11,4.2147895501789245e-12,2.6651021892047603e-12,0.9344059357872069,0.04634672137661892,0.011791391860169727,0.00745595097600436,0.6073412945293122,0.5859375
SC4011,2243,67290.0,67320.0,Sleep stage W,W,4.435355189674559e-10,3.206607964009945e-11,3.869122771243454e-12,2.923573885354023e-12,0.9194460285326999,0.06647275880934804,0.008020664442403435,0.006060548215548677,0.614389883137383,1.26953125
SC4011,2244,67320.0,67350.0,Sleep stage W,W,1.2230417127033562e-09,9.224178839530324e-11,1.1398683611438233e-11,6.368948953980159e-12,0.9174754679827282,0.06919598660987876,0.008550822488037164,0.0047777229193558465,0.6340687011889676,0.5859375
SC4011,2245,67350.0,67380.0,Sleep stage W,W,7.294177006351959e-10,5.441235634122123e-11,9.280436619919568e-12,4.345784817244325e-12,0.9146804914324111,0.06823240071476572,0.011637549131071609,0.005449558721751629,0.5843851371936748,0.5859375
SC4011,2246,67380.0,67410.0,Sleep stage W,W,4.889950170142912e-10,2.970221420976591e-11,4.875156041449074e-12,3.4569648039734774e-12,0.9278326057062298,0.05635779884580356,0.009250255270044942,0.0065593401779218885,0.5118881190591532,0.5859375
SC4011,2247,67410.0,67440.0,Sleep stage W,W,4.1679272543749614e-10,3.83831348946587e-11,5.769829854184445e-12,3.649876561980133e-12,0.8971087011324863,0.08261623149635347,0.012419037690280148,0.007856029680880153,0.6447171803258779,0.5859375
SC4011,2248,67440.0,67470.0,Sleep stage W,W,6.226140231547091e-10,3.8815860785722064e-11,1.3025833496791033e-11,1.590009218460393e-11,0.9018740980767213,0.056225876924227265,0.018868289822789392,0.023031735176262124,0.545733168558919,0.5859375
SC4011,2249,67470.0,67500.0,Sleep stage W,W,8.65209523977014e-10,3.1604212000781473e-11,6.561863228199051e-12,4.226549803253464e-12,0.9532916211376202,0.034821658405371894,0.007229889478955155,0.004656830978052694,0.5750498510609526,1.07421875
SC4011,2250,67500.0,67530.0,Sleep stage W,W,5.683938475856707e-10,3.584665982272694e-11,7.739293162692621e-12,4.8885921196402455e-12,0.9214183354513954,0.058110709265499355,0.012546101006949703,0.007924854276155401,0.6176450588102765,0.5859375
SC4011,2251,67530.0,67560.0,Sleep stage W,W,5.429436767521724e-10,4.070048364497496e-11,7.688946921806446e-12,4.566407750634694e-12,0.9111329393996369,0.0683009175468485,0.012903093101038252,0.007663049952476357,0.6092945477030567,0.5859375
SC4011,2252,67560.0,67590.0,Sleep stage W,W,4.690052797521287e-10,2.8348130083733814e-11,4.3658544712383766e-12,3.0043809370083133e-12,0.9292318364147467,0.056165646984942155,0.00864998997446778,0.00595252662584343,0.5993832113855189,0.5859375
SC4011,2253,67590.0,67620.0,Sleep stage W,W,3.0294717949029805e-10,2.719389191368189e-11,4.532527517690566e-12,3.514744760304414e-12,0.8957942671589624,0.08041049439378208,0.013402376522926104,0.010392861924329375,0.6243011568158003,1.171875
SC4011,2254,67620.0,67650.0,Sleep stage W,W,4.4824446475717873e-10,2.3574945310974448e-11,4.27278950354526e-12,4.437608909421853e-12,0.9328130260514109,0.049060318204798094,0.008891830284266612,0.00923482545952444,0.6124546672769411,1.171875
SC4011,2255,67650.0,67680.0,Sleep stage W,W,3.843609855514941e-10,3.475810087399576e-11,5.873378442709047e-12,3.64915836019304e-12,0.8966954320875556,0.08108895401293238,0.013702305432852356,0.008513308466659734,0.6396324414327955,0.5859375
SC4011,2256,67680.0,67710.0,Sleep stage W,W,6.232880087050546e-10,2.722035976462527e-11,5.843260793990696e-12,6.859331813705594e-12,0.9398035395743953,0.04104328993659304,0.008810561249618685,0.010342609239393018,0.567516596323122,0.5859375
SC4011,2257,67710.0,67740.0,Sleep stage W,W,3.5899801710305795e-10,2.3454993902728382e-11,2.461104384259843e-12,2.5093486606449336e-12,0.926629516316766,0.060540974099750164,0.0063524918148422415,0.006477017768641412,0.5470485838400871,0.5859375
SC4011,2258,67740.0,67770.0,Sleep stage W,W,1.5026828101951701e-10,2.1218852168268207e-11,3.792416660100116e-12,3.6106481953539987e-12,0.8400028769781778,0.1186138335155704,0.021199689539073883,0.020183599967178043,0.6068728097195167,0.5859375
SC4011,2259,67770.0,67800.0,Sleep stage W,W,1.0086909992403416e-10,1.2717018870774147e-11,3.397172862553412e-12,2.5903521276570158e-12,0.8435730210361956,0.10635302620398569,0.028410716233262776,0.02166323652655602,0.6647507100662843,0.5859375
SC4011,2260,67800.0,67830.0,Sleep stage W,W,3.349421989131778e-10,2.4494493562577697e-11,3.2238908862501164e-12,3.0076005010407545e-12,0.915973042485489,0.06698557501997936,0.00881643804006082,0.008224944454470752,0.5605366121159854,0.5859375
SC4011,2261,67830.0,67860.0,Sleep stage W,W,4.034573619760206e-10,2.3981027973790898e-11,3.9788641145315784e-12,3.3551186022046612e-12,0.927973779708067,0.055157662909237674,0.009151602918392428,0.007716954464302858,0.5846325679591151,0.5859375
SC4011,2262,67860.0,67890.0,Sleep stage W,W,4.0347164715154205e-10,3.343362857320481e-11,5.629672182529999e-12,4.2276332996885416e-12,0.9031008059393216,0.0748353375586674,0.01260103782040336,0.009462818681607683,0.6286068896143625,0.68359375
SC4011,2263,67890.0,67920.0,Sleep stage W,W,3.1959562145094577e-10,3.881010677379615e-11,5.812449861265602e-12,3.276166117465788e-12,0.8696613335469264,0.1056073580068701,0.015816433512368236,0.008914874933835307,0.613779508684666,0.5859375
SC4011,2264,67920.0,67950.0,Sleep stage W,W,4.959816491919257e-10,3.074149596116028e-11,3.3757002400425827e-12,3.3008380023305102e-12,0.9298499129858091,0.05763313499826122,0.006328650625650748,0.006188301390279024,0.5380599917414042,0.5859375
SC4011,2265,67950.0,67980.0,Sleep stage W,W,3.4976189067682883e-10,2.323588345024033e-11,3.460388461969249e-12,3.69317361940335e-12,0.920059611430775,0.06112271939378322,0.00910266026283773,0.009715008912604049,0.5713149201753094,0.5859375
SC4011,2266,67980.0,68010.0,Sleep stage W,W,3.770492527663271e-10,7.029557654300661e-11,8.259104961126504e-12,4.547382420634175e-12,0.8194027466392,0.15276621840071133,0.01794867179891381,0.009882363161174853,0.6782412629321604,1.171875
SC4011,2267,68010.0,68040.0,Sleep stage W,W,3.7722758283556756e-10,3.976967357844604e-11,6.301022995130156e-12,3.640474640661319e-12,0.8835636944580618,0.09315076975609166,0.014758611007692926,0.008526924778153625,0.6364382470980589,0.5859375
SC4011,2268,68040.0,68070.0,Sleep stage W,W,3.0585390860591615e-10,3.7476031357507085e-11,3.972052452125305e-12,3.712882006543816e-12,0.8713417319122764,0.1067647957061856,0.011315909215143248,0.010577563166394788,0.6491955802703275,0.9765625
SC4011,2269,68070.0,68100.0,Sleep stage W,W,2.4612303103979946e-10,3.022311086136332e-11,4.727390704742073e-12,3.911993925774952e-12,0.8636334414422964,0.10605138874659178,0.016588178221803706,0.013726991589308252,0.6574424884353243,1.07421875
SC4011,2270,68100.0,68130.0,Sleep stage W,W,5.73810544674377e-10,4.1424319766554215e-11,8.110721705493902e-12,6.9149637262722744e-12,0.9104338591242584,0.06572570625739033,0.012868839255657268,0.010971595362694028,0.6162599383649976,0.5859375
SC4011,2271,68130.0,68160.0,Sleep stage W,W,4.5394658468567727e-10,2.8252740792569942e-11,3.552099265576529e-12,3.1714079717886483e-12,0.9284626413627127,0.05778568498355133,0.00726515316506531,0.006486520488670518,0.5867678379732033,1.171875
SC4011,2272,68160.0,68190.0,Sleep stage W,W,5.456588201574853e-10,2.451915892650173e-11,5.173253759080924e-12,3.3817950587134717e-12,0.9428506649012103,0.042366959797329816,0.00893892954033875,0.005843445761121147,0.5852296671865886,0.5859375
SC4011,2273,68190.0,68220.0,Sleep stage W,W,4.978986952683859e-10,4.4169420616192477e-11,6.728288008165078e-12,4.812277918311623e-12,0.8993693770111741,0.07978455191796896,0.012153508839771813,0.008692562231085168,0.6077622258101938,0.5859375
SC4011,2274,68220.0,68250.0,Sleep stage W,W,2.5514740240533047e-10,2.0726258250524196e-11,4.7792884410458166e-12,3.6354045381376474e-12,0.8974950930732882,0.0729057591896009,0.016811411301010732,0.012787736436099957,0.5596422858212551,0.5859375
SC4011,2275,68250.0,68280.0,Sleep stage W,W,2.2567699438957844e-10,2.941610365347225e-11,5.628341791215838e-12,3.445402812360154e-12,0.8542972014525846,0.11135426141585027,0.021306011514642714,0.013042525616922462,0.645242004594956,1.07421875
SC4011,2276,68280.0,68310.0,Sleep stage W,W,3.8990737071379134e-10,2.904911475655134e-11,5.283376171344752e-12,3.4574657959905738e-12,0.9116432245431947,0.06791979489463665,0.012353072681088052,0.008083907881080644,0.6251745660490002,0.9765625
SC4011,2277,68310.0,68340.0,Sleep stage W,W,2.5175860073827905e-10,2.249377757880191e-11,4.051764145756174e-12,3.5033043000647453e-12,0.8933710007673986,0.07981967061972996,0.014377775294082691,0.01243155331878878,0.6301654616992592,1.171875
SC4011,2278,68340.0,68370.0,Sleep stage W,W,5.445874663667859e-10,3.9606432189771364e-11,6.3537777974825525e-12,3.9378111939101465e-12,0.9160651988545987,0.06662304298315909,0.010687860226310518,0.0066238979359315815,0.6368970697855814,1.171875
SC4011,2279,68370.0,68400.0,Sleep stage W,W,8.125351217810071e-10,3.7079311837062816e-11,6.820226372844835e-12,4.1788017937339745e-12,0.9441348036737168,0.043084745339878466,0.007924842772853885,0.004855608213550854,0.5894018393237309,1.07421875
SC4011,2280,68400.0,68430.0,Sleep stage W,W,4.4132896287857125e-10,3.131376877372683e-11,4.867776627414268e-12,4.0192414841553855e-12,0.916514427395171,0.06502976978905758,0.01010898419007616,0.00834681862569517,0.6186952624929467,0.5859375
SC4011,2281,68430.0,68460.0,Sleep stage W,W,1.11338898256951e-09,4.694895715790506e-11,6.974480049242706e-12,4.317753284217419e-12,0.9502904655150606,0.04007148180150675,0.0059527999616311765,0.0036852527218015564,0.5751214308477841,0.5859375
SC4011,2282,68460.0,68490.0,Sleep stage W,W,8.359877802711131e-10,5.1112432614623856e-11,1.1131563671009057e-11,7.44133353785108e-12,0.9230568634016247,0.05643585091014262,0.012290928754466798,0.008216356933765911,0.5943538763502139,1.171875
SC4011,2283,68490.0,68520.0,Sleep stage W,W,4.87743522438577e-10,4.1525174443412026e-11,7.70086717351896e-12,8.46528751257231e-12,0.8942287443428936,0.0761322352688512,0.014118766249313918,0.015520254138941258,0.6339934411107225,0.5859375
SC4011,2284,68520.0,68550.0,Sleep stage W,W,5.560585148320716e-10,5.153044018641322e-11,8.544854214447436e-12,6.625919711187804e-12,0.8928941435806399,0.08274529933684427,0.013720948573433143,0.010639608509082552,0.6259393515733345,0.5859375
SC4011,2285,68550.0,68580.0,Sleep stage W,W,5.811735362313496e-10,4.617537953804912e-11,8.791179256250527e-12,9.907159165182882e-12,0.8995836333354034,0.07147368747179854,0.013607641235564717,0.015335037957233488,0.6277782042838039,0.9765625
SC4011,2286,68580.0,68610.0,Sleep stage W,W,6.651547712773422e-10,5.5771560336460924e-11,1.2324993843223449e-11,6.8147190718096045e-12,0.8987775836963493,0.07536024757353643,0.016653910734507716,0.009208257995606598,0.6327874142871371,1.171875
SC4011,2287,68610.0,68640.0,Sleep stage W,W,8.189212169083625e-10,6.64010982660907e-11,8.620452493966513e-12,7.94708810472347e-12,0.9080057965685222,0.07362439863476289,0.009558209839910715,0.00881159495680417,0.6253171265809965,1.171875
SC4011,2288,68640.0,68670.0,Sleep stage W,W,6.859426228966533e-10,3.821715946396705e-11,7.381627297233937e-12,5.647846989861849e-12,0.9304837485232746,0.05184172058848933,0.010013205198894303,0.007661325689341685,0.6122427259383031,0.5859375
SC4011,2289,68670.0,68700.0,Sleep stage W,W,4.3678670428864055e-10,4.370114270761553e-11,5.8860123141943615e-12,4.925135079726568e-12,0.889044572197426,0.08895019775454538,0.011980509590703216,0.010024720457325326,0.6172002247832693,0.5859375
SC4011,2290,68700.0,68730.0,Sleep stage W,W,5.174366761291832e-10,2.9259236299703565e-11,4.331898005359924e-12,3.676417165016516e-12,0.9328154544064456,0.05274745502902749,0.00780938343323648,0.0066277071312903025,0.5712735037977615,0.5859375
SC4011,2291,68730.0,68760.0,Sleep stage W,W,4.0750102459109237e-10,2.917005841328921e-11,4.568781603221858e-12,3.21789972137732e-12,0.9168498275788167,0.06563066449593619,0.010279450534787186,0.0072400573904598964,0.5828605504255348,0.5859375
SC4011,2292,68760.0,68790.0,Sleep stage W,W,5.106768670189013e-10,2.6584009916805626e-11,3.5513064665670808e-12,3.2053638828571812e-12,0.9387139616495581,0.0488660890617787,0.006527926322026825,0.005892022966636372,0.5889401762799544,1.07421875
SC4011,2293,68790.0,68820.0,Sleep stage W,W,1.268775308149997e-10,1.832106417386993e-11,3.149960159974441e-12,3.0528973665761022e-12,0.8380205652391431,0.1210098309460006,0.020805349668977704,0.020164254145878593,0.6646793725965978,0.5859375
SC4011,2294,68820.0,68850.0,Sleep stage W,W,6.162610090606039e-10,3.125685694099801e-11,5.2004934785075505e-12,3.977725241261527e-12,0.9384265010839478,0.047597142221823895,0.007919178444187106,0.0060571782500412385,0.5767020248130366,1.07421875
SC4011,2295,68850.0,68880.0,Sleep stage W,W,7.181811361598665e-10,2.955870533054651e-11,6.293649219223738e-12,3.925456260636738e-12,0.9475198347227016,0.038997765576485474,0.008303417018007136,0.005178982682805763,0.5529590397226405,1.07421875
SC4011,2296,68880.0,68910.0,Sleep stage W,W,5.381641788359336e-10,3.142645810743254e-11,5.755007079291206e-12,4.2975217792868965e-12,0.9284404795687983,0.05421690440178589,0.009928534344624032,0.007414081684791739,0.625154704858834,1.171875
SC4011,2297,68910.0,68940.0,Sleep stage W,W,4.1247701741646526e-10,3.016860145114096e-11,3.30615448532334e-12,2.647726592184812e-12,0.9194772117822942,0.06725063548851938,0.007369946880742943,0.00590220584844334,0.5952389152771167,1.07421875
SC4011,2298,68940.0,68970.0,Sleep stage W,W,8.874671962361594e-10,3.517898846041539e-11,7.309628545687876e-12,4.683421831576003e-12,0.9495291476459872,0.037639109444871706,0.007820802157005957,0.005010940752135236,0.5561064621201834,0.5859375
SC4011,2299,68970.0,69000.0,Sleep stage W,W,1.0601124772635576e-09,5.882426373805512e-11,1.0896765028273889e-11,7.555276799436656e-12,0.9320581434137796,0.05171869516044128,0.009580510369697447,0.006642651056081676,0.6322675101919014,1.07421875
SC4011,2300,69000.0,69030.0,Sleep stage W,W,8.215242775603921e-10,4.5794571290490696e-11,8.235893024460633e-12,4.7200834039929646e-12,0.9332588573116344,0.05202303868676327,0.009356047438761127,0.005362056562841209,0.6050321143459444,0.5859375
SC4011,2301,69030.0,69060.0,Sleep stage W,W,7.930900670147777e-10,3.038124167981028e-11,5.062682642925677e-12,4.239274760807591e-12,0.9523481352019552,0.036482008869174395,0.0060793049549310975,0.005090550973939505,0.5739338946712967,0.5859375
SC4011,2302,69060.0,69090.0,Sleep stage W,W,5.399171474649786e-10,4.672700772187165e-11,8.575123056857217e-12,5.282394743224631e-12,0.8991101469865982,0.07781328483141213,0.014279932001194985,0.008796636180794761,0.6117116982044378,0.5859375
SC4011,2303,69090.0,69120.0,Sleep stage W,W,5.208814628804446e-10,2.2455042652893648e-11,4.73673811394811e-12,3.965969116464111e-12,0.9435588103835659,0.04067653553173126,0.008580437774037683,0.007184216310665197,0.6157679501945346,1.171875
SC4011,2304,69120.0,69150.0,Sleep stage W,W,3.2420352451890655e-10,4.133056356205551e-11,5.215678690226533e-12,3.5194413876699604e-12,0.8662308238333578,0.11043003982446974,0.013935633967549738,0.009403502374622636,0.6473626608786119,0.5859375
SC4011,2305,69150.0,69180.0,Sleep stage W,W,5.082028081758959e-10,4.755218691016337e-11,5.254525348606078e-12,4.5995185345388406e-12,0.8985054572361,0.08407253709527872,0.009290030721896176,0.00813197494672512,0.6247159835670926,0.5859375
SC4011,2306,69180.0,69210.0,Sleep stage W,W,4.025029416056596e-10,2.965265759613319e-11,4.843340968767388e-12,3.0913129359969383e-12,0.9145918110306418,0.06737858288570986,0.011005335688710859,0.007024270394937496,0.640773515373635,0.5859375
SC4011,2307,69210.0,69240.0,Sleep stage W,W,3.688499339488557e-10,3.498349677946578e-11,5.2632649300509635e-12,4.22930023670627e-12,0.892394714128958,0.08463899470854044,0.012733931526985357,0.010232359635516034,0.6246062204479714,1.07421875
SC4011,2308,69240.0,69270.0,Sleep stage W,W,6.007038990818628e-10,4.271931783074419e-11,8.528613118676521e-12,6.383572473264905e-12,0.9124587509597171,0.0648898990821765,0.012954814652577638,0.009696535305528858,0.6118320405434006,0.5859375
SC4011,2309,69270.0,69300.0,Sleep stage W,W,5.990277044007359e-10,4.012043119399866e-11,6.595798431894401e-12,4.898386987762396e-12,0.9206712890529699,0.06166280596603129,0.01013736459935644,0.00752854038164242,0.5805331404441236,1.07421875
SC4011,2310,69300.0,69330.0,Sleep stage W,W,4.1968880349632397e-10,4.016408852569946e-11,6.875546831094981e-12,4.282838116390305e-12,0.8910376970093072,0.08527203166793715,0.014597414472392932,0.009092856850362752,0.6065024050041896,0.5859375
SC4011,2311,69330.0,69360.0,Sleep stage W,W,1.0477825657346894e-10,1.5752325409506304e-11,2.5199028329855574e-12,2.088816039156439e-12,0.8372929675768148,0.12587832361109244,0.020136782096162025,0.016691926715930845,0.6531528675414967,0.5859375
SC4011,2312,69360.0,69390.0,Sleep stage W,W,3.0316309478111974e-10,2.2737433182752168e-11,4.237763118947698e-12,3.3374127061043324e-12,0.909100996974008,0.06818317773802197,0.012707861684670207,0.010007963603299789,0.6053020595161718,0.5859375
SC4011,2313,69390.0,69420.0,Sleep stage W,W,9.468954548689797e-11,1.313249743979784e-11,3.574393738937598e-12,2.7037302626484316e-12,0.8298808672770436,0.11509621583684737,0.03132680551803486,0.023696111368074275,0.6759609917709403,0.5859375
SC4011,2314,69420.0,69450.0,Sleep stage W,W,3.6499627764830603e-10,4.5010349886376296e-11,6.4168131579351495e-12,4.216914615648673e-12,0.8677157886594562,0.10700435495160819,0.015254868147951687,0.010024988240983936,0.6206481531876412,0.5859375
SC4011,2315,69450.0,69480.0,Sleep stage W,W,1.589708571235321e-10,1.971640320068811e-11,4.24321772019561e-12,2.9457883002632623e-12,0.8552509701735939,0.10607273100766432,0.022828184596344392,0.015848114222397545,0.6620673541421052,0.5859375
SC4011,2316,69480.0,69510.0,Sleep stage W,W,2.5649034961215995e-10,2.504295497568197e-11,3.757253791645841e-12,2.8764870191038153e-12,0.8900752313901247,0.08690429865442334,0.013038457560089223,0.009982012395362798,0.6280778132285793,0.5859375
SC4011,2317,69510.0,69540.0,Sleep stage W,W,2.35638443192116e-10,2.6027853086114408e-11,2.7815312190522003e-12,2.7815290734751334e-12,0.8817835219003081,0.0973989288456887,0.010408778641487686,0.010408770612515515,0.6395292013578286,0.9765625
SC4011,2318,69540.0,69570.0,Sleep stage W,W,2.8029377289107086e-10,1.9871200019417486e-11,4.0309857624587665e-12,2.918411707515301e-12,0.912669024714912,0.06470293133727495,0.013125357037070788,0.00950268691074236,0.5919013242484092,0.5859375
SC4011,2319,69570.0,69600.0,Sleep stage W,W,1.3211825699161875e-10,1.4826858421093537e-11,2.86803255957047e-12,2.654593689523386e-12,0.8665325238742941,0.09724587154954714,0.018810749921987762,0.017410854654170915,0.6328036315229986,0.5859375
SC4011,2320,69600.0,69630.0,Sleep stage W,W,9.444677358577194e-11,1.2165954040935511e-11,2.8830864885519617e-12,3.1714032324813198e-12,0.8382808753878027,0.10798131281955788,0.02558939997296183,0.0281484118196775,0.6939543813901213,0.5859375
SC4011,2321,69630.0,69660.0,Sleep stage W,W,3.777573074059833e-10,3.4170449332862336e-11,6.220503208802731e-12,4.268740685992638e-12,0.8942758147501959,0.08089269437926364,0.014725977409696457,0.010105513460844071,0.6432955893576706,1.07421875
SC4011,2322,69660.0,69690.0,Sleep stage W,W,7.611256642153962e-10,5.7937503404498605e-11,6.608911392166835e-12,4.524753666358553e-12,0.9168014550956749,0.06978767097626463,0.007960655993886238,0.005450217934174212,0.6304420029957231,0.9765625
SC4011,2323,69690.0,69720.0,Sleep stage W,W,2.8775710711746157e-10,2.5640528833480164e-11,4.320653651278806e-12,3.0167799189456433e-12,0.8971800543890062,0.07994301612155971,0.0134710983046825,0.009405831184751556,0.6539767568301661,0.5859375
SC4011,2324,69720.0,69750.0,Sleep stage W,W,2.925956347139844e-10,2.6399316434382376e-11,3.890427509892077e-12,2.955717324479612e-12,0.897970324558093,0.08101898980778313,0.011939646526655967,0.009071039107467867,0.6019296371597075,0.5859375
SC4011,2325,69750.0,69780.0,Sleep stage W,W,2.822982370768159e-10,2.741583237742604e-11,5.79319991432818e-12,3.4976800127048465e-12,0.884933721637694,0.08594171479345486,0.018160219537547494,0.010964344031303464,0.634290691091643,1.26953125
SC4011,2326,69780.0,69810.0,Sleep stage W,W,5.922337543608417e-10,3.707530912007515e-11,7.066303856636043e-12,3.978441656054357e-12,0.9248539573639891,0.0578981628583477,0.011034999335354288,0.006212880442308845,0.6303223679866579,0.5859375
SC4011,2327,69810.0,69840.0,Sleep stage W,W,8.078745308990423e-10,4.041354478067291e-11,6.020536452845512e-12,3.842587327026125e-12,0.9414128086143726,0.04709373453783317,0.007015705922961935,0.004477750924832315,0.6022409879303643,1.26953125
SC4011,2328,69840.0,69870.0,Sleep stage W,W,5.849939662111968e-10,3.890267869345901e-11,5.6202546329925275e-12,5.27763706655151e-12,0.9215485207868854,0.06128389021992353,0.008853659426651317,0.008313929566539676,0.5959329013493461,0.5859375
SC4011,2329,69870.0,69900.0,Sleep stage W,W,5.003822825193953e-10,3.315888914566874e-11,5.986027944572439e-12,9.227268412583855e-12,0.9118509491555222,0.06042572968048446,0.010908390351967123,0.016814930812026157,0.6154125338009186,0.5859375
SC4011,2330,69900.0,69930.0,Sleep stage W,W,3.852037542152476e-10,2.452204569296833e-11,4.551637588047434e-12,3.709086809301565e-12,0.921569791885559,0.058667072422271996,0.010889436197995714,0.008873699494173342,0.5739661591949652,0.5859375
SC4011,2331,69930.0,69960.0,Sleep stage W,W,8.165117349508549e-10,5.507246775354287e-11,8.3845719793897e-12,6.0828935875805316e-12,0.9215170674457607,0.0621549168357031,0.009462847686690192,0.006865168031846135,0.6009814849255604,0.5859375
SC4011,2332,69960.0,69990.0,Sleep stage W,W,1.0181635137123465e-09,3.7824905597653644e-11,5.745638336712503e-12,4.353655635400284e-12,0.955046663634998,0.035480106492554835,0.005389461172030284,0.004083768700416678,0.5661350758159932,0.5859375
SC4011,2333,69990.0,70020.0,Sleep stage W,W,5.717952555872255e-10,2.982870544829026e-11,6.74697727660272e-12,4.5577459667217535e-12,0.9328903512812237,0.04866586637789048,0.01100776884759616,0.007436013493289691,0.5881949842828652,0.5859375
SC4011,2334,70020.0,70050.0,Sleep stage W,W,6.304205963046566e-10,4.100352200351744e-11,8.15542005456131e-12,4.475558510624378e-12,0.9215933032092699,0.05994184122146596,0.011922168392338048,0.006542687176926257,0.6308318268066145,0.5859375
SC4011,2335,70050.0,70080.0,Sleep stage W,W,3.3410959040077297e-10,2.8410295748573304e-11,5.727623329850042e-12,3.5742636700538366e-12,0.898574571281657,0.07640837035428086,0.015404217136985577,0.009612841227076604,0.6346288955174939,0.5859375
SC4011,2336,70080.0,70110.0,Sleep stage W,W,4.1091070107248283e-10,2.54436080079911e-11,5.406612123182655e-12,3.5725414720756464e-12,0.9227034020834086,0.05713383372342213,0.012140592558883133,0.008022171634286054,0.5850549487556382,0.5859375
SC4011,2337,70110.0,70140.0,Sleep stage W,W,5.078827053006017e-10,3.5365328283834976e-11,6.836017451324698e-12,5.194098376681461e-12,0.914645580486119,0.06368939300286916,0.012310978666382068,0.009354047844629758,0.5986573334190716,1.171875
SC4011,2338,70140.0,70170.0,Sleep stage W,W,7.311305734268008e-10,3.84190494078008e-11,5.9879725916531275e-12,4.790515576751254e-12,0.9369527550238215,0.04923448081143497,0.007673659973567273,0.006139104191176319,0.5722844274736192,1.171875
SC4011,2339,70170.0,70200.0,Sleep stage W,W,3.5459631911786186e-10,2.596389493605927e-11,5.2108237512076776e-12,4.117808530169184e-12,0.9094805415718789,0.06659306923012297,0.013364895662407473,0.010561493535590749,0.6424226200021713,1.171875
SC4011,2340,70200.0,70230.0,Sleep stage W,W,6.181560152022993e-10,3.675300550943852e-11,7.288329397972703e-12,4.359101511635779e-12,0.9273873408601526,0.055138623923059654,0.010934301783809029,0.006539733432978717,0.5863129306435031,1.07421875
SC4011,2341,70230.0,70260.0,Sleep stage W,W,5.165406953164847e-10,3.480239608246611e-11,6.190190142225256e-12,4.826018730996398e-12,0.9185243225576383,0.061886406191952965,0.011007535821367775,0.00858173542904098,0.597476064148017,0.5859375
SC4011,2342,70260.0,70290.0,Sleep stage W,W,7.253196862652628e-10,4.3037339277920106e-11,7.889311604948776e-12,5.537170711440088e-12,0.9277756296638949,0.05505020104063222,0.0100914275187881,0.007082741776684684,0.5856728726845492,1.171875
SC4011,2343,70290.0,70320.0,Sleep stage W,W,1.6095892535616515e-10,1.2159198769133627e-11,2.3165107859525945e-12,2.3817740223013945e-12,0.9051972555373841,0.06838063394744032,0.013027542282772333,0.013394568232403268,0.6108389058194301,0.5859375
SC4011,2344,70320.0,70350.0,Sleep stage W,W,3.243722623928523e-10,1.349652690550847e-11,2.170955958760736e-12,1.4383337103356336e-12,0.9499065456080563,0.039523845707222366,0.006357526566054122,0.004212082118667145,0.5957646750328279,0.5859375
SC4011,2345,70350.0,70380.0,Sleep stage W,W,2.7437885130162513e-10,3.3496084115407e-11,3.84318821914139e-12,2.94725299929853e-12,0.8719702632535979,0.10644985626814273,0.012213571954545154,0.0093663085237141,0.614377053920624,0.5859375
SC4011,2346,70380.0,70410.0,Sleep stage W,W,4.309154800384883e-10,2.2026336995381223e-11,2.7228747163742805e-12,2.212787932361401e-12,0.9411152527903172,0.04810530758282673,0.00594673212201164,0.004832707504844477,0.6190289455709125,0.9765625
SC4011,2347,70410.0,70440.0,Sleep stage W,W,3.4906260062261945e-10,1.617901523426861e-11,3.057506208807632e-12,1.840506673268859e-12,0.9430565481784461,0.043710572924572255,0.008260413020957268,0.004972465876024448,0.6106151312728331,0.5859375
SC4011,2348,70440.0,70470.0,Sleep stage W,W,2.3913331584655046e-10,2.5066963703727362e-11,4.193900022359257e-12,3.0953363657694224e-12,0.8808197068678086,0.0923312401846647,0.015447742090014031,0.011401310857512705,0.6282024724554097,0.5859375
SC4011,2349,70470.0,70500.0,Sleep stage W,W,2.4638886747191576e-10,1.7248747758886842e-11,2.9505783094173454e-12,3.150300429246207e-12,0.9134360611496796,0.06394618545189686,0.010938662354032958,0.011679091044390627,0.6176941551664923,0.5859375
SC4011,2350,70500.0,70530.0,Sleep stage W,W,6.676162474375561e-10,3.719940326866168e-11,5.190655144178779e-12,3.8128605423486976e-12,0.9352736363347126,0.05211320320333689,0.007271666815013575,0.005341493646936977,0.5968860163193713,1.26953125
SC4011,2351,70530.0,70560.0,Sleep stage W,W,4.832305192008805e-10,3.515200424188894e-11,7.104402181595636e-12,4.248675634240035e-12,0.9122107671313148,0.06635763984593611,0.013411222815148165,0.00802037020760084,0.6078378092627886,0.5859375
SC4011,2352,70560.0,70590.0,Sleep stage W,W,5.558106561091853e-10,3.1614380915877454e-11,3.564563736091255e-12,3.3051732902746966e-12,0.9352440579615241,0.05319646461024008,0.005997972541119445,0.005561504887116297,0.5872221077641079,1.171875
SC4011,2353,70590.0,70620.0,Sleep stage W,W,3.342126298662041e-10,2.192785173524262e-11,2.9222296670477937e-12,2.6856158499192542e-12,0.923881618274364,0.060616318283801804,0.008078073754550462,0.007423989687283755,0.6056660939179064,0.5859375
SC4011,2354,70620.0,70650.0,Sleep stage W,W,4.2734007654349485e-10,3.039046468094222e-11,4.445832675423949e-12,3.660782578568391e-12,0.9173593617435771,0.06523838697343039,0.009543748525843094,0.007858502757149437,0.597325411570175,0.5859375
SC4011,2355,70650.0,70680.0,Sleep stage W,W,4.994880596829961e-10,2.1118855858097682e-11,2.9985497749577603e-12,3.4160451852877925e-12,0.9477564951909618,0.04007209466271683,0.005689615537903437,0.006481794608417811,0.601928359761532,0.5859375
SC4011,2356,70680.0,70710.0,Sleep stage W,W,1.5661637529663077e-10,8.380416801554453e-12,2.038048757399426e-12,2.8343640723446614e-12,0.9219821530516884,0.04933452655594653,0.011997752966843592,0.016685567425521308,0.620951144692313,1.07421875
SC4011,2357,70710.0,70740.0,Sleep stage W,W,1.0592060491149223e-10,1.4320935192217158e-11,2.553929470034161e-12,3.2542212974836756e-12,0.8403083274492205,0.11361340986426909,0.020261291022468774,0.02581697166404159,0.684047258764197,0.5859375
SC4011,2358,70740.0,70770.0,Sleep stage W,W,5.462838945999452e-10,3.078187003238872e-11,4.508826364310814e-12,3.5163138896470456e-12,0.9336735369457018,0.05261040596481491,0.007706198005568163,0.0060098590839152005,0.591938045287389,0.5859375
SC4011,2359,70770.0,70800.0,Sleep stage W,W,1.0313099948906449e-10,1.1436173527249177e-11,2.0017837256735267e-12,2.2535647996405592e-12,0.86794151606128,0.09624584109875736,0.01684683761716192,0.01896580522280076,0.6533392198531048,0.9765625
SC4011,2360,70800.0,70830.0,Sleep stage W,W,4.4002692516824143e-10,4.674595164396948e-11,5.430230825506534e-12,3.2780850835454008e-12,0.8880799748453465,0.09434455299349134,0.010959509473372396,0.006615962687789676,0.6206989749741769,1.171875
SC4011,2361,70830.0,70860.0,Sleep stage W,W,5.175133120764178e-10,4.910945797959318e-11,5.502254251773463e-12,4.24831518379658e-12,0.8978786432643058,0.08520424977135939,0.00954633719982087,0.007370769764514126,0.6117005059537294,0.5859375
SC4011,2362,70860.0,70890.0,Sleep stage W,W,5.032512784683027e-10,1.797220777284131e-11,4.376141759932017e-12,3.3152001363841983e-12,0.9514788614274059,0.03397939860398562,0.008273811825889472,0.006267928142719053,0.5773474106821181,0.5859375
SC4011,2363,70890.0,70920.0,Sleep stage W,W,2.1271593513282078e-10,2.4028272694026216e-11,3.706895574527169e-12,3.1651834443534527e-12,0.8731597459554303,0.09863163504023995,0.015216123776135692,0.012992495228193983,0.6000147191769842,0.5859375
SC4011,2364,70920.0,70950.0,Sleep stage W,W,1.6686995216295542e-10,1.896195347691584e-11,3.4708662592306688e-12,3.064810890610169e-12,0.8674535997334355,0.09857145992027268,0.018042885443047177,0.01593205490324473,0.6509933206314739,0.5859375
SC4011,2365,70950.0,70980.0,Sleep stage W,W,2.037213642080797e-10,2.0504228132708813e-11,3.880397423883962e-12,3.4748389385526148e-12,0.8796987442736558,0.08854026582219957,0.01675612547728102,0.015004864426863598,0.5886713298251138,0.5859375
SC4011,2366,70980.0,71010.0,Sleep stage W,W,5.590484559833457e-10,3.735464770223406e-11,5.702390596342279e-12,3.5736698460766157e-12,0.9230108762090445,0.06167398503135544,0.009414870007212578,0.005900268752387509,0.5912260948550887,0.5859375
SC4011,2367,71010.0,71040.0,Sleep stage W,W,3.9209366766314554e-10,4.986508580192323e-11,8.956531922994545e-12,4.619193636919867e-12,0.8607332391224808,0.10946500890262678,0.019661589485311683,0.010140162489580802,0.6359978979781835,0.5859375
SC4011,2368,71040.0,71070.0,Sleep stage W,W,2.282878847878017e-10,3.297179433521829e-11,4.943307798074445e-12,3.849583406458442e-12,0.8453460913588274,0.12209398449800367,0.01830498333001828,0.014254940813150546,0.6625599554687839,0.5859375
SC4011,2369,71070.0,71100.0,Sleep stage W,W,5.106277218304362e-10,4.435183213323479e-11,6.76546346633193e-12,4.451181681225298e-12,0.9018564989167729,0.07833297398120109,0.011948973654277158,0.007861553447749076,0.6108795200466228,0.5859375
SC4011,2370,71100.0,71130.0,Sleep stage W,W,2.4494903303358707e-10,3.629649652585871e-11,5.754887676685415e-12,4.658974234038423e-12,0.839846204844873,0.12444823512419298,0.019731535637089247,0.015974024393844814,0.6653499431836218,1.26953125
SC4011,2371,71130.0,71160.0,Sleep stage W,W,4.4607191075310516e-10,3.8349287271185255e-11,5.42146720848252e-12,4.068557876206703e-12,0.9031418803267021,0.07764408961957041,0.010976602585291513,0.008237427468435943,0.5847813991992646,0.68359375
SC4011,2372,71160.0,71190.0,Sleep stage W,W,2.522879390915684e-10,3.3879239776582405e-11,5.351127030605217e-12,3.5195058955488227e-12,0.8551037494389332,0.11483016217664468,0.01813708893128562,0.011928999453136397,0.6646412096313102,0.5859375
SC4011,2373,71190.0,71220.0,Sleep stage W,W,2.236780104405534e-10,3.846306077097793e-11,5.0996383577519345e-12,2.849673597260928e-12,0.8281598471524557,0.14240810916714755,0.018881228935157517,0.01055081474523938,0.6923865733680126,1.3671875
SC4011,2374,71220.0,71250.0,Sleep stage W,W,6.055083634106635e-10,3.532897761733467e-11,7.964678590172248e-12,4.631658777243074e-12,0.9266561908739743,0.05406666167573318,0.012188962481594906,0.00708818496869748,0.5897875950450495,0.5859375
SC4011,2375,71250.0,71280.0,Sleep stage W,W,9.677769017922675e-10,5.169504587878357e-11,8.571128989124829e-12,4.7130000441446815e-12,0.9370817791560119,0.050055426489234715,0.00829927722766501,0.004563517127088296,0.5610049426827698,1.07421875
SC4011,2376,71280.0,71310.0,Sleep stage W,W,6.606667546696788e-10,4.833062973574469e-11,8.158370613830378e-12,4.600534684705666e-12,0.9153598854547735,0.06696253351054039,0.011303497773710666,0.006374083260975325,0.5415617224785931,0.5859375
SC4011,2377,71310.0,71340.0,Sleep stage W,W,2.4078642377120376e-10,2.2089299929073816e-11,4.688503687751351e-12,3.274854963705202e-12,0.8890386929405502,0.08155876078618084,0.017311030767939432,0.012091515505329482,0.5939100644836686,0.5859375
SC4011,2378,71340.0,71370.0,Sleep stage W,W,2.592819370294676e-10,2.351664650255615e-11,3.2884166146582817e-12,2.9007607491088796e-12,0.8972073288701136,0.08137592550515059,0.011379086105463428,0.010037659519272496,0.5688603827535629,0.5859375
SC4011,2379,71370.0,71400.0,Sleep stage W,W,2.509652981084032e-10,2.5822955117121922e-11,4.733354613230825e-12,2.8025351140929947e-12,0.8826731894871911,0.0908222384808324,0.016647740723220204,0.009856831308756482,0.6130802517207607,0.5859375
SC4011,2380,71400.0,71430.0,Sleep stage W,W,6.079604823516578e-10,5.383402417393792e-11,1.0390155895913237e-11,5.489080376625139e-12,0.8971285796633817,0.07943944227742351,0.015332091594713392,0.008099886464481523,0.6221646375876766,0.5859375
SC4011,2381,71430.0,71460.0,Sleep stage W,W,4.403522726286209e-10,3.601006384417237e-11,9.331464260673984e-12,6.311177051955588e-12,0.8950158890885671,0.07319044617446403,0.018966198884157827,0.012827465852811085,0.5839649914714753,0.5859375
SC4011,2382,71460.0,71490.0,Sleep stage W,W,1.2069419292615752e-10,2.0264784039040358e-11,4.588468741351974e-12,3.163467490856559e-12,0.8116027958616725,0.1362696496399014,0.030854956389522053,0.021272598108904167,0.6879555238779553,0.5859375
SC4011,2383,71490.0,71520.0,Sleep stage W,W,4.693228988046591e-10,3.2467831933245705e-11,5.173573302926058e-12,2.655856919042971e-12,0.9209268682005937,0.06370986554396174,0.01015182227716735,0.0052114439782771586,0.5885988331370036,1.07421875
SC4011,2384,71520.0,71550.0,Sleep stage W,W,2.502640892977465e-10,2.61600646914508e-11,5.471668017409243e-12,3.845014232966861e-12,0.8758429232282285,0.09155171880828906,0.019149058599456318,0.013456299364026111,0.6045566216876211,1.07421875
SC4011,2385,71550.0,71580.0,Sleep stage W,W,2.4286114413570153e-10,3.0343679420035064e-11,4.876390794003898e-12,2.9697781004780013e-12,0.8641177247531643,0.10796503209434398,0.017350555326246127,0.010566687826245721,0.6414145864707598,0.5859375
SC4011,2386,71580.0,71610.0,Sleep stage W,W,4.1061693534834056e-10,4.394024411609081e-11,6.765459368098466e-12,4.318638284586285e-12,0.8818310479057121,0.09436501073988582,0.014529337712465827,0.009274603641936321,0.6058438791662132,0.5859375
SC4011,2387,71610.0,71640.0,Sleep stage W,W,6.707163118350931e-10,5.804464364041462e-11,7.826436423625483e-12,4.826597859368588e-12,0.9046448018246367,0.07828911302216093,0.010556094883203864,0.006509990269998464,0.626473270417638,0.5859375
SC4011,2388,71640.0,71670.0,Sleep stage W,W,6.40563194883384e-10,3.893528464256106e-11,6.256418807578246e-12,5.87825149798534e-12,0.926160342429269,0.05629470572954207,0.009045863127154035,0.008499088714034835,0.572779420232001,0.9765625
SC4011,2389,71670.0,71700.0,Sleep stage W,W,5.16843092436547e-10,4.718824090845515e-11,1.0512923184281396e-11,9.422751246836527e-12,0.8850552951695058,0.08080634741363003,0.018002597825375465,0.01613575959148877,0.653679817818888,0.68359375
SC4011,2390,71700.0,71730.0,Sleep stage W,W,1.0018783319514777e-09,7.64581741031252e-11,1.2114124098396863e-11,1.1514737764013838e-11,0.9091740640137129,0.06938346369963513,0.01099319856239724,0.01044927372425463,0.6071906849521388,0.5859375
SC4011,2391,71730.0,71760.0,Sleep stage W,W,8.461597844456071e-10,6.572763737608581e-11,8.244175780706732e-12,5.8249850222319234e-12,0.9138223112439681,0.07098349815687932,0.008903415057905359,0.006290775541247254,0.6222510929187681,0.5859375
SC4011,2392,71760.0,71790.0,Sleep stage W,W,4.266757052383379e-10,5.412157836511938e-11,7.83880267447755e-12,5.725091661502531e-12,0.8630849756786698,0.10947780849359016,0.015856428506685564,0.011580787321054352,0.6787529991058776,0.5859375
SC4011,2393,71790.0,71820.0,Sleep stage W,W,8.026194929619638e-10,7.685599550274029e-11,1.3511027451532708e-11,6.649932498503534e-12,0.8921598211991841,0.08543005970708403,0.0150183193170315,0.007391799776700307,0.6610140721860919,1.7578125
SC4011,2394,71820.0,71850.0,Sleep stage W,W,6.122617412955442e-10,4.20325866814064e-11,1.0299371205866197e-11,1.109834114041306e-11,0.9061254310508933,0.06220672166168974,0.015242700211385206,0.0164251470760318,0.631920327347386,0.5859375
SC4011,2395,71850.0,71880.0,Sleep stage W,W,8.01082567650491e-10,6.977035898633694e-11,1.0914973881715775e-11,8.248009890156768e-12,0.9000766820928282,0.07839226037464654,0.012263796359217394,0.009267261173307827,0.6353137971535905,1.171875
SC4011,2396,71880.0,71910.0,Sleep stage W,W,5.041367652999638e-10,5.089482876503401e-11,8.266721416661119e-12,5.889258245524307e-12,0.8857128802000184,0.08941661960706887,0.014523720822871362,0.010346779370041345,0.6533741188462654,1.171875
SC4011,2397,71910.0,71940.0,Sleep stage W,W,5.956176776856403e-10,5.5634298947563676e-11,9.543496705270998e-12,7.491674955952769e-12,0.8912601105763425,0.08324909298278593,0.014280533045753578,0.011210263395117926,0.656460341174919,0.9765625
SC4011,2398,71940.0,71970.0,Sleep stage W,W,7.389592812199823e-10,5.306141777400854e-11,8.856931711626799e-12,4.861512983876517e-12,0.917119748999998,0.06585433783325871,0.010992306605672337,0.006033606561070821,0.6161197831718943,0.5859375
SC4011,2399,71970.0,72000.0,Sleep stage W,W,6.91295086322424e-10,5.736680155909029e-11,1.0144682033575586e-11,7.099693440119594e-12,0.9025844537346701,0.07490055154763098,0.013245331078942647,0.009269663638756434,0.6295010955031284,0.5859375
SC4011,2400,72000.0,72030.0,Sleep stage W,W,5.063229425976792e-10,3.933916740780225e-11,7.009772190778262e-12,6.381265424853756e-12,0.9056794416634406,0.07036749113245945,0.012538650789475542,0.011414416414624186,0.6369915131748234,1.171875
SC4011,2401,72030.0,72060.0,Sleep stage W,W,4.998699134868259e-10,4.6146712972391664e-11,6.7117569009002e-12,5.666763935430739e-12,0.895190289363768,0.08264167981382374,0.01201972641310901,0.010148304409299286,0.640346393554463,0.5859375
SC4011,2402,72060.0,72090.0,Sleep stage W,W,7.780131368955039e-10,4.9772495062804966e-11,6.452700463729544e-12,5.078575407805741e-12,0.9269599237636609,0.059301194338498196,0.007688038217189959,0.006050843680650989,0.5868927645324077,0.5859375
SC4011,2403,72090.0,72120.0,Sleep stage W,W,5.668284816593937e-10,7.571313610016558e-11,8.80886456239788e-12,5.857751340695676e-12,0.8624792761655335,0.11520418068747047,0.01340346044252315,0.008913082704472748,0.6553403841066753,0.9765625
SC4011,2404,72120.0,72150.0,Sleep stage W,W,9.424484471937746e-10,6.729324305772365e-11,8.46660078770054e-12,7.890954094706362e-12,0.9184768935979344,0.06558161247739924,0.008251249406772203,0.007690244517894173,0.6129704716518628,1.07421875
SC4011,2405,72150.0,72180.0,Sleep stage W,W,7.070402467657568e-10,4.0544808057672253e-11,5.800855600532898e-12,4.9167748736941494e-12,0.9323984478417383,0.05346784185757857,0.007649789078955841,0.006483921221727139,0.49709827540314816,0.5859375
SC4011,2406,72180.0,72210.0,Sleep stage W,W,7.14245021097586e-10,5.0969585562392394e-11,7.2589111501975314e-12,4.698373350822737e-12,0.919030949550417,0.06558341358209718,0.009340161723236819,0.00604547514424891,0.6299780283053257,1.07421875
SC4011,2407,72210.0,72240.0,Sleep stage W,W,5.126974532603719e-10,3.5443951699378315e-11,5.038445517624332e-12,3.59888179762697e-12,0.9208280121718853,0.06365895398797669,0.009049277972664672,0.00646375586747345,0.5997846625529903,0.5859375
SC4011,2408,72240.0,72270.0,Sleep stage W,W,4.963064479288143e-10,3.7554359549585557e-11,6.07372117390707e-12,4.8283291367450585e-12,0.9110504521969419,0.0689370778727497,0.011149293838712826,0.008863176091595303,0.6320279879884863,0.5859375
SC4011,2409,72270.0,72300.0,Sleep stage W,W,5.387547292608068e-10,3.459037172550313e-11,7.901770646694424e-12,7.31792092242998e-12,0.915370297502231,0.0587707116752914,0.013425489846897683,0.01243350097557991,0.6138469839780778,0.5859375
SC4011,2410,72300.0,72330.0,Sleep stage W,W,6.932662552941669e-10,4.9808548296528e-11,6.896207019470914e-12,5.6878222087692195e-12,0.9174328747114399,0.06591406880102296,0.009126085370755307,0.007526971116781864,0.6207727386565121,0.5859375
SC4011,2411,72330.0,72360.0,Sleep stage W,W,5.001037334722712e-10,5.079716156333213e-11,7.0257159691114646e-12,1.674654852941651e-11,0.8702402838470635,0.08839313394158121,0.012225585713463603,0.029140996497891758,0.6622981639869664,1.26953125
SC4011,2412,72360.0,72390.0,Sleep stage W,W,6.783464584890338e-10,3.10747919217844e-11,6.901280198606274e-12,9.400279962485503e-12,0.9347183919359777,0.042819092178314935,0.009509526361955857,0.01295298952375158,0.6067976576421821,0.5859375
SC4011,2413,72390.0,72420.0,Sleep stage W,W,6.109298129159398e-10,4.651157711953975e-11,8.601123723235767e-12,1.076482869992672e-11,0.9026642806453775,0.06872203388127686,0.012708378269051298,0.0159053072042943,0.6424826614969622,1.3671875
SC4011,2414,72420.0,72450.0,Sleep stage W,W,7.298409407153588e-10,3.3996781813857837e-11,6.995233151616812e-12,7.231288512042338e-12,0.9380214373845938,0.04369405491589499,0.008990559846215928,0.009293947853295468,0.6235736189791617,1.26953125
SC4011,2415,72450.0,72480.0,Sleep stage W,W,7.695411288218359e-10,4.564072047439062e-11,8.076766757487463e-12,9.63112566426078e-12,0.9239411776575951,0.05479803410743057,0.009697282068605836,0.011563506166368392,0.6226568550160145,1.26953125
SC4011,2416,72480.0,72510.0,Sleep stage W,W,6.395750048071269e-10,4.5980230721444554e-11,7.715157283599927e-12,6.2140044700308095e-12,0.914352067454472,0.06573446226977689,0.011029777524097223,0.008883692751653774,0.6259320090157239,1.26953125
SC4011,2417,72510.0,72540.0,Sleep stage W,W,6.184578146930134e-10,3.052508142023289e-11,6.9039551200274575e-12,8.593936731199916e-12,0.930738444052771,0.045938245278304285,0.010389999598297757,0.012933311070627056,0.6277589984186108,1.07421875
SC4011,2418,72540.0,72570.0,Sleep stage W,W,5.723489189724325e-10,5.72196239812373e-11,1.0032531516756987e-11,8.090985243382385e-12,0.8836744412542776,0.08834387132446939,0.015489662666530119,0.012492024754722927,0.6568574772374884,1.07421875
SC4011,2419,72570.0,72600.0,Sleep stage W,W,5.597778998936971e-10,2.8089524648668745e-11,5.043654253389682e-12,6.195449590234968e-12,0.9343545319089649,0.04688569280715852,0.008418626762384689,0.010341148521491962,0.6108661222911456,1.07421875
SC4011,2420,72600.0,72630.0,Sleep stage W,W,6.163347876390186e-10,5.7887556658902696e-11,8.334512530081881e-12,1.2622420925110926e-11,0.8865839465627795,0.0832699686417593,0.011989011751069194,0.01815707304439194,0.6229765076494062,1.07421875
SC4011,2421,72630.0,72660.0,Sleep stage W,W,5.138823433486725e-10,3.9368849370482225e-11,6.887793057283768e-12,6.902301850293705e-12,0.9062520746936283,0.0694285411477791,0.012146898660786434,0.012172485497806118,0.6444320108659671,1.3671875
SC4011,2422,72660.0,72690.0,Sleep stage W,W,4.3599641283654194e-10,3.638358509644173e-11,5.993199157932524e-12,5.254920167529212e-12,0.9015117138103663,0.07523050004348433,0.012392164442188183,0.010865621703961107,0.6246548255279772,1.171875
SC4011,2423,72690.0,72720.0,Sleep stage W,W,6.665121381480551e-10,4.428513553494412e-11,6.944177821849239e-12,5.7368243110011046e-12,0.9212607488406545,0.06121142405417053,0.00959832251219769,0.007929504592977338,0.5961429078254029,0.9765625
SC4011,2424,72720.0,72750.0,Sleep stage W,W,7.603199425046789e-10,6.26023467304712e-11,1.0471649574669328e-11,1.1521601986744815e-11,0.8998768584465486,0.07409302315761804,0.012393723477730014,0.013636394918103355,0.6521072000574586,1.85546875
SC4011,2425,72750.0,72780.0,Sleep stage W,W,5.559408631043625e-10,6.716491628572814e-11,1.3285641272585883e-11,8.600643630594199e-12,0.8619344235087866,0.10413293434752866,0.020598146873548277,0.013334495270136505,0.6823588106781425,1.07421875
SC4011,2426,72780.0,72810.0,Sleep stage W,W,4.747589352077286e-10,4.46664624112677e-11,1.152402042078826e-11,7.359048012261304e-12,0.8819458826081829,0.08297558970017976,0.0214078379730964,0.013670689718541046,0.6331102549365017,0.5859375
SC4011,2427,72810.0,72840.0,Sleep stage W,W,5.978081614426537e-10,6.002686576345686e-11,9.110692270062282e-12,7.746458925851175e-12,0.886045785884955,0.08896926285054557,0.013503479900479235,0.011481471364020094,0.6378853008041913,0.5859375
SC4011,2428,72840.0,72870.0,Sleep stage W,W,7.785121162233284e-10,5.7428125150663626e-11,1.0909949448142076e-11,7.975755544231441e-12,0.9107258846465451,0.06718107398912619,0.01276277292999508,0.009330268434333593,0.6418897841627218,1.171875
SC4011,2429,72870.0,72900.0,Sleep stage W,W,6.031019695691779e-10,5.6919426358542574e-11,7.048025185513401e-12,4.46712497998423e-12,0.8980925507000768,0.08475998319031383,0.010495370991372736,0.0066520951182366984,0.6336420260684069,0.9765625
SC4011,2430,72900.0,72930.0,Sleep stage W,W,3.338123068543721e-10,3.055418198321317e-11,5.0450225155395835e-12,4.065318981764144e-12,0.8937965617707784,0.08181011377818502,0.01350826103727992,0.01088506341375677,0.578277968922487,0.5859375
SC4011,2431,72930.0,72960.0,Sleep stage W,W,3.7590215898771945e-10,3.094693140543691e-11,7.40564225803875e-12,7.405116284068353e-12,0.8914819846777274,0.07339311884586888,0.017563071932835895,0.017561824543567684,0.61493982935019,1.171875
SC4011,2432,72960.0,72990.0,Sleep stage W,W,4.913323702210783e-10,3.8319609940017855e-11,5.236727698150156e-12,3.963305538302506e-12,0.9118131843345051,0.0711134207301306,0.009718304038861699,0.007355090896502782,0.6245862531203226,0.9765625
SC4011,2433,72990.0,73020.0,Sleep stage W,W,5.829374552585106e-10,8.275661807013315e-11,8.834687693131837e-12,6.539751838503884e-12,0.855916026436682,0.12150997514564382,0.012971804636847549,0.00960219378082673,0.6561787291418142,0.5859375
SC4011,2434,73020.0,73050.0,Sleep stage W,W,6.498268166799254e-10,3.448101340344044e-11,7.019715287696572e-12,4.6205454025303026e-12,0.9337288589406139,0.049545381129090384,0.010086550104467835,0.006639209825828042,0.5939005179598879,0.5859375
SC4011,2435,73050.0,73080.0,Sleep stage W,W,5.3019542949847e-10,3.693900824769586e-11,5.364559638623213e-12,3.850038761909776e-12,0.9199207359540351,0.06409138548172003,0.009307831369839864,0.006680047194404991,0.6253323183074481,0.5859375
SC4011,2436,73080.0,73110.0,Sleep stage W,W,4.483674056620418e-10,3.234730067493559e-11,6.850973779959579e-12,4.2600849778084e-12,0.9116387092401884,0.06576983755355761,0.013929676454912455,0.008661776751341476,0.6428725715408834,0.5859375
SC4011,2437,73110.0,73140.0,Sleep stage W,W,2.990536765589856e-10,2.8123585011055773e-11,3.883663368525165e-12,3.1792645213599527e-12,0.8947268640620502,0.08414184140003794,0.011619378791043898,0.009511915746867801,0.64561362911338,0.9765625
SC4011,2438,73140.0,73170.0,Sleep stage W,W,4.674447804890745e-10,3.550851938714458e-11,4.9874110448130705e-12,4.136801031292844e-12,0.9128398915760121,0.06934207919376562,0.009739562719320125,0.008078466510901937,0.6276376490571034,0.5859375
SC4011,2439,73170.0,73200.0,Sleep stage W,W,6.304724004462661e-10,3.228832064703229e-11,5.032506153851389e-12,2.9274869757256413e-12,0.939992439590534,0.04813973977893744,0.007503132148948548,0.004364688481579919,0.628536098550728,0.5859375
SC4011,2440,73200.0,73230.0,Sleep stage W,W,4.113091066607409e-10,3.460501134576291e-11,4.392844139131777e-12,3.681198855244235e-12,0.9059908208926704,0.0762244796636797,0.00967612047293732,0.008108578970712632,0.6523852690042812,1.26953125
SC4011,2441,73230.0,73260.0,Sleep stage W,W,6.23395172578981e-10,4.863995281695842e-11,7.913265875352582e-12,5.998425372728179e-12,0.9088097757037903,0.07090921866935447,0.011536267365548924,0.008744738261306239,0.6086389214989878,0.5859375
SC4011,2442,73260.0,73290.0,Sleep stage W,W,5.955357638294111e-10,5.553475070590067e-11,7.66031793779516e-12,6.585373722446907e-12,0.8951168756805655,0.08347121291913571,0.011513800304968963,0.00989811109532975,0.647719538444715,0.5859375
SC4011,2443,73290.0,73320.0,Sleep stage W,W,5.703973719801829e-10,3.1385773546158734e-11,4.073790722009495e-12,3.4335236546789065e-12,0.9361665896934657,0.05151200554027032,0.006686122613273559,0.00563528215299048,0.6193280803801544,1.07421875
SC4011,2444,73320.0,73350.0,Sleep stage W,W,5.123286457488885e-10,2.3808807775680008e-11,4.963737459774547e-12,3.1322962564021366e-12,0.9413765557617307,0.04374741417767267,0.009120602785654764,0.005755427274941914,0.6129109158686026,0.5859375
SC4011,2445,73350.0,73380.0,Sleep stage W,W,3.616780341246803e-10,2.39787417975708e-11,3.699412423443403e-12,2.8023511938340943e-12,0.9222750435305107,0.061145530136170356,0.009433461343943298,0.007145964989375487,0.6269526678514171,1.171875
SC4011,2446,73380.0,73410.0,Sleep stage W,W,7.09988944157213e-10,3.666696900919159e-11,3.920358447756239e-12,3.147572946608033e-12,0.9419749013923763,0.04864774980093564,0.005201319390447068,0.004176029416241004,0.6030407655117793,0.5859375
SC4011,2447,73410.0,73440.0,Sleep stage W,W,4.878757374697007e-10,2.688655583142012e-11,4.637257323998118e-12,2.9153755659913374e-12,0.9340643221273586,0.05147575625970638,0.00887827839386958,0.005581643219065557,0.6075156710891696,0.5859375
SC4011,2448,73440.0,73470.0,Sleep stage W,W,6.03434109147997e-10,3.149967336611308e-11,4.02775301919274e-12,2.769516017328418e-12,0.9403224414494259,0.04908547481066968,0.006276387918989391,0.004315695820914954,0.5943363308528665,0.5859375
SC4011,2449,73470.0,73500.0,Sleep stage W,W,3.879859378859552e-10,2.8999040767506984e-11,3.8853324527313885e-12,3.351455488510763e-12,0.9145828159652912,0.06835821037729134,0.009158729604846942,0.007900244052570499,0.6444663656336224,1.26953125
SC4011,2450,73500.0,73530.0,Sleep stage W,W,6.086466009186614e-10,3.7771957352542213e-11,4.753053061809479e-12,3.484113672861436e-12,0.9297201226082606,0.05769743685080165,0.007260385696263219,0.0053220548446745375,0.6100338631301047,1.953125
SC4011,2451,73530.0,73560.0,Sleep stage W,W,5.061215119340498e-10,4.152546172375625e-11,4.690979603677742e-12,3.3733639535179502e-12,0.9107633698563566,0.0747248804142858,0.00844139656393362,0.006070353165423862,0.642652468231645,1.26953125
SC4011,2452,73560.0,73590.0,Sleep stage W,W,5.04088327806522e-10,3.545718677419037e-11,6.990750583253291e-12,6.368059675718493e-12,0.9117098658121069,0.0641289734611341,0.01264368945799126,0.011517471268767749,0.6303441238352773,1.07421875
SC4011,2453,73590.0,73620.0,Sleep stage W,W,4.929797441104004e-10,4.2480376606668254e-11,4.515751456027953e-12,4.3307582047128084e-12,0.9057022578766266,0.07804493687167129,0.008296337402492264,0.007956467849209883,0.6273297831047798,1.171875
SC4011,2454,73620.0,73650.0,Sleep stage W,W,5.138936451989367e-10,2.985851922738514e-11,5.907160751067159e-12,6.677531995491163e-12,0.9237095090380567,0.0536698563872188,0.010617956863554564,0.012002677711169758,0.598831568511421,0.5859375
SC4011,2455,73650.0,73680.0,Sleep stage W,W,2.861518633153067e-10,2.7057973092525306e-11,4.735599476291318e-12,4.086349001942405e-12,0.8885826702371841,0.08402267838902415,0.014705379091591112,0.012689272282200802,0.6439080042450483,0.5859375
SC4011,2456,73680.0,73710.0,Sleep stage W,W,6.731317502043582e-10,4.555015090698762e-11,5.912499328340655e-12,4.06434350751977e-12,0.9237956118634444,0.06251232320391654,0.008114222710499766,0.005577842222139374,0.622813787068378,1.171875
SC4011,2457,73710.0,73740.0,Sleep stage W,W,5.589755077791116e-10,3.9442497117707726e-11,6.396495879922214e-12,4.045120128065354e-12,0.9180695986185387,0.06478093761431164,0.01050569894981143,0.006643764817338404,0.6102998335289173,0.5859375
SC4011,2458,73740.0,73770.0,Sleep stage W,W,6.018856041898996e-10,2.8199227223642974e-11,5.697471606991428e-12,2.9426068019632493e-12,0.9423236747681637,0.04414925234633418,0.008920071096921466,0.004607001788580634,0.5948551299870759,0.5859375
SC4011,2459,73770.0,73800.0,Sleep stage W,W,2.81182149547702e-10,2.7435396853270922e-11,4.5614661063222655e-12,2.9533003481407792e-12,0.8894445082438747,0.08678453842779699,0.014428977743911223,0.009341975584417062,0.6552902352856159,1.171875
SC4011,2460,73800.0,73830.0,Sleep stage W,W,7.669740164661044e-10,3.777429308778194e-11,6.822854573496952e-12,3.72751254638999e-12,0.9407276601934126,0.04633184643680787,0.00836853384986787,0.004571959519911603,0.6099398076085918,0.5859375
SC4011,2461,73830.0,73860.0,Sleep stage W,W,9.226921221714995e-10,3.173595562016113e-11,5.958281841336517e-12,3.870349695741427e-12,0.9568946871148305,0.03291235136155175,0.0061791448103942544,0.004013816713223335,0.5766117701730367,0.5859375
SC4011,2462,73860.0,73890.0,Sleep stage W,W,6.606952432248594e-10,3.818569199445014e-11,4.9632887851831895e-12,3.5627520057144063e-12,0.9339676673125236,0.05397980694199313,0.007016171671328804,0.005036354074154621,0.618127048797611,1.171875
SC4011,2463,73890.0,73920.0,Sleep stage W,W,5.148158942942164e-10,3.830755333339425e-11,7.449743318663508e-12,9.889741282124002e-12,0.9024528417353818,0.06715169587575749,0.013059119002811613,0.017336343386049162,0.6513647257717539,0.9765625
SC4011,2464,73920.0,73950.0,Sleep stage W,W,1.0011717131238361e-09,5.1870272987622134e-11,6.4387486238804924e-12,5.815588602406931e-12,0.9398058466840505,0.04869093401646612,0.006044091660531458,0.005459127638951903,0.5640848965935766,0.5859375
SC4011,2465,73950.0,73980.0,Sleep stage W,W,6.07558312522149e-10,5.4631283915642674e-11,6.3822720662334555e-12,4.959974278328572e-12,0.9020483872185333,0.0811116571563437,0.009475828254635072,0.007364127370487732,0.6199137928391889,1.07421875
SC4011,2466,73980.0,74010.0,Sleep stage W,W,6.250818434786102e-10,3.0274659965973374e-11,6.977036573254218e-12,4.1344814566143284e-12,0.9379022298710119,0.04542552529226475,0.01046867418757566,0.006203570649147516,0.6111123080877335,0.5859375
SC4011,2467,74010.0,74040.0,Sleep stage W,W,3.2779761565857946e-10,2.4220811126956276e-11,2.736640934248263e-12,2.4512761156769097e-12,0.9176701962761671,0.0678062177364718,0.007661232734177966,0.006862353253183082,0.5964156873960478,0.5859375
SC4011,2468,74040.0,74070.0,Sleep stage W,W,6.036460554925378e-10,3.53103099300901e-11,5.405685943265048e-12,4.183747491635757e-12,0.9307685849725866,0.054445360670429696,0.00833508744145386,0.006450966915529792,0.5551399538066433,0.5859375
SC4011,2469,74070.0,74100.0,Sleep stage W,W,6.970568256855801e-10,3.317531779563507e-11,5.379256522453252e-12,3.6153499811132387e-12,0.942954006602075,0.04487840543692182,0.0072768694078832975,0.004890718553120092,0.571041467993085,1.171875
SC4011,2470,74100.0,74130.0,Sleep stage W,W,4.759274474701787e-10,2.275173380709629e-11,4.384703950221526e-12,3.249967798163703e-12,0.939985040160571,0.04493602865324568,0.008660051318009874,0.006418879868173375,0.5747080364098401,0.5859375
SC4011,2471,74130.0,74160.0,Sleep stage W,W,6.070659343322025e-10,3.771873325164811e-11,6.52940002238768e-12,4.5499243990523214e-12,0.9255972911031616,0.0575099924853686,0.009955417742059868,0.0069372986694101356,0.5689165351137334,0.5859375
SC4011,2472,74160.0,74190.0,Sleep stage W,W,1.0786380493822128e-09,5.0771173038109815e-11,7.1032307588996466e-12,4.644982049846244e-12,0.9452140573098875,0.04449094530757568,0.006224584390911664,0.004070412991625333,0.5627521389675678,0.5859375
SC4011,2473,74190.0,74220.0,Sleep stage W,W,5.253285136584106e-10,4.310959138239442e-11,6.717746725330539e-12,3.733015700175319e-12,0.907477312454938,0.07446954641065581,0.011604553313890573,0.006448587820515595,0.5974203168186479,1.171875
SC4011,2474,74220.0,74250.0,Sleep stage W,W,4.5196548549950856e-10,4.5537683213821676e-11,6.546314051278107e-12,4.065797450395225e-12,0.8894939851213768,0.08962077108673625,0.01288352133104146,0.008001722460845552,0.6417900468169094,1.171875
SC4011,2475,74250.0,74280.0,Sleep stage W,W,3.6443850442489755e-10,3.9665664535957676e-11,5.413315663340134e-12,3.588349726469557e-12,0.8821916180335132,0.09601816589762195,0.013103943864285976,0.008686272204578903,0.6138969257557666,0.5859375
SC4011,2476,74280.0,74310.0,Sleep stage W,W,3.96642228418033e-10,4.767408664597694e-11,6.530400873771757e-12,5.8709375251770835e-12,0.8684626604874645,0.10438415569115604,0.014298551466658805,0.012854632354720737,0.6293715348475454,0.5859375
SC4011,2477,74310.0,74340.0,Sleep stage W,W,6.346833535751057e-10,5.520549718051927e-11,7.734261323396921e-12,4.649011949159554e-12,0.9037570079453083,0.07860983697297365,0.011013197105181628,0.006619957976536449,0.6140061616308915,0.5859375
SC4011,2478,74340.0,74370.0,Sleep stage W,W,4.138998594309229e-10,1.318199720737036e-11,2.836035591252809e-12,2.430371409933359e-12,0.9573297599179443,0.030489302990152362,0.006559609069270331,0.005621328022633078,0.534737174483057,1.171875
SC4011,2479,74370.0,74400.0,Sleep stage W,W,6.641410551744564e-10,3.63341050649329e-11,4.543679138924104e-12,3.5781999801111735e-12,0.9372619673598702,0.05127611752065799,0.006412218632804373,0.005049696486667422,0.5809121732918145,1.171875
SC4011,2480,74400.0,74430.0,Sleep stage W,W,5.782714689306196e-11,1.068569946477287e-11,1.720460674417438e-12,1.7369736632242955e-12,0.8034864715582036,0.1484737778081847,0.023905154430300442,0.02413459620331128,0.6664675737567513,1.07421875
SC4011,2481,74430.0,74460.0,Sleep stage W,W,8.062278344189028e-10,1.3182750428900598e-11,2.3376848272094537e-12,2.7201087435243922e-12,0.9778759932131992,0.015989394831839678,0.002835384459126872,0.0032992274958343433,0.49802662896023026,1.07421875
SC4011,2482,74460.0,74490.0,Sleep stage W,W,3.2019828207870445e-10,1.31141433820834e-11,2.6365356634400636e-12,2.202467722130966e-12,0.9469079671527528,0.03878186594338446,0.00779690824443622,0.006513258659426426,0.571068340899285,1.07421875
SC4011,2483,74490.0,74520.0,Sleep stage W,W,7.224549648457533e-10,1.1621789021683633e-11,2.4825528354946292e-12,2.8827440377505527e-12,0.9770271573304316,0.015716970667332693,0.003357332509028819,0.00389853949320704,0.5293539505186321,0.5859375
SC4011,2484,74520.0,74550.0,Sleep stage W,W,8.831557639730231e-10,1.7360913926187804e-11,3.5407113694717425e-12,3.217843863859231e-12,0.9734154881796545,0.019135223019640817,0.003902576902983185,0.0035467118977214967,0.5391300074508062,0.9765625
SC4011,2485,74550.0,74580.0,Sleep stage W,W,5.898721243526538e-10,3.746442342133254e-11,5.6671583128921285e-12,3.689665105137906e-12,0.9264618591022803,0.05884217602453077,0.008900922436622957,0.005795042436565846,0.6253639991679428,1.26953125
SC4011,2486,74580.0,74610.0,Sleep stage W,W,6.320926262591814e-10,4.0532940551928327e-11,4.531204461591235e-12,3.581203398634293e-12,0.9285402750806724,0.05954264645144543,0.006656312164425571,0.005260766303456659,0.6085915105360182,0.5859375
SC4011,2487,74610.0,74640.0,Sleep stage W,W,7.132332687165039e-10,1.9025465953416798e-11,3.3313100899098335e-12,3.0282653997308102e-12,0.9656317192602852,0.025758183478157733,0.004510191588927955,0.004099905672628971,0.5452050137773816,1.07421875
SC4011,2488,74640.0,74670.0,Sleep stage W,W,4.930059134941866e-10,1.7982995645443632e-11,3.0088954579677304e-12,2.6490995597185226e-12,0.9542414936141157,0.034807129396768624,0.005823891392275789,0.005127485596839819,0.5611030490871035,1.171875
SC4011,2489,74670.0,74700.0,Sleep stage W,W,5.948017080803166e-10,1.7313380797131063e-11,2.534233068097577e-12,2.091864753426513e-12,0.9644267658917293,0.02807236028746307,0.004109070583824205,0.0033918032369833306,0.576802008742868,0.9765625
SC4011,2490,74700.0,74730.0,Sleep stage W,W,4.261058174713788e-10,1.7277494497705946e-11,2.220224156544481e-12,1.991693737106647e-12,0.9519891836247958,0.03860071185969617,0.004960339182402273,0.004449765333105628,0.5789588392189691,1.171875
SC4011,2491,74730.0,74760.0,Sleep stage W,W,6.605598063100254e-10,2.3423685853027954e-11,3.598987965938183e-12,2.819197557754271e-12,0.9567760734928856,0.03392762012327543,0.005212889948351404,0.004083416435487601,0.5519401689787465,1.07421875
SC4011,2492,74760.0,74790.0,Sleep stage W,W,6.908891939985138e-10,1.7272861218531714e-11,3.2320066136734685e-12,2.5276182836475666e-12,0.96773807721855,0.02419433629717575,0.004527116494285084,0.003540469989989175,0.5639279302175435,0.9765625
SC4011,2493,74790.0,74820.0,Sleep stage W,W,5.834972509099369e-10,1.28409657256723e-11,2.8822097669782867e-12,2.574676875158735e-12,0.9695945475990948,0.021337770373558215,0.0047893539699475785,0.004278328057399373,0.5302447682541691,1.171875
SC4011,2494,74820.0,74850.0,Sleep stage W,W,4.53366977277038e-10,1.3792939970226186e-11,2.9560251931736746e-12,2.473581222084456e-12,0.9593250687477972,0.029185877552537046,0.006254952861131516,0.0052341008385341364,0.5593798732557457,1.07421875
SC4011,2495,74850.0,74880.0,Sleep stage W,W,5.86121402154153e-10,1.4552913443277772e-11,2.6977347165453187e-12,2.475862107974073e-12,0.9674398312458682,0.024020737127079868,0.00445282497675167,0.004086606650300263,0.530998092928466,0.5859375
SC4011,2496,74880.0,74910.0,Sleep stage W,W,5.808276926485425e-10,1.7284716406470788e-11,2.3454991160737554e-12,2.9893385738273045e-12,0.9625161035726236,0.028643293178827415,0.0038868337352199922,0.004953769513329042,0.540060479998569,0.5859375
SC4011,2497,74910.0,74940.0,Sleep stage W,W,1.3116381716267952e-09,2.5701005296934538e-11,4.325500418818452e-12,2.766816284377375e-12,0.9756080379286098,0.01911663436833061,0.0032173453532759635,0.00205798234978357,0.5377023291644427,1.26953125
SC4011,2498,74940.0,74970.0,Sleep stage W,W,9.837694182600036e-10,2.2720553340007802e-11,3.5480309966384846e-12,2.6551373041203845e-12,0.9714388095454062,0.0224357729353574,0.0035035598216712938,0.0026218576975652777,0.5632639953337439,0.5859375
SC4011,2499,74970.0,75000.0,Sleep stage W,W,1.2084405084775956e-09,5.4883836730862526e-11,7.713849449965275e-12,4.932187868408613e-12,0.9470756727789358,0.04301340962332908,0.00604547688222149,0.0038654407155135472,0.6000019149990311,0.9765625
SC4011,2500,75000.0,75030.0,Sleep stage W,W,1.3130663906768033e-09,5.392568903673457e-11,7.471629853757345e-12,4.160226516641925e-12,0.9524471150607221,0.03911559028193989,0.005419628702357332,0.003017665954980656,0.5722762465023694,1.07421875
SC4011,2501,75030.0,75060.0,Sleep stage W,W,1.0004823452092532e-09,3.231288818657624e-11,3.822805726830421e-12,2.7034298457225003e-12,0.9626303074469534,0.03109036919890591,0.0036781745022787713,0.0026011488518618703,0.5688205141163662,1.07421875
SC4011,2502,75060.0,75090.0,Sleep stage W,W,5.464091323877526e-10,2.5744090647050653e-11,6.220469154518874e-12,5.60855375618277e-12,0.9356605208144316,0.04408368717677249,0.010651812101663353,0.009603979907132552,0.6291366026666655,0.5859375
SC4011,2503,75090.0,75120.0,Sleep stage W,W,4.155705378874461e-10,2.4317412242569214e-11,3.3549332253611887e-12,2.6345864795831226e-12,0.932028563904044,0.054538329222084805,0.007524338977259848,0.00590876789661139,0.616864883810256,1.171875
SC4011,2504,75120.0,75150.0,Sleep stage W,W,9.516688223705342e-10,2.126858192194893e-11,2.611429088710228e-12,2.006393425463629e-12,0.9735192409326223,0.021756910851396305,0.0026713877815792418,0.002052460434402094,0.5741101789664824,1.07421875
SC4011,2505,75150.0,75180.0,Sleep stage W,W,6.115464433902229e-10,2.2211171950984412e-11,3.4449932211361195e-12,3.2583680278680816e-12,0.9548535597688895,0.03467997702098229,0.005378927595990508,0.005087535614137651,0.5990970757795868,1.07421875
SC4011,2506,75180.0,75210.0,Sleep stage W,W,6.737017628418157e-10,3.5528485635572964e-11,4.742207489845562e-12,2.9160325629786196e-12,0.9397580985336508,0.04955929158301115,0.006614986243632094,0.004067623639706031,0.5952632670048825,0.68359375
SC4011,2507,75210.0,75240.0,Sleep stage W,W,5.299922343290319e-10,2.6032246620204175e-11,4.973264895919277e-12,2.806229555759864e-12,0.9400292609717055,0.046172513419567345,0.008820911367967633,0.004977314240759624,0.5663794730034231,0.5859375
SC4011,2508,75240.0,75270.0,Sleep stage W,W,3.9964182695782033e-10,1.7853216356704795e-11,3.5161286090547102e-12,2.827670793289787e-12,0.9429098673355589,0.042122652662656024,0.008295909328450896,0.006671570673334231,0.5643409675414264,1.07421875
SC4011,2509,75270.0,75300.0,Sleep stage W,W,3.625056927218433e-10,1.670947788454151e-11,3.441397747013483e-12,3.0264372852689935e-12,0.9399057967865507,0.043324382044968884,0.00892286592019978,0.007846955248280645,0.6038364999351218,0.5859375
SC4011,2510,75300.0,75330.0,Sleep stage W,W,3.7234657329137284e-10,3.27785576020316e-11,3.87119880191568e-12,3.582729859043442e-12,0.9024853895724937,0.0794479429892455,0.009382926041125438,0.008683741397135458,0.5943616195555743,0.9765625
SC4011,2511,75330.0,75360.0,Sleep stage W,W,4.481811582746471e-10,4.256239299975437e-11,7.257912181790899e-12,3.840309799679188e-12,0.8930726419343635,0.08481237566896069,0.014462550884719481,0.007652431511956156,0.6399509766223842,0.5859375
SC4011,2512,75360.0,75390.0,Sleep stage W,W,5.374505327580389e-10,4.41799864256647e-11,6.372853605491856e-12,3.3936084440065425e-12,0.908781325933264,0.0747044503567452,0.010775931916667814,0.005738291793323107,0.6143238205599256,0.5859375
SC4011,2513,75390.0,75420.0,Sleep stage W,W,7.534395778340418e-10,3.776488205770693e-11,4.9564638022996104e-12,4.5527654051332445e-12,0.9409600311463089,0.04716402700719799,0.006190057532144516,0.005685884314348608,0.5992724600119245,1.26953125
SC4011,2514,75420.0,75450.0,Sleep stage W,W,5.579201706050094e-10,3.538037443125305e-11,6.102642392521626e-12,4.295129120061067e-12,0.9241704926302675,0.05860605117057739,0.010108761653351176,0.007114694545803903,0.5818894988009781,1.171875
SC4011,2515,75450.0,75480.0,Sleep stage W,W,3.94452796139128e-10,3.030411900157693e-11,4.687348253790862e-12,3.1348761905733e-12,0.9118627322563175,0.07005450847825144,0.010835816674578847,0.007246942590852349,0.5703383242491976,0.5859375
SC4011,2516,75480.0,75510.0,Sleep stage W,W,3.15962386547052e-10,2.941910144724239e-11,3.0487733567435476e-12,2.6938159177617835e-12,0.899859642223196,0.08378548596290329,0.008682894606539864,0.007671977207360684,0.6455592735531085,1.07421875
SC4011,2517,75510.0,75540.0,Sleep stage W,W,1.4778781041498724e-10,1.6304888912649475e-11,3.076187084788089e-12,2.866182290722919e-12,0.8691607651419225,0.09589133016504399,0.018091486116658607,0.016856418576374887,0.6335108261452004,0.5859375
SC4011,2518,75540.0,75570.0,Sleep stage W,W,2.9933882169036585e-10,3.2440276188548244e-11,4.683992701975324e-12,3.902731920594762e-12,0.8794620431934249,0.09531002833989535,0.013761642304596842,0.011466286162082987,0.6083431654592916,0.5859375
SC4011,2519,75570.0,75600.0,Sleep stage W,W,3.3986795792731627e-10,2.8351114009843143e-11,3.98471253706552e-12,3.5873009886024024e-12,0.9044066532571738,0.075443817340493,0.010603531300264656,0.009545998102068477,0.6183501221548673,0.5859375
SC4011,2520,75600.0,75630.0,Sleep stage W,W,5.579146994526192e-10,3.870811348456743e-11,4.918375452891105e-12,3.6259026764758744e-12,0.9219184382107489,0.0639626874229856,0.00812730157587205,0.005991572790393379,0.6143544588234523,0.5859375
SC4011,2521,75630.0,75660.0,Sleep stage W,W,3.0373033626734517e-10,3.322565164558432e-11,4.271893312101675e-12,4.16072676961529e-12,0.879387244503597,0.0961978793640447,0.012368367726152364,0.012046508406205978,0.6515019624815857,1.26953125
SC4011,2522,75660.0,75690.0,Sleep stage W,W,2.350763021571995e-10,2.995736630465671e-11,4.322036132652944e-12,3.717314019655799e-12,0.8608551051663862,0.10970460009813196,0.015827400870972574,0.013612893864509298,0.6502610461908082,0.5859375
SC4011,2523,75690.0,75720.0,Sleep stage W,W,6.758738356134699e-10,2.5173388648757496e-11,3.4793308646424947e-12,3.010928717934474e-12,0.9552480978685792,0.035578876347248316,0.004917521607103537,0.004255504177069027,0.5549524918848191,1.171875
SC4011,2524,75720.0,75750.0,Sleep stage W,W,5.938955143421496e-10,2.1672173556128146e-11,4.870845657857988e-12,3.5236543069089375e-12,0.9518133083931449,0.03473315206863951,0.007806315434817829,0.0056472241033976795,0.5639076951901011,0.9765625
SC4011,2525,75750.0,75780.0,Sleep stage W,W,9.520107249442097e-10,1.8529259495679776e-11,3.867542832477635e-12,3.1296618539737656e-12,0.9738869636203356,0.01895504304264887,0.0039564150351499095,0.003201578301865788,0.5421029429501324,1.171875
SC4011,2526,75780.0,75810.0,Sleep stage W,W,6.40474274367871e-10,2.0412676131527046e-11,4.477164410124736e-12,4.1447043733904346e-12,0.9566330657956976,0.03048903247217912,0.006687237391316316,0.006190664340806859,0.5761462494701143,1.26953125
SC4011,2527,75810.0,75840.0,Sleep stage W,W,9.251317703594883e-10,5.329212558057014e-11,5.4826881900376e-12,4.16760125669224e-12,0.9362978853630705,0.05393534854845801,0.005548862900300715,0.00421790318817084,0.5899835866152333,0.5859375
SC4011,2528,75840.0,75870.0,Sleep stage W,W,5.059792381422212e-10,2.020615594979392e-11,4.177242777571743e-12,3.5691165842348407e-12,0.947647774962277,0.03784407992049024,0.007823551887578497,0.006684593229654254,0.5732853335566622,0.9765625
SC4011,2529,75870.0,75900.0,Sleep stage W,W,5.77791801084222e-10,2.294165785126157e-11,2.603195620339547e-12,2.582897561112918e-12,0.9535784066804868,0.03786254754630211,0.004296272683798719,0.004262773089412448,0.5517940399700221,0.5859375
SC4011,2530,75900.0,75930.0,Sleep stage W,W,4.586211171943476e-10,1.1447086800059155e-11,3.1791608711713627e-12,2.4041855094688293e-12,0.9641955688628134,0.0240661189709846,0.006683802183898324,0.005054509982303538,0.582519186898438,1.171875
SC4011,2531,75930.0,75960.0,Sleep stage W,W,6.465539935875e-10,5.785362659631375e-11,6.1162731723079645e-12,5.057641915116097e-12,0.903536440948587,0.0808484061489717,0.008547276405042535,0.0070678764973987505,0.6411410091432473,0.5859375
SC4011,2532,75960.0,75990.0,Sleep stage W,W,5.603991670605839e-10,3.375621521147687e-11,3.839505020441672e-12,3.5906588846459895e-12,0.9315369536746875,0.056112078200656605,0.006382309290574371,0.005968658834081514,0.5980310699734154,1.171875
SC4011,2533,75990.0,76020.0,Sleep stage W,W,5.058091876463181e-10,3.865818864327773e-11,4.5095965736742465e-12,2.5055679372685625e-12,0.9171807813028485,0.07009866275578015,0.008177224553887167,0.00454333138748409,0.6223652652010626,1.07421875
SC4011,2534,76020.0,76050.0,Sleep stage W,W,9.671041463473261e-10,5.0162430847034406e-11,6.636412907422925e-12,4.030665383849067e-12,0.9408235066400581,0.04879928833863883,0.0064560712376789025,0.0039211337836242335,0.5888926446000278,1.171875
SC4011,2535,76050.0,76080.0,Sleep stage W,W,6.841704200397585e-10,2.592579458232513e-11,5.180680409029635e-12,3.3147043082758884e-12,0.9520991070153415,0.03607862185719825,0.007209492031067861,0.00461277909639236,0.5754668928526628,1.171875
SC4011,2536,76080.0,76110.0,Sleep stage W,W,2.774445653363419e-10,2.025787200968378e-11,3.2085151582686777e-12,2.59050154558199e-12,0.9141457532877179,0.06674719919580574,0.010571663217604887,0.008535384298871518,0.6033396481075073,1.07421875
SC4011,2537,76110.0,76140.0,Sleep stage W,W,5.464815918750383e-10,1.993837658369481e-11,4.524302784041588e-12,3.1229687665755916e-12,0.9519470086224348,0.03473177912637909,0.007881137380296945,0.00544007487088921,0.5884641161987557,1.26953125
SC4011,2538,76140.0,76170.0,Sleep stage W,W,7.175133612624716e-10,3.8543967580657034e-11,5.037853251123768e-12,4.0342001150746905e-12,0.937767360587613,0.050375751443972154,0.006584315500441065,0.005272572467973787,0.5529253872818074,0.5859375
SC4011,2539,76170.0,76200.0,Sleep stage W,W,6.773505034419627e-10,4.0170147333657636e-11,5.70633794513805e-12,4.000949112711642e-12,0.9314143038287275,0.05523735440270765,0.00784669791721445,0.005501643851350262,0.5873968225908183,0.5859375
SC4011,2540,76200.0,76230.0,Sleep stage W,W,5.504090898537786e-10,3.1134048744780794e-11,6.040934650224364e-12,3.833516699713177e-12,0.9306606688883071,0.052643088866349205,0.010214330369765353,0.006481911875578499,0.5965607534671397,0.5859375
SC4011,2541,76230.0,76260.0,Sleep stage W,W,1.288185416409557e-09,3.819733454610407e-11,5.93997738495162e-12,4.136676988636158e-12,0.963879195486825,0.028580991232347842,0.004444562521888387,0.0030952507589387277,0.5682640940854542,1.171875
SC4011,2542,76260.0,76290.0,Sleep stage W,W,6.959243518929955e-10,3.059216991512012e-11,5.425764996975033e-12,4.020670985616817e-12,0.9455969821933645,0.041567540310663155,0.007372334353977102,0.0054631431419952135,0.5845767716274949,1.171875
SC4011,2543,76290.0,76320.0,Sleep stage W,W,8.737502548393247e-10,4.7409240970911356e-11,7.35829273547362e-12,4.090974446959647e-12,0.9368883174928871,0.05083507988792511,0.007890010288839051,0.004386592330348716,0.5601118020915556,0.5859375
SC4011,2544,76320.0,76350.0,Sleep stage W,W,8.70474565932912e-10,5.97523752406588e-11,8.353307462490523e-12,7.539745261996527e-12,0.9200466870449665,0.06315517653788952,0.00882901483571287,0.007969121581431156,0.607868812962347,1.07421875
SC4011,2545,76350.0,76380.0,Sleep stage W,W,6.150360299217584e-10,4.4536560603124436e-11,6.034519760102076e-12,4.100343327740408e-12,0.918365215444381,0.06650151549437402,0.009010680301598798,0.006122588759645986,0.5170597899176369,0.5859375
SC4011,2546,76380.0,76410.0,Sleep stage W,W,9.975551728259588e-10,5.135488070909263e-11,5.824661398393137e-12,3.54641671519367e-12,0.9426183109510063,0.04852669028416833,0.005503888545493783,0.0033511102193317026,0.593566946109563,1.07421875
SC4011,2547,76410.0,76440.0,Sleep stage W,W,2.867641087567206e-10,3.692141819003243e-11,3.714207686103655e-12,3.408156433704186e-12,0.8668599404692606,0.11160984724697388,0.0112276876894582,0.010302524594307338,0.6493842646559979,1.171875
SC4011,2548,76440.0,76470.0,Sleep stage W,W,9.765156676536433e-10,5.405723677220453e-11,7.574057930182405e-12,4.79236865587701e-12,0.9363110955899835,0.05183162161480259,0.007262222935665595,0.0045950598595483364,0.5808528077354904,0.5859375
SC4011,2549,76470.0,76500.0,Sleep stage W,W,5.051269207989527e-10,2.2671575471029368e-11,3.5638703878953468e-12,3.474705672844587e-12,0.9444500894407002,0.042389685838774775,0.0066634692549726445,0.006496755465552258,0.5611702737251711,0.5859375
SC4011,2550,76500.0,76530.0,Sleep stage W,W,3.8693117473111247e-10,2.0411861241444714e-11,4.438455114880631e-12,3.7275132972232876e-12,0.9312221170853558,0.04912495523814992,0.0106819709513965,0.00897095672509785,0.5867045956607577,0.5859375
SC4011,2551,76530.0,76560.0,Sleep stage W,W,5.016552933159627e-10,1.2892454265790009e-11,2.1488794005688927e-12,2.2076749992375686e-12,0.9667587865436325,0.02484553359175693,0.004141186327349547,0.004254493537261183,0.5028930338359751,0.5859375
SC4011,2552,76560.0,76590.0,Sleep stage W,W,1.0683346956174896e-09,1.5377717081968102e-11,2.3920557246736257e-12,3.3910036903079616e-12,0.9805774534740543,0.014114530510277187,0.002195562795714278,0.0031124532199540656,0.5238933563121168,1.07421875
SC4011,2553,76590.0,76620.0,Sleep stage W,W,5.901651014382354e-10,1.070509760713508e-11,2.0698743850319956e-12,2.5969201613776903e-12,0.9746144458287092,0.01767868473837929,0.0034182459650473336,0.0042886234678642795,0.5261615010216554,0.5859375
SC4011,2554,76620.0,76650.0,Sleep stage W,W,6.522360242829952e-10,3.1840573539650394e-11,4.4220537627220676e-12,4.042229800913942e-12,0.9418014760044101,0.04597645336967556,0.006385260251886211,0.005836810374027997,0.5957195677072507,0.68359375
SC4011,2555,76650.0,76680.0,Sleep stage W,W,5.025871822561224e-10,4.528623345986351e-11,4.8002380230868175e-12,3.504466318777067e-12,0.9036442897175581,0.0814239752098719,0.008630756676633612,0.006300978395936462,0.6427076044900917,0.5859375
SC4011,2556,76680.0,76710.0,Sleep stage W,W,2.60096599713144e-10,3.922300349748092e-11,5.84298504288704e-12,3.1757158316302324e-12,0.8435429405531234,0.12720769031229467,0.01894991626234541,0.010299452872236445,0.6272819307971257,0.5859375
SC4011,2557,76710.0,76740.0,Sleep stage W,W,1.0269312294488384e-09,2.04820281569185e-11,3.2282183901639538e-12,2.6530471738240023e-12,0.974970634384797,0.01944567991797836,0.003064877220142639,0.002518808477082006,0.5381376060427223,1.07421875
SC4011,2558,76740.0,76770.0,Sleep stage W,W,8.009845413331654e-10,1.1841800086043414e-11,2.0997363158526523e-12,3.1930174163254448e-12,0.9790561619698525,0.014474420846823259,0.002566541140888677,0.0039028760424356075,0.5278714157015226,0.9765625
SC4011,2559,76770.0,76800.0,Sleep stage W,W,1.1050424330114933e-09,1.8305129941195132e-11,2.8026106491104923e-12,3.016758155640196e-12,0.9786351352776527,0.016211181381928154,0.0024820162283255144,0.002671667112093784,0.527059974441683,0.5859375
SC4011,2560,76800.0,76830.0,Sleep stage W,W,6.141796000834837e-10,9.473134952672982e-12,2.9102577816860557e-12,2.9558070701480332e-12,0.9756334523969161,0.015048216120564664,0.004622987879319686,0.004695343603199707,0.5170029326735964,0.5859375
SC4011,2561,76830.0,76860.0,Sleep stage W,W,6.631670474122051e-10,1.2622284873284355e-11,3.0818389269275945e-12,2.5358955729761544e-12,0.9732318312176638,0.01852385378512621,0.00452275750744189,0.0037215574897681916,0.5194052991477457,0.5859375
SC4011,2562,76860.0,76890.0,Sleep stage W,W,6.49282699744289e-10,1.2787654846658291e-11,3.1033931204999536e-12,3.0840193041305834e-12,0.9716051676345927,0.019135811774800063,0.004644006061253323,0.004615014529354047,0.5232180856402343,0.5859375
SC4011,2563,76890.0,76920.0,Sleep stage W,W,7.666743801857586e-10,2.2372756151951076e-11,2.8198427143456146e-12,2.977405476474562e-12,0.9645590949736902,0.028147341275137402,0.003547666397641135,0.003745897353531208,0.5641695294262989,1.26953125
SC4011,2564,76920.0,76950.0,Sleep stage W,W,5.502772294472879e-10,1.1336982577755669e-11,3.2719695022710728e-12,3.1039244527729187e-12,0.968814815000632,0.019959824050444143,0.0057606100314461835,0.005464750917477664,0.5429543986657506,1.07421875
SC4011,2565,76950.0,76980.0,Sleep stage W,W,7.918241740544375e-10,1.0876197004639086e-11,1.966245712258201e-12,3.1070443932165295e-12,0.9802550047409074,0.013464411539439263,0.0024341542771071584,0.003846429442546028,0.5300743570843267,0.9765625
SC4011,2566,76980.0,77010.0,Sleep stage W,W,6.2322634065399e-10,4.066382847751481e-11,4.745330962020886e-12,3.260121700499754e-12,0.9275642234279131,0.06052104993471829,0.007062601404293124,0.004852125233075515,0.5802657053071443,0.5859375
SC4011,2567,77010.0,77040.0,Sleep stage W,W,7.014605995941876e-10,5.534672373562756e-11,6.020583569203415e-12,4.66175530352922e-12,0.9139674892572892,0.07211396643023582,0.007844514220459332,0.006074030092015673,0.6211310648540216,0.5859375
SC4011,2568,77040.0,77070.0,Sleep stage W,W,1.0120192406861169e-09,4.3123207314905487e-11,5.437052128390529e-12,3.6197002987589255e-12,0.9509678641733044,0.04052174376522291,0.005109054889538514,0.003401337171934135,0.595810086567502,0.68359375
SC4011,2569,77070.0,77100.0,Sleep stage W,W,7.012306876138537e-10,2.3188317215869968e-11,3.3988678808313378e-12,3.0698000230530605e-12,0.9594233338088278,0.03172623931272895,0.004650328645055897,0.004200098233387407,0.5385959406744805,1.07421875
SC4011,2570,77100.0,77130.0,Sleep stage W,W,5.316671118385175e-10,2.1893466940453503e-11,3.8657808892161144e-12,3.2482238665051527e-12,0.948263266165373,0.039048438405089266,0.006894874500721712,0.005793420928816129,0.5683792187374006,1.07421875
SC4011,2571,77130.0,77160.0,Sleep stage W,W,8.548018253310541e-10,1.6823918421344494e-11,3.6235894191793925e-12,3.4232455043271545e-12,0.9728331645664617,0.019146971044318808,0.004123935931447725,0.00389592845777176,0.5292845050228072,1.171875
SC4011,2572,77160.0,77190.0,Sleep stage W,W,9.13577003570198e-10,1.6481058320447738e-11,3.309995432538039e-12,3.158390096653844e-12,0.9754951460123032,0.017598070365074707,0.0035343320433258345,0.0033724515792963638,0.493403375665104,0.9765625
SC4011,2573,77190.0,77220.0,Sleep stage W,W,1.1445340736832745e-09,3.781252927126247e-11,5.599960942472133e-12,4.024113195967618e-12,0.9602032127791998,0.03172270090022776,0.004698069382150851,0.0033760169384214863,0.5560716623568751,1.07421875
SC4011,2574,77220.0,77250.0,Sleep stage W,W,4.0678270221596516e-10,1.927037793783937e-11,2.5943388840559045e-12,2.4380349849404923e-12,0.9436242824246389,0.04470199065640504,0.006018154544176954,0.005655572374779178,0.5866306067683791,1.07421875
SC4011,2575,77250.0,77280.0,Sleep stage W,W,8.453642977467109e-10,3.3368130668664234e-11,4.063958638202271e-12,3.5105016963733625e-12,0.9538054013537168,0.03764850650740932,0.004585272539102215,0.003960819599771567,0.57440137573012,0.5859375
SC4011,2576,77280.0,77310.0,Sleep stage W,W,3.87478627023674e-10,3.425230643300394e-11,3.624577010334635e-12,3.341762980293244e-12,0.9038513912342429,0.07989858707887054,0.008454863687814326,0.007795157999072284,0.6175725986743058,0.5859375
SC4011,2577,77310.0,77340.0,Sleep stage W,W,4.2235059487460775e-10,3.7546789886300235e-11,4.2278109161037695e-12,3.773346544696863e-12,0.9026542225781963,0.08024557996701152,0.00903574286859066,0.008064454586201518,0.6074470308348803,0.5859375
SC4011,2578,77340.0,77370.0,Sleep stage W,W,7.367500705797239e-10,3.6946207281678153e-11,4.769964827472964e-12,3.9728922622568894e-12,0.9416068773524965,0.047219273207730936,0.006096275881920039,0.005077573557852549,0.5508516927333525,0.5859375
SC4011,2579,77370.0,77400.0,Sleep stage W,W,9.676508550661288e-10,4.7337078764639394e-11,5.369019258932357e-12,3.865459670182096e-12,0.9447663349395806,0.04621757752506538,0.005242044298234921,0.0037740432371189568,0.5250896372959584,0.5859375
SC4011,2580,77400.0,77430.0,Sleep stage W,W,7.179976676983772e-10,3.134122629666264e-11,5.2395485479791515e-12,3.81120218502082e-12,0.9467398093968604,0.04132602088455687,0.006908781764627159,0.0050253879539554165,0.5725156807916812,0.5859375
SC4011,2581,77430.0,77460.0,Sleep stage W,W,6.217520512874058e-10,2.383445267384135e-11,4.262360047135654e-12,3.1896212511061447e-12,0.9520909798146868,0.03649777648919202,0.006526966087522359,0.004884277608598716,0.5918264159645826,0.5859375
SC4011,2582,77460.0,77490.0,Sleep stage W,W,7.246260964627775e-10,1.1307376763336317e-11,2.1113989725019908e-12,2.72778237262427e-12,0.9782030856446662,0.015264300988379541,0.002850265812962643,0.0036823475539915994,0.5234791803909731,1.07421875
SC4011,2583,77490.0,77520.0,Sleep stage W,W,5.40283540461787e-10,1.7993191902686403e-11,2.9145487440242195e-12,2.7813514284251874e-12,0.95799602550114,0.03190437064604975,0.0051678903831089825,0.0049317134697012,0.5578427404404892,0.87890625
SC4011,2584,77520.0,77550.0,Sleep stage W,W,2.115788607978892e-10,1.0370133426527209e-11,2.3553406457150876e-12,2.5968849215550074e-12,0.9324712356863288,0.04570329518742924,0.010380467094348277,0.011445002031893685,0.5533357033168101,1.07421875
SC4011,2585,77550.0,77580.0,Sleep stage W,W,2.786043032163261e-10,1.2610564563510021e-11,2.7498859309408517e-12,2.7560221693828284e-12,0.9389443741844667,0.0424997694418378,0.009267588097880551,0.009288268275814754,0.5698454013606079,0.5859375
SC4011,2586,77580.0,77610.0,Sleep stage W,W,1.1259578999974308e-09,1.2632895869283345e-11,2.355759446009331e-12,2.9195512144864253e-12,0.984344140955318,0.01104403373541415,0.002059471324980021,0.0025523539842877366,0.5126883526749197,0.9765625
SC4011,2587,77610.0,77640.0,Sleep stage W,W,4.4582348858449943e-10,9.718217274766673e-12,2.3126828387690653e-12,2.7180178111055513e-12,0.9679769831709434,0.021100302878378798,0.005021323045159821,0.005901390905517933,0.5369774301044953,0.5859375
SC4011,2588,77640.0,77670.0,Sleep stage W,W,6.524991543917351e-10,1.2786683506644241e-11,2.544287109897734e-12,2.879270055101001e-12,0.9728492834517068,0.019064416870790926,0.0037934269724331413,0.004292872705069126,0.49802126152957177,0.5859375
SC4011,2589,77670.0,77700.0,Sleep stage W,W,6.375742325809507e-10,1.3047656685550435e-11,2.5656151546120426e-12,2.9943000124657902e-12,0.971642657984565,0.019884209829337265,0.003909915113886312,0.0045632170722114005,0.5054705704967404,0.5859375
SC4011,2590,77700.0,77730.0,Sleep stage W,W,4.1451952047029014e-10,1.4673245030338538e-11,2.5404270608201063e-12,2.6297120792573113e-12,0.9543161168727566,0.033781073092500544,0.005848628033559824,0.006054182001182956,0.5971792553233222,1.07421875
SC4011,2591,77730.0,77760.0,Sleep stage W,W,5.799157165526112e-10,4.074678565474751e-11,5.713653996178049e-12,3.816840996524001e-12,0.9202192330431616,0.06465763002093794,0.009066514578174843,0.00605662235772561,0.6053734986080034,1.07421875
SC4011,2592,77760.0,77790.0,Sleep stage W,W,8.594622295972413e-10,4.441977078055658e-11,5.658257948108921e-12,4.367984219844363e-12,0.9404250772519055,0.04860419100370777,0.006191275759093138,0.004779455985293509,0.5788380546995423,1.171875
SC4011,2593,77790.0,77820.0,Sleep stage W,W,4.809642506500699e-10,3.551974982685515e-11,5.903151854273319e-12,3.986438446716988e-12,0.9137317279525059,0.06748011383770475,0.011214756890726957,0.00757340131906223,0.6004402062594945,0.5859375
SC4011,2594,77820.0,77850.0,Sleep stage W,W,9.204327926788713e-10,3.9435959713152584e-11,4.196820187642422e-12,3.559719693908411e-12,0.9512285385969834,0.04075540400612321,0.004337236966782245,0.003678820430111266,0.5738924219013094,0.5859375
SC4011,2595,77850.0,77880.0,Sleep stage W,W,7.265858653908414e-10,2.097721805680726e-11,3.620515149889447e-12,3.1846238791392284e-12,0.9631713581536835,0.027807663991911865,0.004799400401574287,0.004221577452830321,0.547472222931274,1.07421875
SC4011,2596,77880.0,77910.0,Sleep stage W,W,6.556012308087532e-10,2.443796838653821e-11,4.693504099480356e-12,3.703415929202757e-12,0.9523051050078055,0.035497801036478746,0.006817631975456215,0.005379461980259485,0.5829788611037676,0.5859375
SC4011,2597,77910.0,77940.0,Sleep stage W,W,4.274501768139392e-10,1.1180890179464146e-11,2.6513267395598977e-12,2.92478366712008e-12,0.9622766100173756,0.02517044016466639,0.005968671544385992,0.006584278273571928,0.5881202846095988,1.3671875
SC4011,2598,77940.0,77970.0,Sleep stage W,W,6.720321755415923e-10,1.0457913786256174e-11,2.0758540121054657e-12,2.7438178165186323e-12,0.9777719065284711,0.015215721319976032,0.0030202597568418322,0.003992112394711031,0.5057779205882943,0.5859375
SC4011,2599,77970.0,78000.0,Sleep stage W,W,5.456202632430466e-10,6.68272861091663e-12,2.012244091296018e-12,2.5039550641201133e-12,0.9798876763819296,0.012001613304315983,0.0036138195733669003,0.004496890740387458,0.5095267792251198,0.9765625
SC4011,2600,78000.0,78030.0,Sleep stage W,W,5.180451534214587e-10,2.7871386845429156e-11,5.056732393268924e-12,3.979863652582577e-12,0.9334935141794,0.050222955816799746,0.009111998946194338,0.007171531057605838,0.6117315121110696,0.9765625
SC4011,2601,78030.0,78060.0,Sleep stage W,W,5.173920058499445e-10,3.367346007847884e-11,3.6546093806591585e-12,3.674764546499387e-12,0.926570177446049,0.06030403161889505,0.006544848053403133,0.006580942881653053,0.6057874233979116,1.07421875
SC4011,2602,78060.0,78090.0,Sleep stage W,W,7.197215088076446e-10,2.1917734454821296e-11,3.907104380641034e-12,3.236761380069023e-12,0.9611882267837965,0.029271138986313474,0.0052179387242562705,0.0043226955056338496,0.5526060125014155,1.07421875
SC4011,2603,78090.0,78120.0,Sleep stage W,W,6.056692360172539e-10,1.662475726258481e-11,2.940976963723721e-12,2.507401884271012e-12,0.9648372690921608,0.026483407844897465,0.004685006292875861,0.003994316770065673,0.5888199199105004,1.171875
SC4011,2604,78120.0,78150.0,Sleep stage W,W,6.068291239745453e-10,1.2688242277597482e-11,2.446061520286341e-12,2.8143801597170095e-12,0.9712718926157023,0.020308407431423182,0.003915090275664841,0.004504609677209701,0.5375989831189081,1.171875
SC4011,2605,78150.0,78180.0,Sleep stage W,W,3.8344274312547726e-10,2.165909687398755e-11,3.853825626169727e-12,2.797675912775684e-12,0.9312437919576858,0.05260211560898065,0.009359549121740945,0.00679454331159254,0.5697882449091599,0.5859375
SC4011,2606,78180.0,78210.0,Sleep stage W,W,7.137037536357374e-10,1.5811499449783026e-11,3.5289437371075713e-12,3.5542268884549127e-12,0.9689183830179827,0.021465562429692074,0.004790865176344355,0.004825189375980788,0.5620112553901349,0.9765625
SC4011,2607,78210.0,78240.0,Sleep stage W,W,1.1054936744371938e-09,1.571596519409984e-11,2.8518034979733635e-12,3.5367872789908693e-12,0.9803967801873358,0.013937557518522993,0.0025290954003544686,0.003136566893786576,0.519902194671636,1.07421875
SC4011,2608,78240.0,78270.0,Sleep stage W,W,7.316254170135567e-10,9.749992980591744e-12,1.9203828201883174e-12,3.1742923211282894e-12,0.9801135123596889,0.013061465120631555,0.002572618593067688,0.004252403926611791,0.4989964614850754,0.5859375
SC4011,2609,78270.0,78300.0,Sleep stage W,W,7.497424173786546e-10,1.2052050930035436e-11,2.2967628145387878e-12,3.075595520758392e-12,0.9772873270061003,0.01570981761914522,0.002993824465254971,0.004009030909499504,0.5422322660516067,0.9765625
SC4011,2610,78300.0,78330.0,Sleep stage W,W,9.260098803513199e-10,2.1168211586776647e-11,3.2140538389065385e-12,3.405256075433848e-12,0.9708664319622291,0.02219361422631722,0.003369744803942953,0.003570209007510673,0.5634284745238555,0.5859375
SC4011,2611,78330.0,78360.0,Sleep stage W,W,7.144975248206128e-10,2.7081806849737496e-11,5.009966684299093e-12,3.888911181438669e-12,0.9520563232106141,0.03608606686459059,0.0066756990684593365,0.005181910856336016,0.5826211138069297,0.9765625
SC4011,2612,78360.0,78390.0,Sleep stage W,W,2.562941874060116e-10,2.3847662051139483e-11,4.16813999941124e-12,2.620726089238977e-12,0.8932267391397511,0.08311296337088317,0.014526642752354272,0.009133654737011393,0.622856880336468,0.5859375
SC4011,2613,78390.0,78420.0,Sleep stage W,W,2.4757487332126435e-10,1.5168115991420265e-11,3.299912753044514e-12,2.4559089082173568e-12,0.922070650604436,0.05649230228022159,0.012290232277284525,0.00914681483805775,0.6036383727053016,0.87890625
SC4011,2614,78420.0,78450.0,Sleep stage W,W,1.2595584480269673e-09,2.8304210842216648e-11,4.342910468618909e-12,3.924600190943848e-12,0.9717839130964167,0.021837475515678825,0.003350674624137424,0.0030279367637671556,0.5279108634964643,1.07421875
SC4011,2615,78450.0,78480.0,Sleep stage W,W,6.572733094523665e-10,3.3618530741018766e-11,5.61390160293222e-12,3.8367288635132556e-12,0.938502714012351,0.04800298732325189,0.008015937684948704,0.005478360979448332,0.5735089578345912,0.5859375
SC4011,2616,78480.0,78510.0,Sleep stage W,W,3.013610400362122e-10,3.4832131761985e-11,6.685271414525427e-12,4.490068168425668e-12,0.8675542835992562,0.10027429263375466,0.0192454733100147,0.012925950456974391,0.641770483137831,0.5859375
SC4011,2617,78510.0,78540.0,Sleep stage W,W,3.828449321910199e-10,2.6730443208518563e-11,3.8697913770907315e-12,2.751716538851119e-12,0.9198649666504604,0.06422547664360255,0.009297982594832168,0.006611574111104761,0.6224212280041619,1.07421875
SC4011,2618,78540.0,78570.0,Sleep stage W,W,9.338097461881656e-10,4.896013616722173e-11,8.383047338420181e-12,5.6331327223858255e-12,0.9368206292176937,0.04911799834815422,0.008410076800331467,0.0056512956338205635,0.5979019516094055,1.171875
SC4011,2619,78570.0,78600.0,Sleep stage W,W,6.197493897823876e-10,3.8571586248452706e-11,5.9120940680952e-12,3.994539596416667e-12,0.92745253382292,0.0577222277092646,0.008847425611148497,0.0059778128566669,0.56119770250077,0.5859375
SC4011,2620,78600.0,78630.0,Sleep stage W,W,5.933065233469771e-10,4.118784514163463e-11,4.394038389699351e-12,2.7954526212534216e-12,0.9246087688876641,0.06418712973980077,0.006847668559290502,0.004356432813244727,0.5988902753316485,1.07421875
SC4011,2621,78630.0,78660.0,Sleep stage W,W,2.1018354846594282e-10,2.979613190914666e-11,3.992918057451407e-12,3.079168092953211e-12,0.8507672356362336,0.12060683608215324,0.016162272845109828,0.012463655436503268,0.6595019518717462,0.5859375
SC4011,2622,78660.0,78690.0,Sleep stage W,W,3.8239774228100064e-10,4.112701954853294e-11,6.962557807410619e-12,3.8475006839635326e-12,0.8804215650922635,0.09468966710554381,0.016030392871256193,0.008858374930936488,0.651080226516449,0.68359375
SC4011,2623,78690.0,78720.0,Sleep stage W,W,1.5096412320846794e-10,2.1564503777701715e-11,3.6284980158677663e-12,3.1160730855013424e-12,0.8420897536214669,0.12028849826827884,0.020240047338788356,0.01738170077146596,0.673360361982309,1.171875
SC4011,2624,78720.0,78750.0,Sleep stage W,W,5.217772101074966e-10,4.145572429465499e-11,4.472432391621414e-12,3.1178096540036546e-12,0.9140785301579865,0.07262445886068132,0.007835057468152027,0.00546195351318027,0.6272351226331428,0.5859375
SC4011,2625,78750.0,78780.0,Sleep stage W,W,1.0423282027400328e-09,2.3636961824285715e-11,4.211473480566646e-12,3.950672790118191e-12,0.9703954012022555,0.022005735806038536,0.003920832696538307,0.0036780302951677337,0.5215091818248306,0.5859375
SC4011,2626,78780.0,78810.0,Sleep stage W,W,1.4168930909831482e-09,1.744679205446759e-11,4.34728611450272e-12,3.0593125864934077e-12,0.9827616081812851,0.012101151121540026,0.003015291640774665,0.0021219490564000974,0.5191962199323207,1.171875
SC4011,2627,78810.0,78840.0,Sleep stage W,W,1.1879116375973966e-09,1.7982997884399426e-11,3.447714230460747e-12,2.882918781634526e-12,0.9799429763358234,0.014834699747466984,0.0028441200823542483,0.002378203834355276,0.5539758792816539,0.9765625
SC4011,2628,78840.0,78870.0,Sleep stage W,W,4.984123837320093e-10,2.125350406024689e-11,2.981734017403442e-12,2.7160973184494232e-12,0.948699663842741,0.04045483783219575,0.005675561347007197,0.005169936978055973,0.6150515619922535,0.5859375
SC4011,2629,78870.0,78900.0,Sleep stage W,W,1.0812585541913905e-09,1.785318465640802e-11,3.590934467556688e-12,2.8955037173242604e-12,0.9779851094666107,0.01614798669831771,0.003247956212440956,0.0026189476226304177,0.5316559551196001,0.9765625
SC4011,2630,78900.0,78930.0,Sleep stage W,W,4.38435880741417e-10,2.7956962554386796e-11,4.123590640997656e-12,3.773882714690358e-12,0.9244040313468586,0.0589448309882522,0.008694233249606208,0.007956904415283277,0.5984340954456102,1.171875
SC4011,2631,78930.0,78960.0,Sleep stage W,W,5.303106816047029e-10,1.0241813027045203e-11,1.7879958077507864e-12,2.072125455421068e-12,0.9740969737318892,0.018812593110483743,0.0032842659327643083,0.003806167224862806,0.5112831505047201,1.171875
SC4011,2632,78960.0,78990.0,Sleep stage W,W,7.413319632281158e-10,3.196083586542714e-11,4.069197162121426e-12,2.6946500744493244e-12,0.9503565756612887,0.04097245503360736,0.005216540595180539,0.0034544287099234207,0.6001017470089292,1.171875
SC4011,2633,78990.0,79020.0,Sleep stage W,W,1.2929254086191428e-09,1.3308846909669066e-11,2.530913518159562e-12,2.578397267196005e-12,0.985954742778208,0.010149016056163406,0.001930015583386188,0.001966225582242481,0.5230116217821298,0.9765625
SC4011,2634,79020.0,79050.0,Sleep stage W,W,6.586252821022831e-10,1.5091574450896088e-11,3.408167766216002e-12,3.2681127084953855e-12,0.9680069451895204,0.022180668248388657,0.005009115437442008,0.004803271124648953,0.582719216435745,0.9765625
SC4011,2635,79050.0,79080.0,Sleep stage W,W,6.626650396367905e-10,1.6669204154798413e-11,2.8029077257616424e-12,3.2640327016432716e-12,0.9668279759275425,0.024320360890232144,0.004089441031467609,0.00476222215075773,0.5393662303064419,0.9765625
SC4011,2636,79080.0,79110.0,Sleep stage W,W,7.950123577235206e-10,3.25798343933084e-11,4.9272565211340476e-12,3.9352511086802226e-12,0.9504547681593811,0.03894990894686422,0.0058906435968696,0.004704679296885037,0.58615445754306,1.07421875
SC4011,2637,79110.0,79140.0,Sleep stage W,W,3.0408524351519606e-10,1.9839479916479115e-11,3.913288040487982e-12,3.307676013225523e-12,0.918282360323999,0.05991163607514744,0.011817421118191822,0.009988582482661712,0.6350976510725487,1.07421875
SC4011,2638,79140.0,79170.0,Sleep stage W,W,1.2870100536129757e-09,2.6515623322321142e-11,4.415836378211323e-12,3.135501214986306e-12,0.9742127366225674,0.02007121691674034,0.0033426032923503553,0.0023734431683420042,0.5536942258764864,1.171875
SC4011,2639,79170.0,79200.0,Sleep stage W,W,9.180845258638457e-10,2.414268593841873e-11,4.029909027356643e-12,3.76722347762004e-12,0.9663800000128566,0.025412702403982718,0.004241900801284474,0.003965396781876262,0.5282070900603765,1.07421875
SC4011,2640,79200.0,79230.0,Sleep stage W,W,3.226713375881375e-10,3.099059176636947e-11,4.053271197863965e-12,4.7502906989788935e-12,0.8902125729932805,0.08549942688165922,0.011182502322830079,0.013105497802230307,0.6055729382877472,0.5859375
SC4011,2641,79230.0,79260.0,Sleep stage W,W,4.327943912597954e-10,1.836255669475364e-11,4.612083063295834e-12,3.6334559501028493e-12,0.9420810803969183,0.039970520873638164,0.010039308001433647,0.007909090728009825,0.595822324571154,1.171875
SC4011,2642,79260.0,79290.0,Sleep stage W,W,9.404788990355855e-10,2.237012344829068e-11,4.978480117397213e-12,3.4560686458473678e-12,0.968284574017882,0.023031506050872057,0.005125671085947518,0.003558248845298394,0.576805120272096,1.07421875
SC4011,2643,79290.0,79320.0,Sleep stage W,W,8.23149866126225e-10,5.4002125149800774e-11,5.851325796635093e-12,4.676077086622278e-12,0.9273053667150023,0.06083516808559686,0.006591710740539219,0.005267754458861769,0.5844585930401395,1.171875
SC4011,2644,79320.0,79350.0,Sleep stage W,W,3.104967492948143e-10,2.4728905325443516e-11,4.15048656547568e-12,3.5017496883051908e-12,0.9055607187250225,0.07212160942312856,0.012104853290177355,0.010212818561671597,0.6339406783291175,1.07421875
SC4011,2645,79350.0,79380.0,Sleep stage W,W,2.3112454220476085e-10,1.5646009247447557e-11,3.297003439262823e-12,2.6539726283896554e-12,0.9145423600155995,0.06191007707571714,0.013045993634253093,0.010501569274430272,0.6081678582361192,1.07421875
SC4011,2646,79380.0,79410.0,Sleep stage W,W,3.426869858090736e-10,2.5250396279868372e-11,4.069060882594576e-12,3.186216281050497e-12,0.9133627147496242,0.06729981426120948,0.010845257182537798,0.008492213806628538,0.6257025035379568,0.87890625
SC4011,2647,79410.0,79440.0,Sleep stage W,W,2.673984154248375e-10,3.1607916244757464e-11,3.052936093193019e-12,3.216609818049753e-12,0.8759238284526094,0.10353885965453533,0.010000580843091984,0.0105367310497633,0.6441946386392339,0.5859375
SC4011,2648,79440.0,79470.0,Sleep stage W,W,1.3881501044568418e-10,2.4226145667883887e-11,3.518108042775471e-12,3.1093664752981155e-12,0.8181536559168553,0.14278506037147168,0.020735170842590484,0.01832611286908239,0.7020972612917397,1.85546875
SC4011,2649,79470.0,79500.0,Sleep stage W,W,3.668858249237328e-10,1.858390239830592e-11,2.599907473224486e-12,3.249388281817239e-12,0.9375619463597228,0.047490413964989736,0.006643958815956583,0.00830368085933095,0.5665687874186269,0.5859375
SC4011,2650,79500.0,79530.0,Sleep stage W,W,2.3841752353236826e-10,2.958501411361339e-11,4.1800752538539025e-12,4.013940328944435e-12,0.8632168676445484,0.10711579767292546,0.01513442222572361,0.014532912456802438,0.6284916672940118,0.5859375
SC4011,2651,79530.0,79560.0,Sleep stage W,W,2.058274318712973e-10,2.018200524103347e-11,4.142218164580402e-12,3.2900666073023363e-12,0.881707992084582,0.0864541482907828,0.01774412102149817,0.014093738603137108,0.6640478644587636,1.07421875
SC4011,2652,79560.0,79590.0,Sleep stage W,W,2.8219505983616647e-10,3.3366014483643596e-11,5.468192021764394e-12,3.861252806696539e-12,0.8685850869885818,0.10269925564807349,0.016830875939684974,0.011884781423659736,0.6549930247608436,1.953125
SC4011,2653,79590.0,79620.0,Sleep stage W,W,4.0107779072404055e-10,4.1998231903870624e-11,4.851397665343616e-12,3.1764845588071697e-12,0.8891029015933096,0.09310101608994896,0.010754501597441539,0.007041580719299886,0.6334001289392481,1.07421875
SC4011,2654,79620.0,79650.0,Sleep stage W,W,3.4062099061121293e-10,2.8039234049036554e-11,4.833975822577263e-12,4.139030826964563e-12,0.9019889203865763,0.0742499116187012,0.012800716202361206,0.010960451792361223,0.6131017139713046,1.171875
SC4011,2655,79650.0,79680.0,Sleep stage W,W,4.522206675690747e-10,5.263272246946657e-11,5.736938832773164e-12,4.548361410608473e-12,0.8778619740668001,0.10217194604556293,0.011136687926960947,0.008829391960676194,0.6468053019821813,0.5859375
SC4011,2656,79680.0,79710.0,Sleep stage W,W,4.0404311383048904e-10,3.260022088618165e-11,4.317317014580747e-12,3.6125155594951197e-12,0.9088337838577846,0.07332925890433108,0.00971115067715561,0.008125806560728775,0.6212210958497844,0.5859375
SC4011,2657,79710.0,79740.0,Sleep stage W,W,5.265065959988624e-10,2.996200944344727e-11,3.796831407265002e-12,3.741768307487363e-12,0.9335104076414119,0.05312345156140974,0.006731884579750499,0.0066342562174278846,0.5638581044035138,0.5859375
SC4011,2658,79740.0,79770.0,Sleep stage W,W,1.0682135124988732e-09,2.222780186504102e-11,3.8012186134442625e-12,3.0553470894278485e-12,0.9734945559485243,0.020256853010313058,0.0034641629064415067,0.0027844281347211633,0.5588673249628169,1.171875
SC4011,2659,79770.0,79800.0,Sleep stage W,W,6.668759364974026e-10,2.693017588417181e-11,4.447689606095229e-12,3.2580990962053864e-12,0.9506266899635518,0.03838876552566419,0.006340148469645776,0.004644396041138349,0.5912887125697356,1.07421875
SC4011,2660,79800.0,79830.0,Sleep stage W,W,6.43066503949699e-10,2.650165033357922e-11,3.5789565112379675e-12,2.814248448653628e-12,0.9513361897930067,0.03920586579571857,0.005294617010719508,0.004163327400555202,0.5895848090950909,1.171875
SC4011,2661,79830.0,79860.0,Sleep stage W,W,9.589255295057501e-10,1.1096070080630368e-11,2.0126230065069158e-12,2.4319741338759813e-12,0.9840521228204585,0.011386818873658337,0.002065359489397709,0.002495698816485368,0.5395091065835161,0.5859375
SC4011,2662,79860.0,79890.0,Sleep stage W,W,8.595645507137856e-10,1.853430781571758e-11,3.3381591818426863e-12,3.420711862550668e-12,0.9714155417139309,0.020946087937371335,0.003772537742819038,0.003865832605878815,0.5583703079169284,1.07421875
SC4011,2663,79890.0,79920.0,Sleep stage W,W,8.216802929605872e-10,4.880591343518464e-11,4.838046649792018e-12,3.652063324485464e-12,0.9348150543508609,0.05552585721164907,0.005504183172729763,0.004154905264760222,0.6074285347535789,1.26953125
SC4011,2664,79920.0,79950.0,Sleep stage W,W,6.291390920514204e-10,1.9714412962600344e-11,2.6401066192194783e-12,2.833361148080538e-12,0.9615056664669726,0.030129298932613312,0.004034843020450901,0.004330191579963282,0.550109829570097,0.5859375
SC4011,2665,79950.0,79980.0,Sleep stage W,W,5.960272607596351e-10,1.3307228922933205e-11,2.947910018642983e-12,2.7196931849522957e-12,0.969146719424188,0.021637696971864396,0.004793333311775639,0.00442225029217211,0.5529273887363211,0.5859375
SC4011,2666,79980.0,80010.0,Sleep stage W,W,1.2388273415765015e-09,1.5431361356035156e-11,2.5966440608219604e-12,2.8086409951349136e-12,0.9834585678318348,0.012250379071864135,0.002061378340241699,0.0022296747560592873,0.5249751628437286,1.171875
SC4011,2667,80010.0,80040.0,Sleep stage W,W,6.709250215874317e-10,2.9932711624846006e-11,4.224402587680816e-12,3.2569584814474478e-12,0.9471805622532666,0.042257602137874474,0.0059638139724115845,0.004598021636447384,0.5827769495178308,1.171875
SC4011,2668,80040.0,80070.0,Sleep stage W,W,3.2066257271163027e-10,4.7516649869880735e-11,7.986504451589897e-12,4.398997767615837e-12,0.8425966775547726,0.12485826135032063,0.020985929412590833,0.011559131682316006,0.6735894517088935,1.171875
SC4011,2669,80070.0,80100.0,Sleep stage W,W,8.514386865589774e-10,3.7466013890893223e-11,6.4499961413456135e-12,4.763156533503598e-12,0.9459191189278661,0.04162345381866562,0.007165724042640343,0.005291703210827902,0.597437386303687,1.171875
SC4011,2670,80100.0,80130.0,Sleep stage W,W,4.444440781052326e-10,1.5103380157284553e-11,2.622464651295541e-12,3.167462940187596e-12,0.955100732535333,0.032456838019937734,0.00563561994161015,0.006806809503119073,0.5402312428764391,0.5859375
SC4011,2671,80130.0,80160.0,Sleep stage W,W,7.317958146673522e-10,1.322564514203052e-11,2.6899165181930135e-12,2.7382633933637226e-12,0.9751431354400759,0.01762362781191897,0.0035844064355781157,0.00364883031242705,0.5549745666126188,0.5859375
SC4011,2672,80160.0,80190.0,Sleep stage W,W,8.323672656679007e-10,1.7040523980388215e-11,4.7806826580686534e-12,3.0542036779929424e-12,0.9709820672566423,0.019878296377185144,0.005576813651489193,0.0035628227146833023,0.5457209426942993,0.9765625
SC4011,2673,80190.0,80220.0,Sleep stage W,W,1.2284284554092246e-09,1.5840973633683813e-11,3.3367248037860088e-12,3.035459792633409e-12,0.9822385901861496,0.012666277421864347,0.0026680103775503236,0.0024271220144357073,0.5510982241823438,1.07421875
SC4011,2674,80220.0,80250.0,Sleep stage W,W,1.3703927745880067e-09,2.573312772058994e-11,3.87762749248587e-12,3.810985993598073e-12,0.9761921957419322,0.018330860260426043,0.002762207862119731,0.0027147361355219523,0.5391395363192387,1.07421875
SC4011,2675,80250.0,80280.0,Sleep stage W,W,3.929868740892242e-10,3.546876269315573e-11,6.000378801681337e-12,4.377181277934354e-12,0.895526767116506,0.08082515850392684,0.013673484240911558,0.009974590138655556,0.6105126588160206,1.07421875
SC4011,2676,80280.0,80310.0,Sleep stage W,W,1.297612320468195e-10,2.1837236502700877e-11,2.9215478654085974e-12,2.670220477746643e-12,0.8255043990767458,0.13892234616079008,0.01858606439662875,0.016987190365835396,0.6640169199635825,0.5859375
SC4011,2677,80310.0,80340.0,Sleep stage W,W,1.455801878433593e-10,2.363714058906778e-11,3.712605778091126e-12,3.0928554023286237e-12,0.8270530660464791,0.13428454713765456,0.021091619933173503,0.017570766882692872,0.6817475012877648,0.5859375
SC4011,2678,80340.0,80370.0,Sleep stage W,W,2.545195745550008e-10,1.3449495349540683e-11,3.0352876094984087e-12,3.2665505162962957e-12,0.927986042642369,0.04903726554933445,0.011066750138744886,0.011909941669551746,0.6150547713913198,0.9765625
SC4011,2679,80370.0,80400.0,Sleep stage W,W,8.695009648972382e-10,5.996790707771809e-11,8.819466154475681e-12,4.844276215668449e-12,0.9219286361982179,0.06358374863259189,0.00935124713145437,0.005136368037735875,0.611129440073369,0.5859375
SC4011,2680,80400.0,80430.0,Sleep stage W,W,2.8287320102742125e-10,1.8608180120121873e-11,3.225997492466405e-12,2.606490106682304e-12,0.9204700138690578,0.06055105874658703,0.010497402885274542,0.008481524499080592,0.5571406863292575,0.5859375
SC4011,2681,80430.0,80460.0,Sleep stage W,W,1.0172946834006932e-09,3.679715488684517e-11,5.401461258349492e-12,3.973055920288372e-12,0.9565837961603936,0.034601146240037794,0.005079108737748203,0.0037359488618206095,0.5543125466033969,1.26953125
SC4011,2682,80460.0,80490.0,Sleep stage W,W,7.613316154111068e-10,4.0815861857368184e-11,4.557099750689648e-12,3.3273109833320942e-12,0.9398785735318609,0.05038796924157926,0.005625827597882915,0.004107629628676839,0.6030870262522656,0.9765625
SC4011,2683,80490.0,80520.0,Sleep stage W,W,6.083510633272664e-10,3.164328360773559e-11,4.4471088441628875e-12,3.559055800812582e-12,0.9388126281628446,0.04883218923790944,0.006862816872350597,0.005492365726895444,0.5950415247934434,0.9765625
SC4011,2684,80520.0,80550.0,Sleep stage W,W,8.629802053288559e-10,4.968729192344105e-11,5.520490960622685e-12,4.4705795522064e-12,0.9353191261412944,0.053852306432046866,0.005983243589223346,0.004845323837435432,0.5931299367903696,0.68359375
SC4011,2685,80550.0,80580.0,Sleep stage W,W,7.865719802039774e-10,3.35761373911088e-11,4.35269052528661e-12,3.820803417769786e-12,0.9495973173310802,0.040535145918455466,0.0052548315348236885,0.004612705215640562,0.5853378514176906,0.5859375
SC4011,2686,80580.0,80610.0,Sleep stage W,W,7.942606174862961e-10,4.424172881228536e-11,5.20135699272426e-12,3.643554841946557e-12,0.9373496047371314,0.052212039854536214,0.006138400688500609,0.004299954719831733,0.614979767553184,0.9765625
SC4011,2687,80610.0,80640.0,Sleep stage W,W,4.935563265121915e-10,4.956104338773115e-11,5.687507289147516e-12,4.278457062981736e-12,0.8923724436203446,0.0896086363816291,0.01028327367129742,0.0077356463267286785,0.6120596050258549,1.171875
SC4011,2688,80640.0,80670.0,Sleep stage W,W,4.541874800139472e-10,3.3370842283407385e-11,3.831488740685601e-12,3.70607061692954e-12,0.9173727692820288,0.06740278705582808,0.007738882270395756,0.007485561391747316,0.5723572925133745,0.5859375
SC4011,2689,80670.0,80700.0,Sleep stage W,W,6.538557165463791e-10,3.570232357420636e-11,5.452424220921554e-12,4.4017217124062755e-12,0.9348646328789837,0.051046184619171465,0.007795723794411069,0.006293458707433751,0.5883303584246983,0.5859375
SC4011,2690,80700.0,80730.0,Sleep stage W,W,1.1589507185960347e-09,3.9029782395443085e-11,5.594956747684265e-12,5.729897220901701e-12,0.958360693469606,0.03227454690030047,0.004626587259153444,0.004738172370940113,0.5554866815977572,0.5859375
SC4011,2691,80730.0,80760.0,Sleep stage W,W,6.883579702634391e-10,3.830380188658005e-11,6.493082410406917e-12,5.024719745065636e-12,0.9325074740940554,0.0518895445225747,0.00879607433803064,0.006806907045339326,0.632086490096154,0.5859375
SC4011,2692,80760.0,80790.0,Sleep stage W,W,8.666571345909105e-10,3.387697848791598e-11,4.86159973444408e-12,4.1829366884315036e-12,0.9528116508294192,0.03724469402011022,0.005344892096035267,0.004598763054435213,0.5309676618507451,0.5859375
SC4011,2693,80790.0,80820.0,Sleep stage W,W,3.180109025622351e-10,2.944948820958468e-11,5.1781912168297316e-12,3.933553738892031e-12,0.8918557304355064,0.08259054833181684,0.014522142080071033,0.01103157915260568,0.6553688965514016,0.5859375
SC4011,2694,80820.0,80850.0,Sleep stage W,W,8.050748344417223e-10,3.547938923205514e-11,5.712747579923394e-12,3.865073412263957e-12,0.9469997507952468,0.041733974686245075,0.006719835601736499,0.004546438916771604,0.598068941716187,0.68359375
SC4011,2695,80850.0,80880.0,Sleep stage W,W,8.881224294283582e-10,6.864061348854933e-11,7.917778434419635e-12,4.343381240167421e-12,0.9165121232815673,0.07083477719646361,0.008170877892672701,0.004482221629296532,0.5894388385382777,0.5859375
SC4011,2696,80880.0,80910.0,Sleep stage W,W,7.161237422809017e-10,5.182397709849554e-11,4.71230209967872e-12,3.840051277526838e-12,0.9222455572201519,0.06674046650700055,0.006068643474751883,0.004945332798095588,0.6286044702335362,0.9765625
SC4011,2697,80910.0,80940.0,Sleep stage W,W,9.350990329479113e-10,3.791750603153695e-11,4.963711193847713e-12,3.5581743935794896e-12,0.9526871384179825,0.038630689418265876,0.005057072723401589,0.0036250994403500903,0.5815888883277839,1.26953125
SC4011,2698,80940.0,80970.0,Sleep stage W,W,9.598834274064548e-10,4.1346760676508645e-11,4.722406772459985e-12,3.724908816614453e-12,0.9506831873697393,0.04095046242600929,0.004677143697156108,0.0036892065070951332,0.5875394351150984,0.5859375
SC4011,2699,80970.0,81000.0,Sleep stage W,W,5.320398285632264e-10,2.022582829695019e-11,4.587357110637372e-12,3.232384196159952e-12,0.9499262617887667,0.03611204356182916,0.008190460107781242,0.005771234541623075,0.5572208743679807,0.5859375
SC4011,2700,81000.0,81030.0,Sleep stage W,W,5.640789524139656e-10,3.725125588983403e-11,5.95069632539113e-12,4.28825278048124e-12,0.9223469587693839,0.06091094594700191,0.009730209990633874,0.007011885292980311,0.5991887133313356,0.5859375
SC4011,2701,81030.0,81060.0,Sleep stage W,W,7.393878982165933e-10,2.391431772039341e-11,4.346185199010064e-12,3.667108848874787e-12,0.9586062884060188,0.031004585556515595,0.0056347696147006155,0.004754356422764936,0.5711821747643715,0.5859375
SC4011,2702,81060.0,81090.0,Sleep stage W,W,7.407123873093854e-10,1.821788747306321e-11,3.282759066614298e-12,3.2949363404599317e-12,0.9676089814270666,0.023798429516746725,0.004288340806956667,0.004304248249230088,0.5630838113808279,1.171875
SC4011,2703,81090.0,81120.0,Sleep stage W,W,7.893554550923017e-10,3.6473962530037604e-11,4.075404007193314e-12,3.926140939119133e-12,0.946661242538486,0.04374263389989502,0.004887566173650902,0.004708557387968046,0.563630219111219,0.5859375
SC4011,2704,81120.0,81150.0,Sleep stage W,W,5.946503948135538e-10,2.54658573862019e-11,3.0227582028829822e-12,3.5299500218506123e-12,0.9489067312521002,0.04063685772621001,0.004823532668405093,0.0056328783532848285,0.5695859092437483,0.5859375
SC4011,2705,81150.0,81180.0,Sleep stage W,W,1.110589173430952e-09,1.504424114633679e-11,3.0876473599346994e-12,2.6506268824993376e-12,0.9816306916691087,0.013297346305378514,0.002729118458988324,0.002342843566524581,0.5282544175690905,0.5859375
SC4011,2706,81180.0,81210.0,Sleep stage W,W,7.207968906654786e-10,2.81552252946835e-11,3.651448004822884e-12,4.089633675131533e-12,0.9525616100599463,0.03720824421640186,0.00482553301154362,0.005404612712108142,0.5796605011188133,0.5859375
SC4011,2707,81210.0,81240.0,Sleep stage W,W,8.443715342881046e-10,2.1054409119323366e-11,5.387462436317647e-12,3.922997187681866e-12,0.9652868353962492,0.024069432855839342,0.006158955335169795,0.004484776412741703,0.5778783602524744,1.07421875
SC4011,2708,81240.0,81270.0,Sleep stage W,W,1.4788910434840549e-09,2.3271649656584976e-11,5.382396615925425e-12,4.27491064460847e-12,0.9782189963696862,0.015393135194937,0.0035602099552176593,0.0028276584801590716,0.5353350369067156,1.07421875
SC4011,2709,81270.0,81300.0,Sleep stage W,W,6.583848065725675e-10,3.46941603635144e-11,6.194652939804934e-12,3.963755899495264e-12,0.936219872907977,0.04933492097922267,0.00880876522379769,0.00563644088900262,0.6200877610687763,1.171875
SC4011,2710,81300.0,81330.0,Sleep stage W,W,1.2630987515318495e-09,5.6915350873923794e-11,7.973827060140349e-12,4.33953198219781e-12,0.948039268183351,0.04271874034035318,0.005984885316012002,0.0032571061602837165,0.5758787352814573,1.171875
SC4011,2711,81330.0,81360.0,Sleep stage W,W,9.1261966906711e-10,3.3030663559477465e-11,5.645366978008296e-12,3.597646837899367e-12,0.9557294251416895,0.034590945347493435,0.005912039285895544,0.003767590224921545,0.5821976081770319,0.5859375
SC4011,2712,81360.0,81390.0,Sleep stage W,W,9.240356707302058e-10,5.583599855001568e-11,5.706482787644371e-12,4.3198906256473254e-12,0.9334654993517355,0.05640580761033318,0.005764717719935104,0.004363975317996286,0.5676406862105022,0.5859375
SC4011,2713,81390.0,81420.0,Sleep stage W,W,4.122680455914585e-10,3.372652044704603e-11,4.397474322486018e-12,3.453000686081304e-12,0.9083894464073233,0.07431285438138784,0.00968937395975628,0.00760832525153264,0.6614210279429307,0.87890625
SC4011,2714,81420.0,81450.0,Sleep stage W,W,6.402480981801675e-10,1.690763354874643e-11,4.760272460337024e-12,3.4437902513637736e-12,0.9622584705744667,0.025411264236308587,0.007154433586326189,0.005175831602898484,0.5777443918902181,0.5859375
SC4011,2715,81450.0,81480.0,Sleep stage W,W,1.221887791738417e-09,3.7700363006605896e-11,5.136297314494313e-12,3.5400983157868067e-12,0.9634328984255192,0.029725945580872406,0.004049862714348031,0.0027912932792604063,0.5473094103731782,1.07421875
SC4011,2716,81480.0,81510.0,Sleep stage W,W,8.162840274306822e-10,1.9925084910999717e-11,4.084460927345575e-12,2.713868914822715e-12,0.9682999064825102,0.02363571650018042,0.004845106606371811,0.0032192704109376673,0.5259847074203075,0.5859375
SC4011,2717,81510.0,81540.0,Sleep stage W,W,8.429824471675134e-10,4.591943579782797e-11,6.357624883458078e-12,4.510461471491536e-12,0.9368866220377678,0.051034639256205314,0.007065833602182554,0.005012905103844323,0.6088159418297748,1.07421875
SC4011,2718,81540.0,81570.0,Sleep stage W,W,1.1770930506065542e-09,3.361164460277646e-11,6.418645334223444e-12,3.5912605052906945e-12,0.9642655618235328,0.02753440040276174,0.005258104825410057,0.002941932948295255,0.5488979430145928,0.9765625
SC4011,2719,81570.0,81600.0,Sleep stage W,W,2.3441906242420556e-10,1.8932750294352412e-11,2.861332164874136e-12,2.9807315216354203e-12,0.9044158977654859,0.07304474379157151,0.011039350946711615,0.011500007496230893,0.644234840109366,0.5859375
SC4011,2720,81600.0,81630.0,Sleep stage W,W,8.065566738613281e-10,2.956484098291732e-11,5.734967919996745e-12,4.147842886504798e-12,0.9533718084017175,0.03494644186384748,0.0067788872303760446,0.004902862504059038,0.5559457314266922,0.9765625
SC4011,2721,81630.0,81660.0,Sleep stage W,W,1.0963218142684178e-09,4.317164427405494e-11,7.591045969543847e-12,4.899522067257001e-12,0.9516814373927213,0.037475905288591335,0.0065895409957070885,0.004253116322980405,0.5749685868008834,1.171875
SC4011,2722,81660.0,81690.0,Sleep stage W,W,2.843611227824041e-10,2.390312808256089e-11,4.56178895243299e-12,3.1273119380320523e-12,0.9000098312060937,0.07565397850586368,0.014438172366546482,0.009898017921496242,0.6540503369342474,1.171875
SC4011,2723,81690.0,81720.0,Sleep stage W,W,4.483401153163567e-10,4.665769899381843e-11,5.15214735879278e-12,3.338425538927912e-12,0.8904676387922968,0.09266886819884677,0.010232902068236585,0.0066305909406197275,0.6068134322299059,0.9765625
SC4011,2724,81720.0,81750.0,Sleep stage W,W,9.270805794081918e-10,5.487685798727359e-11,1.0266383185196829e-11,1.16305025603393e-11,0.9235210309274863,0.05466615695349809,0.010226965156731023,0.011585846962284463,0.5890570491070766,1.171875
SC4011,2725,81750.0,81780.0,Sleep stage W,W,6.389771719301475e-10,5.994520512394321e-11,1.1193791544809421e-11,7.055996456060389e-12,0.8909676128899668,0.08358551550777114,0.015608234800846717,0.009838636801415253,0.6488634839130997,0.9765625
SC4011,2726,81780.0,81810.0,Sleep stage W,W,4.5364541459231165e-10,3.175630806884821e-11,6.79316915982272e-12,4.520832544293344e-12,0.9132898201924222,0.06393256043872528,0.01367617094969827,0.009101448419154138,0.6329462133080842,0.5859375
SC4011,2727,81810.0,81840.0,Sleep stage W,W,4.403546549519549e-10,2.4269002722996704e-11,4.000655257217377e-12,3.692340306176737e-12,0.9323293005502776,0.051382907116658036,0.008470282023273316,0.007817510309790976,0.5959852304352482,0.5859375
SC4011,2728,81840.0,81870.0,Sleep stage W,W,6.377528172665369e-10,4.2259421407673716e-11,6.047661397403122e-12,2.996387618325169e-12,0.9255453127125551,0.06132941845628956,0.008776730588553085,0.00434853824260215,0.6291548633793087,0.5859375
SC4011,2729,81870.0,81900.0,Sleep stage W,W,5.245924967122753e-10,2.863116453194638e-11,5.474753179805402e-12,3.190952846726654e-12,0.9336223948503612,0.050955163417694786,0.009743471755654917,0.0056789699762890365,0.6064308940807438,0.5859375
SC4011,2730,81900.0,81930.0,Sleep stage W,W,3.834857987558724e-10,2.4316738559801385e-11,4.764763208991474e-12,3.0823017593783215e-12,0.9226179855545938,0.05850297564626079,0.011463413372245608,0.0074156254268997485,0.6232900234286659,0.5859375
SC4011,2731,81930.0,81960.0,Sleep stage W,W,2.95789977037979e-10,2.944209257733645e-11,6.307255905464873e-12,4.0165647017077704e-12,0.8814924298955308,0.08774124798648317,0.018796439249756245,0.011969882868229833,0.6260161077553323,0.5859375
SC4011,2732,81960.0,81990.0,Sleep stage W,W,6.776817440428504e-10,5.580631817637946e-11,7.621571514993068e-12,5.87000741024975e-12,0.9072292023977405,0.07470928938689242,0.010203185060460015,0.007858323154907025,0.6281701514495726,1.07421875
SC4011,2733,81990.0,82020.0,Sleep stage W,W,9.829348747343013e-10,6.121770668422114e-11,8.318792844263235e-12,4.876504450390889e-12,0.9296229694342054,0.057897412872975056,0.007867602528684741,0.0046120151641347576,0.6085027265103498,0.5859375
SC4011,2734,82020.0,82050.0,Sleep stage W,W,8.719988286086229e-10,4.080692655111861e-11,6.543144350316071e-12,3.6354911951041936e-12,0.9447601036269034,0.04421193571859005,0.007089117016721266,0.003938843637785328,0.5975703825934685,1.171875
SC4011,2735,82050.0,82080.0,Sleep stage W,W,4.975652313486504e-10,2.6352272270352724e-11,7.163856872594035e-12,4.521810412025362e-12,0.9289811158309652,0.04920111325310769,0.013375307058970182,0.008442463856956937,0.6038399379877155,0.5859375
SC4011,2736,82080.0,82110.0,Sleep stage W,W,5.430978126190626e-10,4.0631822326966135e-11,8.03267519751062e-12,3.7503027720306335e-12,0.9119837276999226,0.06822999453871652,0.01348867349456034,0.0062976042668005435,0.5949419575163443,0.5859375
SC4011,2737,82110.0,82140.0,Sleep stage W,W,4.2253964125313915e-10,2.543378639048104e-11,6.556194771024468e-12,5.36541588634873e-12,0.9187740811776148,0.05530345899021216,0.014255850194090487,0.011666609638082586,0.5989792423249068,1.07421875
SC4011,2738,82140.0,82170.0,Sleep stage W,W,7.475970461774638e-10,5.2242155206270865e-11,7.778158927221454e-12,5.16761341365316e-12,0.9197968347662482,0.06427549339017645,0.009569762211003766,0.006357909632571614,0.5960413392044727,0.5859375
SC4011,2739,82170.0,82200.0,Sleep stage W,W,7.203724459832528e-10,3.9195694494184956e-11,5.052287949884935e-12,3.50107190090321e-12,0.9378365866278064,0.05102798773037371,0.006577459357310064,0.004557966284509896,0.5767533419288259,1.07421875
SC4011,2740,82200.0,82230.0,Sleep stage W,W,1.0448604047413986e-09,4.213482479729237e-11,6.083896506269463e-12,4.4952061304952395e-12,0.9519723394682753,0.03838903986919839,0.005543038250731345,0.004095582411794817,0.5310324520681907,1.171875
SC4011,2741,82230.0,82260.0,Sleep stage W,W,6.749373573057566e-10,4.061669898241231e-11,6.374991055377745e-12,5.016379959041958e-12,0.9284567065923864,0.05587310609150546,0.008769559331341905,0.00690062798476605,0.5742935563522177,0.5859375
SC4011,2742,82260.0,82290.0,Sleep stage W,W,3.665991895270885e-10,2.770093906924827e-11,7.1289356145893e-12,5.355367792245809e-12,0.9012124375601226,0.06809734318699853,0.017525094506403608,0.01316512474647518,0.6319932340554698,0.5859375
SC4011,2743,82290.0,82320.0,Sleep stage W,W,4.688995001360715e-10,4.2122343806299725e-11,6.715444567087528e-12,5.678692612479288e-12,0.8958448290611781,0.08047584583873578,0.012830033490175492,0.010849291609910449,0.6167796954341689,1.07421875
SC4011,2744,82320.0,82350.0,Sleep stage W,W,4.5975715511737415e-10,5.195353247968237e-11,7.0968625278104705e-12,5.571210936310231e-12,0.8767654017622122,0.09907634774250734,0.013533848154812103,0.010624402340468285,0.6666872144974627,0.5859375
SC4011,2745,82350.0,82380.0,Sleep stage W,W,5.342601662855702e-10,4.477469990595958e-11,7.642605993659377e-12,7.145108054436596e-12,0.8996966165718718,0.07540080386955242,0.012870184206493713,0.01203239535208197,0.604650881469854,0.5859375
SC4011,2746,82380.0,82410.0,Sleep stage W,W,7.006743824660973e-10,4.987320376198433e-11,8.03512728516959e-12,5.270841289613774e-12,0.917288894003939,0.0652915777486374,0.010519198653521081,0.0069003295939024205,0.6064721893520061,0.5859375
SC4011,2747,82410.0,82440.0,Sleep stage W,W,3.920852926911785e-10,3.4145551817661195e-11,1.0593390595024707e-11,1.2961748254697159e-11,0.8717152316830089,0.07591510869835388,0.023552069177264337,0.02881759044137282,0.5987688713326277,0.5859375
SC4011,2748,82440.0,82470.0,Sleep stage W,W,5.246728664035833e-10,4.636008955733721e-11,9.55606002975766e-12,5.261260538447633e-12,0.8955750085363303,0.07913299935949147,0.01631143726068136,0.00898055484349689,0.6386366563036862,0.5859375
SC4011,2749,82470.0,82500.0,Sleep stage W,W,7.577868908847635e-10,3.539514730311684e-11,5.171737723204047e-12,4.377288149140265e-12,0.9440109207333613,0.0440934067308766,0.0064426779462667455,0.005452994589495369,0.5834768596204756,0.5859375
SC4011,2750,82500.0,82530.0,Sleep stage W,W,5.804986622090298e-10,3.280087467970788e-11,5.233379894985517e-12,4.528108980467487e-12,0.9316882908813663,0.05264472230385021,0.00839946598901243,0.007267520825770982,0.6096684262434113,0.68359375
SC4011,2751,82530.0,82560.0,Sleep stage W,W,9.654579305840248e-10,4.5676693008206415e-11,7.423523566134313e-12,4.139208003095642e-12,0.9440309253871108,0.044662961899412636,0.007258768714584486,0.004047343998892177,0.5756941845166276,0.9765625
SC4011,2752,82560.0,82590.0,Sleep stage W,W,7.309348946336391e-10,4.170298746981714e-11,5.811107998039216e-12,4.2116697237313014e-12,0.9339103549638763,0.05328361269509789,0.007424811666574471,0.005381220674451423,0.6104063264358434,0.5859375
SC4011,2753,82590.0,82620.0,Sleep stage W,W,4.750674652379228e-10,3.791185060217103e-11,6.084683354149819e-12,3.873129787435805e-12,0.9084600019949365,0.07249791323097894,0.011635592534801618,0.007406492239283122,0.5967501784344579,0.5859375
SC4011,2754,82620.0,82650.0,Sleep stage W,W,2.2013353138572437e-10,3.2007169032508407e-11,4.755600196638733e-12,3.984651130659711e-12,0.8438083727954475,0.12268879279361443,0.018229005087644135,0.015273829323293882,0.6314696141435743,0.5859375
SC4011,2755,82650.0,82680.0,Sleep stage W,W,6.128143399872672e-10,3.594954699742664e-11,5.207448725763355e-12,4.077515884433509e-12,0.9312596450886736,0.05463051399648664,0.00791346829820041,0.006196372616639284,0.5545939219695211,1.07421875
SC4011,2756,82680.0,82710.0,Sleep stage W,W,4.1633538078401396e-10,1.2365238472241219e-11,2.8960617237550886e-12,2.619654191847062e-12,0.9588201711002735,0.02847713793942647,0.006669628683151369,0.006033062277148638,0.5563129459142135,0.5859375
SC4011,2757,82710.0,82740.0,Sleep stage W,W,9.428965560137183e-10,1.8237930871229305e-11,4.629998069418764e-12,4.454610208044411e-12,0.9718387946754246,0.018797744717832368,0.004772116001946675,0.004591344604796432,0.5281181940026101,1.07421875
SC4011,2758,82740.0,82770.0,Sleep stage W,W,7.839032857651935e-10,2.4022406453363326e-11,3.0416728749595852e-12,2.9361514997460437e-12,0.9631403105940121,0.029515054258413047,0.003737141826946573,0.0036074933206282564,0.566489018365666,1.07421875
SC4011,2759,82770.0,82800.0,Sleep stage W,W,8.284851140277672e-10,3.5154640094112066e-11,5.364961820199828e-12,3.695516241880472e-12,0.9493352739857275,0.04028260655567432,0.006147542560833109,0.004234576897765143,0.5734814535376892,0.5859375
SC4011,2760,82800.0,82830.0,Sleep stage W,W,3.0180531582482044e-10,1.7340418656317223e-11,2.898392614333856e-12,2.7916111669215703e-12,0.9291013280719459,0.05338211475459675,0.008922640808668092,0.008593916364789227,0.5790384061849742,0.5859375
SC4011,2761,82830.0,82860.0,Sleep stage W,W,7.104532472021387e-10,3.965144582521817e-11,5.4136611931336e-12,4.663080164849396e-12,0.9345837915347013,0.05216050278481104,0.007121538291067217,0.006134167389420427,0.5752867627785305,0.5859375
SC4011,2762,82860.0,82890.0,Sleep stage W,W,8.411789978182895e-10,4.924222120896157e-11,5.927392757666575e-12,4.335642427418679e-12,0.9339332778209993,0.0546720129486717,0.006580988542816461,0.004813720687512487,0.5826883715011286,0.5859375
SC4011,2763,82890.0,82920.0,Sleep stage W,W,2.4378286996814577e-10,3.2439293752644556e-11,3.8761222508772294e-12,3.1395279197628825e-12,0.8607002949881247,0.11453023629492864,0.013685045077925253,0.011084423639021283,0.6550174866477462,1.171875
SC4011,2764,82920.0,82950.0,Sleep stage W,W,1.7171641405238123e-10,1.9020231448236476e-11,2.804817088668708e-12,2.8068001096162616e-12,0.8745502083494671,0.0968698739005587,0.014284909120738471,0.01429500862923575,0.6481076282790357,0.5859375
SC4011,2765,82950.0,82980.0,Sleep stage W,W,3.000509192793241e-10,2.38982559353042e-11,2.750323507367406e-12,2.4340167130235882e-12,0.9116389100719311,0.07260960921502516,0.008356254767103478,0.007395225945940274,0.6439709286809595,1.07421875
SC4011,2766,82980.0,83010.0,Sleep stage W,W,3.6222487529998405e-10,3.6802067125980295e-11,5.178712273935405e-12,3.933803144408106e-12,0.8875027109928716,0.09017032393868447,0.01268858517450895,0.009638379893934994,0.6269085000572798,1.26953125
SC4011,2767,83010.0,83040.0,Sleep stage W,W,1.4132504006139593e-10,2.8312737346129983e-11,3.6174477234980827e-12,2.6290664782519707e-12,0.8035114379364084,0.160973655390592,0.020567201825699037,0.014947704847300396,0.6937443407590915,0.5859375
SC4011,2768,83040.0,83070.0,Sleep stage W,W,2.930072698865612e-10,3.00839822113151e-11,4.7056830561214346e-12,3.4428630911037887e-12,0.8845774917111558,0.09082236606440147,0.014206273162379646,0.010393869062063115,0.653855884268714,1.07421875
SC4011,2769,83070.0,83100.0,Sleep stage W,W,4.506473583294236e-10,3.5433471001011585e-11,4.202864952943196e-12,2.864803676733283e-12,0.9138167513304973,0.07185152372476175,0.008522513949303654,0.005809210995437327,0.6060380972098418,1.07421875
SC4011,2770,83100.0,83130.0,Sleep stage W,W,3.251352245148897e-10,1.7934615781190858e-11,2.802659369407672e-12,2.6794627975694012e-12,0.9328170818988005,0.05145464008997428,0.008040865268990475,0.0076874127422346455,0.6376314442820704,0.5859375
SC4011,2771,83130.0,83160.0,Sleep stage W,W,1.6607519029537571e-10,1.9736843079829603e-11,2.912796826743197e-12,3.104026044209083e-12,0.8657466532681903,0.10288776916077214,0.015184351738017214,0.016181225833020407,0.6357924393102121,0.5859375
SC4011,2772,83160.0,83190.0,Sleep stage W,W,8.832361840806634e-11,2.260970326853504e-11,3.0055634946972843e-12,3.6545537623290416e-12,0.751093081459401,0.1922701085499885,0.02555893867848945,0.031077871312121003,0.7275417181177746,0.5859375
SC4011,2773,83190.0,83220.0,Sleep stage W,W,8.346922692894129e-11,1.840570353154328e-11,3.401407132338356e-12,3.3829438767681134e-12,0.7681739267924449,0.16938915187557382,0.03130342006992068,0.031133501262060628,0.6911171395518539,1.07421875
SC4011,2774,83220.0,83250.0,Sleep stage W,W,8.315706325494878e-11,1.8241361954342442e-11,3.326467089875384e-12,2.890259961316388e-12,0.7727263448335482,0.1695055163810867,0.03091076879047343,0.02685736999489161,0.70381926237646,1.07421875
SC4011,2775,83250.0,83280.0,Sleep stage W,W,8.43843891561339e-11,1.625449796488343e-11,3.642525289932384e-12,3.211481235330587e-12,0.7850229563436256,0.1512146283676298,0.033886196253294656,0.02987621903544986,0.6992735974308979,0.5859375
SC4011,2776,83280.0,83310.0,Sleep stage W,W,9.003422594095977e-11,1.410118156926653e-11,3.2457466041768114e-12,3.907668122494508e-12,0.8090140962162962,0.1267079773676615,0.02916507281627687,0.03511285359976545,0.7032153309744845,1.07421875
SC4011,2777,83310.0,83340.0,Sleep stage W,W,1.6664330810673515e-10,2.8177480463065513e-11,5.341697723137706e-12,4.06023384278268e-12,0.8159880937634578,0.1379742687020303,0.026156236287459857,0.019881401247052018,0.698350379241672,0.5859375
SC4011,2778,83340.0,83370.0,Sleep stage W,W,2.5030901876232255e-10,3.695730669119953e-11,4.206927033387761e-12,3.14295081491367e-12,0.8496104964936029,0.12544220676599419,0.014279347117503642,0.010667949622899157,0.6381482417823071,0.5859375
SC4011,2779,83370.0,83400.0,Sleep stage W,W,1.0972646022961942e-10,2.1078263020243554e-11,3.330623308344948e-12,3.1744196555545198e-12,0.7991162118708904,0.15350884064159814,0.024256273972237834,0.0231186735152736,0.7013154518246273,1.26953125
SC4011,2780,83400.0,83430.0,Sleep stage W,W,1.6066180700820246e-10,3.162912157960028e-11,5.5104690948435426e-12,3.7159522965707045e-12,0.7972604196351923,0.1569548308513499,0.02734488665820512,0.018439862855252613,0.6939433109298627,1.07421875
SC4011,2781,83430.0,83460.0,Sleep stage W,W,5.0029706637634e-10,4.5491425774000064e-11,5.641375074217552e-12,3.8385607813948115e-12,0.901000383135374,0.08192690864374591,0.0101597259805974,0.006912982240282645,0.6159340070973633,1.171875
SC4011,2782,83460.0,83490.0,Sleep stage W,W,1.9486633217603142e-10,2.2004606741844587e-11,3.6383784589026485e-12,3.1164504324971526e-12,0.8713948042974523,0.09839924512014064,0.016269942835951356,0.013936007746455615,0.6688186606697779,0.9765625
SC4011,2783,83490.0,83520.0,Sleep stage W,W,1.9077001826935438e-10,2.8191339746545685e-11,5.809480009859896e-12,3.0794371112996176e-12,0.8372604253148249,0.12372747730757687,0.02549691900246905,0.013515178375129161,0.6518225164381805,0.5859375
SC4011,2784,83520.0,83550.0,Sleep stage W,W,3.4745426347309966e-10,3.040336337034018e-11,4.600477749602978e-12,2.9088853922584884e-12,0.9016191643356695,0.07889457104641949,0.011937913389464027,0.007548351228447043,0.6466404174042597,0.5859375
SC4011,2785,83550.0,83580.0,Sleep stage W,W,1.6353755547197427e-10,2.9847493426577946e-11,4.320291682751126e-12,3.785128691893377e-12,0.8116391612063651,0.14813352479768338,0.02144166767954336,0.018785646316408146,0.6863458129986781,0.9765625
SC4011,2786,83580.0,83610.0,Sleep stage W,W,9.867911521909864e-11,2.2816702767095422e-11,3.4093850503218434e-12,2.775902185993718e-12,0.7728560545206021,0.178700699115447,0.026702346007894548,0.021740900356056272,0.7078710260499487,0.5859375
SC4011,2787,83610.0,83640.0,Sleep stage W,W,8.454455910439397e-11,2.039786871016159e-11,2.5733948684600938e-12,2.7345473623105675e-12,0.7668414996669484,0.18501406119340552,0.023341371710608478,0.024803067429037543,0.7224818716766773,0.9765625
SC4011,2788,83640.0,83670.0,Sleep stage W,W,2.505048371637023e-10,2.992703826802055e-11,3.774666041739292e-12,2.5871756231457307e-12,0.8734669632923601,0.1043503971111734,0.013161606467368242,0.009021033129098249,0.6556425361979596,1.171875
SC4011,2789,83670.0,83700.0,Sleep stage W,W,3.159842610982245e-10,3.4064535072505984e-11,3.8562628876172965e-12,2.6146291205490304e-12,0.8863024163189211,0.09554741631944,0.010816409347026792,0.007333758014612211,0.653125646965941,0.5859375
SC4011,2790,83700.0,83730.0,Sleep stage W,W,4.869886976512153e-10,3.334429966737819e-11,5.72339884024164e-12,3.3148021457623986e-12,0.9199380306501006,0.0629885036703339,0.010811692926573663,0.006261772752991897,0.6384540650168818,1.07421875
SC4011,2791,83730.0,83760.0,Sleep stage W,W,7.049691181257556e-10,6.862171050308374e-11,7.6388104119381e-12,4.239814864154215e-12,0.8975130918472111,0.08736394542389078,0.009725152740137816,0.005397809988760398,0.6363068196017648,0.5859375
SC4011,2792,83760.0,83790.0,Sleep stage W,W,2.869022702915627e-10,3.0765115589853536e-11,5.2668050890867265e-12,3.888567486353619e-12,0.8778527898308411,0.09413394506280931,0.016115172376473256,0.011898092729876224,0.666364756325449,0.5859375
SC4011,2793,83790.0,83820.0,Sleep stage W,W,2.0256248810031864e-10,2.6312590722890954e-11,4.5596176675810815e-12,3.890813677228728e-12,0.853521764082211,0.11087131216640984,0.019212505492363665,0.01639441825901542,0.6414593563205476,0.5859375
SC4011,2794,83820.0,83850.0,Sleep stage W,W,2.0392138291035136e-10,2.245960906855361e-11,4.424334514723817e-12,3.710258307855546e-12,0.8695429904284154,0.09577021965327165,0.018865844325309904,0.015820945593002917,0.6660619359962704,1.171875
SC4011,2795,83850.0,83880.0,Sleep stage W,W,1.175068433665951e-10,1.7608526977319636e-11,4.243353226452929e-12,3.3628065763440254e-12,0.8233294811637953,0.1233768090856286,0.029731696556861052,0.023562013193715082,0.6659961842900778,0.5859375
SC4011,2796,83880.0,83910.0,Sleep stage W,W,1.7939193411735067e-10,3.043124423296399e-11,3.255484113921367e-12,3.014750546856064e-12,0.8301591965144374,0.1408244879329198,0.015065170513801192,0.013951145038841683,0.6565728380815119,1.26953125
SC4011,2797,83910.0,83940.0,Sleep stage W,W,4.925913860496212e-10,4.1466117312939293e-11,7.012499999754486e-12,4.346071361355255e-12,0.9031479064843988,0.07602657720337212,0.012857156810618942,0.007968359501610124,0.5789240822276811,0.5859375
SC4011,2798,83940.0,83970.0,Sleep stage W,W,1.888640382074073e-10,1.5916179612887742e-11,3.72925107698649e-12,3.0947649374489923e-12,0.892534307016352,0.07521673514963209,0.017623707283187684,0.014625250550828299,0.46653467844455493,0.5859375
SC4011,2799,83970.0,84000.0,Sleep stage W,W,3.541204128655661e-10,2.6961124718271156e-11,6.126977535902567e-12,3.6358364199339654e-12,0.9060394795794308,0.06898174327468665,0.01567625964598501,0.009302517499897653,0.5591829030870623,0.5859375
SC4011,2800,84000.0,84030.0,Sleep stage W,W,2.2168944554236413e-10,2.5622233339115317e-11,4.474344468156774e-12,4.099894330715642e-12,0.8663604763873511,0.10013147097497627,0.01748570030237477,0.016022352335297942,0.6350503988666066,0.5859375
SC4011,2801,84030.0,84060.0,Sleep stage W,W,3.564542206279013e-10,4.841600918611754e-11,7.579805606310555e-12,4.36101443473639e-12,0.8551937880529994,0.11615817095768653,0.018185231914907767,0.010462809074406278,0.6254424765034742,0.5859375
